# Blender 5.0.1
# www.blender.org
mtllib dinofan.mtl
o Object
v -0.824415 0.055923 0.609602
v -0.824431 0.055938 0.609602
v -0.824613 0.056048 0.609602
v -0.824431 0.055938 0.609602
v -0.029143 0.137279 -0.004525
v -0.029919 0.142565 -0.002521
v -0.024945 0.141379 -0.000501
v -0.824214 0.055834 0.609602
v -0.823997 0.055783 0.609602
v -0.823771 0.055788 0.609602
v -0.823997 0.055783 0.609602
v -0.833914 0.050863 0.544445
v -0.840412 0.050768 0.536269
v -0.833274 0.051532 0.561813
v -0.829950 0.053540 0.584714
v -0.833274 0.051532 0.561813
v -0.840412 0.050768 0.536269
v -0.824359 0.055870 0.609602
v -0.824214 0.055834 0.609602
v -0.829950 0.053540 0.584714
v -0.844290 0.051929 0.537998
v -0.824415 0.055923 0.609602
v -0.836817 0.053494 0.565184
v -0.824415 0.055923 0.609602
v -0.844290 0.051929 0.537998
v 0.014705 0.072015 0.038918
v 0.015022 0.064628 0.040788
v 0.013132 0.067968 0.032911
v 0.013177 0.075476 0.032295
v 0.157915 0.044349 0.605149
v -0.829950 0.053540 0.584714
v -0.851763 0.050350 0.510812
v 0.682160 0.025720 -0.563369
v 0.661453 0.031565 -0.529088
v 0.688309 0.027890 -0.517454
v 0.676930 0.030977 -0.494286
v 0.709891 0.020894 -0.542543
v 0.016298 0.055980 0.059460
v 0.012529 0.056531 0.063627
v 0.008207 0.056464 0.067358
v 0.013674 0.058042 0.059121
v -0.813109 0.049578 0.576536
v -0.819277 0.049633 0.566254
v -0.819722 0.052127 0.578164
v -0.811064 0.047341 0.567634
v -0.812317 0.054385 0.592686
v -0.808637 0.051378 0.587299
v -0.813918 0.052206 0.506194
v -0.827456 0.051660 0.515609
v -0.818487 0.049519 0.533877
v -0.828178 0.050345 0.536124
v -0.837032 0.051242 0.516730
v -0.833914 0.050863 0.544445
v -0.840412 0.050768 0.536269
v -0.066687 0.097188 0.003998
v -0.072837 0.098597 0.007707
v -0.080322 0.096425 0.005709
v -0.076723 0.100257 0.007955
v -0.070984 0.103466 0.005816
v -0.074325 0.096512 -0.000678
v -0.079016 0.097761 0.009156
v -0.078213 0.102876 0.007198
v -0.833274 0.051532 0.561813
v -0.828726 0.051836 0.565939
v -0.833914 0.050863 0.544445
v -0.819722 0.052127 0.578164
v -0.829950 0.053540 0.584714
v -0.825213 0.050551 0.561658
v -0.819277 0.049633 0.566254
v -0.109343 0.103410 0.016315
v -0.105083 0.104291 0.014625
v -0.110033 0.105814 0.012816
v -0.102475 0.105895 0.011047
v -0.106369 0.106160 0.012198
v -0.112645 0.101907 0.014016
v -0.107031 0.099788 0.016976
v -0.106028 0.105237 0.009692
v -0.812317 0.054385 0.592686
v -0.810170 0.056944 0.603283
v -0.802092 0.054242 0.600061
v -0.806113 0.057556 0.609601
v -0.810783 0.058128 0.609602
v -0.799726 0.048427 0.587314
v -0.813109 0.049578 0.576536
v -0.808637 0.051378 0.587299
v -0.812963 0.058345 0.609602
v -0.804072 0.051068 0.590902
v -0.802491 0.056816 0.609602
v -0.796306 0.055286 0.609601
v -0.811064 0.047341 0.567634
v -0.821811 0.049141 0.553249
v -0.829144 0.050395 0.550547
v -0.825213 0.050551 0.561658
v -0.819277 0.049633 0.566254
v -0.818487 0.049519 0.533877
v -0.828178 0.050345 0.536124
v -0.802372 0.046832 0.540858
v -0.813918 0.052206 0.506194
v -0.828726 0.051836 0.565939
v -0.833914 0.050863 0.544445
v -0.810769 0.046667 0.552969
v -0.811064 0.047341 0.567634
v -0.074325 0.096512 -0.000678
v -0.085474 0.095726 -0.000149
v -0.079010 0.096478 -0.004461
v -0.080322 0.096425 0.005709
v -0.093181 0.095960 0.006471
v -0.093164 0.095624 0.001461
v -0.088275 0.098596 -0.002735
v -0.083850 0.102173 -0.004076
v -0.083378 0.097904 -0.004951
v -0.090877 0.096603 -0.001545
v -0.089295 0.102327 -0.000438
v -0.085282 0.104498 -0.001052
v -0.090139 0.096699 0.010748
v -0.094827 0.099316 0.001647
v 0.028571 0.055521 0.059282
v 0.019057 0.055358 0.056139
v 0.016298 0.055980 0.059460
v 0.017522 0.056929 0.053126
v 0.022397 0.055605 0.054348
v 0.032608 0.055312 0.073827
v 0.039728 0.055687 0.075389
v 0.032785 0.055559 0.068039
v 0.028120 0.055299 0.072329
v 0.023253 0.055198 0.073774
v 0.028254 0.054868 0.079064
v 0.810306 0.024183 -0.383801
v 0.820676 0.023498 -0.390678
v 0.808195 0.025834 -0.396458
v 0.831551 0.024838 -0.378321
v 0.830943 0.024668 -0.382034
v 0.826023 0.023998 -0.405794
v 0.826872 0.020698 -0.377413
v 0.832295 0.022392 -0.371877
v 0.820258 0.022768 -0.380589
v 0.828469 0.022348 -0.386448
v 0.804556 0.027497 -0.414272
v 0.832148 0.024474 -0.377983
v 0.822559 0.023876 -0.404209
v 0.832013 0.023766 -0.381219
v 0.824938 0.023386 -0.410554
v 0.816876 0.022996 -0.453285
v 0.835857 0.025345 -0.358272
v -0.109721 0.099416 0.010661
v -0.103742 0.098057 0.010679
v -0.108726 0.099854 0.013195
v -0.112645 0.101907 0.014016
v -0.107031 0.099788 0.016976
v -0.106351 0.099744 0.007798
v -0.102295 0.101883 0.006667
v -0.100301 0.096800 0.004441
v -0.109150 0.103097 0.009612
v -0.110033 0.105814 0.012816
v -0.106028 0.105237 0.009692
v -0.101048 0.104603 0.007638
v -0.094827 0.099316 0.001647
v -0.102475 0.105895 0.011047
v -0.095357 0.103283 0.004385
v -0.813059 0.058349 0.609602
v -0.814850 0.058324 0.609602
v -0.822858 0.054712 0.586935
v -0.817755 0.058025 0.609602
v -0.812963 0.058345 0.609602
v -0.813046 0.058348 0.609602
v -0.817033 0.058179 0.609602
v -0.812317 0.054385 0.592686
v -0.810170 0.056944 0.603283
v -0.821334 0.056785 0.609602
v -0.824359 0.055870 0.609602
v -0.819722 0.052127 0.578164
v -0.824415 0.055923 0.609602
v 0.804556 0.027497 -0.414272
v 0.822559 0.023876 -0.404209
v 0.808198 0.027412 -0.440306
v 0.798858 0.029816 -0.437970
v 0.816876 0.022996 -0.453285
v 0.787932 0.031694 -0.460458
v 0.784646 0.032031 -0.434554
v 0.798311 0.030301 -0.451738
v 0.759625 0.034360 -0.421999
v 0.768849 0.033492 -0.452681
v 0.752747 0.034777 -0.437200
v 0.785050 0.029404 -0.486162
v 0.761778 0.031084 -0.472779
v 0.743627 0.035461 -0.447902
v 0.799826 0.028164 -0.474632
v 0.777933 0.028218 -0.488463
v -0.389142 0.030568 -0.447315
v 0.026400 0.056234 0.049950
v 0.019760 0.056786 0.048029
v 0.022397 0.055605 0.054348
v 0.028571 0.055521 0.059282
v 0.032785 0.055559 0.068039
v 0.040953 0.056547 0.061846
v 0.033310 0.057420 0.042782
v 0.015712 0.059012 0.043740
v 0.017079 0.059994 0.049574
v 0.016470 0.063461 0.046590
v 0.047227 0.057100 0.050437
v 0.035238 0.056816 0.053026
v 0.018560 0.056768 0.042656
v 0.015528 0.058616 0.055890
v 0.017522 0.056929 0.053126
v 0.016181 0.060554 0.053167
v 0.016298 0.055980 0.059460
v 0.013674 0.058042 0.059121
v 0.032726 0.057672 0.030239
v 0.025482 0.057375 0.022423
v 0.022008 0.056835 0.027122
v 0.017842 0.057136 0.017705
v 0.026222 0.057973 0.015624
v 0.020540 0.058247 0.007705
v 0.034809 0.058221 0.020085
v 0.046823 0.057980 0.025359
v 0.034127 0.058277 0.009342
v 0.010092 0.060441 0.020422
v 0.010940 0.058591 0.024422
v 0.011026 0.063397 0.026223
v 0.009373 0.066997 0.018656
v 0.010871 0.076109 0.024206
v 0.598184 0.046622 -0.192610
v 0.586933 0.047427 -0.197022
v 0.591741 0.047142 -0.186818
v 0.584724 0.047857 -0.186202
v 0.577571 0.048103 -0.195769
v 0.577049 0.048572 -0.184352
v 0.583473 0.047565 -0.207443
v 0.579800 0.047747 -0.202827
v 0.601725 0.045819 -0.201093
v 0.592782 0.046496 -0.204404
v 0.589498 0.047494 -0.179300
v 0.602875 0.046811 -0.168352
v 0.596249 0.047087 -0.177846
v 0.591810 0.047518 -0.161485
v 0.589172 0.047755 -0.170094
v 0.585515 0.048052 -0.174626
v 0.581576 0.048180 -0.177429
v 0.607119 0.046246 -0.182426
v 0.587858 0.047243 -0.211611
v 0.609675 0.045594 -0.193596
v 0.592789 0.045856 -0.211270
v 0.571202 0.048549 -0.192904
v -0.096526 0.097283 0.011582
v -0.090139 0.096699 0.010748
v -0.095619 0.098772 0.014483
v -0.103742 0.098057 0.010679
v -0.100945 0.098023 0.015803
v -0.098871 0.100569 0.014864
v -0.102149 0.101521 0.015669
v -0.090634 0.099643 0.012846
v -0.097264 0.102753 0.012380
v -0.088211 0.101275 0.010220
v -0.093181 0.095960 0.006471
v -0.092132 0.104145 0.008607
v -0.100301 0.096800 0.004441
v -0.105083 0.104291 0.014625
v -0.107031 0.099788 0.016976
v -0.093164 0.095624 0.001461
v -0.094827 0.099316 0.001647
v -0.102475 0.105895 0.011047
v -0.096889 0.105272 0.008388
v -0.092174 0.104988 0.005693
v -0.101048 0.104603 0.007638
v -0.095357 0.103283 0.004385
v 0.715907 0.029097 -0.485676
v 0.712369 0.033655 -0.463221
v 0.735497 0.032375 -0.468982
v 0.724650 0.035463 -0.451541
v 0.743627 0.035461 -0.447902
v 0.761778 0.031084 -0.472779
v 0.697371 0.031846 -0.472940
v 0.728861 0.020878 -0.517970
v 0.734660 0.016108 -0.548184
v 0.709891 0.020894 -0.542543
v 0.749615 0.016696 -0.537904
v 0.747289 0.020923 -0.515388
v 0.762147 0.019190 -0.529326
v 0.749995 0.028403 -0.484277
v 0.705802 0.025653 -0.508185
v 0.777933 0.028218 -0.488463
v 0.770383 0.026979 -0.495188
v 0.676930 0.030977 -0.494286
v 0.693587 0.029627 -0.491948
v 0.688309 0.027890 -0.517454
v 0.739127 0.024940 -0.496782
v 0.757971 0.023697 -0.505385
v 0.733834 0.029070 -0.481944
v 0.047227 0.057100 0.050437
v 0.032726 0.057672 0.030239
v 0.024709 0.056830 0.035206
v 0.033310 0.057420 0.042782
v 0.010871 0.076109 0.024206
v 0.013177 0.075476 0.032295
v 0.013132 0.067968 0.032911
v 0.013176 0.060885 0.035055
v 0.012933 0.057415 0.030025
v 0.011026 0.063397 0.026223
v 0.016296 0.056504 0.037674
v 0.022008 0.056835 0.027122
v 0.046191 0.057659 0.037377
v 0.046823 0.057980 0.025359
v 0.013826 0.056446 0.023832
v 0.015712 0.059012 0.043740
v 0.018560 0.056768 0.042656
v 0.015022 0.064628 0.040788
v 0.010940 0.058591 0.024422
v 0.013002 0.082714 0.030489
v 0.016470 0.063461 0.046590
v 0.331718 0.030159 -0.596225
v 0.364555 0.031630 -0.588275
v 0.349906 0.029564 -0.609613
v 0.359173 0.030079 -0.609613
v 0.320359 0.031747 -0.565874
v 0.339823 0.033006 -0.558126
v 0.304821 0.029970 -0.585839
v 0.450421 0.032834 -0.609613
v 0.445936 0.033997 -0.586614
v 0.458693 0.032976 -0.609613
v 0.400320 0.031647 -0.609613
v 0.386927 0.031180 -0.609613
v 0.443507 0.032614 -0.609613
v 0.431656 0.032364 -0.609613
v 0.409452 0.035696 -0.538773
v 0.441484 0.035882 -0.544473
v 0.409112 0.033011 -0.589846
v 0.371586 0.030608 -0.609613
v 0.384208 0.033982 -0.562596
v 0.289213 0.029026 -0.602683
v 0.301772 0.029068 -0.609613
v 0.290021 0.028817 -0.609613
v 0.282113 0.028532 -0.609613
v 0.273770 0.028115 -0.609613
v 0.412900 0.031900 -0.609613
v 0.420240 0.032197 -0.609613
v 0.277164 0.028462 -0.582959
v 0.356173 0.033798 -0.550980
v 0.317171 0.029276 -0.609612
v 0.310149 0.029220 -0.609613
v 0.324100 0.029315 -0.609613
v 0.338515 0.029470 -0.609612
v -0.088211 0.101275 0.010220
v -0.081827 0.100105 0.009239
v -0.083718 0.102648 0.008180
v -0.078213 0.102876 0.007198
v -0.080634 0.106281 0.005564
v -0.079016 0.097761 0.009156
v -0.084826 0.097834 0.011225
v -0.084656 0.105397 0.001553
v -0.080168 0.106564 0.000537
v -0.082495 0.105423 -0.000561
v -0.089411 0.104519 0.002222
v -0.085282 0.104498 -0.001052
v -0.089295 0.102327 -0.000438
v -0.092174 0.104988 0.005693
v -0.089741 0.104755 0.006526
v -0.088208 0.104994 0.004325
v -0.092132 0.104145 0.008607
v -0.084979 0.105841 0.004413
v -0.087493 0.105141 0.005858
v -0.087003 0.104152 0.007279
v -0.090634 0.099643 0.012846
v -0.090139 0.096699 0.010748
v -0.076723 0.100257 0.007955
v -0.080322 0.096425 0.005709
v -0.095357 0.103283 0.004385
v -0.094827 0.099316 0.001647
v 0.529991 0.047603 -0.261698
v 0.547333 0.045360 -0.271867
v 0.520163 0.046789 -0.278479
v 0.565359 0.043021 -0.298206
v 0.574385 0.042419 -0.320870
v 0.565484 0.042697 -0.313401
v 0.535786 0.044294 -0.302689
v 0.552325 0.042737 -0.325119
v 0.521924 0.043173 -0.335032
v 0.561127 0.042278 -0.339688
v 0.574234 0.041786 -0.351268
v 0.544722 0.041998 -0.364719
v 0.532835 0.047880 -0.251636
v 0.539897 0.047242 -0.254921
v 0.510453 0.049172 -0.261908
v 0.513762 0.048244 -0.267891
v 0.508885 0.048642 -0.269159
v 0.536489 0.047687 -0.248225
v 0.518360 0.048492 -0.261721
v 0.524240 0.048466 -0.252025
v 0.512478 0.049581 -0.251094
v 0.531428 0.047943 -0.242872
v 0.552040 0.046564 -0.250133
v 0.577119 0.044194 -0.263530
v 0.504328 0.046017 -0.305870
v 0.599369 0.042292 -0.299287
v 0.040953 0.056547 0.061846
v 0.039728 0.055687 0.075389
v 0.028254 0.054868 0.079064
v 0.024750 0.054567 0.088490
v 0.034486 0.055340 0.086816
v 0.004389 0.056079 0.075291
v 0.021868 0.054430 0.082753
v 0.049123 0.055724 0.087286
v 0.020387 0.055042 0.078686
v 0.032785 0.055559 0.068039
v 0.612467 0.035926 -0.433795
v 0.607243 0.037400 -0.402585
v 0.627175 0.033832 -0.420910
v 0.600837 0.041240 -0.337795
v 0.617850 0.038792 -0.363695
v 0.590723 0.040339 -0.378445
v 0.552408 0.041139 -0.405756
v 0.535108 0.040850 -0.428936
v 0.525277 0.041680 -0.395761
v 0.567817 0.041182 -0.383710
v 0.544722 0.041998 -0.364719
v 0.584387 0.039622 -0.416780
v 0.638908 0.032049 -0.411998
v 0.646898 0.029693 -0.429817
v 0.645713 0.038745 -0.344465
v 0.635833 0.036141 -0.374962
v 0.626583 0.035064 -0.397723
v 0.574234 0.041786 -0.351268
v 0.570210 0.039645 -0.444840
v 0.552435 0.039530 -0.467277
v 0.631726 0.041049 -0.309269
v 0.574385 0.042419 -0.320870
v 0.588583 0.041929 -0.326261
v 0.633138 0.032995 -0.440578
v 0.599369 0.042292 -0.299287
v 0.624254 0.041694 -0.283950
v 0.644140 0.041257 -0.265043
v 0.605244 0.036844 -0.456851
v 0.514061 0.039999 -0.458992
v -0.890755 0.043865 0.026240
v -0.859575 0.046298 0.051691
v -0.853512 0.044375 0.013856
v -0.829762 0.046296 0.038851
v -0.818023 0.047876 0.063848
v -0.769319 0.047875 0.029329
v -0.812205 0.046090 0.022800
v -0.799726 0.047753 0.049450
v -0.890755 0.045006 0.044113
v -0.890755 0.044502 0.036566
v -0.771921 0.049588 0.063701
v -0.890755 0.045893 0.064234
v -0.859292 0.048372 0.094342
v -0.890755 0.045338 0.049986
v -0.780447 0.052425 0.142323
v -0.803449 0.050467 0.101052
v -0.812801 0.050970 0.132300
v -0.750632 0.052100 0.099571
v -0.788316 0.049717 0.077247
v -0.759395 0.052992 0.129692
v -0.875413 0.048499 0.116467
v -0.835439 0.050643 0.154529
v -0.871814 0.049232 0.151624
v -0.890756 0.047270 0.099454
v -0.890755 0.047114 0.091882
v -0.890756 0.048444 0.147679
v -0.890755 0.048515 0.150884
v -0.890755 0.047522 0.110106
v -0.890756 0.047416 0.104167
v -0.890755 0.047815 0.121179
v -0.890755 0.046440 0.074720
v -0.552128 0.084744 0.547293
v -0.563566 0.084001 0.568024
v -0.539974 0.083957 0.579505
v -0.548869 0.082438 0.609602
v -0.555227 0.083044 0.597434
v -0.554957 0.082187 0.609602
v -0.568214 0.082055 0.604752
v -0.580940 0.081592 0.591527
v -0.581302 0.080469 0.609602
v -0.545051 0.084865 0.527139
v -0.532908 0.084226 0.546656
v -0.533157 0.082718 0.609602
v -0.538817 0.082590 0.609601
v -0.501224 0.082241 0.609602
v -0.502401 0.082342 0.599186
v -0.510870 0.082709 0.609601
v -0.520841 0.082810 0.609602
v -0.520029 0.083270 0.595214
v -0.525789 0.082957 0.609602
v -0.564703 0.081759 0.609602
v -0.573137 0.081224 0.609601
v -0.509121 0.082878 0.578645
v -0.514477 0.082784 0.609602
v -0.528281 0.083535 0.521651
v -0.511169 0.082923 0.554349
v -0.505222 0.080915 0.532043
v -0.522230 0.083659 0.568230
v -0.543660 0.082486 0.609602
v -0.570806 0.084526 0.540837
v -0.585135 0.083191 0.556501
v -0.561941 0.085418 0.522074
v -0.027251 0.058888 0.022425
v -0.024684 0.060151 0.022066
v -0.026749 0.058523 0.020514
v -0.021125 0.058560 0.019742
v -0.033415 0.070607 0.024811
v -0.029803 0.074956 0.024498
v -0.030321 0.068912 0.024819
v -0.034413 0.075949 0.025072
v -0.026542 0.079796 0.022259
v -0.025429 0.073241 0.022465
v -0.032871 0.065952 0.024690
v -0.015600 0.073013 0.027045
v -0.012466 0.069553 0.027307
v -0.014260 0.067669 0.023536
v -0.017369 0.078704 0.024551
v -0.017107 0.084492 0.021558
v -0.012792 0.083355 0.021519
v -0.022108 0.079769 0.022238
v -0.026230 0.067132 0.022353
v -0.027397 0.061677 0.023849
v -0.029057 0.065296 0.024261
v -0.023378 0.063513 0.021611
v -0.018920 0.069623 0.023030
v -0.017237 0.065455 0.019898
v -0.022237 0.068921 0.021694
v -0.021226 0.073724 0.023814
v -0.028357 0.069883 0.023139
v -0.011133 0.078795 0.023105
v 0.628422 0.033009 -0.559069
v 0.616741 0.030976 -0.609613
v 0.600405 0.033258 -0.588742
v 0.616220 0.034832 -0.528760
v 0.595381 0.036864 -0.492194
v 0.632872 0.034343 -0.514109
v 0.592752 0.035130 -0.542688
v 0.562301 0.037825 -0.504010
v 0.625483 0.034993 -0.454198
v 0.641662 0.032674 -0.454580
v 0.638909 0.033793 -0.467978
v 0.605244 0.036844 -0.456851
v 0.627010 0.035033 -0.482712
v 0.657165 0.032719 -0.483767
v 0.612467 0.035926 -0.433795
v 0.633138 0.032995 -0.440578
v 0.636480 0.029678 -0.597812
v 0.632410 0.029307 -0.609613
v 0.661453 0.031565 -0.529088
v 0.655095 0.029427 -0.573892
v 0.624416 0.035331 -0.466567
v 0.632718 0.029276 -0.609548
v 0.583043 0.032611 -0.609613
v 0.593016 0.032407 -0.609613
v 0.574275 0.034342 -0.576261
v 0.604286 0.031900 -0.609613
v 0.570210 0.039645 -0.444840
v 0.639708 0.028284 -0.609613
v 0.646710 0.027257 -0.609613
v 0.552435 0.039530 -0.467277
v 0.785050 0.029404 -0.486162
v 0.799826 0.028164 -0.474632
v 0.798405 0.020273 -0.547450
v 0.816876 0.022996 -0.453285
v 0.784301 0.025795 -0.510474
v 0.790680 0.018923 -0.546161
v 0.788764 0.020901 -0.533846
v 0.776968 0.022454 -0.522255
v 0.757971 0.023697 -0.505385
v 0.770383 0.026979 -0.495188
v 0.784326 0.016181 -0.559951
v 0.781413 0.015847 -0.553661
v 0.784243 0.017668 -0.544411
v 0.772749 0.015058 -0.548325
v 0.779564 0.017482 -0.579920
v 0.763054 0.015816 -0.543336
v 0.760923 0.013121 -0.555834
v 0.734660 0.016108 -0.548184
v 0.749615 0.016696 -0.537904
v 0.750196 0.013255 -0.558906
v 0.777728 0.014018 -0.561573
v 0.742454 0.012921 -0.574043
v 0.777933 0.028218 -0.488463
v 0.762147 0.019190 -0.529326
v 0.775908 0.013849 -0.570236
v 0.755503 0.011696 -0.574815
v 0.777693 0.015170 -0.573444
v 0.768979 0.012141 -0.568833
v -0.619616 0.084628 0.440774
v -0.638931 0.084493 0.426151
v -0.626184 0.082795 0.452870
v -0.633203 0.086776 0.392995
v -0.622101 0.086246 0.418609
v -0.615344 0.086537 0.404161
v -0.642284 0.080413 0.455826
v -0.690599 0.070826 0.438034
v -0.702898 0.058098 0.491129
v -0.691320 0.058721 0.512766
v -0.646021 0.086231 0.396068
v -0.660292 0.075222 0.461757
v -0.626094 0.080196 0.481243
v -0.673594 0.075224 0.443343
v -0.632700 0.076802 0.509057
v -0.661165 0.080585 0.430071
v -0.685454 0.076171 0.421307
v -0.606306 0.083364 0.498802
v -0.618214 0.080071 0.511121
v -0.611177 0.083478 0.465555
v -0.600638 0.085094 0.451435
v -0.686355 0.059044 0.531250
v -0.706164 0.055570 0.522837
v -0.856771 0.056380 0.362339
v -0.822619 0.056803 0.371734
v -0.826164 0.057696 0.344466
v -0.866117 0.059443 0.321458
v -0.863192 0.057789 0.341528
v -0.848673 0.058589 0.335242
v -0.890755 0.054775 0.355344
v -0.890755 0.055289 0.347822
v -0.880089 0.057642 0.334140
v -0.890756 0.055697 0.343323
v -0.845031 0.060979 0.305506
v -0.824634 0.060546 0.317140
v -0.878904 0.062668 0.266979
v -0.890754 0.062532 0.273608
v -0.877712 0.062662 0.283123
v -0.890755 0.062311 0.280679
v -0.890755 0.061751 0.264258
v -0.890755 0.057086 0.330085
v -0.878307 0.060908 0.255543
v -0.859901 0.060990 0.259435
v -0.867300 0.062425 0.273282
v -0.866780 0.060916 0.299116
v -0.871826 0.057553 0.238956
v -0.890755 0.061145 0.260320
v -0.890755 0.058890 0.249382
v -0.856223 0.061989 0.281926
v -0.890755 0.059677 0.307120
v -0.890755 0.058783 0.315275
v -0.890755 0.057876 0.245063
v -0.890756 0.055631 0.233624
v -0.890755 0.054253 0.224704
v 0.574555 0.047813 -0.208623
v 0.577554 0.047516 -0.215919
v 0.571273 0.047702 -0.215909
v 0.557274 0.048152 -0.206016
v 0.550733 0.047776 -0.213000
v 0.549183 0.048210 -0.205348
v 0.583848 0.047234 -0.221716
v 0.575739 0.047344 -0.221742
v 0.588458 0.047802 -0.216833
v 0.589973 0.047240 -0.213925
v 0.591182 0.047947 -0.215734
v 0.582856 0.047449 -0.214611
v 0.587858 0.047243 -0.211611
v 0.574849 0.048003 -0.202450
v 0.567392 0.048464 -0.200780
v 0.577571 0.048103 -0.195769
v 0.568724 0.047401 -0.222341
v 0.566406 0.047533 -0.216353
v 0.544926 0.047951 -0.207513
v 0.592789 0.045856 -0.211270
v 0.591970 0.046070 -0.214232
v 0.578866 0.046594 -0.229306
v 0.561091 0.047065 -0.226587
v 0.568586 0.046919 -0.229298
v 0.565569 0.046475 -0.237322
v 0.583473 0.047565 -0.207443
v 0.579800 0.047747 -0.202827
v 0.579237 0.047647 -0.211908
v 0.566391 0.047804 -0.210743
v 0.560724 0.047542 -0.216654
v 0.571202 0.048549 -0.192904
v 0.486302 0.039605 -0.468981
v 0.514061 0.039999 -0.458992
v 0.505459 0.038735 -0.492654
v 0.497768 0.033467 -0.609613
v 0.490471 0.033352 -0.609613
v 0.487808 0.034772 -0.582357
v 0.519781 0.036573 -0.542694
v 0.479564 0.037920 -0.507655
v 0.461624 0.039629 -0.462731
v 0.531940 0.038339 -0.502050
v 0.562301 0.037825 -0.504010
v 0.556126 0.036359 -0.539125
v 0.477067 0.040858 -0.436166
v 0.433030 0.037386 -0.505697
v 0.453045 0.038501 -0.491132
v 0.458067 0.036752 -0.530395
v 0.531731 0.033506 -0.609613
v 0.539827 0.039208 -0.481150
v 0.441484 0.035882 -0.544473
v 0.458640 0.035397 -0.561514
v 0.445936 0.033997 -0.586614
v 0.574275 0.034342 -0.576261
v 0.592752 0.035130 -0.542688
v 0.557287 0.033137 -0.609613
v 0.548813 0.034856 -0.576114
v 0.465268 0.033087 -0.609612
v 0.478366 0.033209 -0.609612
v 0.518444 0.033568 -0.609613
v 0.552435 0.039530 -0.467277
v 0.458693 0.032976 -0.609613
v 0.507556 0.033545 -0.609613
v 0.583043 0.032611 -0.609613
v -0.645559 0.071780 0.527641
v -0.664768 0.065679 0.520652
v -0.668158 0.062781 0.553985
v -0.640490 0.071060 0.563691
v -0.608087 0.078074 0.578337
v -0.624688 0.077140 0.537953
v -0.570806 0.084526 0.540837
v -0.561941 0.085418 0.522074
v -0.584400 0.084844 0.519629
v -0.699360 0.053593 0.566667
v -0.686355 0.059044 0.531250
v -0.610443 0.075580 0.602740
v -0.580940 0.081592 0.591527
v -0.696522 0.051453 0.598706
v -0.604979 0.081286 0.531476
v -0.585135 0.083191 0.556501
v -0.606306 0.083364 0.498802
v -0.604310 0.076763 0.609602
v -0.604293 0.076769 0.609596
v -0.604283 0.076771 0.609602
v 0.302113 0.032317 -0.393038
v 0.288346 0.033206 -0.389442
v 0.295862 0.032621 -0.383907
v 0.326897 0.030670 -0.388855
v 0.319804 0.030360 -0.399478
v 0.314171 0.031415 -0.394730
v 0.298332 0.032651 -0.375980
v 0.306913 0.032498 -0.373593
v 0.301508 0.032313 -0.380603
v 0.278777 0.034384 -0.380543
v 0.287166 0.033532 -0.380149
v 0.295847 0.031016 -0.420650
v 0.285788 0.030671 -0.423550
v 0.291676 0.031570 -0.413131
v 0.271538 0.031601 -0.411609
v 0.278153 0.031177 -0.417169
v 0.267487 0.030029 -0.420132
v 0.279063 0.033556 -0.395386
v 0.290666 0.032695 -0.400711
v 0.279814 0.032467 -0.406661
v 0.315775 0.031988 -0.376164
v 0.306186 0.032038 -0.383162
v 0.315516 0.031617 -0.386129
v 0.307024 0.030621 -0.414934
v 0.305740 0.031386 -0.403780
v 0.315832 0.029934 -0.406998
v 0.292137 0.033201 -0.373534
v 0.327471 0.031535 -0.375605
v 0.269515 0.035367 -0.373751
v 0.279003 0.035879 -0.363622
v 0.270495 0.032805 -0.402017
v 0.284762 0.034181 -0.371684
v 0.336804 0.031104 -0.379208
v 0.267612 0.033955 -0.388532
v 0.370310 0.034757 -0.379486
v 0.378789 0.036388 -0.374732
v 0.396241 0.039756 -0.368323
v 0.394400 0.039010 -0.378743
v 0.386452 0.037765 -0.371097
v 0.386230 0.037560 -0.378280
v 0.403787 0.038638 -0.398503
v 0.403583 0.037867 -0.407345
v 0.399137 0.038101 -0.395672
v 0.393287 0.038086 -0.388125
v 0.412316 0.039467 -0.404699
v 0.408980 0.039172 -0.401689
v 0.397030 0.037901 -0.394049
v 0.419521 0.040248 -0.405759
v 0.412492 0.039200 -0.411384
v 0.402547 0.039382 -0.389194
v 0.420425 0.040503 -0.398928
v 0.413878 0.040265 -0.392984
v 0.432024 0.041197 -0.398420
v 0.420473 0.040066 -0.416051
v 0.410060 0.040382 -0.385174
v 0.405743 0.040596 -0.376718
v 0.424013 0.041040 -0.392550
v 0.422317 0.041436 -0.385502
v 0.415082 0.041208 -0.381544
v 0.406598 0.041635 -0.364791
v 0.422123 0.041878 -0.376640
v 0.413952 0.041779 -0.372384
v 0.408189 0.038359 -0.411567
v -0.011133 0.078795 0.023105
v -0.012792 0.083355 0.021519
v -0.006467 0.084789 0.019104
v 0.008212 0.062085 0.015146
v 0.001581 0.061790 0.015889
v 0.005619 0.068360 0.014938
v -0.008549 0.088777 0.018777
v 0.010871 0.076109 0.024206
v 0.009373 0.066997 0.018656
v 0.008886 0.075929 0.016175
v 0.009599 0.085633 0.017960
v 0.011452 0.091900 0.025252
v 0.009126 0.097104 0.017298
v 0.005341 0.090535 0.015809
v 0.013002 0.082714 0.030489
v 0.010092 0.060441 0.020422
v 0.004652 0.096373 0.015927
v -0.002891 0.091027 0.018235
v 0.000603 0.094581 0.017259
v -0.000637 0.088145 0.017321
v -0.003054 0.081019 0.018378
v 0.005785 0.082886 0.015611
v 0.002466 0.084982 0.016728
v -0.008583 0.073185 0.024150
v -0.001012 0.074578 0.019097
v -0.001963 0.070161 0.019499
v -0.000189 0.068966 0.016930
v -0.009145 0.068059 0.024860
v -0.012466 0.069553 0.027307
v -0.015600 0.073013 0.027045
v 0.001815 0.080111 0.016600
v -0.004316 0.088504 0.017692
v 0.003501 0.075201 0.015467
v -0.004457 0.069968 0.022303
v -0.003871 0.067318 0.019810
v 0.644780 0.042466 -0.133869
v 0.636481 0.043218 -0.119170
v 0.649911 0.042793 -0.101436
v 0.627685 0.044258 -0.106620
v 0.720439 0.042561 -0.154147
v 0.731010 0.041734 -0.158319
v 0.720569 0.042823 -0.171328
v 0.665354 0.043474 -0.158690
v 0.685408 0.043115 -0.155758
v 0.667956 0.043415 -0.177983
v 0.705728 0.043208 -0.157559
v 0.689686 0.043019 -0.171778
v 0.716487 0.042831 -0.143491
v 0.686485 0.042737 -0.125090
v 0.683845 0.042755 -0.138337
v 0.674915 0.042638 -0.130507
v 0.674297 0.043017 -0.145230
v 0.698818 0.042712 -0.147500
v 0.707641 0.042811 -0.140591
v 0.697402 0.042449 -0.134644
v 0.754507 0.041263 -0.158508
v 0.750623 0.041144 -0.139760
v 0.768141 0.040973 -0.154968
v 0.696016 0.042284 -0.113378
v 0.781714 0.039728 -0.139310
v 0.741627 0.041186 -0.153033
v 0.742721 0.041534 -0.170406
v 0.766102 0.041129 -0.175700
v 0.721129 0.042907 -0.122798
v 0.730294 0.042191 -0.143567
v 0.663164 0.042551 -0.121834
v 0.662212 0.042683 -0.141968
v 0.701145 0.043198 -0.179408
v 0.676670 0.042724 -0.107638
v 0.754183 0.040538 -0.108284
v -0.414601 0.031087 -0.461774
v -0.403174 0.030935 -0.454022
v -0.460179 0.032195 -0.481412
v -0.713665 0.069306 0.303318
v -0.718781 0.072765 0.315226
v -0.697669 0.074757 0.317956
v -0.654254 0.073253 0.299200
v -0.647873 0.079243 0.311281
v -0.641002 0.073634 0.297534
v -0.680585 0.074156 0.312142
v -0.683391 0.077482 0.322773
v -0.665664 0.085855 0.359477
v -0.667122 0.085613 0.375698
v -0.648940 0.087179 0.367992
v -0.674434 0.082758 0.338130
v -0.685455 0.082590 0.353593
v -0.659879 0.085578 0.343388
v -0.662874 0.076484 0.309790
v -0.662974 0.083945 0.401556
v -0.687299 0.081739 0.380613
v -0.667165 0.080847 0.324270
v -0.646021 0.086231 0.396068
v -0.640081 0.086521 0.351135
v -0.703112 0.080092 0.364377
v -0.707261 0.079771 0.353198
v -0.684360 0.068905 0.300863
v -0.670454 0.070465 0.299655
v -0.634145 0.076747 0.305557
v -0.649390 0.083229 0.325789
v -0.638931 0.084493 0.426151
v -0.661165 0.080585 0.430071
v -0.641409 0.084844 0.334280
v -0.632841 0.081445 0.320088
v -0.688518 0.079590 0.333449
v -0.697719 0.068949 0.302465
v -0.678708 0.080660 0.404691
v -0.628964 0.086758 0.380267
v -0.633203 0.086776 0.392995
v -0.636973 0.086693 0.365166
v -0.704662 0.079412 0.341114
v -0.707566 0.076951 0.328099
v -0.685454 0.076171 0.421307
v -0.709757 0.065104 0.290514
v 0.890753 0.018014 0.439334
v 0.876800 0.017704 0.435398
v 0.890753 0.018106 0.445152
v 0.802843 0.018886 0.436978
v 0.757721 0.020998 0.447546
v 0.890753 0.018465 0.453208
v 0.859889 0.017652 0.457516
v 0.830440 0.017438 0.447500
v 0.705306 0.022271 0.456448
v 0.826429 0.018363 0.432876
v 0.787482 0.020919 0.413983
v 0.741577 0.022636 0.424703
v 0.709542 0.024384 0.417795
v 0.890753 0.018101 0.428422
v 0.755068 0.023999 0.388576
v 0.598930 0.033148 0.295698
v 0.606743 0.031800 0.327870
v 0.638676 0.032098 0.300286
v 0.638864 0.030945 0.329854
v 0.633587 0.029664 0.359788
v 0.686639 0.026892 0.384494
v 0.676101 0.029689 0.333516
v 0.890754 0.022618 0.334058
v 0.890753 0.023141 0.324686
v 0.875894 0.024728 0.309326
v 0.890753 0.020708 0.361969
v 0.861196 0.022936 0.345331
v 0.823447 0.021781 0.378991
v 0.736418 0.027173 0.344315
v 0.799929 0.024705 0.349677
v 0.890753 0.018344 0.407069
v 0.850753 0.018867 0.405553
v 0.890753 0.019762 0.376007
v 0.890753 0.019070 0.388722
v 0.890754 0.024627 0.300589
v 0.890753 0.018216 0.417805
v 0.708038 0.029453 0.321434
v 0.733461 0.029391 0.304450
v 0.890753 0.018504 0.400207
v 0.890753 0.022089 0.342192
v 0.890753 0.021366 0.352305
v 0.791069 0.027792 0.303499
v 0.838512 0.025308 0.320821
v -0.519920 0.061169 0.420195
v -0.508940 0.058299 0.424255
v -0.516045 0.058151 0.410469
v -0.519499 0.058499 0.401303
v -0.516429 0.056938 0.394667
v -0.522120 0.058800 0.392242
v -0.528742 0.062719 0.403931
v -0.523097 0.061152 0.411528
v -0.529580 0.065568 0.422074
v -0.547681 0.071196 0.397988
v -0.535088 0.063962 0.388123
v -0.550780 0.070502 0.384360
v -0.502068 0.061641 0.446110
v -0.494257 0.056413 0.434357
v -0.541142 0.069708 0.412970
v -0.553872 0.075277 0.410235
v -0.517989 0.063760 0.433977
v -0.542273 0.063820 0.371719
v -0.555997 0.069522 0.371390
v -0.567456 0.076335 0.380899
v -0.557195 0.074941 0.395974
v -0.567500 0.070702 0.361966
v -0.552248 0.064749 0.361807
v -0.560295 0.063562 0.351356
v -0.580546 0.076206 0.365781
v -0.480307 0.054776 0.440154
v -0.480367 0.053065 0.426283
v -0.489904 0.054117 0.425598
v -0.484163 0.058356 0.453124
v -0.489679 0.053039 0.415348
v -0.494900 0.054045 0.417348
v -0.506806 0.054462 0.400158
v -0.503032 0.054357 0.408798
v -0.500562 0.053565 0.404200
v -0.513100 0.056145 0.400573
v -0.508178 0.055629 0.410090
v -0.500111 0.055091 0.418620
v -0.495369 0.053223 0.407314
v -0.497795 0.053807 0.411773
v -0.512975 0.055155 0.388829
v 0.751098 0.041767 -0.191325
v 0.759672 0.041640 -0.209244
v 0.746502 0.042156 -0.204060
v 0.772807 0.041764 -0.198615
v 0.644140 0.041257 -0.265043
v 0.629236 0.042664 -0.243680
v 0.655783 0.042915 -0.236022
v 0.641460 0.043504 -0.222339
v 0.658377 0.044360 -0.199827
v 0.664738 0.044054 -0.217124
v 0.674308 0.044157 -0.205977
v 0.694111 0.044265 -0.210423
v 0.728432 0.042959 -0.210198
v 0.711947 0.042784 -0.227301
v 0.747202 0.042202 -0.215464
v 0.626977 0.044241 -0.207623
v 0.639228 0.044310 -0.186264
v 0.766102 0.041129 -0.175700
v 0.737611 0.042887 -0.197205
v 0.694945 0.043880 -0.193020
v 0.679043 0.043860 -0.197095
v 0.715543 0.043331 -0.201681
v 0.725641 0.043160 -0.196897
v 0.673800 0.043530 -0.226500
v 0.712357 0.043015 -0.190976
v 0.738639 0.041264 -0.232743
v 0.715155 0.040848 -0.246943
v 0.615668 0.043797 -0.227148
v 0.732078 0.042492 -0.186579
v 0.742721 0.041534 -0.170406
v 0.701145 0.043198 -0.179408
v 0.684877 0.043290 -0.185092
v 0.759917 0.041152 -0.227113
v 0.680639 0.042229 -0.244501
v 0.689686 0.043019 -0.171778
v 0.673362 0.043427 -0.190454
v 0.720569 0.042823 -0.171328
v 0.667956 0.043415 -0.177983
v 0.777869 0.017000 -0.609613
v 0.778082 0.024751 -0.609613
v 0.798405 0.020273 -0.547450
v 0.780211 0.023465 -0.596162
v 0.777691 0.024959 -0.609613
v 0.777053 0.024695 -0.609613
v 0.779564 0.017482 -0.579920
v 0.774709 0.021382 -0.601730
v 0.646710 0.027257 -0.609613
v 0.668886 0.025221 -0.594889
v 0.663561 0.024587 -0.609613
v 0.726040 0.015137 -0.576556
v 0.742454 0.012921 -0.574043
v 0.734681 0.012495 -0.609613
v 0.755503 0.011696 -0.574815
v 0.762167 0.012202 -0.582004
v 0.753515 0.012942 -0.596042
v 0.707171 0.017676 -0.588215
v 0.682160 0.025720 -0.563369
v 0.709891 0.020894 -0.542543
v 0.734660 0.016108 -0.548184
v 0.677095 0.022123 -0.609613
v 0.724941 0.013681 -0.602697
v 0.728559 0.012925 -0.609613
v 0.768695 0.013419 -0.584432
v 0.766843 0.016899 -0.600924
v 0.760607 0.014727 -0.600039
v 0.655095 0.029427 -0.573892
v 0.661453 0.031565 -0.529088
v 0.686552 0.020125 -0.609613
v 0.747171 0.012496 -0.588917
v 0.766811 0.019060 -0.609613
v 0.762797 0.017312 -0.609613
v 0.745062 0.012917 -0.606998
v 0.757667 0.015246 -0.609613
v 0.757494 0.015108 -0.609315
v 0.756255 0.014884 -0.609613
v 0.745853 0.013143 -0.609613
v 0.748629 0.013390 -0.609613
v 0.717147 0.014122 -0.609612
v 0.709844 0.015247 -0.609614
v 0.768979 0.012141 -0.568833
v 0.775908 0.013849 -0.570236
v 0.770095 0.020779 -0.609613
v 0.773073 0.022455 -0.609613
v 0.697254 0.017810 -0.609613
v 0.742932 0.012728 -0.609613
v 0.777693 0.015170 -0.573444
v 0.774938 0.023461 -0.609612
v 0.777852 0.024877 -0.609613
v 0.778031 0.024844 -0.609613
v 0.593875 0.044583 -0.213481
v 0.591970 0.046070 -0.214232
v 0.592789 0.045856 -0.211270
v 0.595393 0.044609 -0.211695
v 0.597951 0.045340 -0.207897
v 0.560724 0.047542 -0.216654
v 0.551016 0.047161 -0.222581
v 0.550733 0.047776 -0.213000
v 0.561091 0.047065 -0.226587
v 0.549287 0.046535 -0.237132
v 0.565569 0.046475 -0.237322
v 0.555213 0.046303 -0.241753
v 0.556506 0.046854 -0.229353
v 0.562846 0.045836 -0.246748
v 0.547651 0.046835 -0.230634
v 0.594694 0.045646 -0.215658
v 0.593477 0.046737 -0.217710
v 0.591182 0.047947 -0.215734
v 0.588458 0.047802 -0.216833
v 0.592782 0.046496 -0.204404
v 0.577119 0.044194 -0.263530
v 0.609675 0.045594 -0.193596
v 0.620315 0.045297 -0.184919
v 0.620756 0.044916 -0.195321
v 0.578866 0.046594 -0.229306
v 0.583848 0.047234 -0.221716
v 0.596252 0.045343 -0.227336
v 0.608078 0.045147 -0.205630
v 0.601725 0.045819 -0.201093
v 0.592045 0.046698 -0.221063
v 0.602581 0.044950 -0.217179
v 0.598937 0.044661 -0.212175
v 0.597917 0.044057 -0.242417
v 0.615668 0.043797 -0.227148
v 0.615025 0.042232 -0.264953
v 0.626977 0.044241 -0.207623
v 0.607119 0.046246 -0.182426
v 0.599369 0.042292 -0.299287
v 0.629236 0.042664 -0.243680
v 0.624254 0.041694 -0.283950
v 0.552040 0.046564 -0.250133
v 0.549129 0.046621 -0.241216
v 0.543209 0.047238 -0.241208
v 0.531428 0.047943 -0.242872
v 0.538415 0.046869 -0.234749
v 0.540890 0.047517 -0.246668
v 0.539897 0.047242 -0.254921
v 0.536489 0.047687 -0.248225
v 0.644140 0.041257 -0.265043
v -0.653880 0.055989 0.247534
v -0.642428 0.058422 0.260353
v -0.638595 0.055390 0.247519
v -0.707540 0.061478 0.263182
v -0.705693 0.062116 0.276520
v -0.699791 0.060874 0.267563
v -0.709757 0.065104 0.290514
v -0.696706 0.063706 0.288036
v -0.628457 0.055783 0.254317
v -0.625621 0.057096 0.262434
v -0.649620 0.065114 0.280377
v -0.641574 0.061652 0.271850
v -0.657702 0.061249 0.270099
v -0.641002 0.073634 0.297534
v -0.639010 0.068539 0.287770
v -0.648927 0.069381 0.289710
v -0.690774 0.066069 0.295005
v -0.680539 0.064117 0.287720
v -0.672981 0.056198 0.242737
v -0.669110 0.059025 0.259532
v -0.619293 0.055548 0.258927
v -0.618941 0.054582 0.251963
v -0.625868 0.059322 0.270637
v -0.720387 0.063359 0.280664
v -0.697719 0.068949 0.302465
v -0.673217 0.061622 0.272844
v -0.689065 0.060824 0.270344
v -0.691639 0.057771 0.240306
v -0.686938 0.059013 0.253459
v -0.702308 0.060447 0.248974
v -0.697276 0.060638 0.261215
v -0.684360 0.068905 0.300863
v -0.661293 0.067340 0.288776
v -0.654254 0.073253 0.299200
v -0.715075 0.061936 0.259904
v -0.717658 0.062502 0.239716
v -0.712327 0.061878 0.253724
v -0.631707 0.064371 0.280914
v -0.666033 0.063388 0.279242
v -0.721099 0.063174 0.253607
v -0.704587 0.060155 0.237326
v -0.710731 0.060264 0.228570
v -0.670454 0.070465 0.299655
v -0.628106 0.070775 0.294276
v -0.613105 0.056557 0.267985
v -0.634145 0.076747 0.305557
v -0.628106 0.070775 0.294276
v -0.641002 0.073634 0.297534
v -0.563058 0.056218 0.325522
v -0.572870 0.058107 0.317411
v -0.573849 0.060030 0.326000
v -0.550904 0.055613 0.335610
v -0.552420 0.058753 0.346248
v -0.540600 0.056200 0.346359
v -0.624031 0.075389 0.306487
v -0.619503 0.070769 0.298633
v -0.592711 0.076250 0.351945
v -0.580546 0.076206 0.365781
v -0.581268 0.072039 0.352314
v -0.607320 0.077403 0.332098
v -0.588653 0.070531 0.338054
v -0.557305 0.054841 0.320631
v -0.551272 0.054549 0.325995
v -0.574154 0.066634 0.345514
v -0.567500 0.070702 0.361966
v -0.607682 0.084642 0.377627
v -0.624516 0.085948 0.364189
v -0.610680 0.085827 0.390973
v -0.632841 0.081445 0.320088
v -0.538624 0.057730 0.354410
v -0.623759 0.083811 0.341079
v -0.612722 0.084111 0.361151
v -0.617579 0.076987 0.316373
v -0.580352 0.065894 0.335849
v -0.561944 0.058990 0.338256
v -0.560295 0.063562 0.351356
v -0.573213 0.062155 0.335137
v -0.565289 0.058363 0.332353
v -0.620989 0.080337 0.326182
v -0.611936 0.070954 0.305344
v -0.606178 0.072642 0.316951
v -0.596870 0.066576 0.311108
v -0.604510 0.080778 0.353986
v -0.641409 0.084844 0.334280
v -0.640081 0.086521 0.351135
v -0.564771 0.061717 0.343071
v -0.636973 0.086693 0.365166
v -0.628964 0.086758 0.380267
v -0.598806 0.082593 0.374155
v -0.615344 0.086537 0.404161
v -0.584315 0.064680 0.325293
v -0.586836 0.062747 0.313071
v -0.597017 0.070530 0.324097
v -0.633203 0.086776 0.392995
v -0.590106 0.079639 0.368687
v -0.550843 0.054142 0.319388
v -0.580074 0.060816 0.317977
v 0.298496 0.031090 -0.435538
v 0.308880 0.031277 -0.431143
v 0.309855 0.031641 -0.439473
v 0.304381 0.029565 -0.477823
v 0.310825 0.029187 -0.482191
v 0.302271 0.030194 -0.486987
v 0.294156 0.030844 -0.443536
v 0.290211 0.030489 -0.439725
v 0.284418 0.030007 -0.434466
v 0.274256 0.029591 -0.428444
v 0.285788 0.030671 -0.423550
v 0.293442 0.030878 -0.427878
v 0.302716 0.031007 -0.425028
v 0.315724 0.030171 -0.423417
v 0.298466 0.030913 -0.462098
v 0.302792 0.030185 -0.469857
v 0.289899 0.031276 -0.468886
v 0.275720 0.034250 -0.503162
v 0.289346 0.033583 -0.503357
v 0.290925 0.033874 -0.512568
v 0.303054 0.031445 -0.445664
v 0.294460 0.030913 -0.477101
v 0.294020 0.030877 -0.452393
v 0.309458 0.031384 -0.455649
v 0.281894 0.031847 -0.474993
v 0.293963 0.032590 -0.497016
v 0.286272 0.032306 -0.485928
v 0.297323 0.031570 -0.492347
v 0.278153 0.031177 -0.417169
v 0.282695 0.030282 -0.453526
v 0.284275 0.030021 -0.445190
v 0.314051 0.030294 -0.467495
v 0.310028 0.029439 -0.473805
v 0.325650 0.031761 -0.461623
v 0.274491 0.029684 -0.450318
v 0.273308 0.032034 -0.471250
v 0.277599 0.031568 -0.466962
v 0.306402 0.030670 -0.463337
v 0.271969 0.032441 -0.476176
v 0.279841 0.033685 -0.494731
v 0.311072 0.031723 -0.446779
v 0.320759 0.031738 -0.447148
v 0.270750 0.034081 -0.511900
v 0.285820 0.031051 -0.460643
v 0.275381 0.030626 -0.458377
v 0.267487 0.030029 -0.420132
v 0.268888 0.033157 -0.484875
v 0.295847 0.031016 -0.420650
v 0.266979 0.028736 -0.442115
v 0.318957 0.031044 -0.434907
v 0.307024 0.030621 -0.414934
v -0.046890 0.149388 0.026908
v -0.045541 0.146238 0.024579
v -0.049009 0.146693 0.026523
v -0.042969 0.148340 0.022595
v -0.044763 0.146076 0.020398
v -0.043578 0.149023 0.025057
v -0.048994 0.144281 0.025446
v -0.045948 0.142232 0.021938
v -0.060659 0.140617 0.028624
v -0.065101 0.146996 0.030545
v -0.058757 0.146105 0.027658
v -0.052957 0.145819 0.026679
v -0.055635 0.147310 0.028499
v -0.052552 0.149547 0.029040
v -0.051228 0.140078 0.026471
v -0.042971 0.152374 0.025038
v -0.042014 0.150459 0.023262
v -0.045408 0.137813 0.023333
v -0.056590 0.135804 0.027580
v -0.051650 0.131525 0.027204
v -0.056864 0.131010 0.028478
v -0.058043 0.147514 0.029493
v -0.057025 0.149704 0.030116
v -0.048519 0.154044 0.027536
v -0.046931 0.161481 0.026600
v -0.043179 0.156319 0.025488
v -0.045839 0.143532 0.016831
v -0.045878 0.140439 0.017038
v -0.044766 0.137420 0.018442
v -0.049169 0.135512 0.009880
v -0.046248 0.136827 0.013781
v -0.047240 0.139968 0.012862
v -0.043008 0.127736 0.012379
v -0.040982 0.127472 0.015378
v -0.043719 0.132054 0.013898
v -0.048489 0.131651 0.009761
v -0.042802 0.132731 0.020201
v -0.042213 0.122547 0.011070
v -0.038282 0.120939 0.015446
v -0.046877 0.126111 0.009442
v -0.041121 0.125444 0.019723
v -0.060966 0.133426 0.029127
v -0.065912 0.141928 0.031617
v -0.064285 0.137928 0.031052
v -0.041051 0.122480 0.023419
v -0.043396 0.128345 0.023523
v -0.038272 0.120383 0.020007
v -0.049342 0.125070 0.027927
v -0.046725 0.129261 0.026100
v -0.044732 0.125114 0.025557
v -0.034724 0.115868 0.018463
v -0.046040 0.133848 0.025364
v -0.065807 0.101181 0.007048
v -0.058064 0.102341 0.006183
v -0.061950 0.105452 0.004314
v -0.072837 0.098597 0.007707
v -0.066687 0.097188 0.003998
v -0.070984 0.103466 0.005816
v -0.045634 0.105796 0.002057
v -0.044663 0.109289 -0.005101
v -0.039148 0.111570 -0.001139
v -0.038984 0.114333 -0.006042
v -0.033703 0.117125 -0.001604
v -0.043496 0.114467 -0.009912
v -0.038554 0.109556 0.005952
v -0.038810 0.110111 0.009711
v -0.034402 0.112798 0.012113
v -0.040733 0.112561 0.009692
v -0.042195 0.107694 0.007733
v -0.035248 0.113603 0.003313
v -0.052394 0.102801 -0.004425
v -0.050346 0.107112 -0.008822
v -0.046148 0.109682 0.007722
v -0.039471 0.117225 0.011397
v -0.043656 0.115748 0.008136
v -0.038282 0.120939 0.015446
v -0.065451 0.110952 0.004473
v -0.059487 0.110764 0.004882
v -0.049550 0.112387 0.005127
v -0.048489 0.131651 0.009761
v -0.054050 0.130206 0.005128
v -0.051416 0.126432 0.007176
v -0.046877 0.126111 0.009442
v -0.042213 0.122547 0.011070
v -0.055336 0.108989 0.004351
v -0.057287 0.105335 0.004625
v -0.052518 0.106672 0.005436
v -0.053784 0.114392 0.005546
v -0.052524 0.120905 0.006505
v -0.047568 0.118951 0.007711
v -0.057411 0.122106 0.004612
v -0.058089 0.116112 0.004865
v -0.045670 0.106170 0.006816
v -0.050189 0.104000 0.005978
v -0.063694 0.098725 -0.003469
v -0.054827 0.099955 0.001971
v -0.039641 0.128141 -0.010333
v -0.035411 0.127364 -0.008957
v -0.040354 0.122158 -0.010804
v -0.033298 0.122088 -0.007262
v -0.029458 0.131718 -0.005801
v -0.025670 0.128873 -0.001949
v -0.028336 0.122850 -0.000138
v -0.030061 0.118227 0.005196
v -0.022562 0.136465 0.000084
v -0.034724 0.115868 0.018463
v -0.149049 0.044227 -0.322923
v -0.168853 0.046284 -0.304929
v -0.154108 0.046189 -0.306396
v -0.141802 0.045769 -0.312268
v 0.628233 0.044807 -0.175629
v 0.632744 0.044233 -0.165591
v 0.640189 0.043841 -0.171808
v 0.647249 0.043126 -0.157329
v 0.652432 0.043207 -0.171366
v 0.602790 0.046988 -0.159621
v 0.608661 0.046375 -0.163225
v 0.602875 0.046811 -0.168352
v 0.623639 0.044640 -0.150560
v 0.621479 0.045146 -0.159423
v 0.617606 0.045415 -0.148771
v 0.636481 0.043218 -0.119170
v 0.626839 0.044280 -0.121083
v 0.627685 0.044258 -0.106620
v 0.628608 0.044490 -0.160094
v 0.635231 0.043686 -0.153184
v 0.627663 0.044392 -0.154026
v 0.639228 0.044310 -0.186264
v 0.665354 0.043474 -0.158690
v 0.667956 0.043415 -0.177983
v 0.615731 0.045790 -0.164112
v 0.615062 0.045965 -0.173410
v 0.620315 0.045297 -0.184919
v 0.623075 0.045257 -0.168243
v 0.626131 0.044822 -0.164084
v 0.604837 0.046594 -0.155173
v 0.611548 0.046054 -0.154444
v 0.626977 0.044241 -0.207623
v 0.620756 0.044916 -0.195321
v 0.607119 0.046246 -0.182426
v 0.630011 0.044000 -0.145250
v 0.602177 0.046728 -0.144447
v 0.594028 0.046870 -0.138162
v 0.597877 0.046714 -0.132352
v 0.627761 0.044151 -0.132485
v 0.644780 0.042466 -0.133869
v 0.662212 0.042683 -0.141968
v 0.617853 0.045135 -0.123558
v 0.610568 0.045958 -0.143334
v 0.599305 0.047059 -0.152104
v 0.617095 0.045299 -0.112164
v 0.610717 0.045878 -0.112952
v 0.613970 0.045774 -0.102730
v 0.597823 0.047218 -0.158860
v 0.622926 0.044848 -0.143870
v 0.591810 0.047518 -0.161485
v 0.592752 0.047249 -0.150727
v 0.607383 0.046157 -0.105075
v 0.594724 0.047052 -0.145008
v 0.617337 0.045183 -0.138333
v 0.610719 0.045879 -0.133188
v 0.604323 0.046312 -0.121886
v 0.605287 0.046305 -0.135677
v 0.604963 0.046515 -0.110105
v 0.306251 0.032826 -0.506424
v 0.303834 0.031539 -0.496925
v 0.315204 0.031381 -0.496804
v 0.318822 0.030286 -0.486761
v 0.310923 0.030191 -0.490264
v 0.409452 0.035696 -0.538773
v 0.377554 0.034830 -0.538807
v 0.379443 0.035703 -0.514500
v 0.374403 0.035685 -0.490197
v 0.357882 0.034536 -0.476793
v 0.374740 0.034794 -0.468525
v 0.413772 0.037076 -0.503821
v 0.396432 0.036699 -0.492016
v 0.413824 0.038226 -0.476550
v 0.356554 0.035212 -0.500193
v 0.346306 0.034350 -0.487947
v 0.308272 0.030802 -0.493951
v 0.302271 0.030194 -0.486987
v 0.291163 0.032146 -0.543686
v 0.318082 0.033774 -0.529299
v 0.320359 0.031747 -0.565874
v 0.272826 0.033480 -0.522480
v 0.270750 0.034081 -0.511900
v 0.287937 0.033881 -0.520461
v 0.310825 0.029187 -0.482191
v 0.322586 0.030717 -0.472159
v 0.316871 0.029563 -0.476862
v 0.314051 0.030294 -0.467495
v 0.344697 0.033634 -0.474854
v 0.337553 0.032643 -0.467552
v 0.347300 0.033401 -0.466692
v 0.289346 0.033583 -0.503357
v 0.293963 0.032590 -0.497016
v 0.337700 0.032898 -0.475750
v 0.335783 0.032986 -0.484056
v 0.330468 0.031654 -0.474864
v 0.289102 0.033370 -0.528429
v 0.278429 0.032823 -0.531113
v 0.384208 0.033982 -0.562596
v 0.290925 0.033874 -0.512568
v 0.340316 0.034625 -0.514634
v 0.330722 0.033580 -0.502777
v 0.327081 0.031563 -0.484997
v 0.323353 0.030649 -0.479314
v 0.325650 0.031761 -0.461623
v 0.297323 0.031570 -0.492347
v 0.270812 0.031979 -0.536721
v 0.310028 0.029439 -0.473805
v 0.354954 0.034818 -0.526088
v 0.433030 0.037386 -0.505697
v 0.356173 0.033798 -0.550980
v 0.441484 0.035882 -0.544473
v 0.265517 0.029847 -0.551075
v 0.267160 0.028078 -0.568282
v 0.287521 0.030156 -0.565002
v 0.325499 0.032047 -0.492274
v 0.339823 0.033006 -0.558126
v 0.277164 0.028462 -0.582959
v 0.304821 0.029970 -0.585839
v 0.469791 0.047514 -0.313304
v 0.475754 0.047783 -0.309275
v 0.480187 0.046689 -0.316486
v 0.470999 0.047201 -0.317206
v 0.460756 0.047320 -0.319413
v 0.456534 0.047055 -0.320350
v 0.456737 0.047457 -0.317575
v 0.481346 0.046290 -0.323362
v 0.474752 0.046439 -0.321689
v 0.471577 0.046245 -0.326356
v 0.476063 0.045986 -0.327739
v 0.458724 0.048656 -0.306043
v 0.465827 0.048183 -0.309186
v 0.459186 0.048055 -0.309855
v 0.466723 0.046841 -0.322354
v 0.459720 0.046736 -0.322751
v 0.460221 0.046629 -0.327514
v 0.465716 0.046119 -0.329878
v 0.453294 0.046815 -0.324041
v 0.453172 0.047254 -0.319138
v 0.504938 0.049487 -0.261877
v 0.510453 0.049172 -0.261908
v 0.508885 0.048642 -0.269159
v 0.484147 0.046525 -0.319804
v 0.487873 0.045858 -0.321227
v 0.496140 0.049723 -0.270365
v 0.498882 0.049009 -0.277954
v 0.495512 0.048987 -0.280425
v 0.480675 0.048549 -0.298933
v 0.483897 0.049055 -0.293213
v 0.488012 0.048179 -0.297310
v 0.489363 0.047576 -0.303063
v 0.504328 0.046017 -0.305870
v 0.486720 0.046665 -0.310313
v 0.475797 0.044996 -0.338117
v 0.461229 0.047919 -0.313807
v 0.453453 0.047522 -0.315602
v 0.495622 0.044043 -0.339075
v 0.521924 0.043173 -0.335032
v 0.490550 0.048449 -0.292120
v 0.485508 0.049521 -0.287136
v 0.490893 0.049088 -0.284624
v 0.498940 0.048497 -0.281778
v 0.503161 0.048203 -0.279952
v 0.520163 0.046789 -0.278479
v 0.497003 0.048221 -0.289127
v 0.503060 0.049241 -0.268074
v 0.494102 0.047671 -0.297701
v 0.480911 0.047658 -0.305104
v 0.480928 0.049720 -0.288464
v 0.469091 0.048977 -0.302742
v 0.472575 0.049307 -0.295893
v 0.477066 0.049563 -0.292214
v 0.454474 0.048087 -0.311151
v 0.446177 0.047489 -0.316675
v 0.837594 0.038101 -0.196807
v 0.844017 0.036555 -0.224791
v 0.831829 0.037831 -0.232691
v 0.839672 0.033938 -0.273176
v 0.824984 0.036566 -0.265286
v 0.811446 0.039949 -0.169015
v 0.811450 0.041820 -0.185667
v 0.802528 0.041083 -0.175854
v 0.890753 0.031677 -0.170763
v 0.874688 0.031548 -0.215852
v 0.890754 0.031856 -0.164439
v 0.818175 0.041481 -0.207188
v 0.820788 0.039177 -0.237173
v 0.810461 0.041389 -0.227530
v 0.853220 0.035433 -0.229602
v 0.852268 0.036306 -0.195857
v 0.759672 0.041640 -0.209244
v 0.772807 0.041764 -0.198615
v 0.774143 0.041915 -0.218430
v 0.835857 0.025345 -0.358272
v 0.849461 0.033008 -0.277569
v 0.857844 0.033615 -0.258254
v 0.862835 0.032419 -0.251976
v 0.800322 0.042005 -0.226648
v 0.803769 0.042838 -0.212706
v 0.871678 0.034004 -0.191332
v 0.860302 0.034123 -0.236183
v 0.805305 0.040421 -0.250959
v 0.890753 0.031114 -0.173345
v 0.890753 0.031957 -0.159493
v 0.890753 0.031910 -0.149902
v 0.890753 0.030805 -0.177776
v 0.890753 0.030130 -0.181423
v 0.848469 0.036216 -0.148635
v 0.759917 0.041152 -0.227113
v 0.837737 0.028645 -0.331170
v 0.812506 0.034927 -0.295398
v 0.788292 0.042102 -0.234049
v 0.797875 0.043081 -0.193836
v 0.788551 0.043089 -0.211218
v 0.785876 0.042641 -0.197567
v 0.781903 0.041857 -0.186627
v 0.786170 0.040636 -0.169893
v 0.798936 0.039749 -0.159730
v 0.812410 0.037977 -0.141848
v 0.824579 0.039406 -0.175283
v 0.828020 0.032696 -0.302180
v 0.766102 0.041129 -0.175700
v 0.773160 0.041496 -0.236844
v 0.833837 0.029705 -0.323974
v 0.783218 0.041065 -0.256169
v 0.828350 0.029087 -0.328929
v 0.781714 0.039728 -0.139310
v 0.890753 0.031635 -0.134699
v 0.792075 0.037878 -0.284340
v 0.758506 0.039988 -0.252586
v 0.820545 0.030529 -0.322703
v 0.768141 0.040973 -0.154968
v -0.754619 0.066507 0.389685
v -0.750348 0.064561 0.404007
v -0.730838 0.071637 0.391528
v -0.817723 0.054889 0.439470
v -0.854238 0.054980 0.401284
v -0.845223 0.054144 0.435992
v -0.767656 0.062737 0.395655
v -0.716846 0.068655 0.417865
v -0.800467 0.058192 0.388214
v -0.798342 0.056542 0.417938
v -0.776233 0.059136 0.408395
v -0.749469 0.059525 0.424031
v -0.776334 0.055069 0.431427
v -0.757305 0.055172 0.436785
v -0.782437 0.051466 0.468856
v -0.767386 0.050957 0.470460
v -0.780166 0.050538 0.454847
v -0.725818 0.061855 0.434347
v -0.740675 0.057204 0.441010
v -0.720425 0.059680 0.451680
v -0.826098 0.056564 0.399698
v -0.822619 0.056803 0.371734
v -0.814245 0.053863 0.474510
v -0.799929 0.053071 0.491722
v -0.798965 0.052918 0.464323
v -0.735315 0.056048 0.457894
v -0.856771 0.056380 0.362339
v -0.871950 0.052635 0.421370
v -0.869898 0.050329 0.463190
v -0.837589 0.053159 0.475515
v -0.795387 0.054769 0.435101
v -0.705576 0.064492 0.445420
v -0.881285 0.053698 0.383438
v -0.890755 0.053364 0.384183
v -0.781281 0.061026 0.387702
v -0.765677 0.052577 0.446097
v -0.751827 0.054374 0.447762
v -0.786032 0.052938 0.443331
v -0.813918 0.052206 0.506194
v -0.776181 0.051944 0.445958
v -0.890755 0.054775 0.355344
v -0.753295 0.052941 0.462555
v -0.769955 0.051182 0.454742
v -0.766403 0.064678 0.383862
v -0.789522 0.051957 0.454026
v -0.782995 0.051836 0.491832
v -0.797099 0.053395 0.445951
v -0.849871 0.050456 0.498400
v -0.837032 0.051242 0.516730
v -0.890755 0.054253 0.362493
v -0.890755 0.053952 0.369947
v -0.827456 0.051660 0.515609
v -0.772182 0.051199 0.483595
v -0.890755 0.053093 0.389939
v -0.701684 0.076525 0.397391
v -0.678708 0.080660 0.404691
v -0.840412 0.050768 0.536269
v -0.877336 0.050989 0.443615
v -0.890755 0.052276 0.408830
v -0.861128 0.049907 0.486340
v -0.851763 0.050350 0.510812
v -0.888202 0.052104 0.415095
v -0.559740 0.083240 0.469199
v -0.565461 0.085005 0.481359
v -0.553412 0.084224 0.485314
v -0.551982 0.085122 0.503348
v -0.517788 0.078440 0.489962
v -0.517435 0.080947 0.508852
v -0.498866 0.077290 0.512963
v -0.528281 0.083535 0.521651
v -0.505222 0.080915 0.532043
v -0.601984 0.085858 0.429420
v -0.622101 0.086246 0.418609
v -0.600638 0.085094 0.451435
v -0.592678 0.085597 0.420028
v -0.581528 0.084381 0.452091
v -0.584400 0.084844 0.519629
v -0.592948 0.085425 0.483247
v -0.606306 0.083364 0.498802
v -0.539035 0.076216 0.452089
v -0.546763 0.076298 0.440002
v -0.555254 0.078916 0.441026
v -0.573246 0.086016 0.496564
v -0.553872 0.075277 0.410235
v -0.550115 0.075539 0.427803
v -0.541142 0.069708 0.412970
v -0.539629 0.072556 0.434079
v -0.538027 0.082347 0.489214
v -0.532507 0.078898 0.472544
v -0.549010 0.080496 0.461690
v -0.579605 0.078991 0.377301
v -0.590106 0.079639 0.368687
v -0.581032 0.081533 0.389153
v -0.561941 0.085418 0.522074
v -0.591642 0.084516 0.398615
v -0.574413 0.082132 0.411584
v -0.579132 0.083630 0.422174
v -0.527328 0.070247 0.443594
v -0.615344 0.086537 0.404161
v -0.517094 0.073145 0.466741
v -0.610680 0.085827 0.390973
v -0.517989 0.063760 0.433977
v -0.529580 0.065568 0.422074
v -0.545051 0.084865 0.527139
v -0.611177 0.083478 0.465555
v -0.514458 0.067225 0.449529
v -0.504562 0.067522 0.461266
v -0.569028 0.082282 0.443165
v -0.489645 0.063823 0.467361
v -0.500129 0.069619 0.474340
v -0.502068 0.061641 0.446110
v -0.561405 0.078850 0.422576
v -0.567456 0.076335 0.380899
v -0.580546 0.076206 0.365781
v -0.489864 0.068376 0.484719
v -0.501019 0.073452 0.489331
v -0.598806 0.082593 0.374155
v -0.565457 0.078775 0.403471
v -0.582394 0.085494 0.473035
v -0.484163 0.058356 0.453124
v -0.567935 0.081149 0.429363
v -0.557195 0.074941 0.395974
v -0.607682 0.084642 0.377627
v -0.029143 0.137279 -0.004525
v -0.035581 0.138939 -0.006070
v -0.029919 0.142565 -0.002521
v -0.043256 0.147753 0.006239
v -0.042590 0.146139 0.003000
v -0.045298 0.145215 0.004018
v -0.024945 0.141379 -0.000501
v -0.022562 0.136465 0.000084
v -0.047240 0.139968 0.012862
v -0.047200 0.143984 0.011615
v -0.050247 0.138064 0.007955
v -0.053870 0.135140 0.001357
v -0.056358 0.131221 0.000462
v -0.053841 0.134822 0.003963
v -0.051321 0.137220 -0.000292
v -0.054708 0.131775 -0.003339
v -0.054511 0.133681 -0.000661
v -0.043471 0.133215 -0.008660
v -0.039297 0.135319 -0.008038
v -0.040468 0.131649 -0.009355
v -0.045727 0.145690 0.005618
v -0.034604 0.133342 -0.007707
v -0.030977 0.134087 -0.006418
v -0.029458 0.131718 -0.005801
v -0.040327 0.138946 -0.005464
v -0.043155 0.141058 -0.003143
v -0.036190 0.143969 -0.002685
v -0.048044 0.131055 -0.008663
v -0.045068 0.136400 -0.005749
v -0.035411 0.127364 -0.008957
v -0.039641 0.128141 -0.010333
v -0.054050 0.130206 0.005128
v -0.049726 0.140393 0.002004
v -0.047689 0.143140 0.004721
v -0.046537 0.142925 0.000432
v -0.048745 0.141865 0.007202
v -0.046399 0.145361 0.007799
v -0.042166 0.136277 -0.007576
v -0.045839 0.143532 0.016831
v -0.044819 0.147064 0.015925
v -0.051423 0.138839 0.003812
v -0.039572 0.148788 0.003651
v -0.040406 0.145724 0.000352
v -0.049169 0.135512 0.009880
v -0.048489 0.131651 0.009761
v -0.039319 0.137988 -0.007175
v -0.044026 0.148646 0.011126
v -0.047441 0.138106 -0.002833
v -0.044763 0.146076 0.020398
v -0.043127 0.148833 0.019384
v -0.042971 0.152374 0.025038
v -0.038211 0.154516 0.023157
v -0.039851 0.151922 0.021129
v -0.042014 0.150459 0.023262
v -0.050469 0.133494 -0.005049
v -0.041233 0.150482 0.018874
v -0.041926 0.150261 0.021283
v -0.038935 0.151184 0.016499
v -0.042969 0.148340 0.022595
v -0.043179 0.156319 0.025488
v -0.042343 0.149884 0.015787
v -0.039103 0.150853 0.007949
v -0.040460 0.150877 0.012656
v -0.781362 0.049863 0.609602
v -0.790840 0.050854 0.602367
v -0.784681 0.050714 0.609602
v -0.699360 0.053593 0.566667
v -0.707335 0.053484 0.544821
v -0.723585 0.049714 0.557941
v -0.730160 0.053238 0.510153
v -0.702898 0.058098 0.491129
v -0.730775 0.055100 0.479740
v -0.761417 0.050721 0.504819
v -0.747265 0.050998 0.512740
v -0.749398 0.051613 0.500766
v -0.737010 0.045627 0.603528
v -0.723368 0.047797 0.589897
v -0.748045 0.045619 0.586915
v -0.760423 0.051386 0.488447
v -0.749416 0.052542 0.484306
v -0.750871 0.046193 0.609601
v -0.694131 0.050763 0.609600
v -0.696522 0.051453 0.598706
v -0.700013 0.049954 0.609601
v -0.687616 0.051976 0.609601
v -0.703630 0.061563 0.465622
v -0.717698 0.057979 0.470648
v -0.799726 0.048427 0.587314
v -0.802092 0.054242 0.600061
v -0.813918 0.052206 0.506194
v -0.802372 0.046832 0.540858
v -0.789581 0.049641 0.519702
v -0.745838 0.046311 0.563859
v -0.786427 0.048328 0.598195
v -0.786207 0.046290 0.588801
v -0.745980 0.049020 0.532464
v -0.723003 0.051846 0.535607
v -0.767386 0.050957 0.470460
v -0.706164 0.055570 0.522837
v -0.736224 0.045853 0.609602
v -0.731057 0.046225 0.609602
v -0.737052 0.045787 0.609336
v -0.743321 0.045998 0.609602
v -0.764131 0.045380 0.586346
v -0.794666 0.044773 0.568778
v -0.783392 0.045372 0.552190
v -0.772955 0.047230 0.601110
v -0.762173 0.047191 0.609602
v -0.772182 0.051199 0.483595
v -0.782995 0.051836 0.491832
v -0.792155 0.053734 0.609601
v -0.766297 0.046206 0.595516
v -0.777192 0.045312 0.586120
v -0.777098 0.044471 0.572316
v -0.753295 0.052941 0.462555
v -0.686355 0.059044 0.531250
v -0.810769 0.046667 0.552969
v -0.735315 0.056048 0.457894
v -0.720087 0.047290 0.609602
v -0.726044 0.046679 0.609601
v -0.708646 0.048801 0.609602
v -0.811064 0.047341 0.567634
v -0.769500 0.049177 0.519531
v -0.766887 0.046743 0.543316
v -0.764148 0.045113 0.567815
v -0.720425 0.059680 0.451680
v -0.773494 0.048450 0.609602
v -0.799929 0.053071 0.491722
v -0.796306 0.055286 0.609601
v -0.056342 0.119621 0.067355
v -0.051884 0.112462 0.064728
v -0.048238 0.120057 0.066107
v -0.058365 0.131724 0.070086
v -0.059072 0.136044 0.069897
v -0.062245 0.135330 0.072789
v -0.060487 0.123734 0.069305
v -0.055579 0.126936 0.067325
v -0.061890 0.129217 0.072053
v -0.065193 0.140216 0.078797
v -0.068408 0.136443 0.079257
v -0.065262 0.132717 0.077311
v -0.069132 0.124511 0.073235
v -0.068648 0.128993 0.077517
v -0.072420 0.127726 0.076491
v -0.065111 0.125758 0.072491
v -0.065115 0.128628 0.074760
v -0.063152 0.120374 0.069031
v -0.061857 0.143278 0.073896
v -0.065094 0.148361 0.074858
v -0.066228 0.145583 0.077011
v -0.060244 0.138239 0.071401
v -0.039842 0.110158 0.061539
v -0.047305 0.102410 0.060481
v -0.071077 0.134811 0.079269
v -0.072628 0.136423 0.077085
v -0.061807 0.149355 0.072284
v -0.036694 0.121624 0.065379
v -0.043534 0.130880 0.067681
v -0.053785 0.135123 0.068440
v -0.071806 0.144297 0.076811
v -0.070410 0.139389 0.077744
v -0.073849 0.131766 0.078378
v -0.040883 0.102463 0.058855
v -0.057837 0.140658 0.070089
v -0.058507 0.114607 0.067043
v -0.057613 0.108438 0.064664
v -0.059062 0.146389 0.071035
v -0.068219 0.119054 0.066937
v -0.062451 0.114760 0.066386
v -0.069310 0.132459 0.079823
v -0.046571 0.144167 0.068078
v -0.077518 0.135568 0.075738
v -0.082104 0.131902 0.075845
v -0.077998 0.131860 0.076486
v -0.058119 0.152772 0.070157
v -0.053401 0.141402 0.068947
v -0.075963 0.126907 0.074192
v -0.050850 0.157621 0.067820
v -0.041084 0.162285 0.064892
v -0.045449 0.170590 0.067320
v -0.043515 0.153777 0.065833
v -0.080580 0.126949 0.068934
v -0.030621 0.148053 0.064642
v -0.037065 0.155217 0.064451
v -0.039913 0.149399 0.065770
v -0.054295 0.146888 0.069351
v -0.037852 0.144525 0.066452
v -0.035167 0.139305 0.066837
v -0.040614 0.093538 0.057519
v -0.040752 0.099528 0.058204
v -0.032571 0.090821 0.053791
v -0.027793 0.091875 0.050994
v -0.034428 0.098502 0.055120
v -0.030296 0.130325 0.065825
v -0.027973 0.115119 0.060788
v -0.030355 0.105573 0.056429
v -0.027349 0.085643 0.050631
v -0.075074 0.122895 0.068258
v -0.420806 0.057164 0.271327
v -0.420556 0.056847 0.275706
v -0.408217 0.056563 0.272195
v -0.401651 0.056431 0.278103
v -0.409800 0.056709 0.283619
v -0.415855 0.056808 0.273635
v -0.413635 0.057248 0.262341
v -0.424615 0.056600 0.278406
v -0.435315 0.056882 0.270817
v -0.430201 0.056544 0.282278
v -0.406632 0.056887 0.264523
v -0.417567 0.056790 0.280897
v -0.443171 0.056708 0.275319
v -0.438191 0.056253 0.283369
v -0.396317 0.056380 0.272521
v -0.390992 0.056736 0.274068
v -0.453141 0.055829 0.283296
v -0.457547 0.055940 0.280615
v -0.455196 0.055457 0.284387
v -0.481370 0.057538 0.272376
v -0.478213 0.057345 0.268080
v -0.483643 0.057801 0.266856
v -0.470252 0.056956 0.270597
v -0.435571 0.055998 0.290124
v -0.442492 0.056108 0.292780
v -0.459213 0.055587 0.297192
v -0.455522 0.055424 0.292031
v -0.460076 0.055332 0.291397
v -0.470289 0.055978 0.280722
v -0.464051 0.056576 0.276954
v -0.466861 0.055645 0.297457
v -0.463409 0.055737 0.300868
v -0.465215 0.055529 0.289100
v -0.451265 0.055565 0.287575
v -0.449148 0.055681 0.295248
v -0.446288 0.055880 0.290410
v -0.443368 0.055932 0.286996
v -0.448185 0.056030 0.281645
v -0.454213 0.056590 0.275353
v -0.471316 0.055586 0.292962
v -0.474729 0.055333 0.299593
v -0.459423 0.056151 0.276263
v -0.463975 0.055825 0.282887
v -0.430911 0.056335 0.287285
v -0.471821 0.055721 0.287460
v -0.476411 0.055842 0.284056
v -0.461471 0.056852 0.272084
v -0.455258 0.057065 0.267884
v -0.468524 0.055941 0.303083
v -0.418859 0.056553 0.287913
v -0.476525 0.056672 0.276451
v -0.461571 0.056104 0.304447
v -0.444531 0.056166 0.301941
v -0.452413 0.056183 0.304435
v -0.445020 0.057272 0.266910
v -0.440263 0.057015 0.267064
v -0.468411 0.055810 0.308690
v 0.028918 0.058118 -0.000212
v 0.041266 0.057873 -0.001161
v 0.034772 0.057520 -0.007551
v 0.008423 0.057905 -0.002781
v 0.012822 0.058137 0.003562
v 0.017492 0.058091 -0.003937
v 0.019538 0.057134 -0.013300
v 0.008655 0.057760 -0.014260
v -0.003906 0.058063 0.002866
v 0.000235 0.057744 -0.004508
v -0.003908 0.057956 -0.001548
v -0.008280 0.058053 -0.004576
v -0.018105 0.058402 -0.003407
v -0.013500 0.057855 -0.012095
v 0.026722 0.057413 -0.008466
v -0.021125 0.058560 0.019742
v -0.011938 0.058105 0.003562
v 0.020540 0.058247 0.007705
v 0.034127 0.058277 0.009342
v 0.011956 0.057661 0.010850
v 0.005292 0.056775 0.013629
v -0.016847 0.058054 0.003469
v 0.001581 0.061790 0.015889
v 0.000106 0.057205 0.015455
v -0.008895 0.056874 0.016034
v -0.004833 0.056925 0.014534
v -0.015086 0.057437 0.015676
v -0.010213 0.059305 0.018312
v -0.004778 0.058693 0.017527
v -0.006340 0.063374 0.018401
v -0.020078 0.057679 0.004737
v 0.008212 0.062085 0.015146
v -0.014086 0.060984 0.019210
v -0.012241 0.063693 0.019368
v -0.000189 0.068966 0.016930
v -0.003871 0.067318 0.019810
v -0.009145 0.068059 0.024860
v -0.004457 0.069968 0.022303
v -0.006829 0.067199 0.021872
v -0.011205 0.065162 0.020419
v -0.009712 0.066517 0.022076
v -0.007480 0.065887 0.020340
v -0.017237 0.065455 0.019898
v -0.014260 0.067669 0.023536
v -0.012466 0.069553 0.027307
v 0.783609 0.090392 0.577544
v 0.758906 0.096228 0.589816
v 0.780653 0.101437 0.583949
v 0.890753 0.074077 0.532215
v 0.890753 0.070816 0.530810
v 0.874196 0.078086 0.539890
v 0.800537 0.096521 0.574407
v 0.805463 0.046523 0.547667
v 0.787115 0.041284 0.548955
v 0.779631 0.050236 0.558308
v 0.890753 0.056933 0.524771
v 0.880255 0.051736 0.526206
v 0.871913 0.058136 0.532215
v 0.822380 0.018205 0.478573
v 0.859889 0.017652 0.457516
v 0.830440 0.017438 0.447500
v 0.858233 0.018524 0.475134
v 0.890753 0.018465 0.453208
v 0.890754 0.019381 0.463663
v 0.882106 0.019727 0.473552
v 0.775072 0.018694 0.487004
v 0.780681 0.019069 0.461419
v 0.735640 0.020481 0.478814
v 0.723468 0.020827 0.504451
v 0.830311 0.020170 0.493240
v 0.890753 0.020510 0.472140
v 0.794349 0.019989 0.503260
v 0.872104 0.029223 0.508084
v 0.873735 0.034418 0.515255
v 0.890753 0.031225 0.505179
v 0.890753 0.022326 0.482764
v 0.890753 0.021402 0.477914
v 0.890753 0.038435 0.514125
v 0.890753 0.039075 0.514736
v 0.836828 0.051192 0.540959
v 0.784355 0.060468 0.562893
v 0.826870 0.063250 0.550551
v 0.890753 0.023281 0.487103
v 0.864780 0.021249 0.489828
v 0.747506 0.021322 0.515033
v 0.836683 0.022257 0.500902
v 0.813779 0.021504 0.505459
v 0.815125 0.027267 0.522232
v 0.783801 0.025083 0.526702
v 0.788665 0.029673 0.534116
v 0.773044 0.022292 0.519012
v 0.745751 0.024874 0.532381
v 0.796221 0.022201 0.514437
v 0.873613 0.025346 0.498935
v 0.880421 0.023657 0.491878
v 0.890753 0.035507 0.510961
v 0.848028 0.024030 0.503133
v 0.890753 0.024584 0.491730
v 0.819250 0.023987 0.512825
v 0.890753 0.025661 0.494613
v 0.890753 0.027684 0.499119
v 0.763531 0.026683 0.534045
v 0.843879 0.027074 0.511981
v 0.754998 0.029329 0.541032
v 0.890754 0.029415 0.502310
v 0.772194 0.027738 0.534520
v 0.835155 0.031703 0.522836
v 0.890754 0.042578 0.517269
v 0.867018 0.042704 0.525250
v 0.890755 0.045663 0.518944
v 0.841393 0.038069 0.529285
v 0.732036 0.034004 0.553301
v 0.723311 0.028964 0.546332
v 0.767599 0.034498 0.546663
v 0.744509 0.039449 0.557319
v 0.803276 0.035039 0.537126
v 0.890756 0.041155 0.516340
v 0.823859 0.090701 0.563350
v 0.792600 0.075775 0.567736
v 0.827778 0.044099 0.538736
v 0.724419 0.087803 0.599070
v 0.743110 0.092363 0.594178
v 0.745767 0.083044 0.588161
v 0.854926 0.082881 0.548845
v 0.847939 0.074054 0.547459
v 0.890754 0.050594 0.521712
v 0.890753 0.048201 0.520349
v 0.890754 0.068025 0.529534
v 0.890753 0.053061 0.522927
v 0.890753 0.065765 0.528636
v 0.890755 0.062468 0.527148
v 0.890753 0.056970 0.524788
v 0.458533 0.046028 -0.332226
v 0.460221 0.046629 -0.327514
v 0.442513 0.046047 -0.329826
v 0.449013 0.045794 -0.335621
v 0.441828 0.045333 -0.339298
v 0.447677 0.046875 -0.325264
v 0.453294 0.046815 -0.324041
v 0.449449 0.046169 -0.328851
v 0.452954 0.045438 -0.339589
v 0.456091 0.045769 -0.335202
v 0.461103 0.045272 -0.338854
v 0.447847 0.044429 -0.352943
v 0.442867 0.044621 -0.346906
v 0.450553 0.045112 -0.345513
v 0.471125 0.045766 -0.331600
v 0.475797 0.044996 -0.338117
v 0.435322 0.044922 -0.344629
v 0.478489 0.043368 -0.357713
v 0.464383 0.043820 -0.355421
v 0.455153 0.044526 -0.349701
v 0.453840 0.043874 -0.357091
v 0.442044 0.043930 -0.354852
v 0.447247 0.045122 -0.341721
v 0.445789 0.043354 -0.362983
v 0.439062 0.043589 -0.360833
v 0.465716 0.046119 -0.329878
v 0.462839 0.044464 -0.347241
v 0.454685 0.046257 -0.330220
v 0.446177 0.047489 -0.316675
v 0.438015 0.044414 -0.351771
v 0.443216 0.042290 -0.377560
v 0.433880 0.042971 -0.365355
v 0.439245 0.042952 -0.368807
v 0.476063 0.045986 -0.327739
v 0.457795 0.044124 -0.353359
v 0.430634 0.041578 -0.386727
v 0.433003 0.042070 -0.381011
v 0.471577 0.046245 -0.326356
v 0.436226 0.045351 -0.336922
v 0.466665 0.043137 -0.363851
v 0.417801 0.043722 -0.352794
v 0.426497 0.043991 -0.354066
v 0.425385 0.043154 -0.363400
v 0.432024 0.041197 -0.398420
v 0.417949 0.042808 -0.362716
v 0.433202 0.044133 -0.353430
v 0.456232 0.043096 -0.366087
v 0.467750 0.042565 -0.373680
v 0.427987 0.041723 -0.381249
v 0.422317 0.041436 -0.385502
v 0.424013 0.041040 -0.392550
v 0.428660 0.044676 -0.346135
v 0.420489 0.044774 -0.341442
v 0.429741 0.045183 -0.338462
v 0.430082 0.042258 -0.374426
v 0.406598 0.041635 -0.364791
v 0.413732 0.042371 -0.365244
v 0.413952 0.041779 -0.372384
v 0.418679 0.042298 -0.369479
v 0.422123 0.041878 -0.376640
v 0.463366 0.041753 -0.401435
v 0.423199 0.042546 -0.369295
v 0.499371 0.042440 -0.372179
v 0.495622 0.044043 -0.339075
v 0.450247 0.041040 -0.431432
v 0.437801 0.041239 -0.413477
v 0.420473 0.040066 -0.416051
v 0.521924 0.043173 -0.335032
v 0.502224 0.041471 -0.413908
v 0.434100 0.039635 -0.460354
v 0.429718 0.040517 -0.430603
v 0.477067 0.040858 -0.436166
v 0.461624 0.039629 -0.462731
v 0.544722 0.041998 -0.364719
v 0.525277 0.041680 -0.395761
v 0.535108 0.040850 -0.428936
v 0.514061 0.039999 -0.458992
v 0.441696 0.042988 -0.368225
v 0.088996 0.073115 -0.203604
v 0.081229 0.074467 -0.194040
v 0.098511 0.075510 -0.192269
v 0.065454 0.073222 -0.194254
v 0.050089 0.072639 -0.189197
v 0.057635 0.074217 -0.182228
v 0.081217 0.071044 -0.212029
v 0.074043 0.072075 -0.204932
v 0.032588 0.071625 -0.183921
v 0.079876 0.068817 -0.221456
v 0.067440 0.069352 -0.216898
v 0.042674 0.070660 -0.197450
v 0.059296 0.075171 -0.173346
v 0.062715 0.065862 -0.230743
v 0.086811 0.076912 -0.170370
v 0.070748 0.075076 -0.183663
v 0.085749 0.076184 -0.182735
v 0.078332 0.065312 -0.234442
v 0.055445 0.070564 -0.205782
v 0.072396 0.076025 -0.174371
v 0.092991 0.071082 -0.212046
v 0.095673 0.067250 -0.224126
v 0.047313 0.063309 -0.236201
v 0.103874 0.073411 -0.201993
v 0.052215 0.061893 -0.243212
v -0.078500 0.104960 -0.006358
v -0.072694 0.104485 -0.008536
v -0.077689 0.100076 -0.006857
v -0.075509 0.108127 -0.007016
v -0.071463 0.109469 -0.008889
v -0.083850 0.102173 -0.004076
v -0.083378 0.097904 -0.004951
v -0.066639 0.099525 -0.007750
v -0.071709 0.100458 -0.008541
v -0.066359 0.103036 -0.009930
v -0.065806 0.108170 -0.010957
v -0.052394 0.102801 -0.004425
v -0.063694 0.098725 -0.003469
v -0.058429 0.102717 -0.009085
v -0.073525 0.109854 -0.006479
v -0.074028 0.108197 0.005125
v -0.080634 0.106281 0.005564
v -0.078213 0.102876 0.007198
v -0.072523 0.097398 -0.005686
v -0.079010 0.096478 -0.004461
v -0.060915 0.106217 -0.011288
v -0.067661 0.112912 -0.009350
v -0.061526 0.113878 -0.011705
v -0.070984 0.103466 0.005816
v -0.074325 0.096512 -0.000678
v -0.070250 0.112803 0.003702
v -0.065451 0.110952 0.004473
v -0.066032 0.115440 0.003682
v -0.054050 0.130206 0.005128
v -0.059232 0.124404 0.002752
v -0.057411 0.122106 0.004612
v -0.062082 0.116868 0.003986
v -0.063314 0.119658 0.002605
v -0.058089 0.116112 0.004865
v -0.062007 0.122233 -0.006905
v -0.065487 0.119594 -0.005322
v -0.063072 0.123028 -0.003562
v -0.060144 0.126292 -0.001853
v -0.059739 0.125604 -0.004913
v -0.066691 0.116410 -0.006961
v -0.069247 0.116703 -0.003984
v -0.065972 0.120174 -0.002473
v -0.063011 0.122720 -0.000110
v -0.057796 0.124724 -0.007750
v -0.057063 0.128145 -0.005893
v -0.053352 0.128944 -0.007833
v -0.060592 0.117228 -0.011264
v -0.056828 0.118195 -0.011654
v -0.049436 0.126202 -0.011140
v -0.054706 0.122969 -0.010376
v -0.063631 0.116367 -0.009573
v -0.063860 0.118982 -0.007777
v -0.044408 0.129162 -0.010609
v -0.045187 0.123732 -0.011624
v -0.067467 0.118581 0.000085
v -0.054708 0.131775 -0.003339
v -0.059934 0.120176 -0.009488
v -0.068403 0.116298 0.002380
v -0.050469 0.133494 -0.005049
v -0.050843 0.120153 -0.011675
v -0.047799 0.117392 -0.011878
v -0.058871 0.126910 0.001255
v -0.056358 0.131221 0.000462
v -0.072108 0.113890 -0.000070
v -0.040354 0.122158 -0.010804
v -0.039641 0.128141 -0.010333
v -0.058040 0.128857 -0.003255
v -0.048044 0.131055 -0.008663
v -0.043471 0.133215 -0.008660
v -0.040468 0.131649 -0.009355
v -0.066687 0.097188 0.003998
v -0.043496 0.114467 -0.009912
v -0.050346 0.107112 -0.008822
v -0.069254 0.114659 -0.006642
v -0.071757 0.112521 -0.005568
v -0.080168 0.106564 0.000537
v -0.081383 0.105773 -0.003135
v -0.082495 0.105423 -0.000561
v -0.073734 0.111435 0.003156
v -0.075143 0.109718 -0.003113
v -0.076460 0.109500 0.002203
v -0.078410 0.107615 -0.004157
v -0.085282 0.104498 -0.001052
v -0.050465 0.117419 -0.012078
v -0.053960 0.115065 -0.012263
v -0.053260 0.109914 -0.011676
v -0.058848 0.110185 -0.012035
v -0.603591 0.009149 -0.597932
v -0.593472 0.010060 -0.602744
v -0.602281 0.009778 -0.609613
v -0.594113 0.010403 -0.609613
v -0.586071 0.010802 -0.608434
v -0.611030 0.008506 -0.609613
v -0.616673 0.007556 -0.609613
v -0.631999 0.007272 -0.609613
v -0.648703 0.010513 -0.591388
v -0.630869 0.009147 -0.596368
v -0.634749 0.010003 -0.585403
v -0.584972 0.009882 -0.600357
v -0.637305 0.009166 -0.576370
v -0.649408 0.010452 -0.579115
v -0.663717 0.010292 -0.580355
v -0.008549 0.088777 0.018777
v -0.005430 0.093031 0.018876
v -0.002891 0.091027 0.018235
v -0.042336 0.114442 0.028631
v -0.041181 0.107847 0.027538
v -0.047896 0.110548 0.030490
v -0.003185 0.108178 0.019539
v -0.004875 0.113315 0.022584
v 0.000354 0.114212 0.019916
v -0.013586 0.105348 0.021144
v -0.007715 0.106751 0.020623
v -0.008019 0.102171 0.019239
v -0.044732 0.125114 0.025557
v -0.041051 0.122480 0.023419
v -0.043796 0.120440 0.027548
v -0.031763 0.107616 0.022086
v -0.028381 0.108468 0.020188
v -0.027153 0.106688 0.022120
v -0.025636 0.118397 0.012840
v -0.034402 0.112798 0.012113
v -0.030061 0.118227 0.005196
v -0.029803 0.074956 0.024498
v -0.028833 0.081111 0.024604
v -0.026542 0.079796 0.022259
v -0.017107 0.084492 0.021558
v -0.022108 0.079769 0.022238
v -0.020396 0.086017 0.021556
v -0.027396 0.084411 0.022605
v -0.024242 0.084358 0.022712
v -0.022975 0.106232 0.022805
v -0.029522 0.102509 0.024014
v -0.013478 0.087117 0.020444
v -0.012792 0.083355 0.021519
v -0.006586 0.109576 0.021067
v -0.026779 0.095571 0.023695
v -0.033945 0.090837 0.026004
v -0.032124 0.097280 0.025457
v -0.013864 0.092346 0.020677
v -0.021863 0.115711 0.018923
v -0.027495 0.112363 0.017624
v -0.022864 0.090221 0.022720
v -0.035126 0.105877 0.025170
v -0.023649 0.110172 0.021571
v -0.020034 0.121496 0.016729
v -0.016455 0.119969 0.021377
v -0.019394 0.113599 0.022210
v -0.036279 0.111635 0.024921
v -0.027864 0.088806 0.023284
v -0.025577 0.086886 0.023328
v -0.020344 0.132229 0.003438
v -0.022562 0.136465 0.000084
v -0.015748 0.136667 0.007694
v -0.015631 0.099895 0.020929
v -0.020330 0.096131 0.022504
v -0.028336 0.122850 -0.000138
v -0.025136 0.122828 0.006133
v -0.017760 0.130387 0.008966
v -0.021146 0.101857 0.022399
v -0.020863 0.125003 0.011042
v -0.049342 0.125070 0.027927
v -0.049241 0.117635 0.030801
v -0.055060 0.121757 0.030465
v -0.018118 0.109849 0.022376
v -0.022717 0.127429 0.004424
v -0.025670 0.128873 -0.001949
v -0.032076 0.110368 0.018541
v -0.060139 0.125669 0.031066
v -0.054633 0.127047 0.028552
v -0.038914 0.100442 0.026865
v -0.034724 0.115868 0.018463
v -0.033591 0.112427 0.021754
v -0.016364 0.126339 0.015745
v -0.018154 0.106579 0.021638
v -0.015065 0.114711 0.023971
v -0.009666 0.118738 0.023044
v -0.011534 0.111035 0.024329
v -0.056864 0.131010 0.028478
v -0.051650 0.131525 0.027204
v -0.036565 0.116853 0.022754
v -0.038272 0.120383 0.020007
v -0.047100 0.105074 0.028736
v -0.029869 0.085663 0.024471
v -0.014716 0.108537 0.021702
v -0.004752 0.097228 0.018505
v -0.008152 0.110254 0.022594
v -0.033036 0.082256 0.025647
v -0.012298 0.108327 0.022424
v -0.009730 0.108308 0.022386
v -0.002477 0.120396 0.020468
v 0.009126 0.097104 0.017298
v 0.004652 0.096373 0.015927
v 0.002310 0.102365 0.016835
v -0.013899 0.132100 0.014564
v -0.053205 0.113072 0.032150
v 0.000603 0.094581 0.017259
v -0.034413 0.075949 0.025072
v -0.051005 0.099966 0.029201
v -0.038918 0.085640 0.027488
v -0.044851 0.091889 0.028279
v -0.038327 0.079669 0.026625
v -0.039104 0.117395 0.025846
v -0.056140 0.116863 0.031815
v -0.010691 0.127212 0.018856
v 0.002443 0.110042 0.018232
v 0.336804 0.031104 -0.379208
v 0.346338 0.031394 -0.380733
v 0.338769 0.029488 -0.390059
v 0.386445 0.033107 -0.423194
v 0.388980 0.034057 -0.413878
v 0.392818 0.034546 -0.424414
v 0.348984 0.029295 -0.391122
v 0.344329 0.027592 -0.398249
v 0.360574 0.027907 -0.404602
v 0.357408 0.026558 -0.409885
v 0.354206 0.027811 -0.400289
v 0.356395 0.029819 -0.393255
v 0.351217 0.025902 -0.418347
v 0.361593 0.026729 -0.419086
v 0.340047 0.026263 -0.414221
v 0.336666 0.027006 -0.406257
v 0.344356 0.026072 -0.412181
v 0.353680 0.032324 -0.378619
v 0.361676 0.033149 -0.381647
v 0.356456 0.031287 -0.386830
v 0.337553 0.032643 -0.467552
v 0.339266 0.032297 -0.457771
v 0.347300 0.033401 -0.466692
v 0.315724 0.030171 -0.423417
v 0.324468 0.029701 -0.429476
v 0.318957 0.031044 -0.434907
v 0.333369 0.026967 -0.415065
v 0.328344 0.028177 -0.422253
v 0.322539 0.028557 -0.412797
v 0.362984 0.029435 -0.399567
v 0.361435 0.030962 -0.392847
v 0.320759 0.031738 -0.447148
v 0.335887 0.030714 -0.444569
v 0.330143 0.031806 -0.452713
v 0.377369 0.031619 -0.408259
v 0.371512 0.032919 -0.393537
v 0.382853 0.033600 -0.404063
v 0.327518 0.030322 -0.436275
v 0.325580 0.031092 -0.440678
v 0.340291 0.026708 -0.422037
v 0.344284 0.027785 -0.431714
v 0.334310 0.028771 -0.432052
v 0.338109 0.028167 -0.397612
v 0.369744 0.030269 -0.402830
v 0.367113 0.028345 -0.410575
v 0.358081 0.026729 -0.424593
v 0.353396 0.027361 -0.430281
v 0.346793 0.029086 -0.439159
v 0.340419 0.029178 -0.437396
v 0.348290 0.026349 -0.406988
v 0.331006 0.029078 -0.397491
v 0.325650 0.031761 -0.461623
v 0.315832 0.029934 -0.406998
v 0.325696 0.028851 -0.404230
v 0.370310 0.034757 -0.379486
v 0.369448 0.028504 -0.422021
v 0.344448 0.026084 -0.416633
v 0.319804 0.030360 -0.399478
v 0.349787 0.030621 -0.446201
v 0.326897 0.030670 -0.388855
v 0.347410 0.026757 -0.425760
v 0.383025 0.036528 -0.385235
v 0.360635 0.032124 -0.452332
v 0.347543 0.031829 -0.452528
v 0.367360 0.031002 -0.444078
v 0.357407 0.029687 -0.440860
v 0.354461 0.033227 -0.461272
v 0.377159 0.033338 -0.451997
v 0.357882 0.034536 -0.476793
v 0.374740 0.034794 -0.468525
v 0.375806 0.031621 -0.440796
v 0.364820 0.028412 -0.431637
v 0.375573 0.030576 -0.430628
v 0.307024 0.030621 -0.414934
v 0.389274 0.033772 -0.428580
v 0.384259 0.032679 -0.429249
v 0.393117 0.036588 -0.400002
v 0.388569 0.034450 -0.444699
v 0.409780 0.038115 -0.441949
v 0.393417 0.036112 -0.462911
v 0.402822 0.037096 -0.419460
v 0.420473 0.040066 -0.416051
v 0.393063 0.034678 -0.433264
v 0.384152 0.032664 -0.417987
v 0.396432 0.036699 -0.492016
v 0.413824 0.038226 -0.476550
v 0.383163 0.032696 -0.436777
v 0.398137 0.036921 -0.406878
v 0.412492 0.039200 -0.411384
v 0.434100 0.039635 -0.460354
v 0.433030 0.037386 -0.505697
v 0.429718 0.040517 -0.430603
v 0.453045 0.038501 -0.491132
v 0.408189 0.038359 -0.411567
v 0.461624 0.039629 -0.462731
v -0.551194 0.053622 0.272560
v -0.556349 0.053472 0.268852
v -0.550843 0.054142 0.319388
v -0.544543 0.053489 0.311268
v -0.553507 0.054160 0.312664
v -0.545656 0.053577 0.299459
v -0.548906 0.053802 0.306591
v -0.563884 0.055533 0.314156
v -0.572870 0.058107 0.317411
v -0.563058 0.056218 0.325522
v -0.581420 0.053465 0.265531
v -0.577508 0.053513 0.271363
v -0.591701 0.061759 0.302612
v -0.586836 0.062747 0.313071
v -0.581388 0.059397 0.308151
v -0.557305 0.054841 0.320631
v -0.543609 0.053911 0.288148
v -0.539154 0.053881 0.295760
v -0.533091 0.053447 0.301061
v -0.539892 0.053522 0.302836
v -0.539296 0.054433 0.268539
v -0.554685 0.054097 0.302072
v -0.551912 0.053749 0.291762
v -0.608499 0.059228 0.279714
v -0.597137 0.056106 0.277675
v -0.613105 0.056557 0.267985
v -0.605281 0.053685 0.252408
v -0.618941 0.054582 0.251963
v -0.612185 0.054908 0.258988
v -0.535852 0.054933 0.265485
v -0.534545 0.054975 0.268981
v -0.532014 0.055020 0.266007
v -0.563100 0.054875 0.304508
v -0.558122 0.054390 0.308922
v -0.602293 0.054578 0.265370
v -0.566721 0.053264 0.269040
v -0.562922 0.053422 0.275798
v -0.526668 0.055543 0.274880
v -0.548538 0.053719 0.276425
v -0.550185 0.053739 0.282944
v -0.542194 0.054171 0.265485
v -0.538660 0.054383 0.277892
v -0.543935 0.053925 0.279868
v -0.538868 0.054186 0.282504
v -0.573096 0.057174 0.308875
v -0.567724 0.055883 0.308136
v -0.622200 0.065172 0.285955
v -0.618864 0.061666 0.279911
v -0.631707 0.064371 0.280914
v -0.587235 0.058733 0.297737
v -0.556276 0.053513 0.278302
v -0.615490 0.058637 0.273818
v -0.524876 0.055115 0.285256
v -0.597901 0.059925 0.290507
v -0.580074 0.060816 0.317977
v -0.578480 0.056918 0.299182
v -0.628106 0.070775 0.294276
v -0.612874 0.065025 0.290963
v -0.611936 0.070954 0.305344
v -0.602148 0.064478 0.299334
v -0.589968 0.054254 0.271189
v -0.586798 0.056652 0.289363
v -0.570772 0.056051 0.303088
v -0.567694 0.055165 0.299571
v -0.572632 0.055919 0.297341
v -0.594544 0.053671 0.261670
v -0.619503 0.070769 0.298633
v -0.596870 0.066576 0.311108
v -0.560476 0.053678 0.260003
v -0.560023 0.054301 0.299624
v -0.585558 0.053602 0.266466
v -0.583445 0.054742 0.280567
v -0.574264 0.054914 0.289939
v -0.585919 0.053382 0.259530
v -0.544588 0.054466 0.260271
v -0.525579 0.055355 0.266680
v -0.518817 0.055631 0.275378
v -0.574433 0.054304 0.281192
v -0.572224 0.053448 0.265768
v -0.514682 0.055907 0.267821
v -0.619293 0.055548 0.258927
v -0.561841 0.054228 0.293090
v -0.565596 0.053874 0.283390
v -0.554845 0.053761 0.262409
v -0.625868 0.059322 0.270637
v -0.569373 0.053625 0.276563
v -0.557372 0.053739 0.285974
v -0.563974 0.054663 0.298142
v -0.512263 0.056065 0.261893
v -0.568224 0.055013 0.295512
v -0.012955 0.255461 0.096815
v -0.007811 0.253250 0.093618
v -0.008094 0.256503 0.097138
v 0.003930 0.273214 0.077387
v 0.001116 0.278929 0.066454
v 0.000734 0.280084 0.073986
v -0.014145 0.250854 0.090471
v -0.018599 0.253850 0.092746
v -0.021373 0.251111 0.086550
v -0.025052 0.265348 0.088309
v -0.025312 0.261031 0.087861
v -0.022546 0.261111 0.091922
v -0.004373 0.281871 0.090251
v -0.002014 0.281279 0.087486
v -0.006479 0.283137 0.085680
v -0.001388 0.282803 0.064693
v -0.002713 0.284742 0.060801
v -0.003978 0.284975 0.067264
v -0.002528 0.283736 0.074194
v -0.001215 0.282150 0.069187
v -0.012785 0.268510 0.098950
v -0.017733 0.272445 0.093510
v -0.019536 0.265284 0.094857
v 0.001144 0.276848 0.089008
v -0.001607 0.278961 0.092213
v -0.000078 0.275735 0.093385
v 0.003774 0.272036 0.087027
v 0.005415 0.267141 0.086017
v 0.002171 0.247204 0.070094
v 0.000613 0.241973 0.067999
v 0.002133 0.244537 0.064151
v 0.001987 0.240022 0.064335
v -0.007541 0.259695 0.099492
v -0.018836 0.258405 0.095627
v -0.013943 0.261552 0.099359
v -0.008720 0.264292 0.100551
v 0.003260 0.263276 0.096211
v -0.001243 0.261405 0.098088
v 0.002109 0.258024 0.094062
v -0.004535 0.264067 0.099831
v -0.005580 0.268875 0.099955
v -0.023165 0.256491 0.089771
v 0.003915 0.271782 0.064859
v 0.005121 0.257297 0.072280
v 0.005134 0.258554 0.065494
v 0.005183 0.264415 0.072021
v -0.014729 0.247652 0.081840
v -0.001142 0.271261 0.098067
v 0.001147 0.269321 0.096231
v 0.001261 0.272357 0.094871
v 0.006004 0.259221 0.078864
v 0.005816 0.264980 0.080374
v -0.003706 0.257060 0.096259
v -0.007852 0.249461 0.086458
v 0.000277 0.280602 0.081477
v 0.002566 0.275863 0.083768
v 0.000294 0.266378 0.098532
v -0.004989 0.280376 0.094263
v -0.001446 0.275965 0.095939
v 0.002478 0.272863 0.091525
v 0.003815 0.268106 0.093199
v 0.006427 0.261699 0.085172
v 0.004870 0.255689 0.086018
v 0.005487 0.262402 0.060654
v 0.004905 0.264944 0.064305
v 0.004200 0.252986 0.076007
v 0.004249 0.253070 0.068616
v 0.001150 0.274071 0.092380
v -0.012704 0.274774 0.095915
v -0.015753 0.277496 0.092274
v -0.008725 0.273150 0.098292
v -0.004980 0.274840 0.098180
v 0.005311 0.268011 0.059095
v 0.003609 0.250668 0.061556
v -0.005004 0.285377 0.056218
v -0.000635 0.283462 0.055609
v -0.012434 0.279184 0.093511
v -0.008904 0.278555 0.095678
v -0.027157 0.257992 0.083052
v -0.024801 0.254519 0.084758
v -0.008830 0.282899 0.091615
v -0.009570 0.285320 0.087214
v -0.012332 0.284821 0.088477
v -0.001765 0.253002 0.090206
v -0.012272 0.287837 0.084044
v -0.008868 0.284938 0.085448
v -0.007976 0.284272 0.086911
v -0.011359 0.281730 0.091669
v -0.005113 0.285081 0.080101
v -0.006620 0.286916 0.072933
v -0.006885 0.283206 0.089523
v -0.015245 0.281431 0.089801
v -0.001569 0.248049 0.079627
v 0.005751 0.262034 0.090775
v -0.008025 0.246868 0.080974
v -0.009692 0.286418 0.084876
v -0.008855 0.286227 0.082768
v -0.010910 0.288513 0.077763
v 0.004773 0.273980 0.056423
v -0.009274 0.243128 0.075293
v 0.000008 0.282269 0.060615
v 0.001776 0.278949 0.058344
v -0.003516 0.283026 0.083816
v -0.002063 0.242514 0.072791
v 0.003791 0.242770 0.058622
v 0.003103 0.237761 0.061567
v 0.005912 0.257978 0.058703
v -0.007841 0.285718 0.063235
v -0.007441 0.286127 0.068217
v -0.888214 0.030513 -0.279426
v -0.890755 0.030471 -0.281850
v -0.890755 0.030470 -0.281871
v -0.890755 0.030469 -0.281886
v -0.890755 0.042546 0.005912
v -0.149401 0.041271 -0.342860
v -0.159817 0.040249 -0.344883
v -0.200026 0.037037 -0.352394
v -0.196987 0.035612 -0.363383
v -0.158168 0.039065 -0.353131
v -0.169056 0.038800 -0.349104
v -0.177269 0.037957 -0.350736
v -0.187558 0.036948 -0.353071
v -0.178528 0.038948 -0.344897
v -0.168139 0.042157 -0.331256
v -0.171976 0.040705 -0.337627
v -0.212578 0.038069 -0.345335
v -0.146103 0.040539 -0.349664
v -0.174855 0.045098 -0.312844
v -0.173248 0.044077 -0.319414
v -0.165296 0.037324 -0.362169
v -0.243456 0.035669 -0.349352
v -0.246961 0.023528 -0.587908
v -0.234079 0.022577 -0.597261
v -0.254856 0.022781 -0.593892
v -0.241398 0.025098 -0.569964
v -0.241062 0.024788 -0.575354
v -0.249477 0.024710 -0.574976
v -0.262996 0.024733 -0.533307
v -0.261834 0.025085 -0.544702
v -0.251038 0.024266 -0.580819
v -0.263177 0.024515 -0.575984
v -0.182922 0.023800 -0.599344
v -0.160947 0.022923 -0.609613
v -0.181718 0.022486 -0.609613
v -0.176835 0.026975 -0.558336
v -0.160506 0.027172 -0.560711
v -0.175059 0.026756 -0.568490
v -0.169349 0.027254 -0.547917
v -0.171734 0.027626 -0.538109
v -0.160139 0.027586 -0.537661
v -0.193906 0.026571 -0.553685
v -0.191007 0.026513 -0.564597
v -0.276800 0.024358 -0.576389
v -0.272703 0.024005 -0.582309
v -0.288506 0.024272 -0.578212
v -0.270666 0.025229 -0.547711
v -0.278024 0.025386 -0.554902
v -0.195409 0.025995 -0.573034
v -0.203390 0.026083 -0.569371
v -0.266815 0.022348 -0.596728
v -0.281318 0.022900 -0.589661
v -0.266216 0.023264 -0.589198
v -0.237901 0.025652 -0.537363
v -0.235951 0.025946 -0.529107
v -0.223026 0.026130 -0.536734
v -0.218697 0.025949 -0.558514
v -0.208560 0.026035 -0.564739
v -0.227718 0.025549 -0.567457
v -0.217351 0.025363 -0.574572
v -0.207910 0.021730 -0.609612
v -0.227326 0.021192 -0.609614
v -0.307502 0.022558 -0.589938
v -0.324677 0.018850 -0.609613
v -0.347964 0.023592 -0.579584
v -0.196972 0.026551 -0.543732
v -0.190231 0.026884 -0.538797
v -0.182913 0.027062 -0.541105
v -0.264727 0.025125 -0.552951
v -0.213323 0.026126 -0.548380
v -0.231708 0.025697 -0.552109
v -0.229118 0.025680 -0.544619
v -0.285178 0.025610 -0.533257
v -0.279987 0.025419 -0.527030
v -0.240344 0.025598 -0.546622
v -0.279703 0.024950 -0.568887
v -0.237690 0.024336 -0.581186
v -0.258410 0.025128 -0.564014
v -0.249594 0.025309 -0.552312
v -0.238821 0.025432 -0.560996
v -0.186277 0.027198 -0.532985
v -0.233966 0.025072 -0.574181
v -0.269090 0.024773 -0.525948
v -0.273184 0.025213 -0.531638
v -0.273532 0.025265 -0.525682
v -0.151719 0.027525 -0.539613
v -0.148511 0.027143 -0.549460
v -0.222604 0.024383 -0.585070
v -0.211326 0.023592 -0.594147
v -0.177299 0.025858 -0.581551
v -0.150538 0.024524 -0.596641
v -0.279593 0.020005 -0.609613
v -0.279322 0.021224 -0.602052
v -0.268362 0.020281 -0.609613
v -0.249784 0.025182 -0.541407
v -0.249826 0.025129 -0.529808
v -0.197969 0.026671 -0.536648
v -0.147677 0.023241 -0.609613
v -0.252529 0.020599 -0.609613
v -0.306280 0.026968 -0.523222
v -0.300141 0.026351 -0.522396
v -0.279953 0.025529 -0.537265
v -0.238933 0.025514 -0.542743
v -0.314685 0.026476 -0.554855
v -0.324744 0.027296 -0.547456
v -0.318258 0.027256 -0.544739
v -0.295380 0.026263 -0.542885
v -0.300926 0.026635 -0.535241
v -0.293858 0.025637 -0.560617
v -0.295063 0.024988 -0.569786
v -0.312218 0.027245 -0.535708
v -0.312703 0.027009 -0.546337
v -0.292808 0.026017 -0.550597
v -0.285689 0.025779 -0.545024
v -0.322793 0.027955 -0.525362
v -0.323279 0.027725 -0.536897
v -0.304780 0.026456 -0.550081
v -0.196695 0.022033 -0.609612
v -0.328058 0.025848 -0.562913
v -0.290695 0.026027 -0.536742
v -0.305450 0.025847 -0.561529
v -0.334793 0.027623 -0.544658
v -0.302830 0.026612 -0.514653
v -0.209084 0.026316 -0.540998
v -0.315522 0.027483 -0.517371
v -0.202526 0.025078 -0.583624
v -0.218323 0.025949 -0.543156
v -0.299524 0.019575 -0.609614
v -0.329470 0.027772 -0.540299
v -0.155049 0.026381 -0.576330
v -0.259991 0.023899 -0.584792
v -0.210249 0.026310 -0.533580
v -0.176935 0.027579 -0.533405
v -0.311791 0.019192 -0.609613
v -0.240300 0.020776 -0.609613
v -0.309116 0.027163 -0.508337
v -0.152631 0.027676 -0.532606
v -0.022818 0.247529 0.008988
v -0.033035 0.252566 0.009835
v -0.026153 0.257166 0.008409
v -0.017684 0.202915 0.019000
v -0.024487 0.204436 0.019005
v -0.023863 0.207744 0.016518
v -0.022997 0.212495 0.012344
v -0.029540 0.211870 0.013639
v -0.012353 0.197259 0.019473
v -0.010218 0.201994 0.018163
v -0.026275 0.219739 0.009974
v -0.017364 0.216373 0.010947
v -0.059246 0.238945 0.044492
v -0.059207 0.228734 0.045252
v -0.059538 0.239779 0.048963
v -0.041452 0.274615 0.015739
v -0.039765 0.277271 0.018434
v -0.035091 0.274707 0.013346
v -0.057155 0.224853 0.037770
v -0.056416 0.226079 0.035390
v -0.055895 0.219383 0.034342
v -0.052616 0.235164 0.028977
v -0.053206 0.222003 0.028742
v -0.056288 0.233321 0.035022
v -0.048443 0.226566 0.022891
v -0.055625 0.241652 0.034826
v -0.053836 0.245421 0.031933
v -0.058827 0.229565 0.050409
v -0.056122 0.252034 0.035798
v -0.049183 0.244945 0.026017
v -0.053629 0.251629 0.030860
v -0.051335 0.254422 0.026681
v -0.054526 0.259663 0.029947
v -0.050510 0.261459 0.022095
v -0.035867 0.218543 0.012403
v -0.056430 0.212373 0.047640
v -0.057749 0.220819 0.047615
v -0.057279 0.217085 0.042957
v -0.056551 0.263341 0.036110
v -0.056946 0.220620 0.051407
v -0.054107 0.269589 0.027820
v -0.050275 0.269021 0.020229
v -0.017228 0.209916 0.014988
v -0.029503 0.269857 0.009595
v -0.023499 0.270809 0.009578
v -0.024136 0.264582 0.008225
v -0.025153 0.229813 0.008586
v -0.031234 0.226866 0.010246
v -0.006707 0.197837 0.017822
v -0.004255 0.203537 0.017763
v -0.002358 0.196650 0.016881
v -0.011194 0.207003 0.017194
v -0.006498 0.209561 0.016852
v -0.034216 0.278668 0.019779
v -0.049891 0.273491 0.021171
v -0.051215 0.275856 0.025184
v -0.030326 0.205771 0.019568
v -0.025140 0.201029 0.020872
v -0.010702 0.212794 0.014411
v -0.035477 0.211358 0.017045
v -0.019011 0.224292 0.008835
v -0.057887 0.243754 0.040262
v -0.034742 0.225785 0.011763
v -0.038168 0.226684 0.014052
v -0.029454 0.239129 0.010068
v -0.031009 0.262860 0.008601
v -0.058204 0.230659 0.040076
v -0.056350 0.214798 0.037192
v -0.057709 0.222482 0.039862
v -0.035437 0.268730 0.010543
v -0.025667 0.275449 0.012523
v -0.030164 0.277995 0.015955
v -0.014053 0.222072 0.010171
v -0.010157 0.218539 0.011979
v -0.004860 0.215245 0.015896
v -0.002548 0.209050 0.017213
v 0.001166 0.212948 0.019500
v -0.000344 0.223339 0.016771
v -0.009782 0.229852 0.010409
v -0.006020 0.221454 0.013724
v 0.001019 0.205208 0.018178
v -0.000567 0.235734 0.015289
v -0.007605 0.239702 0.011808
v -0.004777 0.237422 0.013035
v -0.023205 0.237656 0.008667
v -0.012034 0.239580 0.009967
v -0.017131 0.238712 0.008795
v -0.019219 0.232044 0.008476
v 0.000824 0.198679 0.017032
v -0.001882 0.245791 0.014265
v -0.008763 0.246366 0.011228
v -0.038978 0.208983 0.020920
v -0.036855 0.202689 0.023562
v -0.044401 0.208080 0.024793
v -0.042801 0.221934 0.017518
v -0.041160 0.214446 0.018300
v -0.049899 0.207143 0.027045
v -0.049025 0.210540 0.026579
v -0.048745 0.213802 0.025308
v -0.044291 0.212601 0.022614
v -0.052039 0.212585 0.028399
v -0.046750 0.218052 0.022305
v -0.019047 0.257568 0.008837
v -0.018025 0.264114 0.009095
v -0.019709 0.268238 0.009275
v -0.012831 0.262039 0.010456
v -0.053701 0.216444 0.030963
v -0.045320 0.271146 0.015897
v -0.047385 0.265609 0.017155
v -0.040014 0.268659 0.012177
v -0.037897 0.271227 0.012466
v -0.042881 0.264638 0.013532
v -0.040287 0.256926 0.013378
v -0.045277 0.260289 0.016555
v -0.040099 0.272270 0.013525
v -0.037304 0.262528 0.010487
v -0.039641 0.247646 0.016289
v -0.043192 0.230436 0.018238
v -0.048404 0.275355 0.022531
v -0.045229 0.275937 0.019428
v -0.033473 0.237966 0.011819
v -0.033796 0.232035 0.011894
v -0.037798 0.237115 0.014790
v -0.046573 0.252675 0.021423
v -0.043570 0.254964 0.017195
v -0.027748 0.280352 0.019998
v -0.025572 0.278803 0.016544
v -0.034370 0.243291 0.012230
v -0.046179 0.257081 0.019257
v -0.017481 0.251145 0.009288
v -0.015296 0.246291 0.009516
v -0.047675 0.235014 0.023378
v -0.043562 0.239855 0.020291
v -0.012283 0.253900 0.010393
v -0.044729 0.246135 0.021254
v 0.813276 0.024485 -0.362165
v 0.823989 0.022644 -0.362078
v 0.822368 0.021933 -0.371530
v 0.682047 0.038999 -0.339199
v 0.684629 0.037653 -0.361358
v 0.666531 0.038227 -0.348270
v 0.694365 0.035879 -0.383182
v 0.703569 0.038667 -0.367674
v 0.759917 0.041152 -0.227113
v 0.758506 0.039988 -0.252586
v 0.738639 0.041264 -0.232743
v 0.735387 0.039775 -0.253955
v 0.739429 0.038359 -0.277505
v 0.743627 0.035461 -0.447902
v 0.740409 0.036581 -0.421933
v 0.752747 0.034777 -0.437200
v 0.668795 0.031132 -0.460220
v 0.675682 0.028386 -0.444656
v 0.679494 0.031189 -0.455514
v 0.726279 0.039076 -0.304451
v 0.723791 0.039460 -0.325777
v 0.700983 0.039148 -0.323158
v 0.681974 0.028866 -0.434678
v 0.689356 0.031441 -0.429442
v 0.686502 0.030961 -0.443743
v 0.725550 0.036947 -0.434469
v 0.679682 0.030204 -0.408395
v 0.684491 0.029976 -0.420294
v 0.674304 0.027464 -0.426296
v 0.816290 0.028728 -0.341195
v 0.825198 0.028884 -0.340286
v 0.823809 0.026606 -0.352283
v 0.697457 0.033523 -0.451369
v 0.686200 0.032029 -0.455692
v 0.698619 0.034302 -0.425014
v 0.759625 0.034360 -0.421999
v 0.633138 0.032995 -0.440578
v 0.648795 0.030248 -0.445902
v 0.641662 0.032674 -0.454580
v 0.668919 0.035499 -0.369176
v 0.666140 0.032073 -0.387605
v 0.652794 0.034665 -0.375158
v 0.658232 0.030757 -0.399686
v 0.692586 0.032701 -0.416613
v 0.672963 0.039674 -0.319861
v 0.701133 0.039782 -0.289993
v 0.662620 0.027955 -0.441817
v 0.646898 0.029693 -0.429817
v 0.661423 0.028092 -0.420507
v 0.712712 0.039431 -0.338110
v 0.698213 0.039121 -0.346289
v 0.651121 0.029986 -0.413594
v 0.778075 0.034103 -0.345520
v 0.777318 0.032021 -0.378252
v 0.756668 0.036753 -0.364507
v 0.724650 0.035463 -0.451541
v 0.828350 0.029087 -0.328929
v 0.833837 0.029705 -0.323974
v 0.829535 0.028164 -0.337794
v 0.714319 0.035812 -0.444724
v 0.712369 0.033655 -0.463221
v 0.768486 0.038420 -0.281339
v 0.792075 0.037878 -0.284340
v 0.779468 0.037796 -0.300374
v 0.816223 0.026319 -0.352776
v 0.708017 0.037349 -0.397755
v 0.711109 0.036774 -0.426166
v 0.698071 0.034772 -0.403986
v 0.713094 0.039487 -0.354174
v 0.733019 0.039795 -0.348139
v 0.829925 0.027204 -0.348727
v 0.792210 0.035433 -0.315575
v 0.769251 0.037834 -0.320328
v 0.653777 0.031918 -0.459963
v 0.796431 0.027802 -0.391908
v 0.808195 0.025834 -0.396458
v 0.804556 0.027497 -0.414272
v 0.643497 0.032807 -0.396045
v 0.626583 0.035064 -0.397723
v 0.635833 0.036141 -0.374962
v 0.720474 0.039474 -0.375331
v 0.724740 0.038253 -0.405274
v 0.772220 0.032675 -0.416363
v 0.784646 0.032031 -0.434554
v 0.741592 0.037914 -0.390025
v 0.763646 0.038676 -0.304205
v 0.750866 0.038189 -0.297638
v 0.747217 0.039283 -0.318692
v 0.638908 0.032049 -0.411998
v 0.689346 0.032954 -0.400952
v 0.670450 0.029651 -0.405119
v 0.685672 0.031383 -0.480316
v 0.680464 0.031975 -0.469423
v 0.697371 0.031846 -0.472940
v 0.755209 0.038452 -0.338516
v 0.638909 0.033793 -0.467978
v 0.837737 0.028645 -0.331170
v 0.834397 0.025974 -0.349706
v 0.657165 0.032719 -0.483767
v 0.687400 0.034188 -0.386149
v 0.683552 0.035021 -0.376543
v 0.826872 0.020698 -0.377413
v 0.829130 0.021459 -0.369394
v 0.832295 0.022392 -0.371877
v 0.693587 0.029627 -0.491948
v 0.676930 0.030977 -0.494286
v 0.783218 0.041065 -0.256169
v 0.678705 0.032089 -0.389398
v 0.836666 0.026061 -0.360890
v 0.715155 0.040848 -0.246943
v 0.716950 0.039766 -0.266224
v 0.693929 0.040858 -0.265533
v 0.835857 0.025345 -0.358272
v 0.831551 0.024838 -0.378321
v 0.810306 0.024183 -0.383801
v 0.631726 0.041049 -0.309269
v 0.655912 0.040390 -0.308306
v 0.645713 0.038745 -0.344465
v 0.781904 0.031145 -0.406398
v 0.665471 0.040731 -0.278900
v 0.680639 0.042229 -0.244501
v 0.834745 0.024306 -0.371144
v 0.832148 0.024474 -0.377983
v 0.820258 0.022768 -0.380589
v 0.812641 0.023797 -0.373417
v 0.827869 0.024822 -0.357598
v 0.812506 0.034927 -0.295398
v 0.809904 0.031710 -0.324347
v 0.831040 0.025134 -0.360481
v 0.681886 0.040534 -0.280654
v 0.673050 0.040441 -0.294240
v 0.832013 0.023766 -0.381219
v 0.797835 0.027622 -0.368256
v 0.820545 0.030529 -0.322703
v 0.763372 0.034514 -0.395371
v 0.661453 0.031565 -0.529088
v 0.644140 0.041257 -0.265043
v 0.657135 0.037069 -0.358267
v 0.802260 0.029876 -0.343362
v 0.007870 0.209225 0.034717
v 0.009278 0.206160 0.037833
v 0.010358 0.205167 0.034114
v 0.011534 0.204590 0.041482
v 0.010216 0.203485 0.037526
v 0.001354 0.197288 0.068704
v -0.003792 0.197310 0.072313
v -0.000968 0.192885 0.068281
v 0.006091 0.224934 0.077759
v 0.008133 0.225643 0.070913
v 0.005783 0.227581 0.073180
v 0.006436 0.208724 0.069855
v 0.003001 0.205633 0.074513
v 0.005050 0.200682 0.066453
v 0.003149 0.210980 0.082249
v 0.006137 0.213687 0.079149
v 0.004522 0.216165 0.085474
v -0.000387 0.207164 0.081111
v -0.000769 0.202023 0.074963
v -0.004783 0.204162 0.079676
v -0.003752 0.209039 0.085714
v -0.008478 0.208160 0.086166
v 0.006796 0.217345 0.026868
v 0.007697 0.216029 0.032056
v 0.004766 0.212495 0.025348
v 0.008759 0.224222 0.027164
v 0.008408 0.208109 0.039900
v 0.009288 0.192333 0.057882
v 0.006226 0.191897 0.062294
v 0.010224 0.185576 0.056809
v 0.007160 0.182114 0.060340
v 0.001856 0.187838 0.065249
v 0.007865 0.209113 0.054359
v 0.007207 0.209039 0.062479
v 0.008028 0.202795 0.057979
v 0.005732 0.232679 0.065517
v 0.008274 0.228117 0.064449
v 0.006629 0.233455 0.060684
v 0.012954 0.203114 0.028829
v 0.008704 0.206712 0.030353
v 0.008049 0.204200 0.026643
v 0.005542 0.207571 0.027127
v 0.007324 0.215406 0.073963
v 0.007658 0.215002 0.068123
v 0.006975 0.203623 0.063607
v 0.006382 0.229416 0.068938
v 0.008844 0.230447 0.057050
v 0.008946 0.223984 0.052398
v 0.009916 0.229857 0.050604
v 0.008164 0.222973 0.059311
v 0.005200 0.236982 0.059315
v 0.004449 0.234884 0.062084
v 0.007655 0.198015 0.060585
v 0.008344 0.235341 0.055489
v 0.007580 0.234710 0.057798
v 0.005155 0.205288 0.025434
v 0.005304 0.202448 0.023971
v 0.000401 0.213339 0.089015
v 0.010022 0.196765 0.054624
v 0.003449 0.206770 0.022976
v 0.003107 0.215093 0.022507
v 0.002968 0.218321 0.020449
v 0.005199 0.217995 0.023801
v 0.001166 0.212948 0.019500
v 0.003125 0.202524 0.020996
v 0.002707 0.199760 0.019189
v 0.001019 0.205208 0.018178
v 0.005877 0.225534 0.021488
v 0.000824 0.198679 0.017032
v 0.009059 0.219239 0.040517
v 0.007122 0.212085 0.038962
v -0.010384 0.201118 0.078175
v -0.015541 0.196497 0.073951
v -0.009353 0.194484 0.071769
v 0.005499 0.198562 0.021385
v 0.012113 0.202458 0.035564
v 0.013200 0.202597 0.038210
v 0.016424 0.201864 0.034733
v 0.024879 0.188461 0.034293
v 0.022685 0.195155 0.035704
v 0.022460 0.192543 0.040054
v 0.010668 0.227060 0.040688
v 0.010040 0.225063 0.045730
v 0.007450 0.212204 0.045776
v 0.008493 0.208409 0.044726
v 0.008059 0.209324 0.042600
v 0.012917 0.175261 0.053597
v 0.014469 0.181877 0.050835
v 0.009935 0.205140 0.047177
v 0.009232 0.202586 0.052720
v 0.011981 0.199143 0.049656
v 0.006434 0.210242 0.030140
v 0.008399 0.221602 0.066551
v 0.013313 0.203035 0.033030
v 0.015127 0.202869 0.031905
v 0.020460 0.197222 0.039484
v 0.007157 0.216867 0.053259
v 0.014742 0.200910 0.045254
v 0.019205 0.197065 0.043390
v 0.016387 0.194990 0.046977
v 0.012335 0.189304 0.052832
v 0.009762 0.207496 0.043302
v 0.011342 0.232822 0.045024
v 0.011440 0.199138 0.022991
v 0.014472 0.200564 0.025486
v 0.013320 0.193895 0.050320
v 0.017450 0.187400 0.047019
v 0.007356 0.215620 0.060738
v 0.008251 0.218951 0.047153
v 0.003103 0.237761 0.061567
v 0.023560 0.193372 0.031593
v 0.021197 0.198298 0.031990
v 0.019559 0.198893 0.036651
v 0.017700 0.201374 0.030045
v 0.008874 0.172717 0.058396
v 0.016770 0.200766 0.026716
v -0.000344 0.223339 0.016771
v 0.003527 0.177571 0.062518
v -0.017974 0.173829 0.064733
v -0.012957 0.182199 0.066896
v -0.020498 0.182033 0.066707
v -0.001489 0.180894 0.065141
v -0.005526 0.188080 0.067923
v -0.014191 0.188170 0.069318
v -0.008263 0.177236 0.065435
v -0.001674 0.169887 0.063356
v -0.024110 0.190806 0.070541
v 0.019686 0.197491 0.026582
v 0.022374 0.193480 0.027735
v -0.031362 0.181204 0.067611
v -0.027138 0.173983 0.064761
v 0.006688 0.235940 0.058479
v 0.016825 0.197859 0.023567
v -0.015552 0.184134 0.067624
v 0.019993 0.192284 0.044255
v -0.011771 0.166343 0.063720
v 0.016878 0.200855 0.040140
v -0.026595 0.162335 0.063303
v 0.010458 0.227623 0.034578
v 0.009080 0.234729 0.052337
v 0.005409 0.220941 0.082471
v 0.022255 0.186978 0.041241
v 0.008089 0.220373 0.073116
v -0.036407 0.171471 0.065358
v 0.007518 0.219176 0.077910
v -0.041084 0.162285 0.064892
v -0.045449 0.170590 0.067320
v -0.037065 0.155217 0.064451
v -0.735553 0.059436 0.197792
v -0.732440 0.060226 0.209128
v -0.722107 0.059632 0.206386
v -0.824870 0.053559 0.194170
v -0.841299 0.055550 0.211016
v -0.821051 0.057857 0.221051
v -0.728388 0.060379 0.220829
v -0.705717 0.058512 0.215611
v -0.721349 0.056933 0.189859
v -0.823939 0.060310 0.239931
v -0.806638 0.059383 0.235527
v -0.741815 0.061309 0.207462
v -0.710731 0.060264 0.228570
v -0.747216 0.054284 0.154078
v -0.734134 0.053890 0.136550
v -0.745443 0.053776 0.141137
v -0.757687 0.062840 0.242207
v -0.766321 0.061795 0.244501
v -0.763012 0.062467 0.260465
v -0.806293 0.056147 0.205678
v -0.678708 0.080660 0.404691
v -0.687299 0.081739 0.380613
v -0.701684 0.076525 0.397391
v -0.774085 0.061551 0.243612
v -0.786775 0.060303 0.230989
v -0.785293 0.060785 0.250768
v -0.709757 0.065104 0.290514
v -0.720387 0.063359 0.280664
v -0.722114 0.065967 0.292140
v -0.713665 0.069306 0.303318
v -0.728291 0.064015 0.243603
v -0.729731 0.062861 0.233293
v -0.736514 0.064625 0.237333
v -0.736358 0.063834 0.282793
v -0.775532 0.055861 0.184387
v -0.789431 0.054730 0.187125
v -0.776971 0.057558 0.196430
v -0.727072 0.067932 0.300305
v -0.835439 0.050643 0.154529
v -0.855627 0.051935 0.188498
v -0.758188 0.063629 0.288282
v -0.739018 0.068820 0.308180
v -0.718781 0.072765 0.315226
v -0.707566 0.076951 0.328099
v -0.759526 0.066293 0.310297
v -0.781486 0.063072 0.304898
v -0.707261 0.079771 0.353198
v -0.704662 0.079412 0.341114
v -0.721607 0.077632 0.345160
v -0.773411 0.064457 0.329989
v -0.740324 0.073716 0.348356
v -0.758951 0.068324 0.341886
v -0.789074 0.061984 0.325212
v -0.803976 0.060792 0.324045
v -0.722285 0.077574 0.359299
v -0.703112 0.080092 0.364377
v -0.802690 0.062543 0.302008
v -0.766785 0.061845 0.232834
v -0.809019 0.053174 0.182861
v -0.762947 0.057151 0.186488
v -0.749383 0.059601 0.194622
v -0.743728 0.056798 0.179847
v -0.745998 0.062665 0.268260
v -0.743128 0.063878 0.256367
v -0.797514 0.060222 0.244679
v -0.807330 0.063298 0.289133
v -0.803867 0.061715 0.273620
v -0.815477 0.062358 0.281841
v -0.760885 0.060991 0.206337
v -0.747253 0.062633 0.218359
v -0.727418 0.055373 0.170760
v -0.734967 0.063106 0.266376
v -0.771080 0.054279 0.169369
v -0.777704 0.060349 0.212841
v -0.770769 0.061475 0.219835
v -0.864039 0.055300 0.217379
v -0.759996 0.061992 0.220414
v -0.844908 0.058939 0.230935
v -0.802087 0.058210 0.221387
v -0.740176 0.063544 0.228960
v -0.890756 0.051820 0.206410
v -0.753083 0.063333 0.229394
v -0.744923 0.064949 0.239718
v -0.799571 0.060615 0.257953
v -0.717658 0.062502 0.239716
v -0.799691 0.059418 0.351980
v -0.813245 0.060264 0.262156
v -0.809878 0.060013 0.248805
v -0.785981 0.061554 0.268245
v -0.797166 0.052468 0.163085
v -0.780447 0.052425 0.142323
v -0.812801 0.050970 0.132300
v -0.871814 0.049232 0.151624
v -0.750608 0.063724 0.249540
v -0.745439 0.071579 0.371144
v -0.818239 0.060996 0.273751
v -0.787727 0.060931 0.371405
v -0.716183 0.076789 0.376632
v -0.792136 0.062715 0.285423
v -0.743915 0.064806 0.247958
v -0.771968 0.064280 0.370841
v -0.737497 0.065192 0.246320
v -0.731686 0.064020 0.254570
v -0.726583 0.062776 0.261657
v -0.721099 0.063174 0.253607
v -0.731985 0.074946 0.338151
v -0.730838 0.071637 0.391528
v -0.766403 0.064678 0.383862
v -0.754619 0.066507 0.389685
v -0.775732 0.062442 0.280314
v -0.720037 0.061594 0.264360
v -0.725843 0.062527 0.271230
v -0.818855 0.062782 0.290620
v -0.814982 0.062818 0.298898
v -0.800467 0.058192 0.388214
v -0.822619 0.056803 0.371734
v -0.781281 0.061026 0.387702
v -0.827529 0.061991 0.299511
v -0.824634 0.060546 0.317140
v -0.845031 0.060979 0.305506
v -0.826164 0.057696 0.344466
v -0.831480 0.061369 0.283436
v -0.856223 0.061989 0.281926
v -0.890755 0.048515 0.150884
v -0.890755 0.049028 0.162961
v -0.842439 0.060854 0.268316
v -0.751110 0.062752 0.275280
v -0.790956 0.058269 0.210609
v -0.759395 0.052992 0.129692
v -0.750632 0.052100 0.099571
v -0.715865 0.062093 0.270189
v -0.860666 0.057167 0.229310
v -0.871826 0.057553 0.238956
v -0.854559 0.059786 0.245731
v -0.890755 0.054253 0.224704
v -0.859901 0.060990 0.259435
v -0.839031 0.060516 0.251985
v -0.821759 0.060063 0.253464
v -0.827795 0.060199 0.265123
v 0.402187 0.032212 0.548944
v 0.391665 0.033106 0.555698
v 0.412484 0.030868 0.557365
v 0.357831 0.038440 0.486663
v 0.347779 0.039137 0.482943
v 0.348255 0.038544 0.493236
v 0.459309 0.031515 0.472578
v 0.461903 0.032330 0.449817
v 0.446845 0.032713 0.463826
v 0.373257 0.037658 0.484909
v 0.385841 0.036890 0.480828
v 0.377516 0.037836 0.470766
v 0.398843 0.033547 0.531986
v 0.405637 0.032722 0.533161
v 0.402665 0.033622 0.525049
v 0.418936 0.034429 0.479494
v 0.433897 0.033594 0.469500
v 0.429551 0.034201 0.460739
v 0.423006 0.034588 0.467790
v 0.423865 0.034744 0.459244
v 0.414466 0.032324 0.524529
v 0.451618 0.028394 0.566562
v 0.468610 0.028028 0.571370
v 0.465079 0.027519 0.552577
v 0.445809 0.032571 0.475596
v 0.403969 0.036528 0.457282
v 0.407720 0.035895 0.466687
v 0.410138 0.035988 0.458086
v 0.437169 0.029018 0.554016
v 0.429161 0.029693 0.572664
v 0.409142 0.034457 0.497569
v 0.400245 0.035514 0.490723
v 0.417642 0.035172 0.468009
v 0.464846 0.034826 0.609602
v 0.474753 0.035790 0.609604
v 0.486298 0.033638 0.601026
v 0.381113 0.034598 0.545532
v 0.373347 0.034634 0.560339
v 0.392377 0.033864 0.537540
v 0.395445 0.033125 0.544502
v 0.422271 0.030327 0.545952
v 0.361846 0.038531 0.477339
v 0.475748 0.027117 0.541542
v 0.474571 0.027692 0.522541
v 0.461494 0.028100 0.534280
v 0.502082 0.026052 0.526294
v 0.491454 0.028014 0.501331
v 0.434537 0.032733 0.485310
v 0.426211 0.031491 0.519604
v 0.414791 0.032832 0.515098
v 0.404231 0.031697 0.571507
v 0.364863 0.038647 0.469442
v 0.358627 0.039139 0.471511
v 0.354486 0.037174 0.524718
v 0.358134 0.037194 0.517702
v 0.350475 0.037394 0.520166
v 0.440786 0.033498 0.453311
v 0.478127 0.031560 0.447325
v 0.444668 0.031291 0.496916
v 0.450969 0.029913 0.511615
v 0.454585 0.030955 0.492159
v 0.388997 0.034992 0.524656
v 0.386797 0.036522 0.490474
v 0.394636 0.036149 0.483137
v 0.423096 0.030626 0.538056
v 0.415864 0.031050 0.541465
v 0.487987 0.030202 0.464904
v 0.362865 0.037364 0.508613
v 0.355192 0.037390 0.511556
v 0.422594 0.033266 0.495473
v 0.414009 0.033537 0.506082
v 0.425606 0.032326 0.507835
v 0.466404 0.029150 0.583390
v 0.472791 0.030469 0.591503
v 0.481841 0.028487 0.578740
v 0.374487 0.035882 0.527172
v 0.367450 0.036189 0.533712
v 0.372661 0.035575 0.540381
v 0.435873 0.030862 0.514015
v 0.437518 0.030107 0.525381
v 0.471389 0.029811 0.490861
v 0.411697 0.031238 0.547562
v 0.450389 0.028932 0.580127
v 0.448688 0.031605 0.486495
v 0.450878 0.029159 0.527719
v 0.447714 0.028948 0.538566
v 0.396182 0.036764 0.464347
v 0.459646 0.032482 0.603536
v 0.452690 0.034193 0.609602
v 0.436701 0.032655 0.603521
v 0.446121 0.034162 0.609601
v 0.382092 0.033797 0.578423
v 0.409200 0.032511 0.588841
v 0.459608 0.034428 0.609605
v 0.456502 0.034286 0.609604
v 0.445493 0.032114 0.481079
v 0.441496 0.032020 0.489711
v 0.457942 0.028733 0.523307
v 0.401393 0.034656 0.509006
v 0.403977 0.033960 0.515128
v 0.366215 0.037553 0.496536
v 0.372619 0.037227 0.494907
v 0.488328 0.029271 0.483952
v 0.372840 0.037026 0.503127
v 0.398023 0.033162 0.537719
v 0.381778 0.035810 0.517604
v 0.371078 0.036640 0.516783
v 0.404538 0.035740 0.477988
v 0.436599 0.032133 0.495378
v 0.412883 0.031705 0.536319
v 0.406488 0.032147 0.541627
v 0.431505 0.032374 0.498014
v 0.437517 0.031542 0.504823
v 0.359202 0.039435 0.459426
v 0.354115 0.039624 0.462766
v 0.453017 0.029874 0.591968
v 0.392027 0.036763 0.473459
v 0.378619 0.037008 0.495529
v 0.351568 0.039429 0.473268
v 0.488285 0.026453 0.561744
v 0.361380 0.036731 0.527584
v 0.363283 0.036942 0.517889
v 0.354568 0.037890 0.501389
v 0.436182 0.030289 0.588422
v 0.415617 0.031739 0.531556
v 0.424181 0.030944 0.530059
v 0.422022 0.035138 0.609602
v 0.406840 0.035090 0.605387
v 0.410830 0.035633 0.609602
v 0.442566 0.034249 0.609599
v 0.400373 0.036405 0.470761
v 0.489086 0.026333 0.542461
v 0.481204 0.026812 0.550726
v 0.385212 0.036216 0.503691
v 0.368216 0.036300 0.526986
v 0.398021 0.035257 0.502540
v 0.390964 0.035450 0.511356
v 0.418436 0.031269 0.535232
v 0.401983 0.035902 0.609601
v 0.426894 0.034849 0.609603
v 0.438547 0.034376 0.609602
v 0.431176 0.034661 0.609599
v 0.372853 0.035001 0.550246
v 0.412475 0.035254 0.473666
v 0.432256 0.029825 0.538823
v 0.399668 0.032843 0.542699
v 0.402132 0.032717 0.538835
v 0.375991 0.038241 0.461389
v 0.367099 0.038994 0.458347
v 0.491124 0.029671 0.587425
v 0.353701 0.037009 0.530766
v 0.433601 0.032192 0.493031
v 0.344369 0.040308 0.461420
v 0.383805 0.037654 0.463117
v 0.416981 0.035483 0.456193
v 0.482546 0.036367 0.609601
v 0.489120 0.036678 0.609601
v -0.475402 0.055435 0.307087
v -0.468411 0.055810 0.308690
v -0.491338 0.055126 0.313458
v -0.507165 0.055589 0.277235
v -0.512720 0.055633 0.272750
v -0.500355 0.055658 0.279302
v -0.483643 0.057801 0.266856
v -0.486017 0.057068 0.274812
v -0.488758 0.057621 0.268730
v -0.493170 0.056675 0.274568
v -0.476411 0.055842 0.284056
v -0.479153 0.056620 0.280368
v -0.481580 0.056017 0.283727
v -0.491462 0.054896 0.307419
v -0.512263 0.056065 0.261893
v -0.486748 0.054873 0.312660
v -0.519828 0.055638 0.269564
v -0.503751 0.054597 0.312700
v -0.503611 0.054333 0.307300
v -0.494350 0.055303 0.319171
v -0.513326 0.055466 0.277670
v -0.518817 0.055631 0.275378
v -0.516567 0.055867 0.278775
v -0.506740 0.055024 0.284402
v -0.491538 0.055460 0.321122
v -0.486775 0.055490 0.322974
v -0.513982 0.055429 0.281972
v -0.490100 0.054693 0.310211
v -0.486033 0.056340 0.281159
v -0.481495 0.056765 0.278341
v -0.484273 0.055038 0.306274
v -0.493154 0.054597 0.296332
v -0.486121 0.054940 0.292774
v -0.489067 0.057872 0.262439
v -0.494563 0.057377 0.268454
v -0.486169 0.055346 0.286980
v -0.490752 0.055477 0.284767
v -0.545043 0.053932 0.320511
v -0.551272 0.054549 0.325995
v -0.538518 0.053850 0.326354
v -0.492162 0.054834 0.290681
v -0.494196 0.055133 0.283878
v -0.496183 0.054966 0.288080
v -0.468524 0.055941 0.303083
v -0.550904 0.055613 0.335610
v -0.540600 0.056200 0.346359
v -0.539501 0.055450 0.341646
v -0.550843 0.054142 0.319388
v -0.499019 0.054452 0.294586
v -0.505370 0.056362 0.264547
v -0.523324 0.055737 0.282162
v -0.517264 0.054844 0.287039
v -0.530849 0.053276 0.308169
v -0.537054 0.053386 0.314314
v -0.507376 0.054559 0.319982
v -0.509920 0.054427 0.323460
v -0.531273 0.053641 0.320088
v -0.531013 0.053325 0.314658
v -0.534699 0.053719 0.319525
v -0.533184 0.056068 0.351623
v -0.538624 0.057730 0.354410
v -0.517113 0.054246 0.292410
v -0.523501 0.054464 0.290054
v -0.522604 0.053659 0.297778
v -0.539474 0.054758 0.335100
v -0.533091 0.054764 0.338258
v -0.526998 0.053465 0.303409
v -0.523083 0.053214 0.303815
v -0.544543 0.053489 0.311268
v -0.538691 0.053494 0.307698
v -0.529494 0.054975 0.347626
v -0.516609 0.054267 0.322757
v -0.513245 0.053681 0.313757
v -0.511057 0.054572 0.289913
v -0.512166 0.055001 0.286222
v -0.526668 0.055543 0.274880
v -0.517907 0.053298 0.305459
v -0.528466 0.054138 0.292410
v -0.528904 0.054699 0.287090
v -0.535281 0.054147 0.288954
v -0.533766 0.054977 0.341881
v -0.525622 0.054618 0.329347
v -0.518552 0.054576 0.328930
v -0.503625 0.054563 0.289886
v -0.532167 0.054525 0.333477
v -0.502178 0.055324 0.284190
v -0.523452 0.053429 0.314282
v -0.524876 0.055115 0.285256
v -0.523712 0.054591 0.338349
v -0.527412 0.053967 0.322829
v -0.519700 0.054873 0.333249
v -0.515400 0.054570 0.336424
v -0.508844 0.054841 0.333726
v -0.528497 0.054593 0.342228
v -0.524556 0.054390 0.344674
v 0.624068 0.039305 0.597380
v 0.624636 0.045985 0.604582
v 0.641552 0.044286 0.593693
v 0.568099 0.029630 0.406714
v 0.534017 0.031041 0.394871
v 0.539749 0.029413 0.441321
v 0.747506 0.021322 0.515033
v 0.714193 0.023018 0.530422
v 0.745751 0.024874 0.532381
v 0.579590 0.037502 0.607073
v 0.568894 0.032514 0.599838
v 0.561620 0.038875 0.609605
v 0.703166 0.033186 0.558489
v 0.713678 0.039651 0.564805
v 0.732036 0.034004 0.553301
v 0.569425 0.022905 0.554475
v 0.562802 0.023205 0.534017
v 0.542170 0.023681 0.549689
v 0.575797 0.039301 0.609602
v 0.662064 0.046213 0.589239
v 0.647170 0.050300 0.597784
v 0.682266 0.052805 0.589395
v 0.586915 0.025011 0.484033
v 0.613538 0.025817 0.453125
v 0.572694 0.027477 0.455424
v 0.705836 0.062441 0.589846
v 0.670666 0.062929 0.601595
v 0.697078 0.073303 0.600275
v 0.597218 0.028045 0.421152
v 0.633068 0.027424 0.406430
v 0.610368 0.023992 0.489122
v 0.662931 0.024709 0.437910
v 0.635926 0.023495 0.475303
v 0.600294 0.029338 0.386824
v 0.637547 0.039675 0.589106
v 0.654187 0.040570 0.583986
v 0.530280 0.024425 0.530014
v 0.555856 0.024976 0.498345
v 0.518492 0.026514 0.503987
v 0.513389 0.037174 0.608910
v 0.640274 0.060920 0.609609
v 0.645401 0.063233 0.609602
v 0.647237 0.057393 0.603871
v 0.674601 0.031546 0.564470
v 0.688833 0.035900 0.567625
v 0.686639 0.026892 0.384494
v 0.709542 0.024384 0.417795
v 0.578470 0.030707 0.372902
v 0.558487 0.031017 0.375391
v 0.690878 0.040425 0.573246
v 0.678087 0.043556 0.581395
v 0.705549 0.047027 0.575278
v 0.671573 0.036801 0.574499
v 0.662266 0.022688 0.470524
v 0.705306 0.022271 0.456448
v 0.514369 0.029501 0.458187
v 0.500668 0.031272 0.427422
v 0.487987 0.030202 0.464904
v 0.647189 0.022271 0.487488
v 0.627560 0.022881 0.507504
v 0.539703 0.024651 0.566052
v 0.502082 0.026052 0.526294
v 0.491454 0.028014 0.501331
v 0.718179 0.081721 0.597976
v 0.724419 0.087803 0.599070
v 0.745767 0.083044 0.588161
v 0.686010 0.022182 0.533852
v 0.698572 0.021668 0.527452
v 0.701423 0.020839 0.486468
v 0.735640 0.020481 0.478814
v 0.668348 0.021195 0.492286
v 0.690081 0.020496 0.504517
v 0.489086 0.026333 0.542461
v 0.488285 0.026453 0.561744
v 0.513983 0.025040 0.552640
v 0.743954 0.068385 0.580227
v 0.723468 0.020827 0.504451
v 0.713019 0.020774 0.495139
v 0.734064 0.055689 0.574947
v 0.502139 0.037053 0.609600
v 0.512841 0.035751 0.605768
v 0.489120 0.036678 0.609601
v 0.561405 0.029089 0.591070
v 0.543196 0.028479 0.585823
v 0.536192 0.032310 0.596576
v 0.531169 0.027113 0.579037
v 0.515009 0.029527 0.588914
v 0.507681 0.026751 0.574066
v 0.579023 0.028369 0.589197
v 0.571812 0.026129 0.580978
v 0.491124 0.029671 0.587425
v 0.542699 0.036846 0.606621
v 0.522933 0.037809 0.609599
v 0.486298 0.033638 0.601026
v 0.656465 0.067784 0.609605
v 0.668559 0.073225 0.609602
v 0.713711 0.025851 0.540863
v 0.693415 0.028152 0.551538
v 0.723311 0.028964 0.546332
v 0.641915 0.036398 0.580946
v 0.654841 0.035854 0.576293
v 0.744509 0.039449 0.557319
v 0.741725 0.046453 0.564261
v 0.688917 0.020946 0.521393
v 0.713877 0.021599 0.520698
v 0.687264 0.024432 0.543276
v 0.510449 0.032692 0.597942
v 0.671238 0.074524 0.609602
v 0.680897 0.079529 0.609614
v 0.549248 0.027440 0.469872
v 0.705371 0.083703 0.603758
v 0.504412 0.028621 0.479753
v 0.478127 0.031560 0.447325
v 0.623872 0.051760 0.609602
v 0.621421 0.050408 0.609602
v 0.617039 0.048247 0.609602
v 0.613292 0.046630 0.609602
v 0.529397 0.027801 0.476800
v 0.488328 0.029271 0.483952
v 0.589592 0.023279 0.511431
v 0.664989 0.023560 0.543147
v 0.663488 0.026987 0.555592
v 0.641702 0.029467 0.565220
v 0.650716 0.032293 0.570339
v 0.649327 0.064898 0.609604
v 0.665524 0.022088 0.532984
v 0.656814 0.021607 0.519986
v 0.641516 0.024219 0.543021
v 0.596842 0.022983 0.558846
v 0.617338 0.023759 0.546354
v 0.597812 0.022426 0.537488
v 0.651238 0.025239 0.549497
v 0.626278 0.034996 0.588543
v 0.633846 0.031808 0.576115
v 0.617312 0.030173 0.583068
v 0.610777 0.034231 0.595451
v 0.606743 0.031800 0.327870
v 0.570246 0.031899 0.347676
v 0.597281 0.030759 0.357325
v 0.604426 0.024514 0.569279
v 0.620899 0.025457 0.559338
v 0.627424 0.023233 0.531956
v 0.633587 0.029664 0.359788
v 0.627455 0.028298 0.569248
v 0.481841 0.028487 0.578740
v 0.610811 0.026542 0.575373
v 0.637381 0.059398 0.609602
v 0.629871 0.055246 0.609602
v 0.661460 0.033773 0.571365
v 0.507052 0.037215 0.609601
v 0.640316 0.026695 0.556284
v 0.553171 0.025863 0.576761
v 0.531178 0.038101 0.609607
v 0.543126 0.038609 0.609604
v 0.607077 0.040802 0.606009
v 0.596317 0.041771 0.609600
v 0.603840 0.043323 0.609603
v 0.591209 0.040829 0.609606
v 0.606640 0.044198 0.609602
v 0.551420 0.038820 0.609604
v 0.570521 0.023877 0.569018
v 0.594294 0.026077 0.580029
v 0.557652 0.038845 0.609601
v 0.589908 0.024246 0.571935
v 0.592170 0.035105 0.602134
v 0.597086 0.029580 0.590320
v 0.586287 0.040190 0.609601
v -0.073510 0.165801 0.039030
v -0.078175 0.167678 0.043701
v -0.075901 0.172087 0.038898
v -0.073286 0.157377 0.040675
v -0.074940 0.150144 0.045773
v -0.078132 0.157192 0.048081
v -0.071329 0.134409 0.042216
v -0.076500 0.136943 0.050634
v -0.076079 0.141025 0.050406
v -0.073940 0.128327 0.048893
v -0.075337 0.133636 0.049048
v -0.070020 0.145979 0.038045
v -0.062073 0.152519 0.070012
v -0.061807 0.149355 0.072284
v -0.058119 0.152772 0.070157
v -0.078644 0.144556 0.075648
v -0.075380 0.140207 0.076450
v -0.071806 0.144297 0.076811
v -0.070410 0.139389 0.077744
v -0.073539 0.143540 0.045373
v -0.076191 0.146150 0.050214
v -0.066804 0.151507 0.071318
v -0.069895 0.161109 0.036098
v -0.067329 0.138388 0.034800
v -0.066228 0.145583 0.077011
v -0.065094 0.148361 0.074858
v -0.069959 0.148830 0.075038
v -0.083857 0.145326 0.073934
v -0.082299 0.139335 0.075196
v -0.072628 0.136423 0.077085
v -0.077518 0.135568 0.075738
v -0.086801 0.134529 0.073098
v -0.082104 0.131902 0.075845
v -0.080580 0.126949 0.068934
v -0.084664 0.131733 0.065457
v -0.064429 0.166179 0.031578
v -0.066922 0.162290 0.033560
v -0.070265 0.169389 0.035548
v -0.070237 0.176760 0.034422
v -0.066010 0.172767 0.032584
v -0.087944 0.138834 0.068478
v -0.084972 0.136658 0.062294
v -0.064101 0.160395 0.031632
v -0.063542 0.171184 0.031031
v -0.063571 0.174320 0.031526
v -0.058666 0.157068 0.029890
v -0.065590 0.156967 0.032383
v -0.087781 0.141447 0.073353
v -0.086559 0.142336 0.064696
v -0.087641 0.144102 0.068749
v -0.066334 0.176878 0.032235
v -0.063797 0.180122 0.031962
v -0.086798 0.145926 0.071648
v -0.060703 0.171387 0.029682
v -0.079798 0.149303 0.073084
v -0.084281 0.148230 0.071463
v -0.081172 0.149795 0.068795
v -0.075189 0.148150 0.075044
v -0.053634 0.170358 0.027423
v -0.078564 0.125144 0.060730
v -0.084359 0.148169 0.067374
v -0.085575 0.146382 0.065059
v -0.084035 0.146681 0.060177
v -0.073707 0.150793 0.072369
v -0.076557 0.150874 0.069263
v -0.082990 0.151252 0.061340
v -0.058048 0.177896 0.029280
v -0.046931 0.161481 0.026600
v -0.078198 0.153457 0.063543
v -0.080805 0.151809 0.064017
v -0.078089 0.151284 0.066139
v -0.075025 0.152153 0.066567
v -0.048519 0.154044 0.027536
v -0.078954 0.155153 0.062067
v -0.076011 0.153523 0.064411
v -0.060357 0.155028 0.068717
v -0.064319 0.155833 0.066914
v -0.071197 0.153330 0.068401
v -0.073283 0.155768 0.065060
v -0.072082 0.160234 0.063555
v -0.076486 0.158362 0.062044
v -0.069479 0.157564 0.065607
v -0.068214 0.152821 0.034592
v -0.065101 0.146996 0.030545
v -0.064119 0.152395 0.031786
v -0.061139 0.149883 0.030383
v -0.058757 0.146105 0.027658
v -0.057149 0.191537 0.064636
v -0.054556 0.182666 0.067610
v -0.051103 0.192399 0.067740
v -0.058070 0.160085 0.068102
v -0.061691 0.181569 0.063672
v -0.061454 0.172446 0.063936
v -0.058968 0.149408 0.030527
v -0.058043 0.147514 0.029493
v -0.057025 0.149704 0.030116
v -0.052552 0.149547 0.029040
v -0.071667 0.179301 0.059385
v -0.075005 0.171563 0.057904
v -0.071889 0.167275 0.060642
v -0.079983 0.175047 0.045443
v -0.079281 0.181353 0.044484
v -0.078820 0.176918 0.040356
v -0.079017 0.150495 0.050571
v -0.080169 0.135227 0.054977
v -0.079387 0.162689 0.049951
v -0.079328 0.169661 0.049122
v -0.062779 0.163093 0.064484
v -0.068582 0.162271 0.063363
v -0.076304 0.165313 0.058690
v -0.064859 0.186396 0.062035
v -0.066145 0.159187 0.065020
v -0.057126 0.170230 0.067278
v -0.066495 0.167741 0.062331
v -0.064581 0.193844 0.060932
v -0.068897 0.187682 0.059410
v -0.081624 0.155378 0.057252
v -0.079658 0.158787 0.058620
v -0.058559 0.197948 0.062091
v -0.053980 0.199696 0.063792
v -0.066442 0.174981 0.061554
v -0.066107 0.180668 0.061673
v -0.077569 0.169945 0.054454
v -0.078150 0.183554 0.040376
v -0.051673 0.177290 0.069292
v -0.051932 0.169060 0.069010
v -0.079661 0.139790 0.054390
v -0.083542 0.141293 0.059071
v -0.080531 0.145466 0.054758
v -0.079015 0.177003 0.049711
v -0.047367 0.186723 0.070526
v -0.070312 0.182375 0.034659
v -0.067032 0.188271 0.035217
v -0.067518 0.179018 0.033500
v -0.074996 0.175963 0.037037
v -0.075530 0.181170 0.036599
v -0.074095 0.191054 0.041837
v -0.070368 0.196820 0.044884
v -0.070003 0.193638 0.039737
v -0.073974 0.186962 0.038336
v -0.075364 0.188541 0.040962
v -0.048751 0.190649 0.069827
v -0.081751 0.152754 0.054712
v -0.076787 0.187024 0.042903
v -0.049859 0.199799 0.066917
v -0.074579 0.190748 0.046328
v -0.077310 0.184861 0.049117
v -0.080296 0.130264 0.057687
v -0.076593 0.179108 0.054386
v -0.075570 0.175422 0.056774
v -0.079985 0.158149 0.051603
v -0.080453 0.158581 0.054082
v -0.079100 0.163984 0.053293
v -0.045449 0.170590 0.067320
v -0.050850 0.157621 0.067820
v -0.044973 0.180645 0.069748
v -0.073206 0.186786 0.055176
v -0.071400 0.192167 0.053212
v -0.074190 0.189530 0.050436
v -0.069386 0.191373 0.057092
v -0.067857 0.196158 0.056142
v -0.062659 0.200446 0.058510
v -0.066194 0.200896 0.053634
v -0.072102 0.193213 0.049230
v -0.069919 0.196956 0.050940
v -0.064285 0.137928 0.031052
v -0.065912 0.141928 0.031617
v -0.067634 0.201150 0.049318
v 0.007550 0.274947 0.050586
v 0.004367 0.280067 0.052261
v 0.004773 0.273980 0.056423
v 0.012317 0.251877 0.030273
v 0.011685 0.255065 0.029500
v 0.011728 0.256953 0.032165
v 0.006651 0.238494 0.055818
v 0.009035 0.237943 0.053130
v 0.008566 0.241166 0.051929
v 0.006827 0.244569 0.053409
v 0.006727 0.276179 0.023935
v 0.009809 0.281508 0.029826
v 0.009684 0.269790 0.027877
v 0.013078 0.246465 0.038388
v 0.012053 0.238722 0.035452
v 0.012725 0.246859 0.033465
v 0.009537 0.235837 0.023693
v 0.006007 0.244473 0.019408
v 0.010321 0.246320 0.023780
v 0.003225 0.251794 0.017927
v 0.007015 0.256028 0.020883
v 0.000709 0.283245 0.024520
v -0.001630 0.278714 0.020926
v -0.004190 0.283591 0.023585
v -0.010559 0.289123 0.040719
v -0.006007 0.290014 0.039553
v -0.008405 0.289953 0.034959
v -0.001598 0.286138 0.026099
v 0.002261 0.286864 0.027220
v 0.009033 0.250970 0.022632
v -0.015764 0.281231 0.020333
v -0.018198 0.281287 0.019890
v -0.015545 0.282808 0.022451
v -0.008020 0.268346 0.013376
v -0.012831 0.262039 0.010456
v -0.014514 0.268331 0.010759
v -0.008763 0.246366 0.011228
v -0.005426 0.253297 0.012711
v -0.001882 0.245791 0.014265
v -0.018025 0.264114 0.009095
v 0.001150 0.258471 0.016573
v 0.002044 0.283844 0.051172
v 0.001543 0.281547 0.054027
v -0.024913 0.281536 0.021624
v -0.026154 0.281870 0.023205
v -0.022710 0.282546 0.023972
v -0.005577 0.261541 0.013244
v 0.002818 0.278826 0.022680
v 0.000029 0.270718 0.018234
v 0.011727 0.233882 0.039414
v 0.010668 0.227060 0.040688
v 0.010458 0.227623 0.034578
v -0.001389 0.290609 0.036395
v -0.004555 0.289925 0.032675
v 0.010591 0.287344 0.033951
v 0.009426 0.286682 0.030527
v 0.007459 0.288046 0.031322
v -0.012119 0.288056 0.030952
v -0.014646 0.285444 0.026607
v -0.016309 0.287550 0.031096
v 0.012225 0.244234 0.028965
v 0.001776 0.278949 0.058344
v 0.005877 0.225534 0.021488
v 0.004491 0.232719 0.018979
v -0.012283 0.253900 0.010393
v 0.010468 0.234380 0.049178
v 0.009080 0.234729 0.052337
v 0.009916 0.229857 0.050604
v 0.005372 0.284085 0.048866
v 0.007474 0.257714 0.054496
v 0.009424 0.252648 0.050633
v 0.008786 0.260558 0.052213
v 0.006202 0.266811 0.021604
v 0.010446 0.276850 0.044523
v 0.010485 0.266107 0.048134
v 0.011306 0.272506 0.043934
v 0.006748 0.269465 0.053907
v 0.007487 0.263480 0.055409
v -0.000635 0.283462 0.055609
v 0.010990 0.256214 0.026789
v 0.008763 0.263165 0.024393
v -0.018728 0.283332 0.023747
v -0.022801 0.281206 0.020053
v -0.008899 0.276552 0.016625
v -0.012922 0.276896 0.015503
v -0.009917 0.279620 0.018928
v -0.000533 0.289670 0.032024
v 0.004848 0.289493 0.034197
v 0.003619 0.288460 0.030527
v 0.007093 0.286834 0.028328
v -0.014225 0.281372 0.020141
v 0.010463 0.240683 0.048858
v 0.010895 0.270176 0.033960
v 0.010969 0.264500 0.031237
v -0.007503 0.288908 0.030054
v 0.011132 0.234205 0.029793
v 0.012294 0.262395 0.040944
v 0.012068 0.257883 0.045446
v 0.007674 0.281098 0.047552
v 0.011774 0.237711 0.038678
v 0.012311 0.239905 0.041317
v 0.012656 0.249564 0.043897
v -0.011954 0.282727 0.022194
v -0.012916 0.280017 0.018937
v -0.006287 0.279101 0.019635
v 0.011342 0.232822 0.045024
v -0.009332 0.285873 0.026018
v -0.008250 0.282546 0.022128
v 0.013148 0.250223 0.035927
v 0.013177 0.253971 0.039023
v -0.005577 0.274312 0.016819
v 0.005756 0.283271 0.025303
v -0.016717 0.279005 0.016689
v 0.008344 0.235341 0.055489
v 0.010872 0.276350 0.033424
v 0.011805 0.280707 0.037711
v 0.008078 0.288987 0.036984
v -0.002122 0.290122 0.033498
v -0.003357 0.289373 0.029576
v -0.005124 0.287288 0.027117
v -0.017935 0.273680 0.012159
v -0.020532 0.276807 0.014184
v -0.000118 0.288595 0.029528
v 0.004958 0.290109 0.038787
v 0.006688 0.235940 0.058479
v 0.007580 0.234710 0.057798
v -0.025667 0.275449 0.012523
v -0.021530 0.278765 0.016651
v -0.011073 0.272828 0.013528
v -0.020067 0.285241 0.028205
v 0.005364 0.248999 0.055461
v 0.003791 0.242770 0.058622
v -0.006305 0.288577 0.044077
v -0.000557 0.289099 0.045077
v -0.004712 0.287532 0.047894
v -0.000344 0.223339 0.016771
v -0.000567 0.235734 0.015289
v 0.012715 0.256018 0.042320
v -0.001794 0.286024 0.050517
v 0.011394 0.274056 0.037455
v 0.011818 0.275045 0.041174
v 0.012108 0.268791 0.037889
v 0.011629 0.264000 0.035229
v 0.008812 0.244752 0.050869
v 0.012724 0.258736 0.036578
v 0.006604 0.288251 0.041974
v 0.003658 0.287295 0.046600
v 0.008020 0.285980 0.044818
v 0.012006 0.270311 0.041523
v 0.010577 0.282884 0.043136
v -0.025572 0.278803 0.016544
v 0.012800 0.254295 0.035267
v 0.010047 0.286920 0.039756
v -0.027748 0.280352 0.019998
v 0.003649 0.289515 0.042882
v 0.012733 0.251743 0.033311
v 0.008759 0.224222 0.027164
v 0.000962 0.290509 0.040924
v -0.002409 0.290097 0.041423
v -0.019709 0.268238 0.009275
v 0.003609 0.250668 0.061556
v 0.006183 0.253794 0.055888
v 0.005912 0.257978 0.058703
v 0.007674 0.288670 0.039192
v 0.005487 0.262402 0.060654
v 0.003103 0.237761 0.061567
v 0.005200 0.236982 0.059315
v 0.005311 0.268011 0.059095
v -0.001884 0.287778 0.028056
v -0.023499 0.270809 0.009578
v -0.505856 0.012432 -0.589710
v -0.517114 0.015079 -0.570915
v -0.500050 0.021601 -0.553895
v -0.474000 0.026363 -0.544944
v -0.440915 0.016660 -0.598054
v -0.456443 0.016898 -0.597880
v -0.456722 0.018601 -0.586404
v -0.510777 0.010816 -0.609613
v -0.403946 0.031957 -0.470669
v -0.501084 0.025954 -0.530259
v -0.492551 0.029365 -0.506172
v -0.479277 0.029629 -0.521071
v -0.360678 0.030476 -0.519531
v -0.358460 0.029392 -0.532863
v -0.372778 0.030847 -0.522692
v -0.318038 0.028133 -0.499801
v -0.310966 0.028264 -0.487041
v -0.513969 0.010696 -0.609613
v -0.312749 0.029928 -0.439886
v -0.315412 0.029463 -0.452344
v -0.327579 0.029752 -0.444863
v -0.383596 0.029410 -0.536540
v -0.368827 0.028944 -0.540411
v -0.375053 0.027475 -0.550942
v -0.411377 0.028443 -0.538269
v -0.387524 0.023942 -0.569378
v -0.418408 0.022684 -0.568673
v -0.471116 0.031716 -0.495724
v -0.470453 0.031310 -0.508160
v -0.367561 0.019600 -0.596308
v -0.398636 0.017507 -0.596695
v -0.357191 0.030758 -0.506720
v -0.371265 0.031645 -0.509737
v -0.381860 0.032188 -0.505516
v -0.382277 0.031814 -0.513714
v -0.395161 0.032335 -0.504285
v -0.351471 0.030754 -0.473354
v -0.358346 0.031427 -0.479373
v -0.365033 0.031528 -0.471918
v -0.551123 0.018950 -0.534928
v -0.395351 0.032587 -0.492289
v -0.378945 0.032318 -0.491722
v -0.343958 0.028487 -0.535495
v -0.334793 0.027623 -0.544658
v -0.351033 0.027513 -0.548910
v -0.341848 0.029657 -0.506498
v -0.352227 0.030839 -0.495276
v -0.341807 0.030155 -0.491619
v -0.340037 0.028451 -0.529674
v -0.333613 0.028298 -0.530690
v -0.449278 0.021430 -0.572976
v -0.391319 0.031109 -0.522902
v -0.374756 0.030089 -0.531106
v -0.355231 0.029636 -0.430000
v -0.350428 0.029748 -0.443891
v -0.528611 0.019388 -0.545640
v -0.329470 0.027772 -0.540299
v -0.336224 0.028996 -0.516976
v -0.332306 0.028975 -0.511189
v -0.442557 0.027036 -0.546579
v -0.565013 0.009608 -0.579765
v -0.579959 0.009164 -0.579772
v -0.575718 0.012021 -0.565610
v -0.330669 0.029079 -0.501764
v -0.418939 0.014354 -0.609613
v -0.381906 0.015672 -0.609613
v -0.353251 0.017714 -0.609613
v -0.365731 0.016825 -0.609612
v -0.338052 0.018453 -0.609612
v -0.347964 0.023592 -0.579584
v -0.328058 0.025848 -0.562913
v -0.336506 0.029908 -0.465701
v -0.342400 0.030327 -0.479497
v -0.392740 0.032421 -0.480876
v -0.367583 0.031625 -0.499836
v -0.415011 0.032343 -0.489344
v -0.448255 0.032385 -0.498794
v -0.437976 0.032257 -0.482496
v -0.394640 0.015095 -0.609612
v -0.400639 0.014929 -0.609612
v -0.411314 0.014562 -0.609613
v -0.321894 0.029360 -0.461422
v -0.555662 0.014529 -0.557836
v -0.451363 0.015413 -0.609613
v -0.463581 0.015088 -0.609612
v -0.474034 0.013915 -0.609613
v -0.479082 0.013243 -0.609613
v -0.323645 0.030697 -0.426726
v -0.319803 0.028688 -0.488469
v -0.320681 0.028850 -0.481776
v -0.534909 0.008754 -0.592325
v -0.538769 0.008185 -0.602112
v -0.550361 0.007762 -0.592348
v -0.423616 0.031689 -0.472662
v -0.345952 0.030143 -0.430809
v -0.302570 0.028251 -0.477813
v -0.314716 0.028941 -0.473190
v -0.419326 0.031260 -0.512315
v -0.306399 0.028748 -0.470311
v -0.361595 0.031608 -0.490248
v -0.380402 0.032060 -0.471622
v -0.373802 0.030784 -0.455375
v -0.535627 0.015216 -0.562014
v -0.565122 0.007920 -0.597839
v -0.577483 0.008528 -0.592773
v -0.541263 0.010837 -0.577700
v -0.522270 0.010721 -0.587201
v -0.554128 0.008353 -0.603548
v -0.392506 0.031503 -0.460560
v -0.390063 0.032057 -0.468927
v -0.350302 0.030211 -0.459557
v -0.375365 0.029387 -0.436045
v -0.329424 0.029382 -0.485188
v -0.324901 0.029454 -0.472848
v -0.360924 0.030305 -0.454294
v -0.310304 0.029203 -0.462901
v -0.366384 0.029767 -0.445853
v -0.339697 0.029753 -0.450597
v -0.548048 0.010295 -0.609613
v -0.554283 0.010175 -0.609612
v -0.590838 0.008414 -0.589436
v -0.296217 0.028584 -0.468058
v -0.312803 0.031306 -0.420202
v -0.304742 0.029271 -0.454097
v -0.300502 0.029652 -0.445308
v -0.305381 0.030391 -0.432884
v -0.322793 0.027955 -0.525362
v -0.324555 0.028312 -0.512518
v -0.576587 0.010758 -0.609613
v -0.479182 0.013230 -0.609613
v -0.584972 0.009882 -0.600357
v -0.324677 0.018850 -0.609613
v -0.345046 0.029322 -0.522582
v -0.427040 0.014437 -0.609613
v -0.450907 0.030814 -0.521810
v -0.495694 0.011421 -0.609613
v -0.562966 0.010394 -0.609613
v -0.586071 0.010802 -0.608434
v -0.585006 0.010972 -0.609611
v -0.323279 0.027725 -0.536897
v -0.536399 0.010816 -0.609613
v -0.479147 0.013235 -0.609613
v -0.436284 0.014876 -0.609612
v -0.443297 0.015255 -0.609612
v -0.379036 0.029556 -0.415845
v -0.391105 0.029613 -0.428746
v -0.384443 0.031532 -0.460818
v -0.528897 0.010973 -0.609613
v 0.211974 0.046137 -0.197577
v 0.227450 0.045093 -0.196662
v 0.220556 0.045207 -0.206210
v 0.120614 0.046596 -0.247622
v 0.125791 0.047167 -0.242520
v 0.126751 0.044931 -0.249744
v 0.239505 0.030298 -0.410791
v 0.228468 0.030702 -0.416767
v 0.226559 0.031433 -0.406766
v 0.260980 0.041665 -0.275434
v 0.246253 0.042221 -0.270038
v 0.252748 0.042422 -0.262209
v 0.222929 0.034731 -0.377293
v 0.210075 0.035925 -0.371042
v 0.214539 0.036438 -0.365498
v 0.151591 0.043317 -0.253603
v 0.145608 0.042654 -0.258385
v 0.147273 0.044290 -0.248344
v 0.161608 0.046853 -0.211570
v 0.172602 0.046484 -0.201371
v 0.170952 0.043776 -0.213959
v 0.191192 0.042053 -0.265503
v 0.196844 0.043310 -0.249267
v 0.203742 0.042679 -0.265982
v 0.229276 0.044397 -0.209975
v 0.219821 0.044509 -0.218245
v 0.136303 0.044203 -0.250025
v 0.130848 0.042952 -0.260596
v 0.161612 0.044777 -0.221790
v 0.151894 0.046187 -0.226969
v 0.235542 0.036832 -0.354666
v 0.221251 0.037050 -0.352637
v 0.223924 0.036992 -0.344077
v 0.226571 0.036402 -0.364975
v 0.189751 0.043062 -0.235760
v 0.177458 0.043130 -0.244148
v 0.181428 0.042803 -0.234548
v 0.201558 0.043707 -0.233822
v 0.167277 0.042098 -0.257449
v 0.156851 0.042588 -0.257066
v 0.159895 0.043612 -0.248732
v 0.174493 0.043057 -0.232147
v 0.175412 0.042600 -0.222080
v 0.184011 0.042430 -0.225559
v 0.256227 0.034656 -0.376872
v 0.246284 0.034168 -0.378706
v 0.242687 0.035701 -0.368930
v 0.242503 0.039150 -0.318825
v 0.250917 0.038920 -0.326129
v 0.242783 0.038089 -0.329328
v 0.240068 0.044289 -0.206980
v 0.213778 0.043146 -0.259981
v 0.216842 0.042634 -0.270353
v 0.257967 0.032808 -0.392405
v 0.248349 0.032636 -0.388941
v 0.161424 0.040564 -0.300299
v 0.162602 0.039653 -0.284715
v 0.172935 0.039892 -0.290481
v 0.226461 0.032374 -0.394137
v 0.213147 0.034501 -0.382191
v 0.150181 0.049258 -0.216324
v 0.140478 0.048653 -0.229464
v 0.253056 0.030883 -0.406070
v 0.262632 0.032471 -0.400344
v 0.124124 0.053425 -0.231985
v 0.134541 0.052667 -0.225767
v 0.130021 0.049434 -0.235297
v 0.203625 0.037282 -0.330138
v 0.214593 0.037140 -0.335177
v 0.207519 0.037435 -0.346121
v 0.202231 0.037757 -0.314456
v 0.191545 0.037976 -0.321418
v 0.183476 0.039634 -0.290207
v 0.188577 0.038757 -0.306145
v 0.173848 0.040393 -0.306400
v 0.255831 0.040984 -0.296655
v 0.267852 0.040535 -0.305674
v 0.255025 0.039920 -0.314977
v 0.179112 0.044543 -0.204873
v 0.251870 0.038180 -0.338357
v 0.228280 0.042448 -0.268133
v 0.223968 0.043152 -0.254177
v 0.207567 0.044411 -0.222244
v 0.212243 0.045427 -0.210288
v 0.215773 0.043914 -0.235542
v 0.190226 0.043050 -0.217094
v 0.182312 0.042781 -0.213850
v 0.155620 0.041313 -0.265516
v 0.237973 0.040941 -0.295739
v 0.222087 0.040665 -0.295579
v 0.228704 0.041839 -0.282127
v 0.199682 0.044965 -0.210620
v 0.189688 0.043840 -0.210665
v 0.188494 0.044700 -0.202450
v 0.168425 0.040640 -0.269981
v 0.274256 0.029591 -0.428444
v 0.262492 0.028792 -0.429280
v 0.267487 0.030029 -0.420132
v 0.257749 0.029502 -0.420569
v 0.263510 0.031205 -0.410328
v 0.267612 0.033955 -0.388532
v 0.270495 0.032805 -0.402017
v 0.180802 0.041984 -0.260273
v 0.179508 0.040228 -0.276255
v 0.269088 0.040059 -0.318531
v 0.121164 0.049455 -0.240953
v 0.166891 0.043748 -0.226032
v 0.264948 0.037309 -0.359706
v 0.250945 0.036923 -0.360452
v 0.256322 0.037881 -0.350227
v 0.244244 0.042735 -0.258307
v 0.133070 0.046501 -0.240793
v 0.143112 0.045870 -0.239146
v 0.251470 0.044384 -0.213103
v 0.244744 0.044136 -0.225612
v 0.271538 0.031601 -0.411609
v 0.229639 0.043987 -0.222931
v 0.210313 0.043354 -0.253004
v 0.215291 0.037379 -0.325635
v 0.243170 0.039849 -0.311980
v 0.244531 0.040345 -0.305417
v 0.184287 0.038951 -0.321907
v 0.177106 0.040219 -0.325266
v 0.180931 0.039599 -0.314612
v 0.147212 0.055416 -0.208530
v 0.142389 0.052083 -0.219058
v 0.130512 0.056764 -0.222105
v 0.139003 0.056388 -0.215266
v 0.251943 0.044905 -0.198632
v 0.189819 0.037626 -0.351714
v 0.202474 0.037022 -0.360975
v 0.230569 0.039653 -0.308885
v 0.216052 0.039475 -0.304277
v 0.237280 0.034294 -0.378195
v 0.229803 0.038043 -0.324091
v 0.216865 0.038380 -0.314309
v 0.237012 0.032094 -0.391664
v 0.269515 0.035367 -0.373751
v 0.114801 0.055731 -0.234929
v 0.116020 0.051847 -0.240368
v 0.207655 0.038776 -0.306421
v 0.113691 0.060489 -0.227961
v 0.122245 0.058835 -0.224848
v 0.197690 0.045736 -0.194541
v 0.153205 0.045033 -0.238835
v 0.232424 0.043623 -0.238467
v 0.213438 0.037211 -0.357617
v 0.214299 0.041581 -0.284499
v 0.207461 0.041987 -0.277119
v 0.164499 0.044021 -0.236941
v 0.158914 0.044690 -0.230469
v 0.195704 0.043484 -0.224471
v 0.140894 0.041005 -0.270177
v 0.259758 0.039381 -0.329139
v 0.268716 0.039603 -0.329617
v 0.263567 0.039754 -0.323127
v 0.203607 0.040796 -0.287123
v 0.199919 0.041204 -0.279494
v 0.200281 0.039183 -0.300074
v 0.191893 0.040778 -0.277458
v 0.209607 0.039995 -0.296482
v 0.152863 0.039904 -0.276707
v 0.224961 0.037190 -0.333430
v 0.194067 0.039950 -0.289706
v 0.246813 0.037365 -0.349416
v 0.237236 0.037172 -0.338531
v 0.185276 0.038928 -0.315348
v 0.247577 0.043339 -0.246461
v 0.236387 0.043084 -0.251076
v 0.266979 0.028736 -0.442115
v 0.248464 0.028296 -0.433445
v 0.215348 0.032967 -0.395588
v 0.237628 0.041981 -0.274366
v 0.236105 0.044128 -0.215564
v 0.188735 0.038053 -0.335732
v 0.236149 0.042558 -0.262542
v 0.244863 0.031115 -0.399743
v 0.265416 0.038931 -0.342397
v 0.250145 0.029441 -0.418591
v 0.244813 0.041642 -0.283234
v 0.233402 0.029494 -0.428715
v 0.238616 0.045037 -0.192878
v -0.268914 0.033586 -0.400183
v -0.272733 0.032855 -0.408803
v -0.217334 0.033270 -0.435141
v -0.225731 0.033274 -0.423835
v -0.239091 0.033745 -0.407965
v -0.247996 0.034079 -0.401000
v -0.241359 0.034284 -0.398852
v -0.213975 0.035261 -0.379603
v -0.213226 0.033823 -0.424594
v -0.218470 0.033657 -0.420261
v -0.211779 0.033977 -0.418194
v -0.242385 0.032533 -0.422687
v -0.160415 0.036498 -0.382008
v -0.167918 0.035534 -0.390220
v -0.184981 0.034555 -0.400945
v -0.243581 0.035280 -0.357425
v -0.193012 0.034328 -0.415171
v -0.188747 0.034308 -0.420871
v -0.198481 0.034244 -0.423828
v -0.196699 0.034522 -0.405196
v -0.202306 0.034698 -0.403565
v -0.257298 0.033740 -0.402529
v -0.240684 0.035263 -0.378866
v -0.215563 0.035085 -0.388105
v -0.232736 0.034051 -0.403896
v -0.160573 0.033760 -0.443450
v -0.163998 0.033735 -0.446094
v -0.169568 0.034242 -0.438236
v -0.155438 0.033783 -0.439375
v -0.271303 0.033958 -0.390145
v -0.163469 0.036949 -0.370428
v -0.168924 0.035848 -0.377995
v -0.173011 0.036219 -0.367814
v -0.235524 0.033191 -0.416579
v -0.229956 0.033797 -0.410730
v -0.234764 0.034709 -0.395619
v -0.185990 0.034916 -0.376495
v -0.189371 0.034783 -0.385596
v -0.226211 0.034980 -0.386907
v -0.229298 0.034889 -0.392656
v -0.234627 0.035062 -0.387606
v -0.228177 0.034570 -0.398823
v -0.203009 0.033919 -0.436962
v -0.208256 0.033853 -0.430511
v -0.204691 0.035057 -0.376832
v -0.196787 0.034745 -0.391616
v -0.188890 0.035387 -0.365297
v -0.196987 0.035612 -0.363383
v -0.186154 0.035928 -0.359966
v -0.174584 0.033527 -0.452450
v -0.172489 0.033939 -0.445666
v -0.164043 0.033179 -0.453610
v -0.198880 0.034034 -0.430133
v -0.190297 0.034309 -0.426847
v -0.184626 0.034356 -0.432590
v -0.156982 0.035317 -0.407632
v -0.175394 0.037112 -0.357022
v -0.205742 0.034199 -0.415291
v -0.205623 0.034024 -0.423566
v -0.263527 0.034209 -0.382747
v -0.272112 0.033758 -0.379934
v -0.280955 0.033669 -0.381544
v -0.180328 0.035501 -0.370360
v -0.204596 0.035330 -0.370263
v -0.255013 0.032590 -0.416021
v -0.253619 0.031519 -0.427873
v -0.180474 0.034114 -0.440665
v -0.223426 0.035896 -0.366232
v -0.173904 0.034559 -0.418232
v -0.166073 0.034863 -0.414047
v -0.169920 0.034515 -0.427148
v -0.246053 0.033137 -0.412306
v -0.241550 0.032900 -0.417559
v -0.212626 0.035752 -0.365659
v -0.186525 0.034587 -0.395590
v -0.210904 0.034684 -0.395365
v -0.278792 0.032840 -0.364411
v -0.270156 0.033360 -0.370431
v -0.222344 0.034298 -0.404809
v -0.180055 0.034340 -0.411364
v -0.181799 0.034413 -0.423267
v -0.221347 0.034864 -0.394842
v -0.191428 0.034431 -0.400386
v -0.184584 0.033619 -0.448110
v -0.232516 0.035335 -0.380404
v -0.207480 0.033375 -0.442751
v -0.160829 0.032057 -0.464214
v -0.169857 0.032722 -0.458382
v -0.180544 0.035065 -0.384884
v -0.176421 0.035357 -0.376531
v -0.152019 0.032161 -0.462517
v -0.265481 0.032896 -0.410995
v -0.170000 0.034981 -0.402565
v -0.166976 0.035015 -0.407174
v -0.165296 0.037324 -0.362169
v -0.156228 0.033253 -0.450376
v -0.190978 0.034016 -0.440201
v -0.192381 0.033788 -0.445999
v -0.171325 0.034737 -0.411394
v -0.154128 0.036036 -0.398379
v -0.152927 0.036476 -0.389708
v -0.205945 0.034142 -0.426423
v -0.155897 0.037473 -0.372394
v -0.156898 0.038227 -0.363457
v -0.152178 0.037161 -0.379789
v -0.147416 0.038727 -0.365585
v -0.149733 0.037853 -0.373548
v -0.194766 0.034085 -0.434778
v -0.217568 0.036719 -0.355837
v -0.022995 0.284151 0.073179
v -0.021019 0.284891 0.070919
v -0.024893 0.284459 0.069213
v -0.035645 0.289500 0.052594
v -0.030088 0.289646 0.047851
v -0.035002 0.289699 0.046858
v -0.054709 0.278418 0.035775
v -0.050845 0.280176 0.033519
v -0.053519 0.276534 0.030867
v -0.035274 0.286584 0.061081
v -0.037941 0.287294 0.061539
v -0.033839 0.285414 0.064209
v -0.045792 0.280966 0.030464
v -0.048240 0.282921 0.034207
v -0.052805 0.287919 0.044072
v -0.052195 0.289749 0.047459
v -0.051354 0.288458 0.045086
v -0.038696 0.285360 0.064903
v -0.057499 0.278385 0.047448
v -0.057368 0.269156 0.046118
v -0.056807 0.270769 0.049914
v -0.016350 0.287160 0.079686
v -0.020003 0.285277 0.077100
v -0.019499 0.285085 0.079828
v -0.049978 0.291024 0.055862
v -0.049961 0.288601 0.059332
v -0.046474 0.290245 0.059057
v -0.043011 0.290226 0.058241
v -0.040429 0.289737 0.055719
v -0.045113 0.291120 0.055405
v -0.035361 0.289122 0.042858
v -0.039129 0.289731 0.044819
v -0.017525 0.285638 0.069743
v -0.017348 0.287051 0.074169
v -0.044592 0.287319 0.039891
v -0.042655 0.289357 0.043557
v -0.039026 0.288069 0.040376
v -0.054178 0.262531 0.057651
v -0.055472 0.268659 0.054468
v -0.056892 0.258872 0.053584
v -0.041719 0.265305 0.069519
v -0.034470 0.266218 0.075856
v -0.038192 0.271879 0.072719
v -0.046680 0.287567 0.061901
v -0.043281 0.285464 0.064587
v -0.042419 0.288636 0.061829
v -0.053255 0.288454 0.057302
v -0.057161 0.273617 0.042673
v -0.056288 0.278660 0.040833
v -0.056237 0.273099 0.036666
v -0.057865 0.256578 0.041003
v -0.057454 0.266777 0.041594
v -0.056551 0.263341 0.036110
v -0.037209 0.280513 0.025156
v -0.040049 0.282142 0.029794
v -0.034799 0.282505 0.029140
v -0.021840 0.285340 0.066545
v -0.054172 0.281827 0.038374
v -0.050918 0.282597 0.036708
v -0.046715 0.289608 0.044326
v -0.055865 0.277466 0.052921
v -0.025102 0.285744 0.061567
v -0.019044 0.285680 0.061804
v -0.048345 0.284947 0.038056
v -0.032234 0.287752 0.038846
v -0.032468 0.285373 0.032680
v -0.037487 0.286190 0.035900
v -0.057887 0.243754 0.040262
v -0.059066 0.250533 0.046033
v -0.056160 0.283042 0.043342
v -0.052994 0.285378 0.041017
v -0.057411 0.261599 0.049237
v -0.039895 0.288919 0.058567
v -0.048040 0.291432 0.051364
v -0.041912 0.291258 0.052174
v -0.039723 0.281524 0.067818
v -0.035135 0.282326 0.068493
v -0.042980 0.284456 0.034371
v -0.028077 0.284436 0.029800
v -0.023672 0.285721 0.030698
v -0.025118 0.283607 0.026839
v -0.017752 0.289044 0.037661
v -0.019839 0.287918 0.033990
v -0.021010 0.289187 0.039341
v -0.026147 0.287193 0.035289
v -0.040866 0.286708 0.037498
v -0.044097 0.272628 0.067907
v -0.047575 0.275456 0.064982
v -0.048786 0.266198 0.063974
v -0.055339 0.289595 0.052053
v -0.039990 0.279285 0.024358
v -0.038757 0.279185 0.021957
v -0.042679 0.278372 0.022936
v -0.010910 0.288513 0.077763
v -0.043834 0.290758 0.047659
v -0.053151 0.256112 0.060523
v -0.046669 0.256073 0.064987
v -0.056122 0.252034 0.035798
v -0.031888 0.289313 0.043433
v -0.028231 0.285092 0.065485
v -0.016769 0.285619 0.066426
v -0.057426 0.260935 0.045076
v -0.011971 0.286768 0.069304
v -0.013364 0.285752 0.062221
v -0.047218 0.282616 0.064800
v -0.049192 0.286368 0.061661
v -0.041953 0.280169 0.026460
v -0.038895 0.290393 0.049050
v -0.031139 0.286433 0.060484
v -0.051743 0.284807 0.060152
v -0.012272 0.287837 0.084044
v -0.028948 0.288102 0.052834
v -0.024572 0.288731 0.049424
v -0.034216 0.278668 0.019779
v -0.058693 0.250976 0.051145
v -0.029811 0.283141 0.069242
v -0.007841 0.285718 0.063235
v -0.009915 0.285436 0.057936
v -0.050003 0.287567 0.042389
v -0.049876 0.289221 0.045411
v -0.014582 0.289479 0.035819
v -0.008405 0.289953 0.034959
v -0.012119 0.288056 0.030952
v -0.006620 0.286916 0.072933
v -0.007441 0.286127 0.068217
v -0.052020 0.271530 0.059873
v -0.048241 0.290358 0.047404
v -0.055246 0.287616 0.046039
v -0.015777 0.286333 0.055248
v -0.021429 0.287209 0.053317
v -0.022373 0.286342 0.057200
v -0.017534 0.284536 0.084033
v -0.048404 0.275355 0.022531
v -0.051215 0.275856 0.025184
v -0.047095 0.277207 0.024110
v -0.024240 0.282353 0.077668
v -0.007537 0.287162 0.047648
v -0.008075 0.286288 0.051636
v -0.004712 0.287532 0.047894
v -0.056923 0.253016 0.055985
v -0.034981 0.283953 0.066363
v -0.045229 0.275937 0.019428
v -0.054674 0.283597 0.056140
v -0.056379 0.282987 0.051683
v -0.034605 0.279769 0.071739
v -0.025052 0.265348 0.088309
v -0.030814 0.270702 0.079873
v -0.028707 0.264025 0.082180
v -0.019837 0.289132 0.045042
v -0.026553 0.289247 0.042671
v -0.013051 0.287693 0.047125
v -0.054107 0.269589 0.027820
v -0.042591 0.277229 0.068292
v -0.053763 0.276915 0.057315
v -0.006305 0.288577 0.044077
v -0.049414 0.278511 0.028170
v -0.038028 0.289287 0.056452
v -0.035456 0.287893 0.058381
v -0.031386 0.260643 0.077355
v -0.036012 0.261607 0.073013
v -0.027157 0.257992 0.083052
v -0.027320 0.286464 0.057074
v -0.051116 0.279312 0.061424
v -0.053051 0.281427 0.058779
v -0.031796 0.287695 0.056222
v -0.030781 0.281854 0.025310
v -0.031215 0.283206 0.029228
v -0.010559 0.289123 0.040719
v -0.030951 0.280927 0.072780
v -0.016264 0.289080 0.040935
v -0.037394 0.284121 0.032278
v -0.045407 0.279100 0.026406
v -0.035961 0.276626 0.073109
v -0.029035 0.277255 0.078692
v -0.039765 0.277271 0.018434
v -0.025312 0.261031 0.087861
v -0.019536 0.265284 0.094857
v -0.024301 0.271668 0.087562
v -0.005004 0.285377 0.056218
v -0.001794 0.286024 0.050517
v -0.016309 0.287550 0.031096
v -0.017733 0.272445 0.093510
v -0.024952 0.287648 0.053814
v -0.022710 0.282546 0.023972
v -0.026154 0.281870 0.023205
v -0.056829 0.284824 0.048493
v -0.018965 0.287948 0.050086
v -0.044801 0.275550 0.067355
v -0.027748 0.280352 0.019998
v -0.039182 0.257500 0.069124
v -0.020067 0.285241 0.028205
v -0.000635 0.283462 0.055609
v -0.021156 0.278703 0.086952
v -0.015753 0.277496 0.092274
v -0.012332 0.284821 0.088477
v -0.015245 0.281431 0.089801
v 0.033892 0.041639 0.583638
v 0.077315 0.042840 0.585491
v 0.083268 0.043281 0.577976
v 0.077531 0.042928 0.578998
v 0.033831 0.042121 0.576360
v 0.028572 0.042186 0.577540
v 0.036080 0.041558 0.585776
v 0.026703 0.040517 0.604946
v 0.037264 0.042913 0.566618
v 0.038771 0.042431 0.574354
v 0.042303 0.042842 0.568375
v 0.073399 0.040748 0.609602
v 0.081835 0.041292 0.607767
v 0.031686 0.040338 0.602641
v 0.037842 0.040598 0.598100
v 0.022436 0.040697 0.606269
v 0.024306 0.040989 0.596492
v 0.029970 0.040902 0.595006
v 0.060532 0.043064 0.567786
v 0.065714 0.043110 0.570375
v 0.064465 0.043477 0.564844
v 0.034172 0.043456 0.557093
v 0.042681 0.043317 0.560637
v 0.034520 0.042565 0.571319
v 0.030225 0.042512 0.570676
v 0.027659 0.040067 0.609601
v 0.036512 0.041950 0.579437
v 0.032236 0.042874 0.565557
v 0.028271 0.041501 0.587098
v 0.025452 0.042617 0.568784
v 0.022511 0.042471 0.572392
v 0.024275 0.042084 0.580194
v 0.051982 0.042536 0.575811
v 0.056470 0.042603 0.578540
v 0.056760 0.042819 0.574139
v 0.007759 0.042450 0.575670
v 0.005668 0.042827 0.567219
v -0.000176 0.042323 0.574297
v 0.035472 0.040074 0.604331
v 0.035428 0.039997 0.609602
v 0.037188 0.039929 0.609602
v 0.036641 0.040107 0.608155
v 0.113698 0.043266 0.599542
v 0.118066 0.043305 0.598343
v 0.026533 0.040152 0.609602
v 0.027137 0.043186 0.561210
v 0.090352 0.043510 0.582197
v 0.084952 0.043254 0.581821
v 0.084275 0.042950 0.586109
v 0.022168 0.041742 0.586236
v 0.019310 0.041391 0.592661
v 0.018289 0.040858 0.601691
v 0.019486 0.042165 0.577671
v 0.038767 0.041751 0.583480
v 0.039500 0.040101 0.609602
v 0.047880 0.043079 0.565217
v 0.079540 0.041060 0.609602
v 0.118871 0.043517 0.591645
v 0.123453 0.043600 0.594668
v 0.132736 0.043760 0.604883
v 0.131544 0.043863 0.598329
v 0.027281 0.043609 0.550219
v 0.021683 0.043813 0.549419
v 0.019813 0.043185 0.560795
v 0.022010 0.040450 0.609602
v 0.020534 0.040319 0.609602
v 0.054217 0.043117 0.568493
v 0.044324 0.041692 0.584797
v 0.048695 0.041752 0.585511
v 0.047941 0.042267 0.579713
v 0.012918 0.041097 0.597276
v 0.016048 0.041831 0.585181
v 0.014658 0.043910 0.547781
v 0.016476 0.042695 0.568226
v 0.049497 0.043486 0.559923
v 0.053965 0.043347 0.562072
v 0.040805 0.040039 0.604882
v 0.046051 0.040183 0.604914
v 0.043250 0.040583 0.597692
v 0.013876 0.040497 0.604010
v 0.041042 0.041121 0.590703
v 0.010737 0.041478 0.588697
v 0.011154 0.042104 0.581692
v 0.013893 0.042419 0.575241
v 0.010320 0.040591 0.606569
v 0.139107 0.044040 0.606582
v 0.143000 0.044141 0.598998
v 0.059818 0.043067 0.571441
v 0.011348 0.043446 0.558553
v 0.091762 0.041963 0.605632
v 0.009316 0.040422 0.609601
v 0.008720 0.040400 0.609602
v 0.004444 0.041027 0.598619
v 0.011128 0.040491 0.609602
v 0.040957 0.039963 0.609601
v 0.081823 0.042544 0.592082
v 0.070176 0.041837 0.595134
v 0.078720 0.042085 0.598776
v 0.129243 0.043552 0.609600
v 0.089570 0.042879 0.588930
v 0.070153 0.040902 0.606902
v 0.069392 0.041142 0.602401
v 0.063709 0.040575 0.607240
v 0.106845 0.042796 0.602473
v 0.100278 0.042989 0.593876
v 0.098981 0.042799 0.598376
v 0.102130 0.042672 0.603424
v 0.011203 0.042839 0.568524
v 0.134633 0.043715 0.609602
v 0.147467 0.044179 0.605785
v 0.016920 0.040304 0.609601
v 0.007679 0.044004 0.543107
v 0.010095 0.043808 0.549399
v 0.044464 0.039946 0.609601
v 0.006221 0.041741 0.585837
v 0.091410 0.042421 0.597887
v 0.084216 0.042109 0.602521
v 0.132801 0.043744 0.609601
v 0.010583 0.040409 0.609601
v 0.071682 0.042762 0.581427
v 0.059474 0.040732 0.602605
v 0.064361 0.040661 0.603830
v 0.042191 0.039989 0.609601
v 0.043709 0.039873 0.609601
v 0.004868 0.043782 0.551314
v 0.047141 0.041255 0.591742
v 0.047894 0.040508 0.597951
v 0.059066 0.043493 0.564149
v 0.002628 0.042017 0.580930
v 0.051314 0.040535 0.601409
v 0.006447 0.040301 0.609600
v 0.002211 0.043301 0.560634
v 0.005551 0.040349 0.609602
v 0.000745 0.043955 0.544326
v 0.043018 0.042248 0.577702
v 0.047413 0.039974 0.609602
v 0.053758 0.041095 0.595647
v 0.033611 0.039974 0.609601
v 0.029845 0.040043 0.609602
v 0.051041 0.040059 0.606645
v 0.053113 0.041656 0.588693
v 0.052717 0.042278 0.582322
v 0.047790 0.039961 0.609602
v 0.058112 0.041611 0.590990
v 0.061840 0.042645 0.576966
v 0.068827 0.042979 0.576642
v 0.059109 0.042309 0.584455
v 0.065636 0.042657 0.581740
v 0.061333 0.041440 0.594974
v 0.066069 0.042193 0.588377
v 0.059577 0.040207 0.609602
v 0.060905 0.040297 0.609602
v 0.113534 0.043149 0.605381
v 0.107957 0.043044 0.596489
v 0.064715 0.040427 0.609601
v 0.076566 0.041424 0.604396
v 0.084323 0.041236 0.609562
v 0.089593 0.043451 0.576617
v 0.084415 0.041241 0.609602
v 0.108552 0.043075 0.588509
v -0.000084 0.042930 0.567509
v 0.081496 0.043433 0.572833
v 0.097149 0.043272 0.585046
v 0.103107 0.043263 0.589438
v 0.127222 0.043873 0.598799
v 0.094621 0.042790 0.591769
v 0.099119 0.042272 0.605656
v 0.099909 0.042200 0.609601
v 0.095781 0.042809 0.595021
v 0.104090 0.043259 0.583407
v 0.111095 0.043132 0.595946
v 0.023408 0.040331 0.609602
v -0.000236 0.040409 0.609601
v 0.147809 0.044368 0.609601
v -0.295528 0.030304 -0.434361
v -0.229919 0.028087 -0.488534
v -0.296217 0.028584 -0.468058
v -0.291714 0.029020 -0.456745
v -0.278326 0.028175 -0.467833
v -0.288540 0.029746 -0.443991
v -0.291856 0.029477 -0.447250
v -0.225627 0.029147 -0.479853
v -0.217500 0.029368 -0.486345
v -0.219665 0.028545 -0.494589
v -0.206728 0.029764 -0.491455
v -0.250327 0.028473 -0.466892
v -0.241106 0.028524 -0.472624
v -0.203977 0.028181 -0.505991
v -0.212852 0.028367 -0.502527
v -0.201619 0.028960 -0.499546
v -0.276621 0.027466 -0.475897
v -0.278486 0.026962 -0.481676
v -0.283636 0.027789 -0.474677
v -0.290936 0.027711 -0.478360
v -0.192256 0.029470 -0.495410
v -0.197339 0.029651 -0.493127
v -0.273067 0.025578 -0.496903
v -0.272080 0.024985 -0.507026
v -0.281125 0.025507 -0.502836
v -0.210838 0.031756 -0.460289
v -0.204026 0.031651 -0.467469
v -0.266052 0.025833 -0.492607
v -0.275235 0.026178 -0.489902
v -0.263629 0.026176 -0.486747
v -0.191546 0.032890 -0.457305
v -0.184584 0.033619 -0.448110
v -0.232817 0.026215 -0.524220
v -0.299819 0.026592 -0.502081
v -0.299701 0.026374 -0.509481
v -0.304100 0.026792 -0.508159
v -0.157836 0.029798 -0.483784
v -0.164616 0.028564 -0.494534
v -0.152767 0.029167 -0.491893
v -0.186641 0.028137 -0.509034
v -0.196788 0.027654 -0.515681
v -0.177444 0.027635 -0.518771
v -0.174320 0.027850 -0.512620
v -0.166778 0.027796 -0.518348
v -0.261446 0.024759 -0.520361
v -0.293365 0.027001 -0.489080
v -0.302570 0.028251 -0.477813
v -0.220181 0.027436 -0.508914
v -0.231649 0.027278 -0.499539
v -0.240633 0.025987 -0.513085
v -0.247972 0.025357 -0.516896
v -0.164773 0.027983 -0.507551
v -0.155259 0.028126 -0.507227
v -0.272036 0.024892 -0.518715
v -0.169934 0.031779 -0.466655
v -0.172815 0.030847 -0.474524
v -0.310966 0.028264 -0.487041
v -0.223928 0.026437 -0.524698
v -0.186417 0.027379 -0.523476
v -0.230329 0.026685 -0.512717
v -0.307519 0.027133 -0.497988
v -0.153423 0.027802 -0.522156
v -0.152631 0.027676 -0.532606
v -0.159993 0.027722 -0.528363
v -0.219461 0.031317 -0.459879
v -0.273051 0.031785 -0.420389
v -0.277502 0.030398 -0.434489
v -0.280914 0.031312 -0.424101
v -0.289176 0.032711 -0.407988
v -0.278709 0.033501 -0.400270
v -0.309116 0.027163 -0.508337
v -0.207695 0.027633 -0.513085
v -0.196033 0.028339 -0.506181
v -0.240362 0.030134 -0.454501
v -0.239266 0.031162 -0.443883
v -0.233692 0.030720 -0.452779
v -0.202498 0.027189 -0.520331
v -0.288113 0.031419 -0.422835
v -0.227447 0.030602 -0.460447
v -0.225919 0.031801 -0.447135
v -0.244112 0.031653 -0.432604
v -0.251538 0.030653 -0.440700
v -0.181072 0.030898 -0.475247
v -0.178329 0.031679 -0.467479
v -0.260663 0.027742 -0.471064
v -0.267199 0.027124 -0.477904
v -0.265481 0.032896 -0.410995
v -0.216694 0.030073 -0.477793
v -0.186407 0.032020 -0.466071
v -0.192360 0.031111 -0.475230
v -0.249600 0.026143 -0.494219
v -0.240540 0.026947 -0.490592
v -0.241358 0.029141 -0.464106
v -0.258586 0.028280 -0.464633
v -0.196680 0.030269 -0.485649
v -0.191072 0.030524 -0.482143
v -0.259209 0.025821 -0.492925
v -0.261364 0.025354 -0.499981
v -0.270788 0.028316 -0.463610
v -0.305381 0.030391 -0.432884
v -0.300502 0.029652 -0.445308
v -0.248376 0.029283 -0.457731
v -0.250294 0.025623 -0.502566
v -0.175396 0.029920 -0.482601
v -0.285977 0.025496 -0.523269
v -0.279987 0.025419 -0.527030
v -0.252902 0.025089 -0.521037
v -0.304742 0.029271 -0.454097
v -0.208537 0.026821 -0.525094
v -0.218195 0.027080 -0.517279
v -0.182745 0.027828 -0.514833
v -0.178717 0.028072 -0.508422
v -0.207480 0.033375 -0.442751
v -0.213533 0.031001 -0.469225
v -0.217334 0.033270 -0.435141
v -0.252737 0.029835 -0.450635
v -0.246766 0.030305 -0.448756
v -0.169328 0.027858 -0.511055
v -0.171367 0.028036 -0.505463
v -0.176813 0.028487 -0.499917
v -0.240830 0.026161 -0.505845
v -0.206499 0.030705 -0.479537
v -0.186277 0.027198 -0.532985
v -0.197969 0.026671 -0.536648
v -0.268256 0.029677 -0.445951
v -0.186019 0.028982 -0.498995
v -0.177502 0.027606 -0.526314
v -0.286182 0.030087 -0.437199
v -0.279786 0.029170 -0.452096
v -0.269126 0.030594 -0.432262
v -0.261266 0.030540 -0.435996
v -0.152575 0.030302 -0.481011
v -0.169857 0.032722 -0.458382
v -0.179040 0.029382 -0.490990
v -0.291103 0.025784 -0.508748
v -0.185100 0.029747 -0.488495
v -0.180146 0.030069 -0.483469
v -0.234470 0.030074 -0.460786
v -0.160139 0.027586 -0.537661
v -0.282343 0.026083 -0.494520
v -0.242928 0.026179 -0.500278
v -0.289478 0.026242 -0.499126
v -0.195766 0.032134 -0.464599
v -0.283514 0.030733 -0.430174
v -0.168538 0.027642 -0.529960
v -0.249826 0.025129 -0.529808
v -0.262996 0.024733 -0.533307
v -0.253619 0.031519 -0.427873
v -0.223026 0.026130 -0.536734
v -0.293878 0.032953 -0.403143
v -0.273532 0.025265 -0.525682
v -0.269090 0.024773 -0.525948
v -0.176935 0.027579 -0.533405
v -0.293216 0.026088 -0.514394
v -0.275517 0.033345 -0.404317
v -0.171734 0.027626 -0.538109
v -0.233248 0.032332 -0.433644
v -0.297612 0.032320 -0.410182
v -0.160829 0.032057 -0.464214
v -0.024801 0.254519 0.084758
v -0.024435 0.251958 0.082931
v -0.021373 0.251111 0.086550
v -0.027080 0.250870 0.074496
v -0.028874 0.249124 0.071345
v -0.025394 0.246454 0.070367
v -0.031107 0.235583 0.074084
v -0.032388 0.236282 0.072570
v -0.031617 0.235536 0.075606
v -0.033576 0.238600 0.070662
v -0.029826 0.236555 0.070439
v -0.031640 0.240376 0.069333
v -0.024933 0.236977 0.069789
v -0.035121 0.237412 0.072471
v -0.029151 0.234418 0.075812
v -0.026024 0.233112 0.079884
v -0.033439 0.234853 0.077017
v -0.027986 0.242907 0.069127
v -0.022691 0.250127 0.080109
v -0.026318 0.253641 0.080347
v -0.029074 0.234156 0.072573
v -0.026622 0.229188 0.084147
v -0.021390 0.229746 0.086205
v -0.036303 0.215688 0.075592
v -0.041044 0.212497 0.071668
v -0.039066 0.208507 0.073170
v -0.030647 0.247843 0.069539
v -0.040631 0.217718 0.071625
v -0.024289 0.243013 0.069487
v -0.025381 0.232227 0.069409
v -0.036012 0.261607 0.073013
v -0.032808 0.256024 0.072824
v -0.031386 0.260643 0.077355
v -0.030880 0.213437 0.079398
v -0.030865 0.219188 0.081019
v -0.022833 0.240208 0.070349
v -0.037652 0.224045 0.075253
v -0.030867 0.251467 0.071221
v -0.021012 0.242415 0.070429
v -0.028822 0.256402 0.077701
v -0.027157 0.257992 0.083052
v -0.035189 0.251802 0.068843
v -0.037038 0.240676 0.068916
v -0.037140 0.232214 0.075518
v -0.029795 0.224998 0.082581
v -0.044905 0.222587 0.067894
v -0.033936 0.209135 0.075767
v -0.032381 0.204000 0.074759
v -0.028132 0.207211 0.078037
v -0.039962 0.178688 0.068240
v -0.035230 0.187671 0.070011
v -0.044973 0.180645 0.069748
v -0.015541 0.196497 0.073951
v -0.022163 0.201285 0.076551
v -0.024110 0.190806 0.070541
v -0.039048 0.193582 0.071628
v -0.047367 0.186723 0.070526
v -0.031362 0.181204 0.067611
v -0.036407 0.171471 0.065358
v -0.030346 0.198369 0.073276
v -0.019202 0.204713 0.080648
v -0.016500 0.202130 0.078859
v -0.043470 0.195977 0.071348
v -0.037545 0.202605 0.073055
v -0.034341 0.200155 0.073305
v -0.045449 0.170590 0.067320
v -0.059538 0.239779 0.048963
v -0.058827 0.229565 0.050409
v -0.058508 0.241774 0.054127
v -0.057662 0.229863 0.054871
v -0.058693 0.250976 0.051145
v -0.059066 0.250533 0.046033
v -0.059246 0.238945 0.044492
v -0.055439 0.221188 0.055650
v -0.055203 0.228794 0.058523
v -0.057887 0.243754 0.040262
v -0.056923 0.253016 0.055985
v -0.056946 0.220620 0.051407
v -0.020198 0.229519 0.083469
v -0.021711 0.228516 0.077367
v -0.026424 0.231579 0.074696
v -0.024457 0.228699 0.071543
v -0.027030 0.231335 0.071923
v -0.019028 0.231030 0.067948
v -0.022398 0.227875 0.067644
v -0.008015 0.237952 0.071104
v -0.009274 0.243128 0.075293
v -0.015214 0.239725 0.071114
v -0.018482 0.225439 0.066233
v -0.002063 0.242514 0.072791
v -0.005532 0.240326 0.072267
v -0.003140 0.238141 0.070993
v -0.018561 0.236551 0.069534
v -0.019281 0.239646 0.070339
v -0.019520 0.245605 0.074812
v -0.011169 0.232920 0.068103
v -0.016586 0.228423 0.082056
v -0.015228 0.229025 0.087946
v -0.011091 0.228271 0.083636
v -0.017764 0.226689 0.091279
v -0.020929 0.225066 0.070900
v -0.011956 0.227300 0.092129
v -0.008010 0.228850 0.089336
v -0.017862 0.227097 0.077941
v -0.014110 0.226481 0.077385
v -0.018008 0.225706 0.074680
v -0.007255 0.228604 0.077319
v -0.015564 0.222811 0.070129
v -0.000376 0.230725 0.080885
v 0.001314 0.231780 0.076417
v -0.000152 0.232362 0.074694
v 0.001794 0.230640 0.077620
v 0.001638 0.232418 0.073125
v 0.002219 0.225084 0.085414
v 0.002355 0.226269 0.080254
v 0.000716 0.234623 0.071256
v 0.002716 0.233474 0.069634
v -0.001691 0.232509 0.071917
v 0.002871 0.230804 0.071576
v 0.004753 0.229328 0.070962
v 0.003609 0.228692 0.073879
v 0.003000 0.230919 0.075162
v 0.002947 0.228357 0.077448
v 0.004587 0.231676 0.068898
v -0.002603 0.227733 0.088393
v -0.014729 0.247652 0.081840
v 0.004598 0.227313 0.075542
v 0.005783 0.227581 0.073180
v 0.003880 0.224340 0.081755
v 0.000595 0.238009 0.068971
v 0.002434 0.235471 0.068629
v 0.003064 0.234525 0.068553
v 0.002701 0.235838 0.065024
v 0.003693 0.234008 0.067566
v 0.005732 0.232679 0.065517
v -0.001689 0.235309 0.070371
v 0.003103 0.237761 0.061567
v 0.001987 0.240022 0.064335
v 0.000613 0.241973 0.067999
v 0.006382 0.229416 0.068938
v 0.004449 0.234884 0.062084
v -0.018712 0.214658 0.090824
v -0.016021 0.209063 0.086580
v -0.013588 0.216906 0.094799
v 0.000401 0.213339 0.089015
v -0.005822 0.213750 0.091694
v -0.003752 0.209039 0.085714
v -0.010384 0.201118 0.078175
v -0.022181 0.208068 0.082217
v -0.021390 0.212295 0.087021
v -0.000370 0.223863 0.089709
v 0.000225 0.221470 0.090535
v 0.001217 0.222207 0.088208
v -0.001713 0.221927 0.091533
v -0.002960 0.224172 0.092161
v -0.009103 0.216249 0.094338
v -0.007091 0.217916 0.096081
v -0.005154 0.228812 0.087760
v -0.002525 0.216911 0.093931
v -0.003939 0.221456 0.094598
v -0.000125 0.219050 0.091787
v -0.006966 0.225893 0.093651
v -0.009483 0.222002 0.096702
v -0.015407 0.222760 0.095184
v -0.012008 0.224991 0.094652
v -0.010569 0.212910 0.091169
v -0.008478 0.208160 0.086166
v -0.017257 0.220576 0.094656
v -0.021544 0.223491 0.090608
v 0.002351 0.218075 0.089149
v -0.035118 0.245553 0.067746
v 0.004522 0.216165 0.085474
v -0.020025 0.218869 0.092490
v 0.002804 0.220746 0.086992
v -0.051056 0.238328 0.062868
v -0.050958 0.228190 0.062999
v -0.045004 0.232166 0.068476
v -0.053151 0.256112 0.060523
v -0.052424 0.247980 0.061909
v -0.046669 0.256073 0.064987
v -0.047171 0.205828 0.066987
v -0.044646 0.205963 0.069947
v -0.045279 0.212302 0.066499
v -0.050350 0.205003 0.064436
v -0.040567 0.240462 0.068059
v -0.038205 0.237616 0.071844
v -0.055774 0.238544 0.058842
v -0.039182 0.257500 0.069124
v -0.046856 0.198192 0.070086
v -0.042432 0.202304 0.071557
v -0.048751 0.190649 0.069827
v -0.049542 0.217945 0.062466
v -0.052905 0.222167 0.059401
v -0.053197 0.215554 0.057431
v -0.049859 0.199799 0.066917
v -0.051103 0.192399 0.067740
v -0.053484 0.233945 0.060432
v -0.051865 0.209550 0.060116
v -0.056139 0.247653 0.058229
v -0.041113 0.250711 0.066515
v -0.046652 0.245396 0.064785
v -0.042921 0.239045 0.067976
v -0.047227 0.239510 0.065619
v -0.041046 0.243774 0.066544
v -0.001013 0.240152 0.070264
v 0.006091 0.224934 0.077759
v 0.000918 0.220307 0.089032
v 0.005409 0.220941 0.082471
v -0.022375 0.216368 0.089304
v -0.026143 0.214265 0.084035
v -0.024982 0.219635 0.087688
v -0.008586 0.226584 0.071018
v -0.004835 0.229470 0.072020
v -0.006751 0.228037 0.066804
v -0.005473 0.229237 0.084957
v -0.002779 0.230981 0.075717
v -0.006250 0.231452 0.068185
v -0.003419 0.231132 0.069453
v -0.009696 0.224491 0.066762
v -0.013147 0.226629 0.065826
v -0.002411 0.233313 0.069696
v -0.011572 0.224033 0.068880
v -0.011454 0.225395 0.072600
v -0.012700 0.222298 0.065995
v -0.004965 0.234334 0.069698
v 0.566464 0.047501 -0.133225
v 0.565204 0.047679 -0.140221
v 0.560761 0.047899 -0.140062
v 0.554284 0.048430 -0.115197
v 0.558361 0.048343 -0.114868
v 0.552608 0.048305 -0.121417
v 0.564261 0.048171 -0.153433
v 0.563847 0.049307 -0.157492
v 0.561922 0.049376 -0.155088
v 0.533044 0.048975 -0.133906
v 0.534926 0.049004 -0.132530
v 0.534735 0.048808 -0.138227
v 0.554763 0.048330 -0.139494
v 0.552886 0.048511 -0.135571
v 0.557588 0.048033 -0.134552
v 0.559737 0.049689 -0.167423
v 0.565913 0.049353 -0.163332
v 0.562106 0.049772 -0.171666
v 0.568433 0.047728 -0.148393
v 0.570411 0.047284 -0.141271
v 0.573194 0.047497 -0.146114
v 0.567147 0.047514 -0.127397
v 0.564586 0.047447 -0.129521
v 0.560784 0.048028 -0.127432
v 0.535136 0.049159 -0.146332
v 0.530130 0.048932 -0.143172
v 0.558642 0.049846 -0.161077
v 0.554321 0.049643 -0.157893
v 0.558616 0.049445 -0.155060
v 0.547752 0.050117 -0.169602
v 0.536893 0.050189 -0.170292
v 0.540999 0.050161 -0.166138
v 0.529734 0.048790 -0.131545
v 0.524574 0.049173 -0.134172
v 0.521006 0.049508 -0.114110
v 0.511493 0.050488 -0.108272
v 0.518641 0.049951 -0.105163
v 0.523245 0.049799 -0.106243
v 0.525134 0.049388 -0.109245
v 0.543944 0.048834 -0.132795
v 0.540893 0.048678 -0.125794
v 0.550480 0.048455 -0.130106
v 0.547276 0.049318 -0.151809
v 0.550946 0.048878 -0.145138
v 0.554882 0.049101 -0.151675
v 0.561272 0.048226 -0.119632
v 0.567523 0.047804 -0.122324
v 0.544107 0.048559 -0.118385
v 0.535934 0.048748 -0.119737
v 0.567949 0.047868 -0.116788
v 0.573023 0.048111 -0.111194
v 0.574873 0.047520 -0.118257
v 0.538554 0.048722 -0.130512
v 0.549375 0.048528 -0.138251
v 0.547136 0.048858 -0.142018
v 0.543338 0.048884 -0.138460
v 0.577560 0.048002 -0.150835
v 0.578454 0.047262 -0.142416
v 0.585201 0.047441 -0.149583
v 0.549285 0.048980 -0.199263
v 0.550276 0.049406 -0.193435
v 0.556558 0.048804 -0.198752
v 0.548000 0.050206 -0.176443
v 0.571598 0.047384 -0.122738
v 0.574813 0.047218 -0.126131
v 0.569920 0.047751 -0.124677
v 0.549335 0.050007 -0.162970
v 0.566815 0.048669 -0.154419
v 0.577393 0.047078 -0.134859
v 0.546121 0.048796 -0.110283
v 0.550976 0.048606 -0.114004
v 0.565838 0.048291 -0.150911
v 0.538174 0.050266 -0.176417
v 0.535431 0.049965 -0.166055
v 0.535935 0.049672 -0.162943
v 0.532388 0.049079 -0.107941
v 0.530243 0.048854 -0.112291
v 0.537012 0.049011 -0.113383
v 0.586895 0.047171 -0.140534
v 0.562955 0.048090 -0.147885
v 0.533566 0.049432 -0.155186
v 0.543014 0.049445 -0.156464
v 0.538972 0.049823 -0.159850
v 0.568268 0.049259 -0.177472
v 0.569924 0.049321 -0.170156
v 0.573351 0.049165 -0.173949
v 0.526031 0.049529 -0.102234
v 0.556815 0.048502 -0.145289
v 0.534545 0.049116 -0.102825
v 0.541132 0.049125 -0.104989
v 0.557126 0.048540 -0.109591
v 0.571034 0.048360 -0.153216
v 0.534245 0.050287 -0.180715
v 0.543645 0.050307 -0.180354
v 0.542660 0.049927 -0.184167
v 0.531751 0.049166 -0.150500
v 0.526181 0.049449 -0.152370
v 0.525675 0.049276 -0.148494
v 0.573529 0.048783 -0.161533
v 0.578348 0.048255 -0.158256
v 0.516721 0.050480 -0.094494
v 0.523818 0.049277 -0.143727
v 0.526902 0.048990 -0.139236
v 0.528145 0.049306 -0.155666
v 0.522682 0.049417 -0.155888
v 0.536629 0.050319 -0.186596
v 0.544543 0.049818 -0.188727
v 0.565104 0.048231 -0.113098
v 0.555668 0.050037 -0.172541
v 0.560545 0.049794 -0.179117
v 0.543328 0.049215 -0.145573
v 0.539545 0.049391 -0.151492
v 0.554282 0.050045 -0.167100
v 0.558549 0.049049 -0.193739
v 0.551738 0.049581 -0.188744
v 0.559855 0.049125 -0.188043
v 0.565723 0.049536 -0.173151
v 0.515888 0.049583 -0.133049
v 0.522181 0.049302 -0.127354
v 0.533436 0.049455 -0.096964
v 0.525170 0.049993 -0.093168
v 0.562174 0.048363 -0.109680
v 0.557274 0.048152 -0.206016
v 0.539535 0.049062 -0.099937
v 0.533227 0.049530 -0.088242
v 0.535504 0.049387 -0.092191
v 0.530870 0.049661 -0.091833
v 0.529159 0.049799 -0.163524
v 0.518678 0.049894 -0.162406
v 0.552181 0.048788 -0.096341
v 0.546003 0.049084 -0.098735
v 0.549982 0.049032 -0.091996
v 0.512053 0.049999 -0.123695
v 0.511747 0.050172 -0.115598
v 0.518226 0.049549 -0.120471
v 0.571811 0.048741 -0.099662
v 0.565301 0.048494 -0.099949
v 0.567546 0.048940 -0.094535
v 0.549487 0.048874 -0.102335
v 0.592752 0.047249 -0.150727
v 0.594724 0.047052 -0.145008
v 0.526170 0.049396 -0.113536
v 0.549278 0.049769 -0.157258
v 0.579379 0.048123 -0.108535
v 0.578008 0.047777 -0.112771
v 0.577052 0.048728 -0.164733
v 0.547576 0.048595 -0.125401
v 0.560551 0.048578 -0.101525
v 0.564091 0.048617 -0.104339
v 0.527750 0.048942 -0.122334
v 0.533049 0.048693 -0.128210
v 0.568545 0.049145 -0.185462
v 0.551485 0.050044 -0.183279
v 0.583311 0.047823 -0.157210
v 0.587323 0.047924 -0.162703
v 0.584489 0.047876 -0.165705
v 0.509398 0.050940 -0.099607
v 0.569363 0.048523 -0.106995
v 0.515682 0.049546 -0.142740
v 0.520665 0.049483 -0.148817
v 0.538017 0.049946 -0.183335
v 0.558356 0.048962 -0.094925
v 0.519841 0.050545 -0.090218
v 0.541327 0.049270 -0.093769
v 0.553690 0.048850 -0.105461
v 0.575770 0.048471 -0.108890
v 0.575145 0.048466 -0.107533
v 0.544499 0.049352 -0.088706
v 0.517103 0.050407 -0.086285
v 0.522270 0.050123 -0.086501
v 0.527732 0.049866 -0.086251
v 0.580631 0.048397 -0.163261
v 0.530084 0.050319 -0.173926
v 0.510603 0.050336 -0.085145
v 0.577158 0.048476 -0.103304
v 0.565505 0.048902 -0.193175
v 0.521481 0.049336 -0.138309
v 0.591810 0.047518 -0.161485
v 0.589172 0.047755 -0.170094
v 0.578716 0.048707 -0.172793
v 0.538345 0.049578 -0.086730
v 0.506849 0.050910 -0.090698
v 0.529167 0.049286 -0.146513
v 0.554348 0.049245 -0.093750
v 0.577049 0.048572 -0.184352
v 0.571202 0.048549 -0.192904
v 0.514060 0.050156 -0.080724
v 0.577736 0.048362 -0.099654
v 0.577967 0.048758 -0.096480
v 0.575573 0.048611 -0.092771
v 0.519450 0.050022 -0.079955
v 0.542081 0.049551 -0.193310
v 0.582114 0.048498 -0.170250
v 0.581576 0.048180 -0.177429
v 0.514570 0.049849 -0.074768
v 0.509555 0.050163 -0.078812
v 0.567392 0.048464 -0.200780
v 0.585515 0.048052 -0.174626
v 0.507962 0.049251 -0.072414
v 0.527503 0.048893 -0.127043
v 0.541223 0.048761 -0.200576
v 0.531701 0.049710 -0.194283
v 0.529364 0.048919 -0.116172
v 0.539329 0.049141 -0.134451
v 0.546209 0.048468 -0.123353
v 0.530922 0.049663 -0.159053
v 0.594028 0.046870 -0.138162
v 0.523846 0.050165 -0.082460
v 0.525404 0.049987 -0.168075
v 0.583159 0.048444 -0.098913
v 0.601841 0.046910 -0.097277
v 0.604963 0.046515 -0.110105
v 0.601268 0.046519 -0.109101
v 0.587300 0.047007 -0.129461
v 0.584247 0.047430 -0.113594
v 0.591855 0.047532 -0.108106
v 0.593364 0.047348 -0.100897
v 0.597199 0.047206 -0.104065
v 0.588712 0.047778 -0.102003
v 0.587996 0.047997 -0.098056
v 0.590942 0.047689 -0.096622
v 0.604323 0.046312 -0.121886
v 0.597272 0.047005 -0.113937
v 0.583354 0.047867 -0.104066
v 0.585994 0.047584 -0.107478
v 0.587308 0.047150 -0.118227
v 0.588922 0.047117 -0.121494
v 0.582938 0.047304 -0.121169
v 0.594915 0.046901 -0.122598
v 0.591112 0.047080 -0.116515
v 0.597877 0.046714 -0.132352
v 0.607383 0.046157 -0.105075
v -0.043047 0.038161 0.609601
v -0.012742 0.042909 0.565088
v -0.006350 0.042562 0.571345
v -0.004516 0.042850 0.564093
v -0.006070 0.040892 0.594083
v 0.000394 0.041543 0.586834
v -0.005124 0.041288 0.587190
v -0.028521 0.038776 0.606568
v -0.022535 0.038966 0.606876
v -0.013308 0.040638 0.592442
v -0.009756 0.041060 0.588848
v -0.084890 0.038093 0.594643
v -0.085757 0.038180 0.589205
v -0.089882 0.038060 0.592529
v -0.025383 0.039467 0.599117
v -0.022137 0.039528 0.602907
v -0.016587 0.039937 0.598353
v -0.019683 0.041966 0.573106
v -0.023566 0.041222 0.579568
v -0.017899 0.041388 0.580994
v -0.052156 0.039437 0.595131
v -0.047904 0.039174 0.596254
v -0.044542 0.039734 0.591167
v -0.004066 0.040460 0.604319
v -0.000580 0.040879 0.596759
v -0.016501 0.039633 0.605071
v -0.010572 0.040144 0.602823
v -0.086253 0.037655 0.601106
v -0.092227 0.037564 0.597359
v -0.093569 0.037222 0.606314
v -0.034159 0.038998 0.604328
v -0.080613 0.038141 0.596645
v -0.052271 0.038846 0.601382
v -0.060905 0.038525 0.601847
v -0.052506 0.038037 0.609602
v -0.054153 0.038226 0.606922
v -0.078081 0.037424 0.609602
v -0.081180 0.037240 0.609601
v 0.001717 0.041297 0.591942
v -0.065217 0.038882 0.595123
v -0.020021 0.042446 0.565361
v -0.018126 0.042866 0.559646
v -0.033973 0.041024 0.578167
v -0.037971 0.040517 0.584580
v -0.032360 0.040510 0.585422
v -0.042418 0.042276 0.551455
v -0.036686 0.042180 0.557280
v -0.037717 0.042677 0.548296
v -0.036425 0.043296 0.531716
v -0.041409 0.042992 0.532251
v -0.036144 0.043086 0.540733
v -0.022745 0.038789 0.609601
v -0.038405 0.039643 0.593950
v -0.047939 0.038899 0.602323
v -0.003915 0.040315 0.609596
v -0.004623 0.040251 0.609602
v -0.029779 0.038632 0.609601
v -0.032867 0.042507 0.553638
v -0.078682 0.037662 0.605593
v -0.083667 0.037384 0.604576
v -0.013786 0.041631 0.582333
v -0.012732 0.041921 0.576405
v -0.031948 0.042081 0.561543
v -0.044969 0.039336 0.597361
v -0.031415 0.039980 0.591614
v -0.029157 0.043393 0.539636
v -0.041303 0.041779 0.561840
v -0.041539 0.041281 0.570311
v -0.034611 0.041602 0.569182
v -0.019938 0.040223 0.593267
v -0.027770 0.042573 0.558706
v -0.068151 0.037590 0.609601
v -0.028841 0.038654 0.609600
v -0.025138 0.039988 0.593925
v -0.029857 0.039559 0.596024
v -0.017109 0.039375 0.609602
v -0.027188 0.040744 0.584865
v -0.028975 0.041354 0.577556
v -0.030713 0.042855 0.548219
v -0.023234 0.043124 0.550046
v -0.024075 0.042199 0.566818
v -0.022627 0.042699 0.559667
v -0.019889 0.043795 0.537270
v -0.021835 0.040444 0.589723
v -0.078074 0.037424 0.609602
v -0.015847 0.039582 0.609601
v -0.028691 0.042081 0.568216
v -0.038435 0.040933 0.576733
v -0.025064 0.041705 0.573715
v -0.013950 0.043328 0.551773
v -0.019757 0.043233 0.555761
v -0.078063 0.037425 0.609602
v -0.074357 0.037554 0.609602
v -0.009364 0.041488 0.583278
v -0.004726 0.043833 0.548401
v 0.000745 0.043955 0.544326
v -0.006911 0.044108 0.539631
v -0.003691 0.040257 0.609602
v -0.030362 0.043616 0.528691
v -0.055955 0.041939 0.539079
v -0.049589 0.041794 0.547516
v -0.050252 0.042175 0.540331
v -0.076423 0.041418 0.539776
v -0.072060 0.041620 0.536958
v -0.073879 0.038728 0.589386
v -0.071237 0.039212 0.583797
v -0.075649 0.038800 0.585493
v -0.058504 0.042516 0.528023
v -0.052404 0.041375 0.557627
v -0.057233 0.041536 0.548795
v -0.060384 0.041141 0.557761
v -0.064216 0.041103 0.549500
v -0.082698 0.040471 0.555002
v -0.063496 0.041947 0.533184
v -0.071627 0.041212 0.543548
v -0.075953 0.040206 0.561423
v -0.073354 0.040935 0.551439
v -0.064250 0.041558 0.540906
v -0.073414 0.039840 0.567912
v -0.079444 0.039794 0.567549
v -0.077977 0.038559 0.588666
v -0.080229 0.038681 0.584975
v -0.065471 0.040769 0.554340
v -0.045096 0.042569 0.539263
v -0.047922 0.043042 0.528083
v -0.051331 0.042649 0.530904
v -0.067413 0.041745 0.535786
v -0.092609 0.038673 0.576279
v -0.087619 0.038633 0.578145
v -0.087068 0.039361 0.571722
v -0.066080 0.040285 0.567717
v -0.055732 0.040685 0.568981
v -0.061376 0.039987 0.578191
v -0.060141 0.039567 0.587178
v -0.053164 0.040146 0.580381
v -0.053687 0.042940 0.525280
v -0.050725 0.043322 0.521768
v -0.005493 0.040142 0.609602
v -0.047460 0.043065 0.525451
v -0.083719 0.040214 0.559818
v -0.067174 0.039218 0.586649
v -0.051795 0.042381 0.535572
v -0.044644 0.040431 0.581399
v -0.090192 0.039938 0.558035
v -0.069042 0.041801 0.532717
v -0.067001 0.040707 0.558514
v -0.086988 0.039720 0.564008
v -0.068276 0.039541 0.578479
v -0.034247 0.042718 0.547405
v -0.089812 0.038170 0.587962
v -0.086219 0.038603 0.583468
v -0.093269 0.038271 0.583142
v -0.046483 0.041756 0.556658
v -0.004120 0.043426 0.556230
v -0.094454 0.037848 0.590632
v -0.047537 0.041239 0.565917
v -0.072301 0.039676 0.573215
v -0.076585 0.039577 0.571156
v -0.080457 0.039139 0.576637
v -0.074425 0.039174 0.580071
v -0.080449 0.039279 0.571516
v -0.050863 0.040840 0.572621
v -0.082683 0.037124 0.609602
v -0.055801 0.039827 0.587448
v -0.076132 0.038293 0.594535
v -0.042225 0.043616 0.521883
v -0.043564 0.039146 0.601296
v -0.000571 0.043731 0.550019
v -0.057660 0.039259 0.593075
v -0.071656 0.038664 0.594270
v 0.002628 0.042017 0.580930
v -0.000176 0.042323 0.574297
v -0.002694 0.041958 0.581606
v 0.004868 0.043782 0.551314
v 0.002211 0.043301 0.560634
v 0.004444 0.041027 0.598619
v -0.051072 0.038046 0.609598
v -0.051146 0.039799 0.588393
v -0.041502 0.038283 0.609601
v -0.005980 0.042055 0.577662
v -0.034974 0.039439 0.598546
v -0.000084 0.042930 0.567509
v -0.026320 0.040494 0.590266
v -0.048001 0.038256 0.609600
v 0.073782 0.053441 -0.270810
v 0.083554 0.056871 -0.258816
v 0.080040 0.051390 -0.274605
v 0.071055 0.048424 -0.284090
v 0.065057 0.051432 -0.277846
v 0.170480 0.038631 -0.353524
v 0.168757 0.040149 -0.343449
v 0.178439 0.039104 -0.343803
v 0.127340 0.039477 -0.305163
v 0.131858 0.038792 -0.295207
v 0.138924 0.039379 -0.300329
v 0.085920 0.062849 -0.240637
v 0.094244 0.060456 -0.242747
v 0.142913 0.040888 -0.308676
v 0.151064 0.039782 -0.297146
v 0.151738 0.040759 -0.305286
v 0.154166 0.041732 -0.310521
v 0.161424 0.040564 -0.300299
v 0.051353 0.058777 -0.254641
v 0.052215 0.061893 -0.243212
v 0.064617 0.061610 -0.246760
v 0.075922 0.031965 -0.395166
v 0.063190 0.032195 -0.387575
v 0.070823 0.032621 -0.385648
v 0.062873 0.031430 -0.395998
v 0.052567 0.031344 -0.391334
v 0.071348 0.033802 -0.371492
v 0.079505 0.033123 -0.382737
v 0.065699 0.033046 -0.379193
v 0.130848 0.042952 -0.260596
v 0.118411 0.045073 -0.257191
v 0.126751 0.044931 -0.249744
v 0.152007 0.030418 -0.414964
v 0.150019 0.031445 -0.403245
v 0.158321 0.031784 -0.401352
v 0.068361 0.030980 -0.401734
v 0.054517 0.030659 -0.401016
v 0.055950 0.030263 -0.408270
v 0.061751 0.030788 -0.402756
v 0.050368 0.032602 -0.376641
v 0.065311 0.030420 -0.407870
v 0.061781 0.033436 -0.373452
v 0.061083 0.034192 -0.364717
v 0.067742 0.036226 -0.341122
v 0.078903 0.036007 -0.335810
v 0.075926 0.035310 -0.347170
v 0.062327 0.035759 -0.347649
v 0.055621 0.035071 -0.354539
v 0.056769 0.036176 -0.344251
v 0.148023 0.041904 -0.313510
v 0.077842 0.048542 -0.282272
v 0.078497 0.045807 -0.288578
v 0.103053 0.046001 -0.276526
v 0.110613 0.045238 -0.271980
v 0.110959 0.043105 -0.281651
v 0.107098 0.037551 -0.328489
v 0.105291 0.036388 -0.340054
v 0.096558 0.035703 -0.338879
v 0.189819 0.037626 -0.351714
v 0.178956 0.037200 -0.362112
v 0.151836 0.033079 -0.389334
v 0.163971 0.033338 -0.390456
v 0.048802 0.035457 -0.349939
v 0.046770 0.036581 -0.341915
v 0.141628 0.031911 -0.396931
v 0.142070 0.032965 -0.388187
v 0.124104 0.033824 -0.369990
v 0.133447 0.033862 -0.376358
v 0.129691 0.032724 -0.386341
v 0.122872 0.030928 -0.406237
v 0.131237 0.031597 -0.399465
v 0.128251 0.030518 -0.409104
v 0.133090 0.035108 -0.365499
v 0.141959 0.037008 -0.360576
v 0.141863 0.034242 -0.376429
v 0.161381 0.037069 -0.364875
v 0.157941 0.039253 -0.353542
v 0.164716 0.038232 -0.358041
v 0.066752 0.035271 -0.353346
v 0.087089 0.045545 -0.286458
v 0.082473 0.048085 -0.282099
v 0.136897 0.041308 -0.334237
v 0.129216 0.040403 -0.334085
v 0.112315 0.045859 -0.264746
v 0.110065 0.047865 -0.258218
v 0.085066 0.031647 -0.399309
v 0.094236 0.031472 -0.402445
v 0.083249 0.031197 -0.403969
v 0.046162 0.033878 -0.362993
v 0.091858 0.049635 -0.273543
v 0.104005 0.048534 -0.265313
v 0.161410 0.031232 -0.409503
v 0.167203 0.030948 -0.413469
v 0.159621 0.030264 -0.418794
v 0.146312 0.031737 -0.400293
v 0.113765 0.048960 -0.248482
v 0.110433 0.030744 -0.409471
v 0.109820 0.029576 -0.420201
v 0.102796 0.030477 -0.412705
v 0.072327 0.042957 -0.297180
v 0.086844 0.041963 -0.296254
v 0.077999 0.038640 -0.310255
v 0.169308 0.036923 -0.365306
v 0.174091 0.035615 -0.375258
v 0.118631 0.030215 -0.413711
v 0.127282 0.030034 -0.415631
v 0.057458 0.037364 -0.331318
v 0.051452 0.039107 -0.321702
v 0.062725 0.038594 -0.317426
v 0.117116 0.030981 -0.405243
v 0.085899 0.035030 -0.346953
v 0.076959 0.034515 -0.359838
v 0.136810 0.032450 -0.391191
v 0.138674 0.030531 -0.409855
v 0.173706 0.031373 -0.412502
v 0.174986 0.032680 -0.399191
v 0.177990 0.031674 -0.409748
v 0.115894 0.035015 -0.357070
v 0.112238 0.033767 -0.366750
v 0.103832 0.034866 -0.352934
v 0.095673 0.067250 -0.224126
v 0.078332 0.065312 -0.234442
v 0.166511 0.032348 -0.400649
v 0.052600 0.051570 -0.278385
v 0.057841 0.045744 -0.294102
v 0.068183 0.059098 -0.254738
v 0.061530 0.057350 -0.260187
v 0.152380 0.042525 -0.319538
v 0.161217 0.041943 -0.313357
v 0.158316 0.042491 -0.324572
v 0.146217 0.039019 -0.289212
v 0.152863 0.039904 -0.276707
v 0.162602 0.039653 -0.284715
v 0.122029 0.031481 -0.399410
v 0.126408 0.031877 -0.394216
v 0.137211 0.033170 -0.384075
v 0.152713 0.036164 -0.368855
v 0.163715 0.035104 -0.377193
v 0.075634 0.061133 -0.248308
v 0.059539 0.029762 -0.416827
v 0.072189 0.030029 -0.413509
v 0.200180 0.035605 -0.374067
v 0.191002 0.035608 -0.374390
v 0.190583 0.036381 -0.366250
v 0.114328 0.037259 -0.342892
v 0.122674 0.039052 -0.293250
v 0.136356 0.039369 -0.283049
v 0.133596 0.039654 -0.341935
v 0.125290 0.038700 -0.342164
v 0.071890 0.037121 -0.325532
v 0.183886 0.033565 -0.394048
v 0.185191 0.031971 -0.409467
v 0.095952 0.029596 -0.424270
v 0.100107 0.028428 -0.436248
v 0.085212 0.029274 -0.428267
v 0.041660 0.038387 -0.331456
v 0.097620 0.044344 -0.285575
v 0.104129 0.062328 -0.231649
v 0.113691 0.060489 -0.227961
v 0.106930 0.056677 -0.240139
v 0.133356 0.037667 -0.351808
v 0.124396 0.036057 -0.354821
v 0.145183 0.041606 -0.335953
v 0.151477 0.042309 -0.330789
v 0.151427 0.040983 -0.343325
v 0.119573 0.039718 -0.316050
v 0.105898 0.037835 -0.314248
v 0.142294 0.042434 -0.322595
v 0.104852 0.052102 -0.252015
v 0.110274 0.052716 -0.243881
v 0.104625 0.031407 -0.402631
v 0.177185 0.031014 -0.418069
v 0.169981 0.030144 -0.423425
v 0.064016 0.040878 -0.306414
v 0.127012 0.028435 -0.437000
v 0.134007 0.028800 -0.432830
v 0.134340 0.028180 -0.440855
v 0.178716 0.034523 -0.385167
v 0.184871 0.034365 -0.384952
v 0.185431 0.038095 -0.344657
v 0.112003 0.028001 -0.439272
v 0.112287 0.028713 -0.431115
v 0.052516 0.041263 -0.310597
v 0.177106 0.040219 -0.325266
v 0.188735 0.038053 -0.335732
v 0.141714 0.039789 -0.346249
v 0.166726 0.041661 -0.322685
v 0.173848 0.040393 -0.306400
v 0.184293 0.035506 -0.375683
v 0.107899 0.039033 -0.301868
v 0.114936 0.040007 -0.292312
v 0.093599 0.039305 -0.303599
v 0.093510 0.037686 -0.312524
v 0.130984 0.041046 -0.275112
v 0.121217 0.043096 -0.270632
v 0.130853 0.041835 -0.269186
v 0.069445 0.056522 -0.262730
v 0.096444 0.030254 -0.415547
v 0.102294 0.029955 -0.420886
v 0.122775 0.040595 -0.283254
v 0.118674 0.038927 -0.303886
v 0.228468 0.030702 -0.416767
v 0.218647 0.031829 -0.410621
v 0.225905 0.031206 -0.411039
v 0.104076 0.040945 -0.293791
v 0.210075 0.035925 -0.371042
v 0.202474 0.037022 -0.360975
v 0.205475 0.034404 -0.385090
v 0.213147 0.034501 -0.382191
v 0.087941 0.035863 -0.332795
v 0.116020 0.051847 -0.240368
v 0.194044 0.030822 -0.423700
v 0.197177 0.032045 -0.410901
v 0.169903 0.040957 -0.333479
v 0.161487 0.041486 -0.337330
v 0.121612 0.032942 -0.381755
v 0.121311 0.032295 -0.390589
v 0.215348 0.032967 -0.395588
v 0.210264 0.032919 -0.398270
v 0.204083 0.033412 -0.393544
v 0.188373 0.034101 -0.389308
v 0.193200 0.034482 -0.383679
v 0.193912 0.033197 -0.396719
v 0.090089 0.032728 -0.389417
v 0.100858 0.032698 -0.387764
v 0.113018 0.032582 -0.386183
v 0.083021 0.032556 -0.390654
v 0.111807 0.031572 -0.398858
v 0.116372 0.033392 -0.375500
v 0.171606 0.034014 -0.386178
v 0.132572 0.040721 -0.312394
v 0.104200 0.029210 -0.427633
v 0.106798 0.033259 -0.377187
v 0.091344 0.034301 -0.358653
v 0.094871 0.034854 -0.349159
v 0.114801 0.055731 -0.234929
v 0.182697 0.030300 -0.424890
v 0.182764 0.028729 -0.440917
v 0.094206 0.033447 -0.379183
v 0.226559 0.031433 -0.406766
v 0.127218 0.028966 -0.429316
v 0.119664 0.028279 -0.436030
v 0.164193 0.039794 -0.348853
v 0.062715 0.065862 -0.230743
v 0.099571 0.033914 -0.367018
v 0.085848 0.033995 -0.370681
v 0.121164 0.049455 -0.240953
v 0.139263 0.029457 -0.423308
v 0.141488 0.028968 -0.432889
v 0.104957 0.032041 -0.395628
v 0.085966 0.032054 -0.395716
v 0.107210 0.031551 -0.399042
v 0.057468 0.058061 -0.257630
v 0.149310 0.038611 -0.355019
v 0.095226 0.036656 -0.323903
v 0.083722 0.036700 -0.323117
v 0.061091 0.029327 -0.424458
v 0.055370 0.029502 -0.422647
v 0.140894 0.041005 -0.270177
v 0.096184 0.054078 -0.256957
v 0.114591 0.040920 -0.287836
v 0.120614 0.046596 -0.247622
v 0.084676 0.030145 -0.414656
v 0.072203 0.029581 -0.421560
v 0.075345 0.030739 -0.406309
v 0.169754 0.033286 -0.393162
v 0.100689 0.056909 -0.245540
v 0.067576 0.028972 -0.432930
v 0.084426 0.028727 -0.438192
v 0.074480 0.028439 -0.443646
v 0.046966 0.034861 -0.355395
v 0.130512 0.029534 -0.420647
v 0.154626 0.029734 -0.424833
v 0.160112 0.029532 -0.429054
v 0.199524 0.030000 -0.436496
v 0.206614 0.032608 -0.403762
v 0.213456 0.032660 -0.401860
v 0.202627 0.030761 -0.428107
v 0.208017 0.031560 -0.419174
v 0.220844 0.030542 -0.426617
v 0.150114 0.029265 -0.432520
v 0.148000 0.029497 -0.425820
v 0.144326 0.028633 -0.438894
v 0.174664 0.029582 -0.430357
v 0.226003 0.029288 -0.437907
v 0.233402 0.029494 -0.428715
v 0.209813 0.030486 -0.432978
v 0.218521 0.029527 -0.439706
v 0.059231 0.028167 -0.443423
v 0.052253 0.028292 -0.437600
v 0.049145 0.028835 -0.428497
v 0.119644 0.028803 -0.430413
v 0.151079 0.028836 -0.439071
v 0.120693 0.029350 -0.423520
v 0.166247 0.029184 -0.434003
v 0.171198 0.055007 0.059535
v 0.167653 0.054838 0.068916
v 0.175098 0.054872 0.066381
v 0.193327 0.054664 0.057742
v 0.183022 0.054769 0.066127
v 0.192873 0.054492 0.072047
v 0.187322 0.054055 0.032778
v 0.184243 0.054064 0.024943
v 0.172203 0.055036 0.051990
v 0.179169 0.055344 0.054222
v 0.202707 0.054215 0.067949
v 0.180310 0.054212 0.036353
v 0.176327 0.054589 0.075630
v 0.184598 0.054457 0.073331
v 0.177267 0.054989 0.061711
v 0.184842 0.054728 0.044157
v 0.203289 0.053946 0.076275
v 0.175054 0.049083 -0.149045
v 0.191716 0.049416 -0.151406
v 0.189471 0.047066 -0.163424
v 0.166677 0.051281 -0.170183
v 0.166687 0.050211 -0.164331
v 0.170511 0.049679 -0.171759
v 0.123228 0.076416 -0.182404
v 0.133869 0.075229 -0.178594
v 0.137145 0.073781 -0.185008
v 0.226230 0.054238 -0.051565
v 0.229564 0.053957 -0.054353
v 0.227100 0.050967 -0.126472
v 0.214053 0.050771 -0.126034
v 0.223882 0.050872 -0.118526
v 0.206644 0.045547 -0.180857
v 0.218531 0.046144 -0.172561
v 0.218477 0.045685 -0.179721
v 0.224612 0.053623 -0.086030
v 0.219966 0.052446 -0.093074
v 0.200459 0.052137 -0.136467
v 0.191255 0.051494 -0.130139
v 0.198585 0.051207 -0.131498
v 0.125817 0.067410 -0.146211
v 0.116638 0.065424 -0.139397
v 0.153522 0.055540 -0.157124
v 0.149389 0.053614 -0.146067
v 0.157899 0.051497 -0.154627
v 0.221837 0.054541 -0.048067
v 0.251674 0.046600 -0.181627
v 0.217581 0.054986 -0.050718
v 0.214981 0.051373 -0.136634
v 0.224239 0.051047 -0.132710
v 0.227177 0.051144 -0.140191
v 0.199242 0.051176 -0.128041
v 0.204298 0.050900 -0.126727
v 0.205418 0.051063 -0.131213
v 0.135375 0.056865 -0.133724
v 0.140416 0.053984 -0.129824
v 0.107637 0.076922 -0.171757
v 0.125557 0.076192 -0.172208
v 0.211549 0.051018 -0.115184
v 0.198055 0.051061 -0.121249
v 0.196655 0.052198 -0.107327
v 0.174858 0.051658 -0.133898
v 0.181542 0.050791 -0.142194
v 0.132990 0.074112 -0.167024
v 0.122221 0.075204 -0.162840
v 0.211842 0.051787 -0.105818
v 0.203339 0.053122 -0.097167
v 0.213042 0.052329 -0.097561
v 0.185116 0.051604 -0.114194
v 0.181163 0.051453 -0.122538
v 0.234347 0.051326 -0.133049
v 0.242908 0.051759 -0.123992
v 0.244101 0.051577 -0.136851
v 0.174893 0.048577 -0.178879
v 0.174983 0.048159 -0.166251
v 0.251943 0.044905 -0.198632
v 0.242673 0.045990 -0.184604
v 0.225191 0.054996 -0.060030
v 0.103874 0.073411 -0.201993
v 0.116165 0.074221 -0.195656
v 0.113197 0.070705 -0.208101
v 0.244567 0.051324 -0.148917
v 0.238517 0.051441 -0.144334
v 0.246838 0.050952 -0.145048
v 0.179112 0.044543 -0.204873
v 0.172602 0.046484 -0.201371
v 0.181225 0.046136 -0.195757
v 0.232820 0.049750 -0.159920
v 0.242892 0.049848 -0.163510
v 0.165930 0.049129 -0.153602
v 0.154601 0.051150 -0.143093
v 0.231375 0.053912 -0.086979
v 0.229238 0.052491 -0.096995
v 0.228449 0.051530 -0.108871
v 0.225061 0.051968 -0.100529
v 0.161053 0.053805 -0.165680
v 0.220671 0.051325 -0.145409
v 0.213615 0.050699 -0.151371
v 0.209224 0.052048 -0.143901
v 0.142367 0.071995 -0.171320
v 0.136454 0.074573 -0.174457
v 0.203436 0.050523 -0.150845
v 0.204447 0.048620 -0.157523
v 0.101550 0.070738 -0.211436
v 0.095673 0.067250 -0.224126
v 0.092991 0.071082 -0.212046
v 0.094703 0.076641 -0.161595
v 0.106039 0.074960 -0.154748
v 0.113127 0.076294 -0.165115
v 0.183169 0.047000 -0.173616
v 0.228365 0.047261 -0.168962
v 0.176125 0.048120 -0.158275
v 0.197011 0.051615 -0.144368
v 0.219866 0.051822 -0.102703
v 0.141660 0.055977 -0.139232
v 0.223788 0.050297 -0.153001
v 0.226465 0.054695 -0.078200
v 0.229012 0.055080 -0.069820
v 0.237205 0.054745 -0.079563
v 0.219429 0.048263 -0.161373
v 0.175019 0.047919 -0.190297
v 0.233053 0.051317 -0.120622
v 0.241909 0.051181 -0.154288
v 0.231234 0.051332 -0.149424
v 0.206665 0.051435 -0.147814
v 0.252642 0.050607 -0.151447
v 0.250346 0.050008 -0.161950
v 0.247730 0.052670 -0.109124
v 0.237280 0.052076 -0.109614
v 0.238576 0.053387 -0.095393
v 0.179306 0.051664 -0.129248
v 0.186431 0.051752 -0.136208
v 0.220056 0.051239 -0.110578
v 0.142079 0.073066 -0.179313
v 0.136856 0.061342 -0.144377
v 0.114338 0.065739 -0.218265
v 0.104129 0.062328 -0.231649
v 0.107100 0.066875 -0.220114
v 0.229587 0.045710 -0.181304
v 0.211974 0.046137 -0.197577
v 0.197690 0.045736 -0.194541
v 0.238616 0.045037 -0.192878
v 0.167799 0.052242 -0.124687
v 0.184096 0.046720 -0.184138
v 0.192277 0.046067 -0.176433
v 0.125478 0.067912 -0.207632
v 0.128790 0.073193 -0.193924
v 0.137290 0.067157 -0.200753
v 0.188494 0.044700 -0.202450
v 0.188776 0.045861 -0.192292
v 0.193929 0.045853 -0.185277
v 0.120715 0.072636 -0.154117
v 0.129027 0.072145 -0.158393
v 0.113691 0.060489 -0.227961
v 0.122064 0.063597 -0.217414
v 0.122245 0.058835 -0.224848
v 0.146534 0.053111 -0.136243
v 0.165933 0.049974 -0.197169
v 0.169171 0.050789 -0.186459
v 0.109337 0.075029 -0.194068
v 0.098511 0.075510 -0.192269
v 0.206671 0.046560 -0.167676
v 0.236028 0.054719 -0.058978
v 0.110718 0.066376 -0.139223
v 0.218812 0.045606 -0.186379
v 0.112231 0.070115 -0.145127
v 0.231684 0.054413 -0.047597
v 0.122016 0.075225 -0.189345
v 0.113216 0.075951 -0.188523
v 0.092785 0.071228 -0.142539
v 0.174258 0.051747 -0.114973
v 0.103285 0.076835 -0.181107
v 0.198888 0.046010 -0.171659
v 0.141001 0.070585 -0.191358
v 0.137109 0.069331 -0.158923
v 0.142651 0.064400 -0.156619
v 0.144685 0.058542 -0.149567
v 0.148739 0.060716 -0.158767
v 0.146517 0.064700 -0.161826
v 0.131717 0.061998 -0.212866
v 0.130512 0.056764 -0.222105
v 0.151226 0.064071 -0.167467
v 0.155436 0.058066 -0.164106
v 0.144730 0.067887 -0.164664
v 0.141497 0.060784 -0.206583
v 0.139003 0.056388 -0.215266
v 0.148255 0.063813 -0.196101
v 0.146363 0.070133 -0.185941
v 0.157126 0.055423 -0.161939
v 0.148906 0.068220 -0.172216
v 0.149988 0.068833 -0.179182
v 0.142531 0.057493 -0.210130
v 0.154860 0.063914 -0.175586
v 0.158953 0.058280 -0.171817
v 0.159949 0.058557 -0.185825
v 0.163323 0.054398 -0.190289
v 0.157074 0.058952 -0.192272
v 0.160627 0.058269 -0.179845
v 0.156131 0.063266 -0.181518
v 0.153517 0.064660 -0.186594
v 0.147212 0.055416 -0.208530
v 0.154221 0.057263 -0.199293
v 0.156831 0.051793 -0.204555
v 0.164620 0.054499 -0.184236
v 0.166313 0.052607 -0.176754
v 0.161608 0.046853 -0.211570
v 0.150181 0.049258 -0.216324
v 0.160417 0.053959 -0.196716
v 0.227450 0.045093 -0.196662
v 0.365754 0.051225 0.014304
v 0.376543 0.051055 0.018902
v 0.371691 0.051363 0.012910
v 0.320239 0.050324 -0.020204
v 0.322889 0.050884 -0.022072
v 0.319791 0.050861 -0.022772
v 0.358196 0.051158 -0.021584
v 0.361070 0.050701 -0.023614
v 0.358041 0.051176 -0.025582
v 0.317676 0.051967 -0.058371
v 0.317136 0.052036 -0.053718
v 0.323129 0.052147 -0.058923
v 0.362731 0.051102 -0.029410
v 0.357897 0.050388 -0.029981
v 0.290181 0.052944 -0.046345
v 0.283572 0.053106 -0.042999
v 0.289460 0.052980 -0.041881
v 0.325195 0.051903 -0.051995
v 0.319179 0.051804 -0.048774
v 0.319558 0.051987 -0.035928
v 0.323263 0.051971 -0.039489
v 0.349867 0.051541 -0.047021
v 0.345845 0.051792 -0.051532
v 0.342332 0.051620 -0.045911
v 0.317294 0.051100 -0.024827
v 0.320608 0.051383 -0.024744
v 0.323361 0.051419 -0.028362
v 0.334389 0.052117 -0.000977
v 0.341549 0.051429 -0.011293
v 0.329867 0.051207 -0.010558
v 0.360795 0.051454 -0.019655
v 0.364488 0.050687 -0.022162
v 0.287085 0.052790 -0.031515
v 0.290924 0.052490 -0.037631
v 0.296939 0.052447 -0.021395
v 0.301447 0.052130 -0.025265
v 0.294512 0.052148 -0.027157
v 0.347551 0.050828 -0.027781
v 0.334079 0.050748 -0.028083
v 0.341125 0.051015 -0.021342
v 0.288199 0.053590 -0.053010
v 0.353585 0.051774 -0.056260
v 0.349303 0.052070 -0.053897
v 0.353216 0.051589 -0.050745
v 0.331577 0.051474 -0.041767
v 0.322224 0.051658 -0.044331
v 0.348633 0.052141 -0.059027
v 0.351764 0.052110 -0.063259
v 0.344850 0.052032 -0.064206
v 0.288684 0.052726 -0.022510
v 0.350928 0.051444 -0.007249
v 0.351941 0.050982 -0.019212
v 0.294984 0.052557 -0.042849
v 0.320439 0.051379 -0.009928
v 0.310325 0.051403 -0.013056
v 0.316631 0.052446 -0.002881
v 0.314118 0.052290 -0.035884
v 0.343722 0.051917 -0.000605
v 0.308635 0.051881 -0.028243
v 0.299644 0.052342 -0.036061
v 0.299398 0.052212 -0.029865
v 0.364104 0.051381 -0.038843
v 0.372106 0.051190 -0.038688
v 0.370562 0.051174 -0.045699
v 0.354151 0.050745 -0.031722
v 0.354425 0.050894 -0.027298
v 0.338241 0.051628 -0.042447
v 0.336580 0.051229 -0.039009
v 0.352149 0.051182 -0.040831
v 0.354519 0.052162 -0.044753
v 0.325878 0.051862 -0.002576
v 0.308729 0.051962 -0.052270
v 0.305162 0.052468 -0.060798
v 0.297670 0.053071 -0.052101
v 0.311265 0.052866 0.004817
v 0.325298 0.052660 0.007309
v 0.305032 0.052548 -0.005343
v 0.346447 0.051783 0.013128
v 0.345740 0.052064 0.005741
v 0.338563 0.052263 0.008187
v 0.385325 0.051184 0.014964
v 0.376949 0.051492 0.009195
v 0.350005 0.051938 0.000491
v 0.343806 0.051102 -0.031568
v 0.349240 0.050592 -0.033062
v 0.368406 0.051627 0.007367
v 0.358632 0.051777 0.000867
v 0.350988 0.052113 0.006633
v 0.314932 0.050772 -0.018616
v 0.308614 0.050886 -0.020724
v 0.308249 0.052184 -0.046708
v 0.304676 0.052393 -0.045186
v 0.310580 0.051819 -0.044178
v 0.377215 0.051465 -0.015468
v 0.375324 0.051254 -0.022721
v 0.370520 0.050911 -0.015616
v 0.369606 0.051776 -0.000402
v 0.356816 0.051039 -0.011414
v 0.335024 0.051046 -0.016317
v 0.315222 0.052119 -0.045939
v 0.357089 0.051403 -0.040776
v 0.358643 0.050995 -0.034689
v 0.355112 0.051544 -0.006745
v 0.379773 0.051561 -0.000542
v 0.373694 0.051442 -0.008430
v 0.339872 0.052159 0.014904
v 0.333228 0.052105 0.016623
v 0.364456 0.050901 -0.010619
v 0.360498 0.050667 -0.015354
v 0.313742 0.052462 0.015563
v 0.363055 0.050240 -0.016842
v 0.366246 0.050122 -0.017123
v 0.369202 0.050649 -0.021541
v 0.357754 0.050893 -0.017805
v 0.327333 0.050705 -0.018733
v 0.333692 0.050610 -0.021921
v 0.303992 0.051582 -0.019967
v 0.305420 0.051963 -0.023689
v 0.308189 0.052151 -0.038193
v 0.322838 0.050778 -0.014621
v 0.325711 0.050184 -0.022117
v 0.329336 0.050377 -0.023178
v 0.371380 0.051094 -0.026895
v 0.355672 0.051552 0.012689
v 0.338985 0.050419 -0.033177
v 0.325631 0.050815 -0.024817
v 0.344408 0.050880 -0.035507
v 0.349972 0.050956 -0.036931
v 0.339532 0.050690 -0.036184
v 0.334707 0.051209 -0.035766
v 0.367850 0.050732 -0.026501
v 0.314587 0.052017 -0.049775
v 0.330685 0.051963 -0.057819
v 0.353841 0.051078 -0.036112
v 0.325654 0.051861 -0.034568
v 0.317033 0.051554 -0.031410
v 0.347147 0.051157 -0.040455
v 0.341389 0.051080 -0.039962
v 0.336059 0.051507 -0.049384
v 0.337037 0.051309 -0.045248
v 0.294221 0.052585 -0.032316
v 0.369981 0.051058 -0.032441
v 0.359144 0.051873 -0.048984
v 0.341210 0.051640 -0.052381
v 0.329367 0.051094 -0.048262
v 0.343505 0.051758 -0.057460
v 0.337174 0.051416 -0.055802
v 0.368190 0.051761 -0.054695
v 0.360130 0.052283 -0.060241
v 0.331791 0.051632 -0.052597
v 0.337516 0.051999 -0.061467
v 0.313060 0.052163 -0.058569
v 0.300180 0.052354 -0.014463
v 0.354157 0.051708 -0.048016
v 0.368196 0.052024 -0.062848
v 0.284750 0.052973 -0.059830
v 0.284026 0.053027 -0.055083
v 0.290958 0.052998 -0.015208
v 0.253604 0.052944 -0.013369
v 0.247322 0.053818 -0.014719
v 0.243741 0.054264 -0.023278
v 0.250639 0.053843 -0.024151
v 0.246057 0.053645 -0.027845
v 0.226762 0.053994 -0.020103
v 0.279470 0.053052 -0.034272
v 0.277733 0.052676 -0.028312
v 0.281931 0.052600 -0.029884
v 0.294163 0.053161 -0.008204
v 0.266770 0.052242 -0.007065
v 0.264364 0.052555 -0.010040
v 0.281086 0.052881 -0.007047
v 0.276895 0.052838 0.005151
v 0.286324 0.052703 0.007204
v 0.251895 0.053245 -0.007848
v 0.274725 0.052867 -0.044332
v 0.271050 0.053498 -0.038970
v 0.276343 0.053023 -0.038558
v 0.280657 0.052701 -0.015184
v 0.278012 0.052722 -0.019896
v 0.277189 0.052226 -0.014220
v 0.253158 0.052729 -0.002499
v 0.252113 0.053154 0.004134
v 0.260069 0.052794 -0.001212
v 0.295561 0.052813 0.005183
v 0.290416 0.053245 -0.001040
v 0.273665 0.053061 -0.032712
v 0.269967 0.053439 -0.020981
v 0.234947 0.054789 -0.027313
v 0.242215 0.053967 -0.030997
v 0.238809 0.054447 -0.036471
v 0.273583 0.052687 -0.012972
v 0.274586 0.052984 -0.016768
v 0.271470 0.052599 -0.007911
v 0.201188 0.054775 -0.013752
v 0.212885 0.054652 -0.015254
v 0.284671 0.052571 -0.016127
v 0.283068 0.052246 -0.019559
v 0.272822 0.053063 -0.049431
v 0.278142 0.053177 -0.049868
v 0.235612 0.053747 -0.005700
v 0.238635 0.053138 0.000257
v 0.255872 0.053313 -0.005310
v 0.216375 0.054360 -0.000435
v 0.216300 0.054481 -0.007718
v 0.206480 0.054482 -0.004266
v 0.297381 0.053081 -0.001669
v 0.260956 0.053377 -0.014303
v 0.254463 0.053354 -0.017587
v 0.274824 0.053070 -0.055866
v 0.269808 0.052781 -0.001913
v 0.267117 0.053680 -0.044742
v 0.263454 0.053927 -0.032618
v 0.208941 0.054461 -0.031604
v 0.210304 0.054723 -0.024329
v 0.302593 0.052879 0.002573
v 0.207793 0.054603 -0.037640
v 0.218517 0.054780 -0.039789
v 0.215893 0.054758 -0.033761
v 0.219030 0.054992 -0.035905
v 0.268408 0.053026 0.011231
v 0.282723 0.053284 -0.051222
v 0.230892 0.054236 -0.012206
v 0.229237 0.053544 -0.006147
v 0.242062 0.054491 -0.040300
v 0.232743 0.054851 -0.038044
v 0.231684 0.054413 -0.047597
v 0.225396 0.054803 -0.040191
v 0.238333 0.054595 -0.015303
v 0.267620 0.053179 -0.011934
v 0.264966 0.052449 -0.004327
v 0.282749 0.052224 -0.025365
v 0.261662 0.053572 -0.022524
v 0.257319 0.053933 -0.026379
v 0.256789 0.053253 -0.020266
v 0.247638 0.052621 0.000276
v 0.260985 0.053770 -0.054273
v 0.214683 0.054640 -0.028796
v 0.215437 0.054543 -0.023157
v 0.220598 0.054490 -0.028621
v 0.257590 0.054111 -0.031461
v 0.245499 0.054102 -0.043063
v 0.242406 0.052694 0.002121
v 0.223433 0.054326 -0.018162
v 0.253415 0.054176 -0.031022
v 0.251187 0.054103 -0.043689
v 0.251602 0.053656 -0.048009
v 0.239225 0.054041 -0.043691
v 0.227716 0.054064 0.005192
v 0.245293 0.053998 -0.048678
v 0.239858 0.054334 -0.051389
v 0.303027 0.052117 0.011721
v 0.276846 0.052472 -0.032012
v 0.222941 0.053990 -0.006063
v 0.224989 0.054054 -0.000843
v 0.221837 0.054541 -0.048067
v 0.221411 0.054403 -0.035270
v 0.226757 0.054872 -0.031943
v 0.212452 0.054251 -0.026814
v 0.225780 0.054242 -0.010802
v 0.219212 0.054508 -0.033307
v 0.268908 0.053352 -0.052845
v 0.280849 0.053319 -0.055451
v 0.198625 0.053991 0.002876
v 0.198431 0.054295 -0.002018
v 0.074717 0.027325 -0.460182
v 0.070362 0.026630 -0.470704
v 0.064972 0.026989 -0.463720
v 0.175737 0.026399 -0.605490
v 0.189469 0.027160 -0.591662
v 0.204004 0.026730 -0.601241
v 0.271969 0.032441 -0.476176
v 0.265409 0.031414 -0.465838
v 0.273308 0.032034 -0.471250
v 0.072812 0.025475 -0.545784
v 0.084026 0.025706 -0.551290
v 0.069889 0.024962 -0.556423
v 0.108613 0.027548 -0.521468
v 0.115251 0.027842 -0.521534
v 0.179960 0.027685 -0.463347
v 0.180378 0.028331 -0.470376
v 0.171702 0.028163 -0.465035
v 0.084610 0.026725 -0.481371
v 0.088263 0.026835 -0.472851
v 0.094356 0.026857 -0.478210
v 0.080504 0.026828 -0.471060
v 0.103592 0.024011 -0.599265
v 0.237878 0.024248 -0.567768
v 0.227545 0.024786 -0.565631
v 0.232257 0.026459 -0.556689
v 0.275381 0.030626 -0.458377
v 0.277599 0.031568 -0.466962
v 0.062269 0.026272 -0.473548
v 0.262064 0.034004 -0.504023
v 0.255491 0.033754 -0.510146
v 0.247664 0.033669 -0.502400
v 0.053976 0.025856 -0.477954
v 0.056400 0.026487 -0.467841
v 0.130636 0.028020 -0.535296
v 0.127889 0.028218 -0.530856
v 0.137507 0.028651 -0.529679
v 0.240471 0.032049 -0.477453
v 0.249429 0.032089 -0.474910
v 0.249435 0.032526 -0.478728
v 0.155647 0.025717 -0.600235
v 0.148401 0.025028 -0.609613
v 0.148071 0.025408 -0.601794
v 0.186560 0.026570 -0.609613
v 0.193404 0.026667 -0.609613
v 0.056109 0.025055 -0.536896
v 0.065053 0.025412 -0.536154
v 0.066368 0.025310 -0.540180
v 0.086481 0.028002 -0.447240
v 0.095738 0.027535 -0.452222
v 0.087563 0.027623 -0.454790
v 0.067575 0.027529 -0.453501
v 0.073966 0.027786 -0.453440
v 0.257631 0.032075 -0.476058
v 0.268888 0.033157 -0.484875
v 0.254986 0.033015 -0.484279
v 0.264367 0.027393 -0.609613
v 0.250911 0.025720 -0.601854
v 0.264441 0.026985 -0.596502
v 0.071679 0.026464 -0.480165
v 0.088103 0.026847 -0.490155
v 0.231214 0.032953 -0.495944
v 0.225038 0.031658 -0.481258
v 0.237764 0.032685 -0.485725
v 0.108983 0.027495 -0.529426
v 0.249194 0.031136 -0.467754
v 0.189092 0.031110 -0.489941
v 0.192791 0.030249 -0.481571
v 0.208098 0.031447 -0.485933
v 0.229340 0.028904 -0.544244
v 0.237762 0.028363 -0.547873
v 0.262091 0.033779 -0.494624
v 0.275720 0.034250 -0.503162
v 0.251165 0.028614 -0.447739
v 0.256563 0.029766 -0.455873
v 0.241985 0.029284 -0.458333
v 0.248607 0.028472 -0.551396
v 0.243987 0.029674 -0.542036
v 0.252479 0.030181 -0.542387
v 0.102406 0.026677 -0.544871
v 0.095193 0.025631 -0.560659
v 0.093995 0.026328 -0.545225
v 0.081229 0.023215 -0.609613
v 0.167721 0.028145 -0.448671
v 0.169685 0.028641 -0.439817
v 0.182764 0.028729 -0.440917
v 0.244468 0.032932 -0.517070
v 0.258630 0.033379 -0.517637
v 0.251775 0.032431 -0.523618
v 0.103501 0.027558 -0.507489
v 0.096658 0.027205 -0.507701
v 0.103145 0.027362 -0.500420
v 0.159294 0.028612 -0.468153
v 0.146999 0.028306 -0.469945
v 0.153871 0.028256 -0.461786
v 0.227098 0.025056 -0.602961
v 0.235294 0.025427 -0.609612
v 0.229138 0.025539 -0.609613
v 0.205801 0.028757 -0.555004
v 0.211043 0.030124 -0.541332
v 0.214298 0.028739 -0.549441
v 0.186137 0.030246 -0.484638
v 0.183128 0.030523 -0.485618
v 0.074480 0.028439 -0.443646
v 0.084426 0.028727 -0.438192
v 0.230697 0.032248 -0.519725
v 0.237060 0.031681 -0.526686
v 0.115674 0.024352 -0.597626
v 0.123814 0.025368 -0.585459
v 0.131768 0.025364 -0.588653
v 0.241326 0.028333 -0.448188
v 0.232154 0.028559 -0.454813
v 0.232464 0.028592 -0.443217
v 0.098196 0.027147 -0.517238
v 0.092398 0.027134 -0.514212
v 0.220815 0.030073 -0.470007
v 0.209833 0.028914 -0.461102
v 0.224386 0.029095 -0.461529
v 0.218253 0.024742 -0.586997
v 0.059132 0.025992 -0.483027
v 0.156836 0.025350 -0.609613
v 0.160353 0.025554 -0.609613
v 0.229901 0.023075 -0.577845
v 0.250179 0.024577 -0.580305
v 0.245530 0.032770 -0.483476
v 0.191201 0.029084 -0.559623
v 0.200335 0.027770 -0.568338
v 0.245434 0.033203 -0.490813
v 0.145141 0.029212 -0.521263
v 0.141496 0.029131 -0.514677
v 0.154519 0.030037 -0.510287
v 0.177902 0.026975 -0.589650
v 0.181316 0.027937 -0.575408
v 0.167796 0.026912 -0.586217
v 0.176190 0.028297 -0.567988
v 0.121971 0.027136 -0.469010
v 0.131135 0.027519 -0.469128
v 0.131508 0.027824 -0.478111
v 0.250712 0.026546 -0.563480
v 0.072536 0.028044 -0.449386
v 0.079140 0.028020 -0.451919
v 0.265517 0.029847 -0.551075
v 0.267160 0.028078 -0.568282
v 0.075771 0.023470 -0.602331
v 0.144326 0.028633 -0.438894
v 0.151079 0.028836 -0.439071
v 0.143332 0.028256 -0.446847
v 0.226003 0.029288 -0.437907
v 0.224204 0.029058 -0.443628
v 0.214475 0.027149 -0.559805
v 0.220606 0.025056 -0.568614
v 0.211452 0.026190 -0.570894
v 0.138260 0.027962 -0.472835
v 0.141154 0.027975 -0.467211
v 0.059434 0.025565 -0.523551
v 0.064535 0.025840 -0.516869
v 0.068116 0.025909 -0.523466
v 0.267191 0.030065 -0.454056
v 0.266979 0.028736 -0.442115
v 0.146703 0.028300 -0.550511
v 0.146364 0.027137 -0.568089
v 0.133152 0.026853 -0.564255
v 0.177678 0.027670 -0.455079
v 0.187720 0.027888 -0.453462
v 0.186053 0.027679 -0.460495
v 0.215779 0.031577 -0.526750
v 0.220218 0.029726 -0.540443
v 0.207702 0.026421 -0.609612
v 0.213147 0.026191 -0.609613
v 0.237498 0.023552 -0.593298
v 0.241282 0.025634 -0.609613
v 0.056497 0.026945 -0.458132
v 0.220869 0.028703 -0.450919
v 0.249894 0.024901 -0.592894
v 0.269461 0.032749 -0.528975
v 0.272826 0.033480 -0.522480
v 0.278429 0.032823 -0.531113
v 0.191436 0.027865 -0.577606
v 0.222178 0.027216 -0.554675
v 0.096905 0.023387 -0.609613
v 0.094220 0.028227 -0.443944
v 0.234821 0.033050 -0.508408
v 0.160088 0.030271 -0.499637
v 0.172215 0.030660 -0.493911
v 0.171907 0.031190 -0.505084
v 0.065456 0.026173 -0.479324
v 0.048021 0.025004 -0.523860
v 0.054388 0.025431 -0.516593
v 0.212802 0.030400 -0.474528
v 0.270750 0.034081 -0.511900
v 0.217398 0.026055 -0.609613
v 0.225410 0.025696 -0.609613
v 0.215956 0.032440 -0.496848
v 0.203584 0.032108 -0.496036
v 0.260134 0.032766 -0.524874
v 0.208755 0.029484 -0.445120
v 0.218521 0.029527 -0.439706
v 0.066829 0.028210 -0.447209
v 0.197263 0.027122 -0.586776
v 0.173420 0.027881 -0.460490
v 0.164806 0.028169 -0.458844
v 0.270812 0.031979 -0.536721
v 0.259001 0.031242 -0.537493
v 0.171171 0.028553 -0.561619
v 0.181620 0.029540 -0.553334
v 0.104433 0.027068 -0.536200
v 0.100862 0.027124 -0.528026
v 0.158161 0.026945 -0.579458
v 0.152897 0.028893 -0.475834
v 0.123202 0.028198 -0.523890
v 0.118928 0.027662 -0.537244
v 0.106967 0.027122 -0.477049
v 0.110752 0.027079 -0.471557
v 0.111207 0.027176 -0.480765
v 0.156400 0.029674 -0.491631
v 0.161668 0.029492 -0.482516
v 0.221226 0.032629 -0.508665
v 0.209035 0.032447 -0.503934
v 0.228106 0.030862 -0.531493
v 0.237149 0.030165 -0.536967
v 0.198162 0.026656 -0.609613
v 0.132785 0.028585 -0.520874
v 0.127269 0.028463 -0.516987
v 0.232712 0.029188 -0.461488
v 0.262579 0.032153 -0.531089
v 0.255203 0.031989 -0.529367
v 0.108524 0.025352 -0.575076
v 0.121689 0.025717 -0.575892
v 0.203945 0.026629 -0.581646
v 0.246684 0.031430 -0.531696
v 0.051329 0.025481 -0.490802
v 0.233584 0.030426 -0.468913
v 0.076626 0.026192 -0.526950
v 0.075254 0.026272 -0.518189
v 0.086247 0.026905 -0.518537
v 0.191752 0.032162 -0.503445
v 0.189516 0.032157 -0.518147
v 0.182567 0.031858 -0.510595
v 0.081678 0.026822 -0.512819
v 0.076203 0.026458 -0.510035
v 0.082907 0.026725 -0.502964
v 0.277164 0.028462 -0.582959
v 0.089464 0.026733 -0.527510
v 0.091850 0.026456 -0.536442
v 0.059231 0.028167 -0.443423
v 0.062350 0.025992 -0.490950
v 0.052364 0.025401 -0.501278
v 0.107275 0.027279 -0.491231
v 0.119039 0.027720 -0.488515
v 0.060077 0.025766 -0.507192
v 0.050677 0.025298 -0.509464
v 0.178119 0.029505 -0.479140
v 0.176487 0.030272 -0.486238
v 0.254024 0.026463 -0.609613
v 0.196815 0.028780 -0.449691
v 0.195290 0.028081 -0.461095
v 0.157562 0.028541 -0.443604
v 0.160112 0.029532 -0.429054
v 0.166247 0.029184 -0.434003
v 0.279841 0.033685 -0.494731
v 0.219403 0.024665 -0.576883
v 0.189166 0.029014 -0.474765
v 0.200164 0.030736 -0.540757
v 0.240440 0.026643 -0.557484
v 0.135368 0.028754 -0.509408
v 0.129650 0.028323 -0.512750
v 0.080429 0.026181 -0.534266
v 0.095302 0.027156 -0.497413
v 0.129960 0.028114 -0.489377
v 0.142947 0.029287 -0.503745
v 0.124343 0.027488 -0.479793
v 0.219866 0.032150 -0.490098
v 0.189470 0.030374 -0.547001
v 0.128641 0.028476 -0.504179
v 0.122165 0.028249 -0.512275
v 0.069047 0.023111 -0.609613
v 0.054148 0.023186 -0.600983
v 0.143562 0.028877 -0.486207
v 0.110550 0.026950 -0.462428
v 0.199524 0.030000 -0.436496
v 0.209813 0.030486 -0.432978
v 0.101330 0.027716 -0.445956
v 0.108226 0.027191 -0.452393
v 0.101638 0.026929 -0.459253
v 0.101829 0.027046 -0.467881
v 0.103333 0.027039 -0.475439
v 0.144530 0.026210 -0.582332
v 0.140894 0.025290 -0.597584
v 0.096870 0.023374 -0.609613
v 0.115651 0.027764 -0.506683
v 0.108507 0.027524 -0.512189
v 0.174771 0.029546 -0.550723
v 0.168631 0.029517 -0.547049
v 0.183164 0.031146 -0.536624
v 0.064388 0.025598 -0.529011
v 0.083331 0.027293 -0.459912
v 0.289213 0.029026 -0.602683
v 0.077874 0.026394 -0.492631
v 0.071190 0.026134 -0.489081
v 0.077510 0.026606 -0.481652
v 0.135372 0.028626 -0.499036
v 0.128492 0.025809 -0.578517
v 0.143765 0.028825 -0.538854
v 0.132347 0.027983 -0.539935
v 0.122319 0.026987 -0.553752
v 0.109478 0.027189 -0.538563
v 0.109106 0.026604 -0.551660
v 0.163843 0.028467 -0.558407
v 0.157754 0.028700 -0.551701
v 0.158126 0.028895 -0.474292
v 0.161466 0.029846 -0.538824
v 0.164993 0.028959 -0.474593
v 0.071206 0.025724 -0.536478
v 0.070052 0.025662 -0.533118
v 0.155929 0.028209 -0.453964
v 0.137168 0.027713 -0.464798
v 0.129983 0.027422 -0.461557
v 0.138801 0.027806 -0.456185
v 0.170837 0.030861 -0.528181
v 0.155135 0.029914 -0.525920
v 0.173036 0.031412 -0.516766
v 0.068939 0.025956 -0.499096
v 0.120009 0.026979 -0.456651
v 0.057129 0.024711 -0.548173
v 0.060308 0.024339 -0.566480
v 0.206477 0.032290 -0.514190
v 0.080288 0.024063 -0.588415
v 0.077817 0.024746 -0.570472
v 0.092530 0.024562 -0.582519
v 0.049776 0.024956 -0.531167
v 0.055021 0.025251 -0.527799
v 0.104084 0.027664 -0.519685
v 0.054398 0.022805 -0.609612
v 0.063119 0.023037 -0.609613
v 0.078098 0.023202 -0.609613
v 0.139110 0.028991 -0.521840
v 0.145268 0.028084 -0.460852
v 0.057210 0.025206 -0.531808
v 0.088966 0.027007 -0.509488
v 0.141817 0.024701 -0.609613
v 0.060285 0.027688 -0.450191
v 0.189562 0.028062 -0.467319
v 0.082567 0.025957 -0.541049
v 0.088684 0.026361 -0.543054
v 0.074507 0.026210 -0.503611
v 0.069527 0.026176 -0.510011
v 0.113301 0.023692 -0.609613
v 0.118246 0.023762 -0.609613
v 0.091953 0.027000 -0.464388
v 0.130178 0.028427 -0.497454
v 0.099181 0.026825 -0.537982
v 0.061860 0.025379 -0.533402
v 0.135070 0.026386 -0.573847
v 0.200411 0.031880 -0.526651
v 0.111513 0.027841 -0.500579
v 0.092473 0.023741 -0.600332
v 0.134340 0.028180 -0.440855
v 0.120313 0.027617 -0.445301
v 0.127012 0.028435 -0.437000
v 0.108270 0.027548 -0.444329
v 0.150466 0.029639 -0.498125
v 0.248464 0.028296 -0.433445
v 0.147825 0.028094 -0.452357
v 0.112003 0.028001 -0.439272
v 0.135521 0.027870 -0.548640
v 0.132517 0.028014 -0.535200
v 0.100107 0.028428 -0.436248
v 0.074813 0.025798 -0.539258
v 0.233402 0.029494 -0.428715
v 0.065437 0.023925 -0.584837
v 0.102163 0.027090 -0.483583
v 0.270769 0.027904 -0.609613
v 0.130756 0.027518 -0.451664
v 0.119664 0.028279 -0.436030
v 0.094927 0.027045 -0.487987
v 0.125852 0.027754 -0.539347
v 0.045710 0.023451 -0.578635
v 0.043653 0.023950 -0.558491
v 0.199942 0.029367 -0.472570
v 0.170451 0.028716 -0.471174
v 0.073149 0.023156 -0.609613
v 0.180323 0.031615 -0.524574
v 0.117764 0.027144 -0.476971
v 0.130031 0.024539 -0.603956
v 0.124656 0.023979 -0.609613
v 0.120035 0.023838 -0.609613
v 0.100325 0.023461 -0.609613
v 0.103267 0.023476 -0.609613
v 0.136983 0.024452 -0.609613
v 0.133984 0.024358 -0.609613
v 0.104550 0.023475 -0.609613
v 0.128982 0.024105 -0.609613
v 0.273770 0.028115 -0.609613
v 0.174664 0.029582 -0.430357
v 0.111675 0.023595 -0.609613
v 0.274491 0.029684 -0.450318
v 0.164156 0.025749 -0.609612
v 0.182310 0.026453 -0.609613
v 0.177661 0.026344 -0.609613
v 0.173397 0.026119 -0.609612
v 0.318583 0.049458 0.179484
v 0.322200 0.049651 0.173228
v 0.311906 0.049753 0.174513
v 0.287004 0.049326 0.213709
v 0.288933 0.049430 0.205873
v 0.278755 0.049637 0.208811
v 0.283226 0.050293 0.164889
v 0.290988 0.050166 0.169975
v 0.293157 0.050255 0.157613
v 0.450514 0.040875 0.246003
v 0.443043 0.041124 0.243478
v 0.441136 0.041066 0.248322
v 0.294203 0.049998 0.177965
v 0.305086 0.049654 0.185112
v 0.300963 0.050110 0.169427
v 0.275488 0.050079 0.191291
v 0.287405 0.049945 0.186290
v 0.276937 0.050016 0.181993
v 0.285052 0.050139 0.175028
v 0.290739 0.049190 0.222765
v 0.277932 0.049478 0.218464
v 0.280366 0.049436 0.231053
v 0.335579 0.049330 0.168158
v 0.326954 0.049615 0.166690
v 0.332189 0.049424 0.174084
v 0.308602 0.050201 0.162934
v 0.302534 0.050325 0.155517
v 0.313845 0.049902 0.157705
v 0.320685 0.049952 0.153061
v 0.312819 0.050237 0.149131
v 0.257470 0.050790 0.195446
v 0.268922 0.050286 0.197081
v 0.265664 0.050289 0.192617
v 0.265844 0.050407 0.185020
v 0.267642 0.050051 0.212980
v 0.268615 0.049759 0.219427
v 0.272763 0.049605 0.224909
v 0.312360 0.049384 0.181107
v 0.335838 0.049579 0.149327
v 0.327806 0.049905 0.148326
v 0.333928 0.049592 0.158624
v 0.348190 0.048694 0.171950
v 0.342139 0.048948 0.167708
v 0.341318 0.049070 0.174261
v 0.327814 0.049120 0.180753
v 0.322747 0.048826 0.185862
v 0.332996 0.048497 0.189678
v 0.315237 0.049236 0.184482
v 0.287022 0.050095 0.170413
v 0.317071 0.049963 0.165452
v 0.322075 0.049863 0.160455
v 0.338591 0.048725 0.183105
v 0.293245 0.049573 0.196413
v 0.299617 0.048965 0.205261
v 0.305637 0.048937 0.196980
v 0.283559 0.049770 0.193358
v 0.272564 0.050433 0.172462
v 0.349325 0.048528 0.181546
v 0.278978 0.049909 0.200016
v 0.443001 0.040591 0.253311
v 0.434154 0.042089 0.235074
v 0.439533 0.041878 0.238402
v 0.442168 0.042310 0.228234
v 0.435188 0.041108 0.247586
v 0.434433 0.042169 0.231152
v 0.433483 0.042710 0.227381
v 0.428449 0.042201 0.240277
v 0.429587 0.041576 0.246179
v 0.429248 0.042585 0.234250
v 0.427543 0.041109 0.255262
v 0.424582 0.044544 0.206531
v 0.427689 0.044087 0.209771
v 0.428492 0.044637 0.201048
v 0.424683 0.042651 0.231387
v 0.428977 0.043131 0.222148
v 0.422512 0.042307 0.239032
v 0.434117 0.043469 0.216381
v 0.431095 0.043563 0.214703
v 0.424641 0.045044 0.193976
v 0.421340 0.044883 0.201958
v 0.417802 0.042678 0.237168
v 0.421265 0.042051 0.247360
v 0.419990 0.043176 0.228506
v 0.422277 0.040969 0.261429
v 0.419836 0.041604 0.256138
v 0.422303 0.043651 0.218084
v 0.417119 0.041286 0.261950
v 0.417197 0.045270 0.196335
v 0.419648 0.044446 0.209695
v 0.412063 0.043298 0.235795
v 0.418124 0.042476 0.241996
v 0.414901 0.042537 0.244732
v 0.413967 0.044214 0.215726
v 0.414176 0.043753 0.224533
v 0.414948 0.042040 0.253686
v 0.414361 0.045114 0.203019
v 0.409352 0.042702 0.249467
v 0.415808 0.045357 0.189932
v 0.408130 0.045532 0.196592
v 0.408160 0.045045 0.204611
v 0.408945 0.044507 0.220185
v 0.412270 0.044852 0.208967
v 0.406053 0.044994 0.211979
v 0.405366 0.043150 0.243089
v 0.401904 0.042847 0.252478
v 0.407970 0.043791 0.227597
v 0.405963 0.043694 0.235449
v 0.409564 0.041703 0.263393
v 0.295300 0.049042 0.213249
v 0.403185 0.044170 0.230306
v 0.400656 0.042164 0.262928
v 0.403630 0.041602 0.269191
v 0.402067 0.045542 0.204270
v 0.398547 0.041460 0.269496
v 0.400933 0.043481 0.245074
v 0.400195 0.044827 0.222190
v 0.399483 0.046024 0.196656
v 0.398558 0.044530 0.231096
v 0.401009 0.043921 0.237770
v 0.395379 0.042951 0.257767
v 0.398759 0.045476 0.212025
v 0.396903 0.043826 0.245165
v 0.394589 0.043499 0.251003
v 0.393167 0.045965 0.206835
v 0.393243 0.041219 0.273832
v 0.394925 0.042233 0.265090
v 0.393119 0.044569 0.236342
v 0.393140 0.045768 0.216187
v 0.389377 0.044424 0.244924
v 0.390435 0.043394 0.254031
v 0.333299 0.049601 0.141687
v 0.390904 0.043101 0.260368
v 0.388896 0.042403 0.266410
v 0.391036 0.045472 0.224130
v 0.267274 0.050241 0.204037
v 0.308254 0.050042 0.153468
v 0.259578 0.050446 0.175132
v 0.340948 0.049390 0.144203
v 0.379957 0.046856 0.199173
v 0.384391 0.046445 0.194438
v 0.380744 0.046872 0.192702
v 0.397387 0.046470 0.189260
v 0.389087 0.046394 0.197887
v 0.388701 0.045984 0.213421
v 0.394512 0.044925 0.228781
v 0.389333 0.045244 0.230646
v 0.385994 0.046237 0.219457
v 0.382205 0.046503 0.210859
v 0.381454 0.045051 0.243174
v 0.385777 0.045343 0.236109
v 0.385961 0.043359 0.258743
v 0.384600 0.045824 0.227992
v 0.387784 0.046873 0.187206
v 0.376816 0.047209 0.187632
v 0.383056 0.042687 0.266855
v 0.385955 0.041497 0.274637
v 0.381710 0.041888 0.273530
v 0.384824 0.044121 0.250630
v 0.376204 0.047076 0.194690
v 0.379149 0.046742 0.195828
v 0.382862 0.048033 0.140890
v 0.389811 0.047903 0.139420
v 0.381209 0.048247 0.131822
v 0.366676 0.047733 0.187184
v 0.360347 0.047934 0.192683
v 0.364952 0.047865 0.191126
v 0.398056 0.047252 0.158146
v 0.387639 0.047600 0.164135
v 0.399002 0.047002 0.168674
v 0.349237 0.048859 0.143746
v 0.343355 0.049007 0.152144
v 0.350556 0.048731 0.152361
v 0.400005 0.046932 0.174336
v 0.408358 0.046224 0.171443
v 0.367710 0.048152 0.152404
v 0.372983 0.048084 0.146181
v 0.364991 0.048462 0.146082
v 0.372886 0.047746 0.180703
v 0.358328 0.048493 0.152650
v 0.358841 0.048555 0.140768
v 0.394678 0.046830 0.176000
v 0.385059 0.047313 0.175941
v 0.391403 0.046999 0.179925
v 0.349486 0.048736 0.161657
v 0.310138 0.044023 0.306822
v 0.318173 0.044107 0.300322
v 0.309235 0.044360 0.295220
v 0.381309 0.044444 0.250951
v 0.383069 0.044076 0.254191
v 0.377557 0.046503 0.223973
v 0.340964 0.043010 0.294755
v 0.342384 0.043122 0.288365
v 0.334218 0.043579 0.290307
v 0.406825 0.046814 0.156831
v 0.403281 0.047053 0.151521
v 0.331743 0.047488 0.208599
v 0.329251 0.047531 0.213569
v 0.336459 0.047480 0.213064
v 0.384814 0.047891 0.151735
v 0.380169 0.047778 0.161038
v 0.379907 0.041348 0.280936
v 0.377659 0.042520 0.271948
v 0.306206 0.048470 0.215649
v 0.406079 0.045817 0.189680
v 0.404224 0.045849 0.193917
v 0.366592 0.048412 0.160227
v 0.374362 0.048050 0.156149
v 0.357374 0.048385 0.173187
v 0.359700 0.048293 0.164097
v 0.378703 0.047888 0.169453
v 0.380050 0.045806 0.233451
v 0.376486 0.041860 0.277789
v 0.342053 0.048113 0.193884
v 0.350906 0.047895 0.198312
v 0.346671 0.048279 0.189227
v 0.375307 0.041719 0.281342
v 0.373572 0.042056 0.277664
v 0.380624 0.043666 0.257934
v 0.379209 0.043203 0.264542
v 0.409363 0.046369 0.166149
v 0.378527 0.048180 0.143184
v 0.390364 0.047749 0.145568
v 0.394690 0.047548 0.150557
v 0.376256 0.046872 0.216567
v 0.337741 0.043408 0.283582
v 0.332080 0.043811 0.283876
v 0.372160 0.048447 0.135581
v 0.392113 0.047666 0.133716
v 0.404759 0.046348 0.183837
v 0.374049 0.045906 0.237003
v 0.369665 0.046746 0.228094
v 0.369070 0.046325 0.234043
v 0.359897 0.048079 0.183479
v 0.407105 0.046510 0.162000
v 0.363189 0.045684 0.243997
v 0.358597 0.046204 0.239186
v 0.358204 0.045927 0.244075
v 0.376241 0.044589 0.250027
v 0.323618 0.046275 0.262154
v 0.321953 0.046740 0.253888
v 0.315194 0.046936 0.257190
v 0.435158 0.040751 0.253878
v 0.368244 0.047428 0.194350
v 0.397635 0.047397 0.144600
v 0.366957 0.047696 0.182184
v 0.368540 0.047983 0.175137
v 0.365125 0.048262 0.168162
v 0.372510 0.048048 0.165616
v 0.373201 0.047192 0.199751
v 0.317593 0.048802 0.189351
v 0.366206 0.048500 0.139773
v 0.361854 0.048619 0.133855
v 0.372027 0.043013 0.271547
v 0.395501 0.047459 0.138801
v 0.375334 0.043513 0.262371
v 0.376394 0.047726 0.175449
v 0.373465 0.047029 0.207576
v 0.340428 0.047438 0.220579
v 0.333939 0.047472 0.228054
v 0.343890 0.047104 0.231233
v 0.412046 0.045923 0.176589
v 0.414926 0.045587 0.182243
v 0.347255 0.042728 0.292034
v 0.351938 0.042628 0.290184
v 0.348012 0.042618 0.287959
v 0.367675 0.047356 0.203018
v 0.368669 0.042422 0.279552
v 0.372576 0.041570 0.285702
v 0.361027 0.046801 0.233696
v 0.369880 0.047198 0.217438
v 0.336063 0.046977 0.237146
v 0.342974 0.046706 0.238729
v 0.350431 0.044290 0.262233
v 0.345937 0.044230 0.264874
v 0.349906 0.043650 0.268304
v 0.364923 0.047442 0.210425
v 0.323094 0.048219 0.196408
v 0.313189 0.048870 0.193341
v 0.353270 0.048265 0.188954
v 0.368659 0.042925 0.272530
v 0.375282 0.046917 0.213332
v 0.399381 0.046570 0.179696
v 0.329201 0.047746 0.202852
v 0.321727 0.048066 0.201101
v 0.326216 0.048388 0.191677
v 0.367851 0.045958 0.239053
v 0.369711 0.044282 0.256115
v 0.360533 0.047663 0.202719
v 0.345412 0.046255 0.243171
v 0.352417 0.045824 0.245187
v 0.348058 0.046740 0.238589
v 0.363690 0.047010 0.225115
v 0.328058 0.047629 0.233988
v 0.318834 0.047894 0.233987
v 0.326994 0.047207 0.241368
v 0.322130 0.047262 0.247242
v 0.328487 0.046960 0.246616
v 0.299958 0.047629 0.256591
v 0.305018 0.047617 0.251353
v 0.293675 0.048420 0.247532
v 0.315197 0.048333 0.198803
v 0.348944 0.045050 0.255111
v 0.355109 0.045065 0.254268
v 0.314191 0.045732 0.272178
v 0.324235 0.045042 0.272438
v 0.317365 0.046028 0.265653
v 0.338164 0.047904 0.197122
v 0.333662 0.047755 0.198566
v 0.362082 0.047316 0.217479
v 0.364689 0.043122 0.273148
v 0.369463 0.043405 0.266753
v 0.367775 0.045156 0.247416
v 0.371655 0.045246 0.246294
v 0.323459 0.047817 0.207341
v 0.289901 0.048932 0.235728
v 0.284138 0.049114 0.242531
v 0.322637 0.047816 0.213560
v 0.358637 0.047514 0.212811
v 0.317025 0.048244 0.203093
v 0.344094 0.045994 0.250036
v 0.341729 0.045023 0.258964
v 0.333588 0.044186 0.278429
v 0.333555 0.044534 0.271326
v 0.339838 0.043856 0.276250
v 0.353300 0.046706 0.233915
v 0.355953 0.046131 0.240921
v 0.365394 0.043524 0.264482
v 0.450362 0.040405 0.252775
v 0.365908 0.046500 0.231623
v 0.326832 0.047619 0.218149
v 0.356126 0.044421 0.258341
v 0.360983 0.044266 0.258380
v 0.364878 0.044954 0.251639
v 0.335805 0.047622 0.206385
v 0.309655 0.048669 0.204823
v 0.352937 0.044637 0.258244
v 0.356752 0.047249 0.222107
v 0.352694 0.047876 0.211043
v 0.351814 0.042763 0.285377
v 0.357039 0.042259 0.290301
v 0.362252 0.042469 0.283968
v 0.360194 0.043576 0.267412
v 0.357634 0.043097 0.275000
v 0.289481 0.047915 0.261902
v 0.293606 0.047198 0.266989
v 0.298719 0.047231 0.264088
v 0.314425 0.048096 0.222376
v 0.322385 0.047727 0.226389
v 0.317579 0.047957 0.217139
v 0.342651 0.047721 0.206632
v 0.355701 0.042754 0.282040
v 0.315400 0.048388 0.206465
v 0.312659 0.048106 0.210398
v 0.330415 0.045403 0.264267
v 0.329534 0.046163 0.257260
v 0.317628 0.048158 0.210594
v 0.297923 0.048809 0.218042
v 0.304866 0.046379 0.266501
v 0.308421 0.046812 0.263051
v 0.359428 0.045158 0.249813
v 0.438241 0.043438 0.218422
v 0.350904 0.043032 0.280043
v 0.354361 0.043766 0.268188
v 0.305045 0.044818 0.290916
v 0.299307 0.044816 0.294253
v 0.314274 0.047567 0.248830
v 0.336390 0.046649 0.245330
v 0.329648 0.046792 0.251061
v 0.306194 0.046122 0.271471
v 0.345536 0.043191 0.282436
v 0.346533 0.044821 0.259868
v 0.300598 0.048809 0.222588
v 0.284848 0.048570 0.252717
v 0.293027 0.047912 0.256996
v 0.333355 0.047382 0.219743
v 0.348502 0.047442 0.221319
v 0.330046 0.044548 0.275711
v 0.322685 0.047929 0.217471
v 0.313874 0.045026 0.282309
v 0.319816 0.044358 0.290211
v 0.322711 0.044597 0.282666
v 0.355823 0.044051 0.262207
v 0.336671 0.045083 0.264056
v 0.340547 0.044344 0.268067
v 0.313999 0.048098 0.226797
v 0.323611 0.047721 0.220429
v 0.352525 0.043203 0.276774
v 0.352593 0.043408 0.272454
v 0.327994 0.044378 0.279749
v 0.306542 0.048515 0.230772
v 0.335078 0.045578 0.259414
v 0.306990 0.048309 0.223406
v 0.328719 0.047597 0.223030
v 0.296428 0.048818 0.238733
v 0.294161 0.048728 0.230911
v 0.315236 0.047782 0.240782
v 0.347068 0.043442 0.273839
v 0.335717 0.043109 0.299740
v 0.336333 0.046207 0.253366
v 0.317352 0.047752 0.225789
v 0.301071 0.045814 0.281105
v 0.306889 0.044874 0.287402
v 0.326935 0.043793 0.296615
v 0.327043 0.043961 0.287086
v 0.310388 0.048369 0.222209
v 0.297595 0.048698 0.227664
v 0.304880 0.048153 0.240768
v 0.301157 0.045163 0.288593
v 0.299479 0.048760 0.233625
v 0.310033 0.045653 0.276611
v 0.297888 0.046849 0.271161
v 0.300415 0.048295 0.244649
v 0.302939 0.046460 0.268367
v 0.145372 0.045709 0.516529
v 0.143081 0.045430 0.521210
v 0.147504 0.045461 0.520903
v 0.115652 0.044857 0.498245
v 0.110208 0.044549 0.490832
v 0.110056 0.044692 0.497547
v 0.124919 0.045297 0.504322
v 0.125141 0.045256 0.495772
v 0.121138 0.045113 0.497513
v 0.134836 0.045575 0.507021
v 0.136858 0.045450 0.515369
v 0.140603 0.045608 0.507972
v 0.148093 0.045488 0.526358
v 0.152677 0.046016 0.520211
v 0.141334 0.045866 0.515358
v 0.088853 0.043495 0.441438
v 0.094758 0.043611 0.445855
v 0.094251 0.043363 0.439394
v 0.080903 0.043400 0.452120
v 0.076403 0.043505 0.446594
v 0.075367 0.043156 0.455098
v 0.089398 0.043666 0.433747
v 0.093963 0.043510 0.434224
v 0.154492 0.045903 0.529084
v 0.092884 0.043616 0.451782
v 0.105571 0.044284 0.477212
v 0.104384 0.044334 0.482412
v 0.108588 0.044342 0.482995
v 0.102223 0.044093 0.488583
v 0.087878 0.043690 0.463394
v 0.079312 0.043219 0.461732
v 0.100809 0.044300 0.500421
v 0.143142 0.045287 0.528695
v 0.138402 0.045134 0.525248
v 0.099900 0.043980 0.482767
v 0.098720 0.043969 0.475169
v 0.092077 0.043816 0.481616
v 0.134204 0.045203 0.522728
v 0.131287 0.045139 0.517112
v 0.076988 0.043757 0.438380
v 0.071012 0.043594 0.439675
v 0.083860 0.043424 0.445868
v 0.087175 0.043496 0.455624
v 0.089242 0.043665 0.472436
v 0.078130 0.043277 0.471651
v 0.085341 0.043462 0.477651
v 0.109779 0.044718 0.504203
v 0.127595 0.045026 0.518236
v 0.128059 0.045217 0.512192
v 0.124469 0.044957 0.514123
v 0.178338 0.046310 0.515050
v 0.171413 0.046480 0.513809
v 0.170830 0.046259 0.521717
v 0.082835 0.043433 0.458009
v 0.076948 0.043090 0.465037
v 0.115575 0.044776 0.515589
v 0.120190 0.045068 0.507220
v 0.115240 0.044796 0.506371
v 0.095699 0.043942 0.487655
v 0.120743 0.044846 0.516548
v 0.138290 0.044891 0.531477
v 0.073227 0.043047 0.461817
v 0.084023 0.043725 0.483735
v 0.074374 0.043205 0.466299
v 0.080821 0.043514 0.478856
v 0.068229 0.043003 0.465785
v 0.123918 0.044795 0.523521
v 0.069805 0.043161 0.472701
v 0.133955 0.044766 0.529341
v 0.069261 0.043172 0.448210
v 0.079582 0.043418 0.481075
v 0.130021 0.044901 0.524468
v 0.066638 0.042915 0.456687
v 0.061466 0.042932 0.450733
v 0.058938 0.042939 0.456321
v 0.059923 0.042790 0.461854
v 0.060337 0.043150 0.469616
v 0.063858 0.043436 0.442477
v 0.053867 0.042924 0.453797
v 0.054483 0.043072 0.445861
v 0.052820 0.042922 0.459777
v 0.046644 0.043088 0.452979
v 0.049295 0.043442 0.442770
v 0.114572 0.042956 0.416131
v 0.115877 0.042399 0.409274
v 0.106307 0.044353 0.410465
v 0.110132 0.043110 0.405114
v 0.122441 0.042332 0.404682
v 0.124482 0.042269 0.412861
v 0.105659 0.044058 0.403329
v 0.110512 0.043249 0.421735
v 0.098439 0.044016 0.467765
v 0.082795 0.043830 0.435671
v 0.099631 0.043859 0.452330
v 0.130886 0.045730 0.496052
v 0.130639 0.045521 0.506983
v 0.114208 0.044742 0.478209
v 0.068650 0.044649 0.424266
v 0.059626 0.044771 0.421896
v 0.063797 0.044329 0.429227
v 0.113259 0.044778 0.483725
v 0.117783 0.044811 0.488079
v 0.093295 0.043947 0.493607
v 0.103370 0.044226 0.472181
v 0.147854 0.045909 0.513572
v 0.108767 0.044464 0.469291
v 0.100111 0.043474 0.446154
v 0.161322 0.046059 0.521119
v 0.157209 0.046168 0.516218
v 0.094740 0.043894 0.460174
v 0.099992 0.043118 0.438696
v 0.122983 0.045136 0.484548
v 0.152434 0.045947 0.514383
v 0.101988 0.044034 0.459904
v 0.106569 0.043994 0.454941
v 0.143340 0.045762 0.500510
v 0.137915 0.045944 0.490955
v 0.135522 0.045754 0.494579
v 0.107492 0.043176 0.443426
v 0.103927 0.043298 0.444640
v 0.128508 0.045359 0.483980
v 0.163722 0.046597 0.514174
v 0.101294 0.044296 0.418442
v 0.099708 0.044064 0.423285
v 0.104304 0.043743 0.422705
v 0.106617 0.042909 0.436090
v 0.112363 0.044342 0.462291
v 0.108257 0.043852 0.450062
v 0.148401 0.046078 0.508926
v 0.156027 0.046238 0.511046
v 0.161105 0.043620 0.404214
v 0.160016 0.043742 0.399149
v 0.155589 0.043693 0.401241
v 0.112790 0.044079 0.455748
v 0.152203 0.046259 0.504320
v 0.120099 0.044835 0.471530
v 0.128712 0.045162 0.475475
v 0.145213 0.045943 0.491934
v 0.142715 0.045888 0.494898
v 0.147987 0.046141 0.498029
v 0.024989 0.045741 0.425347
v 0.029128 0.045840 0.420061
v 0.023684 0.046046 0.418868
v 0.112706 0.042935 0.442761
v 0.116790 0.043396 0.450405
v 0.154230 0.046233 0.499283
v 0.168164 0.046491 0.509327
v 0.119798 0.044200 0.460221
v 0.126391 0.044695 0.465610
v 0.152072 0.046095 0.493368
v 0.158567 0.045874 0.526530
v 0.157297 0.046352 0.502895
v 0.160899 0.046264 0.507014
v 0.140563 0.045848 0.489178
v 0.135656 0.045550 0.481872
v 0.175583 0.046498 0.506238
v 0.137498 0.045407 0.476447
v 0.142659 0.045919 0.484665
v 0.143496 0.045552 0.477390
v 0.132198 0.045140 0.471274
v 0.161233 0.046368 0.499660
v 0.156696 0.046039 0.496915
v 0.150194 0.045829 0.485235
v 0.147406 0.045951 0.489373
v 0.073514 0.043904 0.434821
v 0.132883 0.045650 0.484933
v 0.131567 0.044482 0.464381
v 0.167849 0.046572 0.504539
v 0.137143 0.045399 0.469999
v 0.143349 0.045307 0.470331
v 0.089743 0.043809 0.488476
v 0.127934 0.043694 0.456246
v 0.125075 0.042891 0.447588
v 0.137661 0.044718 0.462129
v 0.186243 0.046334 0.507852
v 0.183809 0.046474 0.501485
v 0.146772 0.045620 0.474954
v 0.118935 0.042612 0.443793
v 0.124563 0.042618 0.442370
v 0.120013 0.042401 0.437555
v 0.178081 0.046546 0.496766
v 0.187058 0.046177 0.502979
v 0.164702 0.045255 0.458122
v 0.161428 0.045425 0.464836
v 0.168251 0.045569 0.461838
v 0.150768 0.045677 0.478637
v 0.158539 0.046067 0.489280
v 0.158556 0.046139 0.494523
v 0.164857 0.046277 0.493053
v 0.150005 0.045486 0.471650
v 0.170005 0.046455 0.498715
v 0.127780 0.042463 0.437825
v 0.120487 0.042296 0.430352
v 0.137076 0.043821 0.453309
v 0.191170 0.046368 0.498738
v 0.130885 0.043094 0.448746
v 0.129088 0.042788 0.443938
v 0.166563 0.046100 0.484074
v 0.145803 0.045065 0.465524
v 0.143831 0.044734 0.459040
v 0.158212 0.046001 0.481130
v 0.184912 0.043476 0.421453
v 0.187489 0.043786 0.428196
v 0.189871 0.043719 0.421881
v 0.143065 0.044400 0.454027
v 0.135603 0.043138 0.443956
v 0.172484 0.046404 0.490169
v 0.179925 0.046433 0.487107
v 0.185855 0.046009 0.460263
v 0.182794 0.045677 0.454370
v 0.179205 0.045885 0.462465
v 0.152659 0.045156 0.463072
v 0.160786 0.045663 0.473657
v 0.155536 0.045644 0.475765
v 0.185231 0.046589 0.493010
v 0.175376 0.046275 0.478831
v 0.156593 0.045522 0.470510
v 0.166921 0.045880 0.475614
v 0.195854 0.042903 0.416131
v 0.190225 0.043239 0.416425
v 0.196071 0.043932 0.422676
v 0.168693 0.045362 0.455771
v 0.104328 0.044352 0.415954
v 0.099583 0.044897 0.413403
v 0.134037 0.042731 0.435942
v 0.141075 0.043413 0.439339
v 0.136968 0.042757 0.430544
v 0.035618 0.045679 0.417758
v 0.040077 0.045054 0.423590
v 0.044407 0.045670 0.413858
v 0.030781 0.046244 0.413533
v 0.024793 0.046684 0.410499
v 0.096824 0.045418 0.409095
v 0.147489 0.043570 0.435319
v 0.048490 0.045168 0.420139
v 0.128447 0.042295 0.430194
v 0.183833 0.046352 0.477768
v 0.186000 0.046319 0.484973
v 0.154970 0.044029 0.435666
v 0.154965 0.044341 0.442274
v 0.158628 0.045186 0.457530
v 0.171657 0.045714 0.466854
v 0.172293 0.045916 0.473540
v 0.152218 0.045041 0.455816
v 0.148225 0.044957 0.457231
v 0.166154 0.045715 0.468759
v 0.047567 0.043146 0.458353
v 0.173161 0.045183 0.450891
v 0.163659 0.045071 0.451448
v 0.143296 0.042739 0.425395
v 0.176442 0.046004 0.469421
v 0.177068 0.045547 0.532301
v 0.182600 0.045529 0.535455
v 0.180808 0.045825 0.528342
v 0.147120 0.044370 0.452466
v 0.154063 0.044721 0.449747
v 0.190907 0.046450 0.477557
v 0.148100 0.044256 0.442673
v 0.144330 0.043917 0.446253
v 0.189958 0.046378 0.469509
v 0.114327 0.042460 0.438585
v 0.186823 0.046132 0.515827
v 0.182782 0.045985 0.521573
v 0.083076 0.045357 0.412934
v 0.087719 0.045703 0.406002
v 0.079878 0.045575 0.408909
v 0.056937 0.045231 0.415211
v 0.182874 0.046126 0.468260
v 0.098261 0.045440 0.403676
v 0.175237 0.046066 0.527347
v 0.071741 0.045569 0.409326
v 0.058599 0.045631 0.407213
v 0.065519 0.045190 0.415807
v 0.152323 0.043414 0.429588
v 0.176772 0.046254 0.520384
v 0.176730 0.046018 0.523512
v 0.174508 0.045891 0.535913
v 0.170761 0.046038 0.531036
v 0.190005 0.044292 0.435482
v 0.185462 0.044136 0.434248
v 0.160523 0.044767 0.446852
v 0.039655 0.046297 0.408062
v 0.184229 0.042794 0.403968
v 0.181250 0.043055 0.401070
v 0.182848 0.042942 0.408057
v 0.190373 0.045002 0.442778
v 0.183997 0.044591 0.439074
v 0.181647 0.045248 0.446096
v 0.031982 0.046667 0.406457
v 0.185458 0.043071 0.416832
v 0.185570 0.042930 0.412821
v 0.182320 0.043041 0.412882
v 0.040346 0.043466 0.451242
v 0.141092 0.043808 0.449773
v 0.039627 0.043859 0.444504
v 0.044765 0.043617 0.443315
v 0.042436 0.043940 0.438010
v 0.188332 0.042696 0.406169
v 0.186548 0.042753 0.401808
v 0.191172 0.046307 0.462134
v 0.146339 0.044894 0.530978
v 0.160506 0.043878 0.430114
v 0.174348 0.045703 0.458101
v 0.179472 0.043454 0.411681
v 0.166681 0.044139 0.428096
v 0.164786 0.043630 0.420344
v 0.161592 0.044483 0.443165
v 0.165777 0.044879 0.446755
v 0.166954 0.044648 0.441647
v 0.163446 0.044562 0.448383
v 0.170690 0.044268 0.430171
v 0.173331 0.044043 0.427986
v 0.169857 0.043756 0.424122
v 0.192865 0.044068 0.425854
v 0.075453 0.043370 0.477602
v 0.030309 0.045469 0.426218
v 0.172203 0.044905 0.445209
v 0.192202 0.045989 0.455521
v 0.190314 0.042806 0.396470
v 0.194437 0.042497 0.402642
v 0.196389 0.042335 0.397179
v 0.191717 0.042903 0.414879
v 0.189332 0.042641 0.411768
v 0.167768 0.044442 0.434922
v 0.160862 0.044316 0.437952
v 0.181339 0.043070 0.416783
v 0.160122 0.043325 0.423505
v 0.156684 0.043327 0.426307
v 0.151929 0.042994 0.423027
v 0.194494 0.045523 0.447778
v 0.176189 0.043444 0.421731
v 0.173419 0.043735 0.422759
v 0.177380 0.043782 0.427366
v 0.174853 0.044733 0.440344
v 0.180745 0.043323 0.423217
v 0.170155 0.045946 0.478241
v 0.156823 0.043153 0.422048
v 0.033936 0.044754 0.430377
v 0.035104 0.045233 0.423885
v 0.092144 0.045263 0.412685
v 0.149652 0.045417 0.533165
v 0.176315 0.044376 0.433798
v 0.178201 0.045301 0.537470
v 0.171280 0.043678 0.414591
v 0.174024 0.043526 0.418759
v 0.190218 0.044877 0.439277
v 0.054303 0.044022 0.433105
v 0.058029 0.044412 0.428889
v 0.053040 0.044396 0.426776
v 0.195117 0.042709 0.410092
v 0.194745 0.042681 0.392642
v 0.181993 0.044362 0.435187
v 0.187932 0.042859 0.399084
v 0.184757 0.043161 0.399479
v 0.182029 0.043882 0.428022
v 0.181796 0.043896 0.431847
v 0.037510 0.044235 0.436412
v 0.043872 0.044366 0.430479
v 0.047997 0.044014 0.435535
v 0.176183 0.043632 0.406811
v 0.176737 0.043556 0.416193
v 0.112754 0.042710 0.432129
v 0.176355 0.043488 0.399225
v 0.133099 0.044572 0.537271
v 0.077186 0.043474 0.483854
v 0.142980 0.045084 0.535206
v 0.183628 0.043108 0.396372
v 0.053263 0.043619 0.439377
v 0.182289 0.045131 0.542886
v 0.164663 0.045890 0.527710
v 0.158947 0.045201 0.556705
v 0.162218 0.045178 0.560439
v 0.175221 0.045378 0.541696
v 0.170813 0.045150 0.557888
v 0.169339 0.045149 0.553771
v 0.166802 0.045151 0.559017
v 0.159995 0.045717 0.534573
v 0.154177 0.045599 0.535402
v 0.172215 0.044864 0.553623
v 0.170353 0.045068 0.549590
v 0.166475 0.045224 0.553077
v 0.156423 0.045850 0.539162
v 0.149404 0.045385 0.541891
v 0.168367 0.045492 0.545120
v 0.174362 0.045279 0.549123
v 0.163433 0.045007 0.564817
v 0.159585 0.045472 0.545590
v 0.184866 0.044593 0.550040
v 0.174610 0.044914 0.558149
v 0.155064 0.045385 0.552737
v 0.152938 0.045441 0.548003
v 0.180534 0.044775 0.554032
v 0.147704 0.044949 0.548166
v 0.169961 0.045776 0.537591
v 0.164760 0.045678 0.539197
v 0.168706 0.044951 0.567536
v 0.165994 0.046005 0.534074
v 0.175179 0.044718 0.566438
v 0.150266 0.045173 0.551117
v 0.048453 0.044640 0.427434
v 0.059022 0.043688 0.436574
v 0.069691 0.044003 0.431569
v 0.084880 0.044239 0.427494
v 0.054694 0.045004 0.419775
v 0.065721 0.043726 0.435599
v 0.129803 0.042452 0.425188
v 0.121391 0.042343 0.422875
v 0.156506 0.043284 0.410325
v 0.162503 0.043710 0.411452
v 0.134327 0.042531 0.423392
v 0.165196 0.043950 0.404350
v 0.105514 0.043435 0.427219
v 0.096129 0.043690 0.429406
v 0.172222 0.043694 0.406503
v 0.134589 0.042413 0.417231
v 0.169126 0.043633 0.405660
v 0.166977 0.043856 0.411542
v 0.150874 0.042886 0.412512
v 0.146494 0.042718 0.410592
v 0.144729 0.042418 0.415536
v 0.159783 0.043406 0.418008
v 0.171985 0.043660 0.400156
v 0.168150 0.043786 0.400086
v 0.154039 0.043080 0.417397
v 0.136888 0.042493 0.412854
v 0.149689 0.043177 0.406440
v 0.075925 0.044193 0.430028
v 0.016498 0.046528 0.416060
v 0.076851 0.044891 0.419516
v 0.090829 0.044666 0.419946
v 0.095618 0.045004 0.415725
v 0.127183 0.042381 0.419529
v 0.143112 0.042830 0.410430
v 0.137642 0.042876 0.407665
v 0.120230 0.042470 0.416312
v 0.130694 0.042547 0.409817
v 0.163964 0.043990 0.397597
v 0.137480 0.043351 0.401840
v 0.237400 0.051931 0.110227
v 0.236551 0.052127 0.102915
v 0.230948 0.052045 0.114569
v 0.226145 0.053900 0.034055
v 0.219672 0.053953 0.044648
v 0.228669 0.053961 0.048768
v 0.238793 0.051277 0.116815
v 0.242685 0.053500 0.054434
v 0.254174 0.052845 0.056256
v 0.246610 0.053379 0.045178
v 0.261636 0.050024 0.151446
v 0.263011 0.050356 0.163270
v 0.268788 0.050184 0.155354
v 0.250584 0.053783 0.036475
v 0.253097 0.053335 0.045144
v 0.282648 0.048939 0.127099
v 0.276303 0.048896 0.130379
v 0.279483 0.049511 0.137201
v 0.249833 0.052579 0.080662
v 0.252726 0.052713 0.077207
v 0.246240 0.052429 0.078388
v 0.300946 0.049586 0.124022
v 0.290404 0.049546 0.132960
v 0.299275 0.050106 0.140750
v 0.239996 0.051729 0.088687
v 0.231560 0.051836 0.095264
v 0.303116 0.051950 0.031672
v 0.308253 0.051964 0.030908
v 0.303920 0.051163 0.023867
v 0.344687 0.048856 0.115162
v 0.351749 0.048917 0.114163
v 0.343227 0.048370 0.111258
v 0.380467 0.049764 0.065409
v 0.385700 0.049374 0.066409
v 0.382176 0.049919 0.058601
v 0.358841 0.048555 0.140768
v 0.350681 0.049198 0.131864
v 0.349237 0.048859 0.143746
v 0.391668 0.048028 0.099090
v 0.394572 0.047351 0.086912
v 0.383274 0.047801 0.095592
v 0.315761 0.050856 0.086366
v 0.306583 0.051592 0.081015
v 0.309698 0.050444 0.093182
v 0.265452 0.052845 0.055317
v 0.264598 0.052237 0.066136
v 0.345962 0.049388 0.054261
v 0.346197 0.049140 0.047794
v 0.341473 0.049290 0.052414
v 0.249193 0.052329 0.099326
v 0.268245 0.049566 0.116366
v 0.273423 0.049330 0.115550
v 0.267135 0.050404 0.112150
v 0.374753 0.050860 0.048790
v 0.372227 0.050759 0.042863
v 0.364920 0.050548 0.049704
v 0.337063 0.050356 0.070092
v 0.332470 0.050273 0.063619
v 0.329496 0.050560 0.071704
v 0.257539 0.053662 0.038631
v 0.259807 0.053171 0.046393
v 0.340442 0.049354 0.136649
v 0.333299 0.049601 0.141687
v 0.340948 0.049390 0.144203
v 0.237035 0.053640 0.042569
v 0.279912 0.049963 0.147360
v 0.277076 0.050250 0.154735
v 0.284504 0.050192 0.154293
v 0.205207 0.053862 0.050804
v 0.197077 0.053916 0.043908
v 0.200678 0.054094 0.053106
v 0.215887 0.052647 0.095289
v 0.223983 0.051686 0.089139
v 0.220802 0.052095 0.083763
v 0.225187 0.052401 0.106054
v 0.257974 0.051330 0.109527
v 0.262469 0.049607 0.118040
v 0.199554 0.053895 0.010433
v 0.198625 0.053991 0.002876
v 0.189574 0.054838 0.009828
v 0.288366 0.051826 0.017190
v 0.294507 0.051344 0.021943
v 0.294347 0.051801 0.014065
v 0.265749 0.053303 0.036045
v 0.268619 0.053454 0.045143
v 0.274339 0.053653 0.037889
v 0.258885 0.052628 0.080982
v 0.260754 0.052345 0.087048
v 0.266489 0.052191 0.081637
v 0.303027 0.052117 0.011721
v 0.313742 0.052462 0.015563
v 0.273179 0.051689 0.096720
v 0.267081 0.051291 0.104885
v 0.274106 0.050808 0.106986
v 0.298927 0.051447 0.018166
v 0.338197 0.048491 0.094951
v 0.343783 0.048216 0.093192
v 0.338808 0.049404 0.088648
v 0.329688 0.049420 0.094181
v 0.335250 0.047555 0.101252
v 0.286324 0.052703 0.007204
v 0.280404 0.052365 0.014678
v 0.219501 0.054155 0.005584
v 0.214160 0.053612 0.013094
v 0.221600 0.053783 0.010669
v 0.261626 0.051850 0.098493
v 0.376137 0.048192 0.099190
v 0.379864 0.048471 0.101168
v 0.227111 0.054241 0.013953
v 0.219737 0.054088 0.017367
v 0.336048 0.049214 0.125992
v 0.200302 0.053718 0.030884
v 0.187322 0.054055 0.032778
v 0.359640 0.049127 0.125145
v 0.364563 0.049264 0.117367
v 0.192242 0.054819 0.000007
v 0.370126 0.050604 0.026714
v 0.365754 0.051225 0.014304
v 0.361004 0.050411 0.022067
v 0.214733 0.054287 0.024783
v 0.206556 0.053975 0.026854
v 0.208467 0.054009 0.032501
v 0.234383 0.053938 0.000954
v 0.227716 0.054064 0.005192
v 0.235833 0.053844 0.008837
v 0.325032 0.049865 0.139998
v 0.326898 0.049609 0.132947
v 0.317448 0.049918 0.136192
v 0.240516 0.053783 0.016992
v 0.244411 0.053212 0.007866
v 0.399469 0.047672 0.118659
v 0.398290 0.048091 0.111738
v 0.391493 0.048426 0.114961
v 0.357755 0.048523 0.105443
v 0.344848 0.047685 0.104402
v 0.327182 0.051480 0.035861
v 0.322142 0.051864 0.028371
v 0.315602 0.052409 0.036313
v 0.214546 0.053241 0.072688
v 0.202707 0.054215 0.067949
v 0.203289 0.053946 0.076275
v 0.344937 0.049891 0.081673
v 0.344696 0.050162 0.071237
v 0.334221 0.050468 0.078981
v 0.256750 0.052362 0.092686
v 0.233352 0.051026 0.121933
v 0.237755 0.050294 0.125883
v 0.318810 0.050041 0.145010
v 0.327806 0.049905 0.148326
v 0.182617 0.054351 0.018597
v 0.184243 0.054064 0.024943
v 0.192201 0.054294 0.020641
v 0.367084 0.047350 0.093851
v 0.364183 0.047391 0.095122
v 0.367462 0.048057 0.099992
v 0.317239 0.052701 0.045939
v 0.321046 0.052278 0.041458
v 0.276895 0.052838 0.005151
v 0.302788 0.051027 0.090334
v 0.297685 0.051594 0.085360
v 0.390190 0.049998 0.051922
v 0.351347 0.049026 0.039580
v 0.349179 0.049591 0.032803
v 0.343226 0.049883 0.034748
v 0.252113 0.053154 0.004134
v 0.257606 0.053177 0.008732
v 0.260069 0.052794 -0.001212
v 0.263245 0.051953 0.092357
v 0.248715 0.053388 0.014470
v 0.375411 0.050850 0.036412
v 0.379687 0.051005 0.029192
v 0.340224 0.049453 0.044090
v 0.332379 0.050531 0.043798
v 0.334391 0.049997 0.052925
v 0.206759 0.053460 0.008948
v 0.208786 0.054187 0.003555
v 0.347091 0.049043 0.120889
v 0.273334 0.050361 0.161967
v 0.283226 0.050293 0.164889
v 0.326194 0.048483 0.100751
v 0.320868 0.049357 0.097259
v 0.317109 0.048109 0.106244
v 0.402106 0.047908 0.097631
v 0.346430 0.050126 0.027863
v 0.340705 0.051292 0.021088
v 0.337038 0.050707 0.030602
v 0.402318 0.049836 0.047290
v 0.397372 0.049424 0.055498
v 0.325405 0.051543 0.047899
v 0.401662 0.049281 0.055062
v 0.273467 0.052934 0.029835
v 0.266862 0.053225 0.023587
v 0.363242 0.049588 0.078018
v 0.353508 0.050016 0.076604
v 0.358472 0.048832 0.083858
v 0.203802 0.053916 0.019817
v 0.269934 0.051946 0.088461
v 0.216375 0.054360 -0.000435
v 0.224989 0.054054 -0.000843
v 0.267238 0.051838 0.094211
v 0.282482 0.053219 0.032198
v 0.295480 0.052758 0.034094
v 0.305880 0.052531 0.037612
v 0.256101 0.052479 0.068508
v 0.280091 0.049705 0.110434
v 0.238635 0.053138 0.000257
v 0.269136 0.052152 0.074401
v 0.261855 0.052313 0.075014
v 0.212929 0.053727 0.006180
v 0.370332 0.048720 0.126345
v 0.372160 0.048447 0.135581
v 0.361854 0.048619 0.133855
v 0.295561 0.052813 0.005183
v 0.286329 0.052038 0.024189
v 0.311008 0.049803 0.128803
v 0.308515 0.050230 0.143506
v 0.375018 0.048998 0.123174
v 0.381209 0.048247 0.131822
v 0.273768 0.053092 0.061326
v 0.272012 0.053562 0.052396
v 0.242562 0.051924 0.109076
v 0.245987 0.051170 0.115388
v 0.276287 0.052222 0.080209
v 0.276510 0.052403 0.022572
v 0.226248 0.052781 0.069741
v 0.218885 0.053590 0.063587
v 0.281081 0.054221 0.042100
v 0.275290 0.054022 0.045673
v 0.242406 0.052694 0.002121
v 0.208061 0.054028 0.060840
v 0.213387 0.053982 0.054360
v 0.287530 0.054477 0.052946
v 0.294933 0.053900 0.053221
v 0.287222 0.054394 0.047098
v 0.312819 0.050237 0.149131
v 0.308254 0.050042 0.153468
v 0.399397 0.048709 0.061781
v 0.393912 0.048127 0.073576
v 0.403697 0.048235 0.066682
v 0.376127 0.050726 0.055471
v 0.371463 0.050659 0.052709
v 0.366420 0.048494 0.084643
v 0.257938 0.053518 0.018277
v 0.248779 0.053842 0.026101
v 0.362100 0.047829 0.090574
v 0.359355 0.047911 0.096170
v 0.373611 0.048870 0.079000
v 0.370185 0.049760 0.072460
v 0.206480 0.054482 -0.004266
v 0.338849 0.048702 0.115891
v 0.336022 0.048045 0.108008
v 0.316376 0.050196 0.093455
v 0.322560 0.050184 0.090312
v 0.224614 0.052019 0.095372
v 0.252523 0.050459 0.117906
v 0.274760 0.048603 0.122917
v 0.288706 0.050280 0.105445
v 0.298281 0.049981 0.105358
v 0.295741 0.051097 0.095105
v 0.223992 0.054307 0.022540
v 0.367292 0.049215 0.109155
v 0.364385 0.049837 0.036484
v 0.358483 0.049405 0.043344
v 0.270740 0.049913 0.145822
v 0.413816 0.047452 0.067175
v 0.418819 0.047410 0.062769
v 0.411766 0.047862 0.062545
v 0.251196 0.052603 0.086076
v 0.375112 0.049059 0.106974
v 0.378161 0.050914 0.043194
v 0.374660 0.047428 0.092744
v 0.384358 0.047519 0.084854
v 0.303802 0.049234 0.109549
v 0.304647 0.048944 0.114722
v 0.308737 0.048591 0.109589
v 0.395464 0.050147 0.041642
v 0.329775 0.050205 0.087046
v 0.280541 0.052867 0.071086
v 0.273425 0.052515 0.070712
v 0.288020 0.050039 0.145408
v 0.268408 0.053026 0.011231
v 0.321479 0.050974 0.072266
v 0.310728 0.051854 0.068316
v 0.317646 0.051121 0.078054
v 0.244506 0.050162 0.122526
v 0.242238 0.049577 0.130282
v 0.374201 0.050230 0.064490
v 0.396116 0.048321 0.105268
v 0.393729 0.048387 0.110426
v 0.268687 0.048942 0.133219
v 0.235566 0.053569 0.054128
v 0.249402 0.049128 0.127753
v 0.238447 0.053836 0.028389
v 0.231739 0.054129 0.020783
v 0.243457 0.053739 0.021501
v 0.351655 0.049259 0.084039
v 0.355672 0.051552 0.012689
v 0.351126 0.050695 0.021021
v 0.322955 0.051143 0.064264
v 0.234615 0.049261 0.133779
v 0.243829 0.049557 0.139113
v 0.404374 0.047080 0.082714
v 0.400470 0.047116 0.083438
v 0.402909 0.047331 0.088077
v 0.232333 0.049791 0.144410
v 0.335545 0.050492 0.037758
v 0.355692 0.049741 0.029106
v 0.310541 0.048692 0.116040
v 0.381645 0.050635 0.049658
v 0.386173 0.048096 0.077161
v 0.381755 0.048574 0.075218
v 0.380091 0.048232 0.081003
v 0.312711 0.052755 0.051059
v 0.312000 0.052635 0.057976
v 0.319528 0.051993 0.054893
v 0.327345 0.050811 0.057238
v 0.293284 0.053781 0.044291
v 0.287672 0.053889 0.039388
v 0.386387 0.048743 0.073134
v 0.389402 0.048451 0.071505
v 0.282338 0.051794 0.090079
v 0.275994 0.052012 0.089072
v 0.287440 0.051157 0.095975
v 0.281156 0.050816 0.101044
v 0.401799 0.047249 0.077340
v 0.297229 0.052406 0.077277
v 0.299364 0.052637 0.069842
v 0.289743 0.053157 0.071490
v 0.326197 0.050930 0.077057
v 0.323927 0.050832 0.083349
v 0.393143 0.049126 0.063577
v 0.383579 0.048617 0.105249
v 0.243337 0.053513 0.035672
v 0.281114 0.054426 0.052655
v 0.291628 0.049081 0.121393
v 0.284008 0.048472 0.116834
v 0.362975 0.050601 0.068144
v 0.353619 0.050561 0.066534
v 0.246850 0.052825 0.067691
v 0.257147 0.049143 0.124396
v 0.256725 0.049109 0.133295
v 0.390434 0.050822 0.041375
v 0.384627 0.050943 0.039606
v 0.290529 0.051762 0.087892
v 0.278115 0.048700 0.116634
v 0.314709 0.052079 0.025427
v 0.272564 0.050433 0.172462
v 0.268645 0.048387 0.119819
v 0.285413 0.052355 0.079953
v 0.292544 0.052234 0.080272
v 0.347240 0.048937 0.088787
v 0.264689 0.048513 0.125051
v 0.253755 0.049939 0.149145
v 0.253026 0.050303 0.158358
v 0.377907 0.049544 0.070935
v 0.290567 0.053954 0.060631
v 0.348673 0.049994 0.060841
v 0.356413 0.050274 0.057898
v 0.247638 0.052621 0.000276
v 0.251556 0.049636 0.142199
v 0.236220 0.052222 0.074036
v 0.238770 0.053151 0.061697
v 0.303139 0.053058 0.047945
v 0.333154 0.049423 0.134224
v 0.387497 0.048486 0.122756
v 0.374237 0.049394 0.115933
v 0.259578 0.050446 0.175132
v 0.253553 0.050550 0.168154
v 0.327713 0.047803 0.106890
v 0.319789 0.048287 0.115695
v 0.330006 0.048489 0.115889
v 0.257436 0.053763 0.029697
v 0.353008 0.049421 0.050099
v 0.329313 0.049543 0.136901
v 0.380634 0.049090 0.113260
v 0.386422 0.048797 0.113930
v 0.389597 0.048524 0.109217
v 0.354768 0.048563 0.089587
v 0.229712 0.051398 0.085652
v 0.282747 0.053871 0.063096
v 0.260248 0.049678 0.141894
v 0.313350 0.050130 0.143102
v 0.320685 0.049952 0.153061
v 0.243984 0.050147 0.153236
v 0.237813 0.049894 0.147469
v 0.361993 0.050522 0.057992
v 0.359076 0.050643 0.063214
v 0.229908 0.053432 0.061317
v 0.221598 0.053932 0.054418
v 0.346447 0.051783 0.013128
v 0.339872 0.052159 0.014904
v 0.293157 0.050255 0.157613
v 0.391709 0.050836 0.032519
v 0.362544 0.050667 0.062038
v 0.340829 0.049831 0.061203
v 0.322887 0.049171 0.125220
v 0.292129 0.049096 0.112632
v 0.231847 0.050169 0.127944
v 0.408559 0.047373 0.070576
v 0.299261 0.053100 0.061617
v 0.304489 0.052781 0.058358
v 0.368151 0.050790 0.058742
v 0.226142 0.051116 0.125417
v 0.226834 0.052001 0.077168
v 0.303044 0.050387 0.097495
v 0.369034 0.047840 0.089686
v 0.298626 0.049058 0.114265
v 0.323176 0.052379 0.019676
v 0.325298 0.052660 0.007309
v 0.410046 0.047045 0.086954
v 0.410770 0.046652 0.078274
v 0.308096 0.049370 0.102680
v 0.373847 0.047888 0.085811
v 0.363355 0.050061 0.028354
v 0.333228 0.052105 0.016623
v 0.218770 0.052478 0.103282
v 0.310375 0.052836 0.044171
v 0.418329 0.046123 0.075695
v 0.414173 0.046802 0.071986
v 0.350629 0.047699 0.096611
v 0.342779 0.047634 0.097939
v 0.331120 0.051609 0.025022
v 0.209434 0.053873 0.043064
v 0.214369 0.053753 0.066453
v 0.206798 0.053357 0.086339
v 0.244724 0.050631 0.167145
v 0.419833 0.046736 0.068927
v 0.314044 0.049420 0.098643
v 0.184842 0.054728 0.044157
v 0.302534 0.050325 0.155517
v 0.388752 0.048764 0.112807
v 0.215596 0.054074 0.036221
v 0.408547 0.047402 0.092880
v 0.385538 0.050878 0.024701
v 0.376543 0.051055 0.018902
v 0.222158 0.052187 0.118368
v 0.193327 0.054664 0.057742
v 0.403189 0.047813 0.106108
v 0.385380 0.051150 0.031520
v 0.216311 0.054056 0.049997
v 0.407330 0.048817 0.055699
v 0.332646 0.047657 0.104681
v 0.385325 0.051184 0.014964
v 0.418590 0.049810 -0.040236
v 0.411337 0.049924 -0.041874
v 0.416634 0.049926 -0.035852
v 0.507460 0.048093 0.010427
v 0.507907 0.047596 0.014421
v 0.511097 0.047619 0.012476
v 0.382066 0.050900 -0.052363
v 0.428270 0.048623 0.049531
v 0.432403 0.047924 0.053347
v 0.434214 0.048273 0.046995
v 0.442820 0.049303 -0.039054
v 0.442841 0.048619 -0.043293
v 0.371894 0.051681 -0.068603
v 0.368196 0.052024 -0.062848
v 0.371958 0.051730 -0.063325
v 0.459481 0.048752 0.024411
v 0.467253 0.048730 0.021346
v 0.466921 0.048522 0.017178
v 0.436787 0.049169 -0.014596
v 0.442376 0.049443 -0.020931
v 0.435045 0.049082 -0.024069
v 0.472934 0.048720 -0.013552
v 0.474394 0.048231 -0.006439
v 0.484031 0.048241 -0.009893
v 0.488660 0.049210 -0.025175
v 0.481767 0.049384 -0.021425
v 0.488655 0.048957 -0.019022
v 0.407330 0.048817 0.055699
v 0.414450 0.049042 0.046837
v 0.402318 0.049836 0.047290
v 0.464963 0.048369 0.035004
v 0.473427 0.047711 0.041551
v 0.474411 0.048389 0.034179
v 0.474365 0.046263 0.057873
v 0.467572 0.046610 0.054550
v 0.465440 0.046522 0.058120
v 0.405298 0.050334 0.005486
v 0.413785 0.050331 -0.001168
v 0.404768 0.050752 -0.001819
v 0.480009 0.048168 -0.059976
v 0.480193 0.048452 -0.064190
v 0.474396 0.048662 -0.058483
v 0.437738 0.049624 -0.043282
v 0.409375 0.050737 -0.013994
v 0.409479 0.050660 -0.006974
v 0.417292 0.050216 -0.009451
v 0.451804 0.048935 0.010090
v 0.449665 0.048809 0.004330
v 0.446984 0.048819 0.014508
v 0.396390 0.050720 -0.057665
v 0.390187 0.050756 -0.049766
v 0.394134 0.050751 -0.048878
v 0.489184 0.047978 -0.050482
v 0.485311 0.048069 -0.048484
v 0.490763 0.048269 -0.045265
v 0.509531 0.047259 0.029416
v 0.515166 0.046440 0.033305
v 0.513246 0.047091 0.030667
v 0.443914 0.049618 -0.029734
v 0.437715 0.049437 -0.030696
v 0.441815 0.049377 -0.026436
v 0.404290 0.049949 -0.057246
v 0.403085 0.050802 -0.061110
v 0.423016 0.050059 0.002599
v 0.430210 0.049682 0.006534
v 0.431897 0.049504 -0.003982
v 0.440545 0.048677 0.032315
v 0.431967 0.048942 0.039262
v 0.442613 0.048569 0.042923
v 0.451845 0.048793 -0.035852
v 0.447217 0.049048 -0.035668
v 0.449259 0.049432 -0.031109
v 0.492618 0.047953 -0.054437
v 0.494104 0.047867 -0.050249
v 0.514613 0.048634 -0.042494
v 0.510637 0.049104 -0.035122
v 0.517492 0.048821 -0.034329
v 0.460576 0.048729 -0.006418
v 0.466576 0.048569 -0.009775
v 0.460343 0.048745 -0.011942
v 0.437938 0.049107 0.000321
v 0.451464 0.048843 0.032142
v 0.448606 0.048563 0.039411
v 0.503658 0.047950 0.011969
v 0.506979 0.047672 0.018051
v 0.411533 0.050105 0.016437
v 0.405938 0.050239 0.013477
v 0.405750 0.050235 0.018965
v 0.423488 0.049833 -0.005065
v 0.504173 0.048254 -0.003331
v 0.499675 0.048249 -0.000866
v 0.503978 0.047904 0.005509
v 0.408675 0.050261 -0.061864
v 0.413484 0.049836 -0.057314
v 0.414842 0.050145 -0.063442
v 0.426375 0.049066 -0.031509
v 0.435165 0.049765 -0.037496
v 0.425633 0.049637 -0.040808
v 0.374396 0.050413 -0.044789
v 0.375487 0.050841 -0.042498
v 0.376638 0.050879 -0.046328
v 0.368190 0.051761 -0.054695
v 0.371783 0.051263 -0.059428
v 0.436552 0.047413 0.057946
v 0.442759 0.047218 0.058703
v 0.441342 0.048039 0.051812
v 0.521053 0.047924 0.008290
v 0.528068 0.047511 0.012902
v 0.524841 0.047987 0.006028
v 0.499475 0.048330 -0.046309
v 0.441284 0.049351 -0.007285
v 0.514690 0.048734 -0.027873
v 0.507097 0.049104 -0.024369
v 0.512896 0.048995 -0.022796
v 0.448349 0.048811 0.022999
v 0.453682 0.048759 0.015471
v 0.454806 0.049440 -0.025248
v 0.447049 0.049326 -0.025775
v 0.449252 0.049271 -0.019097
v 0.509475 0.047896 -0.059615
v 0.514408 0.048251 -0.058530
v 0.509419 0.048206 -0.064517
v 0.379773 0.051561 -0.000542
v 0.382762 0.051698 -0.011083
v 0.373694 0.051442 -0.008430
v 0.402384 0.050990 -0.007853
v 0.400373 0.051166 -0.014518
v 0.395997 0.051576 -0.008673
v 0.491402 0.048592 -0.060959
v 0.495643 0.048617 -0.067948
v 0.487185 0.048795 -0.066938
v 0.447567 0.048080 -0.038916
v 0.494571 0.047739 0.016129
v 0.490223 0.047895 0.006288
v 0.484600 0.047596 0.010682
v 0.495483 0.049064 -0.037747
v 0.496814 0.049227 -0.027077
v 0.503122 0.049066 -0.036545
v 0.385918 0.051294 -0.028532
v 0.386196 0.051536 -0.020134
v 0.393634 0.051163 -0.029625
v 0.455601 0.048824 -0.009226
v 0.454794 0.048684 -0.003534
v 0.511943 0.047430 0.020108
v 0.450830 0.048960 -0.004092
v 0.470294 0.047790 0.003062
v 0.476947 0.047568 0.001787
v 0.474124 0.047612 -0.001457
v 0.413600 0.049366 -0.051263
v 0.418898 0.049659 -0.054502
v 0.417568 0.049744 0.020850
v 0.407205 0.050120 0.024823
v 0.415475 0.049438 0.030926
v 0.390314 0.051303 -0.066044
v 0.387560 0.050978 -0.059279
v 0.399803 0.050282 0.016017
v 0.403260 0.050021 0.017380
v 0.458220 0.050086 -0.066105
v 0.455756 0.050529 -0.071681
v 0.451440 0.049752 -0.066850
v 0.393541 0.050542 0.021502
v 0.398948 0.050361 0.026849
v 0.401028 0.050250 0.020995
v 0.383437 0.051181 -0.063484
v 0.474561 0.049023 -0.019007
v 0.480405 0.049038 -0.016415
v 0.375941 0.051062 -0.055273
v 0.381854 0.051532 -0.016537
v 0.381041 0.051422 -0.021505
v 0.377215 0.051465 -0.015468
v 0.422096 0.049380 -0.023789
v 0.416694 0.049911 -0.030877
v 0.431246 0.049439 -0.050609
v 0.430927 0.049403 -0.056716
v 0.428062 0.049637 -0.053617
v 0.446458 0.048905 -0.067441
v 0.441828 0.049084 -0.067757
v 0.442962 0.048679 -0.064166
v 0.407946 0.049881 -0.054271
v 0.408804 0.049520 -0.047871
v 0.403082 0.049960 -0.050913
v 0.509618 0.048087 -0.055473
v 0.484417 0.048456 -0.061949
v 0.425031 0.049361 -0.055599
v 0.425963 0.049776 -0.051541
v 0.480442 0.048339 -0.069790
v 0.505244 0.047384 -0.060421
v 0.460572 0.048771 0.014049
v 0.467823 0.048237 0.010568
v 0.475450 0.048734 -0.065037
v 0.437901 0.049830 -0.072358
v 0.437223 0.048333 -0.064953
v 0.469383 0.049306 -0.018289
v 0.466562 0.049254 -0.019966
v 0.464912 0.048949 -0.016155
v 0.488011 0.047854 -0.001346
v 0.493514 0.048131 0.001523
v 0.497920 0.047420 -0.052855
v 0.504059 0.047747 -0.052848
v 0.425232 0.049620 0.015437
v 0.420417 0.050027 0.011963
v 0.440786 0.048651 0.021382
v 0.419099 0.049972 -0.016402
v 0.413238 0.050411 -0.020463
v 0.471844 0.049131 -0.067930
v 0.428404 0.049688 -0.062841
v 0.420509 0.050175 -0.060618
v 0.376135 0.051132 -0.031238
v 0.373738 0.050671 -0.035047
v 0.369981 0.051058 -0.032441
v 0.498601 0.047699 -0.057860
v 0.392235 0.051490 -0.015402
v 0.389360 0.051442 -0.004296
v 0.483754 0.048538 -0.057035
v 0.487995 0.048290 -0.055271
v 0.479067 0.047508 0.043905
v 0.479425 0.047819 0.038999
v 0.510197 0.048458 -0.048869
v 0.434853 0.048934 0.025339
v 0.373769 0.051308 -0.050239
v 0.427311 0.049146 0.023068
v 0.432265 0.048864 0.030022
v 0.376798 0.051429 -0.062915
v 0.380716 0.051219 -0.066722
v 0.384648 0.051415 -0.068232
v 0.459963 0.047458 0.051237
v 0.450526 0.048092 0.048515
v 0.450455 0.047391 0.056373
v 0.497315 0.047781 0.008341
v 0.456674 0.049285 -0.016723
v 0.448960 0.049140 -0.010446
v 0.470874 0.048528 0.018855
v 0.477210 0.048143 0.016728
v 0.398734 0.051167 -0.021917
v 0.402581 0.050880 -0.028163
v 0.401634 0.050501 -0.036680
v 0.464537 0.049821 -0.065205
v 0.458942 0.049495 -0.057824
v 0.516291 0.048313 -0.050229
v 0.459445 0.048479 0.006594
v 0.405585 0.050856 -0.021195
v 0.431186 0.049244 0.013775
v 0.457370 0.048327 0.040949
v 0.452086 0.048401 0.043846
v 0.431759 0.049176 0.017782
v 0.435287 0.049067 0.013737
v 0.443112 0.049479 -0.033987
v 0.434910 0.048694 0.019056
v 0.440684 0.048922 0.013358
v 0.429377 0.049118 -0.019447
v 0.394144 0.050397 0.012815
v 0.400509 0.049952 0.010982
v 0.397063 0.050664 0.007145
v 0.388855 0.051052 0.008586
v 0.383103 0.051285 0.009762
v 0.385325 0.051184 0.014964
v 0.389107 0.051117 -0.055041
v 0.507024 0.048520 -0.043872
v 0.488674 0.047761 -0.053073
v 0.478585 0.047775 -0.055635
v 0.485665 0.048384 -0.052400
v 0.505661 0.047755 0.010912
v 0.448810 0.048584 0.043878
v 0.438624 0.049098 0.007389
v 0.445355 0.048569 -0.048989
v 0.448275 0.048838 -0.050815
v 0.444258 0.048788 -0.054475
v 0.463800 0.049270 -0.022952
v 0.450196 0.048111 -0.045795
v 0.419667 0.050450 -0.068761
v 0.411741 0.049905 -0.067159
v 0.469382 0.048845 -0.035472
v 0.467511 0.048528 -0.041845
v 0.462807 0.048462 -0.038150
v 0.465510 0.049681 -0.060914
v 0.401126 0.050694 -0.062469
v 0.466092 0.049509 -0.055582
v 0.408271 0.049616 -0.057611
v 0.377219 0.049963 -0.037806
v 0.383505 0.050818 -0.036097
v 0.381228 0.050172 -0.043238
v 0.527983 0.046712 0.024651
v 0.525641 0.047515 0.017040
v 0.518661 0.047492 0.017007
v 0.398160 0.050426 -0.045778
v 0.480906 0.047930 -0.051005
v 0.399331 0.050792 0.002454
v 0.392956 0.050996 0.002327
v 0.419392 0.049691 -0.045521
v 0.424611 0.049547 -0.047443
v 0.418802 0.049443 -0.049482
v 0.386141 0.051199 -0.052136
v 0.384887 0.050868 -0.048367
v 0.452591 0.046700 0.061874
v 0.457757 0.046656 0.059849
v 0.381377 0.051303 -0.057968
v 0.447342 0.048517 -0.061012
v 0.451129 0.048760 -0.054913
v 0.453080 0.049571 -0.061072
v 0.444691 0.049038 -0.001694
v 0.483236 0.047823 0.039401
v 0.482351 0.047319 0.042710
v 0.470266 0.049191 -0.051866
v 0.476035 0.048470 -0.051120
v 0.469297 0.048543 0.027217
v 0.473352 0.048406 0.022671
v 0.465799 0.047786 0.043967
v 0.471551 0.047611 0.046097
v 0.416121 0.049413 -0.048139
v 0.410598 0.049516 0.039839
v 0.402226 0.050124 0.035253
v 0.434526 0.048445 -0.060453
v 0.512736 0.048078 0.006951
v 0.509427 0.048158 0.000338
v 0.507833 0.048167 0.004933
v 0.454780 0.047982 0.046271
v 0.428723 0.046950 0.063284
v 0.438013 0.046717 0.064088
v 0.404832 0.049807 -0.043540
v 0.502610 0.048182 -0.067811
v 0.499145 0.048274 -0.063499
v 0.418819 0.047410 0.062769
v 0.420784 0.048258 0.054557
v 0.411766 0.047862 0.062545
v 0.396197 0.050468 -0.038625
v 0.382812 0.051338 0.006008
v 0.386611 0.051214 0.002809
v 0.479045 0.048459 -0.048732
v 0.455096 0.049092 -0.031706
v 0.500295 0.048004 0.005232
v 0.403980 0.050297 -0.065986
v 0.452884 0.047569 -0.041561
v 0.509453 0.048301 -0.005612
v 0.506260 0.048653 -0.013049
v 0.451560 0.049969 -0.071616
v 0.397526 0.051311 -0.002492
v 0.480544 0.048326 -0.044155
v 0.472029 0.048915 -0.045937
v 0.385224 0.050720 -0.055382
v 0.488670 0.048870 -0.038179
v 0.409664 0.050185 -0.035407
v 0.385538 0.050878 0.024701
v 0.478023 0.048963 -0.036009
v 0.473663 0.049029 -0.040380
v 0.487083 0.047847 0.017340
v 0.483102 0.048946 -0.037102
v 0.426553 0.049503 -0.012531
v 0.460673 0.048108 -0.051457
v 0.465087 0.049020 -0.048116
v 0.518407 0.048564 -0.021849
v 0.455257 0.047939 -0.049883
v 0.490113 0.049269 -0.031313
v 0.431259 0.050014 -0.044244
v 0.483236 0.049160 -0.032611
v 0.449451 0.049620 -0.069413
v 0.482834 0.049218 -0.026816
v 0.441325 0.048716 -0.060270
v 0.380264 0.051106 -0.027834
v 0.516726 0.047230 0.023377
v 0.459923 0.047621 -0.046823
v 0.434702 0.049753 -0.046476
v 0.473481 0.049278 -0.028457
v 0.451080 0.048630 -0.050258
v 0.499767 0.048863 -0.018527
v 0.476663 0.047639 0.007165
v 0.494752 0.049037 -0.019749
v 0.513156 0.048683 -0.017679
v 0.411020 0.050466 -0.027487
v 0.458243 0.048293 -0.000384
v 0.462152 0.047672 -0.043185
v 0.456746 0.047522 -0.042435
v 0.391648 0.050635 -0.041612
v 0.388710 0.050985 -0.034030
v 0.405796 0.050497 -0.032350
v 0.444015 0.049164 -0.014291
v 0.439595 0.049354 -0.048602
v 0.413982 0.050348 0.008137
v 0.499193 0.048211 -0.005747
v 0.494277 0.048381 -0.005248
v 0.476349 0.049126 -0.023367
v 0.476664 0.047182 0.049073
v 0.469913 0.047121 0.050334
v 0.514765 0.048326 -0.008435
v 0.521498 0.048485 -0.013916
v 0.420345 0.049148 0.039337
v 0.457761 0.048833 0.032809
v 0.499374 0.048440 -0.010474
v 0.470292 0.049319 -0.021696
v 0.520011 0.048227 -0.008016
v 0.465955 0.048154 -0.002045
v 0.372106 0.051190 -0.038688
v 0.462581 0.049239 -0.030981
v 0.426598 0.049016 0.033422
v 0.493775 0.048751 -0.014092
v 0.499633 0.047740 0.019700
v 0.498926 0.047895 0.021422
v 0.503107 0.047452 0.024468
v 0.370562 0.051174 -0.045699
v 0.444759 0.047898 -0.045791
v 0.398355 0.051234 -0.066597
v 0.400372 0.050963 -0.063479
v 0.457128 0.048674 -0.035887
v 0.437215 0.049086 -0.055923
v 0.424931 0.049183 -0.017801
v 0.391709 0.050836 0.032519
v 0.376949 0.051492 0.009195
v 0.414193 0.049707 -0.045984
v 0.386367 0.050684 -0.043757
v 0.437738 0.048721 -0.060747
v 0.429609 0.050347 -0.072284
v 0.425479 0.048694 0.045620
v 0.432658 0.048779 0.033839
v 0.395464 0.050147 0.041642
v 0.422506 0.049427 -0.051669
v 0.447191 0.046649 0.064173
v 0.371380 0.051094 -0.026895
v 0.375324 0.051254 -0.022721
v 0.524121 0.045930 0.033880
v 0.527125 0.046105 0.030000
v 0.520694 0.046667 0.027523
v 0.513155 0.045578 0.045160
v 0.509614 0.046155 0.040304
v 0.507434 0.046171 0.045427
v 0.502952 0.047230 0.033199
v 0.501731 0.046751 0.043826
v 0.514168 0.047026 0.027528
v 0.493937 0.047234 0.046699
v 0.493600 0.047484 0.038897
v 0.519431 0.045590 0.040844
v 0.497802 0.046719 0.048978
v 0.530645 0.045573 0.032681
v 0.528712 0.045208 0.040034
v 0.503820 0.046141 0.050698
v 0.487188 0.047393 0.042611
v 0.488720 0.047056 0.049709
v 0.484143 0.047973 0.033190
v 0.483539 0.047305 0.047489
v 0.483246 0.048069 0.024885
v 0.487156 0.047917 0.022623
v 0.480413 0.047548 -0.002472
v 0.483052 0.047379 0.003072
v 0.497174 0.048078 0.001500
v 0.488429 0.047847 0.028137
v 0.493836 0.047802 0.032053
v 0.497352 0.047669 0.029903
v 0.501973 0.047661 0.017683
v 0.493220 0.047813 0.026658
v 0.520621 0.048113 -0.000819
v 0.498972 0.048229 -0.070804
v 0.499534 0.048472 -0.074161
v 0.507962 0.049251 -0.072414
v 0.514492 0.048054 0.000910
v 0.497673 0.047667 0.024871
v 0.491999 0.047750 0.021641
v 0.516622 0.047753 0.008228
v 0.508324 0.047281 0.023342
v 0.475761 0.048161 0.027964
v 0.478783 0.048238 0.024822
v -0.056102 0.062704 0.073528
v -0.058312 0.060043 0.074659
v -0.052033 0.061688 0.075342
v -0.058665 0.064226 0.070941
v -0.031601 0.058493 0.021113
v -0.026749 0.058523 0.020514
v -0.060966 0.133426 0.029127
v -0.056864 0.131010 0.028478
v -0.060139 0.125669 0.031066
v -0.054752 0.065309 0.072286
v -0.045694 0.061589 0.074503
v -0.038666 0.059897 0.074088
v -0.029757 0.059001 0.071963
v -0.044720 0.080472 0.061658
v -0.050665 0.078235 0.063138
v -0.048221 0.074200 0.066344
v -0.052176 0.084648 0.060321
v -0.051333 0.089003 0.059585
v -0.055409 0.086171 0.059501
v -0.032652 0.076703 0.059598
v -0.034805 0.074467 0.063954
v -0.029474 0.073604 0.061423
v -0.054443 0.080083 0.061501
v -0.054101 0.074707 0.065250
v -0.050070 0.081821 0.061376
v -0.058100 0.074532 0.063361
v -0.049699 0.094847 0.059463
v -0.047305 0.102410 0.060481
v -0.055641 0.100045 0.060664
v -0.047908 0.085500 0.059946
v -0.027731 0.058396 -0.008129
v -0.033238 0.061262 0.068895
v -0.041710 0.062064 0.071902
v -0.065504 0.132242 0.032791
v -0.065594 0.124265 0.034941
v -0.021431 0.060397 0.066237
v -0.035233 0.066729 0.066969
v -0.037062 0.071037 0.066493
v -0.043230 0.069364 0.068364
v -0.055541 0.092573 0.059170
v -0.048608 0.070131 0.069443
v -0.053264 0.070427 0.070345
v -0.041065 0.074771 0.065099
v -0.031976 0.057484 0.009559
v -0.027834 0.064973 0.065239
v -0.034123 0.063900 0.067547
v -0.039492 0.064271 0.069047
v -0.046471 0.090080 0.058926
v -0.037502 0.078426 0.061129
v -0.037978 0.082466 0.058523
v -0.047747 0.065492 0.071692
v -0.056396 0.067831 0.070727
v -0.067506 0.114790 0.038750
v -0.068648 0.122473 0.039945
v -0.065681 0.115460 0.034894
v -0.060757 0.115580 0.032204
v -0.066427 0.108535 0.035615
v -0.067596 0.108597 0.041804
v -0.066311 0.102515 0.037286
v -0.065058 0.100916 0.033091
v -0.070200 0.118799 0.045096
v -0.062932 0.107632 0.032200
v -0.051801 0.104602 0.029879
v -0.051005 0.099966 0.029201
v -0.056387 0.106819 0.030967
v -0.063252 0.111436 0.063889
v -0.068219 0.119054 0.066937
v -0.066682 0.110687 0.060376
v -0.071329 0.134409 0.042216
v -0.073940 0.128327 0.048893
v -0.059124 0.098478 0.031002
v -0.058363 0.120228 0.031546
v -0.055060 0.121757 0.030465
v -0.056140 0.116863 0.031815
v -0.067329 0.138388 0.034800
v -0.031301 0.070222 0.065318
v -0.024012 0.070581 0.062441
v -0.026455 0.056856 0.082740
v -0.032181 0.061940 0.024414
v -0.027397 0.061677 0.023849
v -0.032871 0.065952 0.024690
v -0.029057 0.065296 0.024261
v -0.063862 0.060597 0.067625
v -0.067386 0.061776 0.057476
v -0.027251 0.058888 0.022425
v -0.061032 0.065600 0.067201
v -0.024305 0.073705 0.058038
v -0.058155 0.069955 0.068286
v -0.028715 0.076512 0.056632
v -0.063328 0.065584 0.063082
v -0.067587 0.067843 0.032218
v -0.064322 0.070055 0.029452
v -0.060850 0.069634 0.065173
v -0.029879 0.082581 0.053019
v -0.026125 0.078780 0.051593
v -0.027349 0.085643 0.050631
v -0.066138 0.098485 0.041134
v -0.066394 0.102613 0.047662
v -0.067059 0.064687 0.052188
v -0.020078 0.057679 0.004737
v -0.027183 0.058219 0.002140
v -0.023241 0.057713 0.011587
v -0.058938 0.071809 0.028413
v -0.060989 0.067102 0.026592
v -0.064768 0.067457 0.056988
v -0.061919 0.072734 0.060407
v -0.062918 0.076699 0.030689
v -0.066211 0.073400 0.031712
v -0.056722 0.112077 0.032187
v -0.055852 0.077974 0.029172
v -0.032530 0.080346 0.056347
v -0.068103 0.068579 0.038221
v -0.065794 0.069451 0.050880
v -0.067631 0.066849 0.045479
v -0.067140 0.074252 0.035781
v -0.064285 0.137928 0.031052
v -0.063872 0.073943 0.054240
v -0.065448 0.077919 0.044939
v -0.060812 0.083367 0.030125
v -0.065785 0.082469 0.032141
v -0.061970 0.078320 0.056898
v -0.066285 0.077595 0.032964
v -0.063983 0.087594 0.031925
v -0.063289 0.080285 0.052780
v -0.066501 0.081281 0.036435
v -0.036165 0.058473 -0.003565
v -0.035323 0.058117 0.003948
v -0.058629 0.090156 0.030441
v -0.054653 0.067873 0.026216
v -0.063526 0.093777 0.032306
v -0.044721 0.058234 0.003571
v -0.041000 0.058524 0.001679
v -0.066169 0.087516 0.034818
v -0.065767 0.088575 0.039600
v -0.065765 0.090766 0.033142
v -0.063628 0.086849 0.050946
v -0.066051 0.094500 0.035656
v -0.065074 0.091665 0.045774
v -0.070004 0.113919 0.051370
v -0.064232 0.096071 0.051404
v -0.073839 0.122828 0.052969
v -0.072786 0.118645 0.061078
v -0.068777 0.111026 0.056235
v -0.052283 0.106943 0.030509
v -0.067435 0.107134 0.052433
v -0.073467 0.120651 0.056539
v -0.078564 0.125144 0.060730
v -0.080580 0.126949 0.068934
v -0.041852 0.086502 0.058650
v -0.080296 0.130264 0.057687
v -0.055201 0.084789 0.028998
v -0.049256 0.058142 0.006518
v -0.040951 0.057747 0.007712
v -0.045695 0.057433 0.012330
v -0.052813 0.059910 0.018824
v -0.053057 0.058353 0.013770
v -0.054893 0.062255 0.021839
v -0.056602 0.064746 0.024364
v -0.048745 0.060706 0.021113
v -0.053565 0.109642 0.031671
v -0.034297 0.085994 0.055382
v -0.059100 0.080763 0.059508
v -0.018105 0.058402 -0.003407
v -0.036405 0.060113 0.022932
v -0.053242 0.072264 0.027760
v -0.047042 0.068888 0.026617
v -0.048898 0.063891 0.024174
v -0.042723 0.060126 0.022677
v -0.038875 0.064381 0.025171
v -0.048519 0.074629 0.027618
v -0.046389 0.082546 0.027857
v -0.053205 0.113072 0.032150
v -0.062451 0.114760 0.066386
v -0.033415 0.070607 0.024811
v -0.035481 0.067863 0.025496
v -0.040083 0.072802 0.026726
v -0.061454 0.104164 0.061195
v -0.057613 0.108438 0.064664
v -0.047896 0.110548 0.030490
v -0.034413 0.075949 0.025072
v -0.038327 0.079669 0.026625
v -0.032571 0.090821 0.053791
v -0.040614 0.093538 0.057519
v -0.015224 0.056768 0.086121
v -0.075074 0.122895 0.068258
v -0.059137 0.088670 0.058184
v -0.061455 0.084646 0.055818
v -0.053003 0.094179 0.029487
v -0.065695 0.102621 0.052778
v -0.063780 0.100933 0.056533
v -0.062199 0.092335 0.055402
v -0.059894 0.096642 0.058713
v -0.052259 0.088674 0.028426
v -0.044851 0.091889 0.028279
v -0.047100 0.105074 0.028736
v -0.066486 0.106064 0.055545
v -0.038918 0.085640 0.027488
v -0.425134 0.045451 0.493757
v -0.418695 0.043958 0.503061
v -0.414687 0.042679 0.492084
v -0.388118 0.040822 0.499519
v -0.394036 0.040081 0.504715
v -0.387482 0.040092 0.507180
v -0.399875 0.040309 0.509995
v -0.408119 0.042829 0.515320
v -0.395818 0.040926 0.518122
v -0.480367 0.053065 0.426283
v -0.480307 0.054776 0.440154
v -0.467495 0.053016 0.441065
v -0.391954 0.039941 0.512387
v -0.402642 0.041645 0.489760
v -0.408117 0.043234 0.481980
v -0.350632 0.037513 0.533392
v -0.356903 0.037678 0.529022
v -0.353840 0.037277 0.536258
v -0.394929 0.041022 0.494646
v -0.400338 0.040292 0.502681
v -0.376386 0.038589 0.525313
v -0.370302 0.037836 0.528223
v -0.376829 0.039500 0.511246
v -0.381501 0.039486 0.510672
v -0.378375 0.039411 0.514728
v -0.381294 0.039175 0.518589
v -0.375915 0.038956 0.520464
v -0.398039 0.043633 0.529936
v -0.404099 0.044840 0.527209
v -0.399481 0.045708 0.536506
v -0.391662 0.041109 0.525771
v -0.387800 0.039820 0.520716
v -0.386195 0.039638 0.513973
v -0.386212 0.040125 0.529252
v -0.353693 0.036514 0.542685
v -0.363124 0.037000 0.538124
v -0.358148 0.036740 0.546716
v -0.389154 0.041363 0.531243
v -0.394091 0.050657 0.434186
v -0.400198 0.049561 0.441006
v -0.385850 0.049336 0.441116
v -0.398291 0.042553 0.524662
v -0.397701 0.048740 0.445097
v -0.392742 0.048696 0.444597
v -0.374690 0.050395 0.437729
v -0.374085 0.049093 0.444151
v -0.384666 0.051077 0.431706
v -0.401372 0.050494 0.433651
v -0.385507 0.047912 0.448206
v -0.394164 0.047802 0.449000
v -0.480278 0.070152 0.506123
v -0.501019 0.073452 0.489331
v -0.498866 0.077290 0.512963
v -0.391629 0.059573 0.603580
v -0.395021 0.062325 0.609601
v -0.390512 0.061127 0.609602
v -0.381848 0.058664 0.609602
v -0.385916 0.059859 0.609600
v -0.398172 0.063240 0.609601
v -0.404341 0.062721 0.600711
v -0.406114 0.065434 0.609602
v -0.392405 0.047600 0.560337
v -0.386021 0.043606 0.554795
v -0.391998 0.044645 0.545452
v -0.383994 0.041826 0.548572
v -0.386277 0.041398 0.537998
v -0.381849 0.054522 0.598406
v -0.382778 0.048265 0.580191
v -0.392058 0.050011 0.572080
v -0.395123 0.055595 0.586463
v -0.379252 0.041417 0.557930
v -0.384646 0.044150 0.561882
v -0.392805 0.042511 0.532921
v -0.404316 0.055260 0.568209
v -0.386235 0.046398 0.568665
v -0.377223 0.039381 0.546455
v -0.370342 0.038672 0.557497
v -0.372818 0.040049 0.564621
v -0.367657 0.039402 0.569928
v -0.371452 0.040937 0.571667
v -0.368309 0.040192 0.572318
v -0.366614 0.040360 0.575202
v -0.377275 0.057126 0.609603
v -0.410865 0.061922 0.586641
v -0.378623 0.042752 0.567562
v -0.370444 0.041478 0.574292
v -0.377188 0.041712 0.563006
v -0.364419 0.038021 0.566286
v -0.403808 0.050600 0.547428
v -0.372412 0.043042 0.578060
v -0.341796 0.042960 0.490034
v -0.367985 0.044603 0.467824
v -0.369107 0.043875 0.474864
v -0.364021 0.044295 0.472944
v -0.335155 0.038833 0.526517
v -0.339611 0.038490 0.527275
v -0.338466 0.038094 0.530365
v -0.355753 0.049002 0.444558
v -0.349689 0.048915 0.447039
v -0.344629 0.049689 0.442553
v -0.357088 0.045136 0.470379
v -0.358265 0.045403 0.464293
v -0.362912 0.045085 0.465648
v -0.384302 0.045675 0.458366
v -0.391175 0.045670 0.458918
v -0.385330 0.044326 0.466373
v -0.360185 0.046717 0.456710
v -0.366630 0.046286 0.457215
v -0.345148 0.046546 0.463738
v -0.348126 0.047104 0.458856
v -0.349277 0.046335 0.462470
v -0.350035 0.044185 0.480852
v -0.354056 0.044578 0.476227
v -0.355563 0.043599 0.482884
v -0.351839 0.045997 0.464871
v -0.354662 0.045454 0.467455
v -0.338320 0.042726 0.492112
v -0.331667 0.043577 0.487137
v -0.336215 0.044348 0.482772
v -0.359930 0.043258 0.486036
v -0.366263 0.043101 0.484646
v -0.360741 0.042278 0.491730
v -0.337972 0.039003 0.521693
v -0.333080 0.039449 0.515839
v -0.338767 0.039064 0.516576
v -0.368212 0.047503 0.450095
v -0.360701 0.048087 0.449187
v -0.366055 0.049091 0.443955
v -0.319646 0.036499 0.553321
v -0.317098 0.036678 0.549712
v -0.343029 0.047139 0.461638
v -0.338369 0.046423 0.467730
v -0.353490 0.050851 0.434411
v -0.349107 0.049929 0.438354
v -0.345059 0.050583 0.435824
v -0.376757 0.043786 0.471648
v -0.383546 0.043243 0.473923
v -0.324314 0.037129 0.544626
v -0.324358 0.037928 0.538095
v -0.328408 0.037150 0.543141
v -0.328459 0.039058 0.524854
v -0.323172 0.038921 0.525287
v -0.324178 0.039328 0.522375
v -0.327960 0.040015 0.511112
v -0.333413 0.039980 0.510333
v -0.338378 0.047183 0.461755
v -0.375658 0.044809 0.464599
v -0.352257 0.047883 0.452273
v -0.343313 0.047717 0.456412
v -0.348145 0.041768 0.497063
v -0.352163 0.041469 0.498669
v -0.335647 0.042804 0.492290
v -0.337310 0.041890 0.495886
v -0.325760 0.039529 0.517740
v -0.345992 0.040600 0.504245
v -0.341148 0.041362 0.499823
v -0.343212 0.041874 0.497001
v -0.330535 0.041164 0.502514
v -0.334054 0.040527 0.505819
v -0.320497 0.039431 0.520857
v -0.334103 0.042358 0.494285
v -0.338735 0.050133 0.437584
v -0.352224 0.039980 0.508207
v -0.348016 0.038968 0.514028
v -0.361918 0.043649 0.479728
v -0.359072 0.044360 0.475293
v -0.353021 0.050099 0.439784
v -0.355605 0.042866 0.490002
v -0.342358 0.040053 0.507271
v -0.336924 0.041205 0.501555
v -0.334816 0.039151 0.522809
v -0.332382 0.039053 0.521351
v -0.345357 0.044594 0.478255
v -0.362853 0.050245 0.438218
v -0.318062 0.037209 0.546253
v -0.322437 0.036681 0.549466
v -0.353537 0.046728 0.458685
v -0.336668 0.047662 0.458414
v -0.378644 0.046602 0.454956
v -0.379519 0.043048 0.479717
v -0.372931 0.043117 0.482373
v -0.318563 0.037409 0.542482
v -0.327243 0.038767 0.529498
v -0.330094 0.040654 0.506677
v -0.345930 0.046024 0.468144
v -0.343253 0.038594 0.519318
v -0.341951 0.039379 0.513452
v -0.344586 0.048611 0.449659
v -0.328529 0.042790 0.491257
v -0.324837 0.041221 0.503527
v -0.337776 0.048368 0.453188
v -0.386695 0.046884 0.452629
v -0.323659 0.038287 0.533703
v -0.328287 0.038036 0.534678
v -0.377207 0.048039 0.448433
v -0.345048 0.045067 0.474157
v -0.331033 0.037417 0.541562
v -0.334658 0.037711 0.538465
v -0.340747 0.045172 0.475471
v -0.371955 0.047074 0.453904
v -0.355958 0.046409 0.461735
v -0.339016 0.050931 0.432479
v -0.369694 0.043287 0.479760
v -0.390483 0.046727 0.454215
v -0.370627 0.045496 0.460390
v -0.333704 0.045575 0.474091
v -0.354514 0.040513 0.506017
v -0.337836 0.040216 0.508746
v -0.319643 0.036081 0.558033
v -0.316276 0.035925 0.560518
v -0.361913 0.041517 0.498697
v -0.356004 0.041728 0.497086
v -0.332280 0.038310 0.531877
v -0.352087 0.042193 0.494204
v -0.358338 0.037055 0.535979
v -0.322905 0.038627 0.530100
v -0.318214 0.038607 0.531041
v -0.317467 0.039140 0.524774
v -0.366945 0.042252 0.492274
v -0.320331 0.037767 0.539735
v -0.323250 0.035845 0.556209
v -0.324374 0.035511 0.560380
v -0.357297 0.040564 0.503723
v -0.337194 0.039685 0.513281
v -0.339224 0.048783 0.447837
v -0.416915 0.048534 0.523574
v -0.432406 0.054987 0.521592
v -0.418934 0.054354 0.536452
v -0.372036 0.039372 0.512233
v -0.374602 0.038971 0.515897
v -0.475666 0.059526 0.468927
v -0.489645 0.063823 0.467361
v -0.476553 0.063254 0.484022
v -0.369051 0.039126 0.512327
v -0.370748 0.038886 0.516780
v -0.381181 0.039605 0.536075
v -0.362362 0.037241 0.534957
v -0.376898 0.038745 0.540498
v -0.380632 0.039060 0.528272
v -0.408299 0.041050 0.503496
v -0.371374 0.038256 0.521611
v -0.404511 0.040879 0.496951
v -0.357693 0.038288 0.518113
v -0.365876 0.038230 0.520784
v -0.375378 0.038426 0.536912
v -0.346045 0.036452 0.546795
v -0.349442 0.036178 0.551346
v -0.343022 0.038362 0.524405
v -0.458476 0.059941 0.498854
v -0.484163 0.058356 0.453124
v -0.363459 0.037412 0.530537
v -0.361554 0.037668 0.524557
v -0.349615 0.038117 0.525505
v -0.408152 0.048425 0.533566
v -0.442550 0.055548 0.508474
v -0.426842 0.048253 0.509507
v -0.440057 0.051967 0.498349
v -0.361337 0.037719 0.527853
v -0.371673 0.038133 0.544077
v -0.325567 0.035397 0.566081
v -0.329968 0.035435 0.563360
v -0.371799 0.037904 0.533373
v -0.467653 0.055288 0.457906
v -0.429360 0.047430 0.498965
v -0.435314 0.048907 0.489874
v -0.452348 0.052653 0.469635
v -0.463047 0.057376 0.478245
v -0.340889 0.038095 0.531904
v -0.342282 0.037762 0.536085
v -0.428080 0.046609 0.483583
v -0.419858 0.045492 0.477077
v -0.352590 0.037477 0.529060
v -0.327293 0.036916 0.549923
v -0.330421 0.036261 0.553487
v -0.325019 0.036384 0.553062
v -0.367866 0.037713 0.533664
v -0.365084 0.037203 0.533870
v -0.366389 0.037533 0.542318
v -0.343790 0.038184 0.529389
v -0.339310 0.036689 0.547764
v -0.343870 0.036971 0.543740
v -0.345728 0.037307 0.538362
v -0.346067 0.037648 0.532820
v -0.343372 0.037783 0.532719
v -0.331801 0.037050 0.547438
v -0.312288 0.036131 0.557190
v -0.342020 0.036164 0.552626
v -0.352939 0.036162 0.554541
v -0.349243 0.035828 0.556904
v -0.327850 0.035912 0.557431
v -0.362716 0.036899 0.548570
v -0.356766 0.036365 0.551448
v -0.333223 0.035847 0.557972
v -0.320858 0.035273 0.563152
v -0.322364 0.034956 0.569065
v -0.317213 0.035202 0.567363
v -0.340170 0.037228 0.541156
v -0.448313 0.060812 0.517153
v -0.422960 0.050135 0.436175
v -0.429212 0.050254 0.437133
v -0.419113 0.049816 0.438753
v -0.336005 0.036319 0.552994
v -0.338806 0.035611 0.557620
v -0.348832 0.036728 0.540755
v -0.382344 0.040196 0.503599
v -0.353911 0.036105 0.551128
v -0.414909 0.047461 0.457504
v -0.417969 0.047992 0.452770
v -0.318271 0.038222 0.536006
v -0.315502 0.038053 0.538363
v -0.390993 0.045128 0.464077
v -0.344419 0.035920 0.557716
v -0.366542 0.037584 0.552479
v -0.335813 0.037137 0.543941
v -0.461419 0.067395 0.521970
v -0.362507 0.036823 0.545941
v -0.414159 0.046444 0.464414
v -0.418741 0.047233 0.458620
v -0.312915 0.035635 0.562531
v -0.420028 0.046722 0.463767
v -0.448718 0.053281 0.485378
v -0.505222 0.080915 0.532043
v -0.484285 0.078329 0.544690
v -0.501224 0.082241 0.609602
v -0.496028 0.081892 0.609602
v -0.502401 0.082342 0.599186
v -0.474006 0.078876 0.586422
v -0.465850 0.076005 0.561196
v -0.491537 0.081534 0.588866
v -0.492684 0.080860 0.559530
v -0.511169 0.082923 0.554349
v -0.412734 0.067273 0.609600
v -0.416010 0.066877 0.602782
v -0.416763 0.068423 0.609602
v -0.490635 0.081352 0.609602
v -0.434569 0.050264 0.436658
v -0.441879 0.050832 0.434381
v -0.433585 0.050065 0.440995
v -0.439658 0.072623 0.598446
v -0.431977 0.072165 0.609601
v -0.425834 0.068771 0.595392
v -0.477406 0.080006 0.609602
v -0.472025 0.079187 0.609602
v -0.468212 0.078661 0.609602
v -0.441370 0.062084 0.529715
v -0.473448 0.075166 0.539609
v -0.448255 0.071972 0.565019
v -0.461465 0.072524 0.542272
v -0.429390 0.071500 0.609601
v -0.455124 0.075449 0.592399
v -0.462320 0.077740 0.609602
v -0.454128 0.052060 0.453505
v -0.489864 0.068376 0.484719
v -0.440582 0.050147 0.447867
v -0.429733 0.049251 0.447527
v -0.470874 0.052250 0.425463
v -0.509121 0.082878 0.578645
v -0.435208 0.069286 0.578843
v -0.444532 0.072243 0.583303
v -0.420571 0.063245 0.571233
v -0.434723 0.067055 0.559183
v -0.425399 0.063023 0.556762
v -0.418496 0.058959 0.551905
v -0.482784 0.075182 0.525491
v -0.472264 0.072187 0.526614
v -0.420466 0.069349 0.609602
v -0.446808 0.067469 0.540874
v -0.423982 0.070251 0.609601
v -0.450539 0.064532 0.526476
v -0.424473 0.058725 0.541224
v -0.431156 0.062763 0.544931
v -0.430641 0.058771 0.533826
v -0.437022 0.073282 0.609601
v -0.418066 0.046383 0.468964
v -0.424073 0.046957 0.466420
v -0.420781 0.048985 0.447920
v -0.417990 0.049377 0.443486
v -0.456057 0.051873 0.436781
v -0.461681 0.051925 0.426770
v -0.415187 0.049793 0.439345
v -0.441170 0.049944 0.463333
v -0.430780 0.047572 0.471012
v -0.429674 0.048566 0.457205
v -0.336795 0.035457 0.563190
v -0.330112 0.034513 0.578116
v -0.323627 0.034195 0.581283
v -0.325364 0.034559 0.576385
v -0.340859 0.035114 0.573413
v -0.348982 0.035848 0.566173
v -0.348616 0.036074 0.574063
v -0.320388 0.034378 0.576162
v -0.423092 0.047560 0.459881
v -0.332823 0.034991 0.570227
v -0.335727 0.034966 0.574059
v -0.320384 0.035015 0.571983
v -0.439871 0.049569 0.477138
v -0.347043 0.035636 0.561932
v -0.331835 0.034975 0.588852
v -0.328265 0.034185 0.587405
v -0.334857 0.034803 0.582386
v -0.416981 0.048350 0.448242
v -0.338196 0.035274 0.568973
v -0.326515 0.034146 0.592259
v -0.321823 0.033812 0.592310
v -0.322440 0.034068 0.586868
v -0.316423 0.034077 0.580884
v -0.352935 0.037175 0.577546
v -0.344829 0.036356 0.583813
v -0.424523 0.049190 0.445501
v -0.324954 0.035675 0.609602
v -0.321427 0.034964 0.609602
v -0.326407 0.035194 0.605319
v -0.327439 0.034145 0.583858
v -0.328899 0.034705 0.573532
v -0.328907 0.035242 0.569031
v -0.339133 0.035426 0.582824
v -0.331155 0.034738 0.582672
v -0.367967 0.053300 0.609599
v -0.364134 0.051546 0.609600
v -0.357898 0.046802 0.604826
v -0.334726 0.034889 0.578647
v -0.410092 0.049512 0.440614
v -0.326079 0.034318 0.596197
v -0.321662 0.033861 0.596504
v -0.369906 0.047774 0.593786
v -0.372938 0.055460 0.609601
v -0.345730 0.040161 0.602168
v -0.357669 0.042921 0.594388
v -0.334900 0.036784 0.603861
v -0.343257 0.037240 0.592719
v -0.336558 0.038706 0.609602
v -0.353231 0.039696 0.588658
v -0.358458 0.036544 0.554667
v -0.358525 0.036660 0.562665
v -0.448706 0.075407 0.609602
v -0.459429 0.077193 0.609601
v -0.442470 0.074286 0.609602
v -0.453828 0.076320 0.609602
v -0.327096 0.036077 0.609602
v -0.334134 0.035118 0.594118
v -0.340883 0.035559 0.561254
v -0.416701 0.050626 0.432361
v -0.421379 0.050874 0.429872
v -0.318107 0.034615 0.609602
v -0.324763 0.034427 0.601365
v -0.413949 0.049000 0.445214
v -0.408236 0.048665 0.447569
v -0.405998 0.047432 0.453744
v -0.401282 0.048571 0.447389
v -0.410161 0.046905 0.458642
v -0.400911 0.046653 0.456379
v -0.404078 0.046083 0.460833
v -0.398832 0.047608 0.449830
v -0.406701 0.045559 0.464787
v -0.409785 0.046034 0.464124
v -0.403726 0.045406 0.465623
v -0.401677 0.045231 0.465350
v -0.396391 0.046796 0.453854
v -0.396476 0.046270 0.458410
v -0.409100 0.045719 0.467404
v -0.404705 0.044724 0.469408
v -0.410104 0.044687 0.473535
v -0.402264 0.044607 0.467580
v -0.400156 0.044482 0.468166
v -0.393835 0.044538 0.465811
v -0.396552 0.044507 0.465830
v -0.401748 0.043789 0.474067
v -0.404650 0.043643 0.478429
v -0.360884 0.050087 0.609601
v -0.396429 0.043114 0.476383
v -0.396218 0.043802 0.470869
v -0.401175 0.043142 0.478027
v -0.391177 0.044135 0.468010
v -0.372596 0.042262 0.487862
v -0.372948 0.041688 0.493271
v -0.358201 0.039545 0.509340
v -0.360830 0.038308 0.573327
v -0.357429 0.038856 0.580340
v -0.367283 0.041258 0.497423
v -0.389480 0.043406 0.472474
v -0.385702 0.043997 0.470410
v -0.392211 0.042724 0.480105
v -0.380445 0.042067 0.490095
v -0.399897 0.042410 0.483627
v -0.347516 0.043454 0.609601
v -0.351492 0.045327 0.609603
v -0.352331 0.035990 0.559601
v -0.385609 0.042913 0.479742
v -0.395933 0.042308 0.485616
v -0.378260 0.042562 0.484880
v -0.395543 0.041502 0.489106
v -0.387973 0.042039 0.486072
v -0.384688 0.041392 0.494107
v -0.389192 0.041138 0.494530
v -0.387352 0.041408 0.491423
v -0.370080 0.040071 0.504348
v -0.365806 0.040705 0.502092
v -0.371746 0.040980 0.498862
v -0.368606 0.039552 0.509728
v -0.377009 0.040707 0.500800
v -0.375644 0.039991 0.507066
v -0.393213 0.043560 0.472145
v -0.378033 0.041250 0.495593
v -0.382366 0.040942 0.498412
v -0.363938 0.039885 0.507591
v -0.360902 0.040258 0.505186
v -0.316966 0.034015 0.603906
v -0.342000 0.035667 0.565135
v -0.357096 0.037035 0.570179
v -0.349632 0.037553 0.584859
v -0.422507 0.047917 0.454476
v -0.354577 0.046948 0.609600
v -0.333463 0.037739 0.609602
v -0.330683 0.037057 0.609602
v -0.435561 0.050550 0.433896
v -0.431813 0.050519 0.434471
v -0.339079 0.039681 0.609602
v -0.342064 0.040856 0.609603
v -0.363048 0.041671 0.584264
v -0.454643 0.051664 0.424532
v -0.425075 0.048686 0.450100
v -0.410913 0.051109 0.430401
v 0.032580 0.158737 0.026947
v 0.030959 0.150056 0.027475
v 0.031730 0.152398 0.023807
v 0.027809 0.155806 0.037885
v 0.029906 0.150982 0.036848
v 0.030610 0.154691 0.035163
v 0.025906 0.138027 0.048217
v 0.030439 0.134996 0.045238
v 0.028555 0.141733 0.046069
v 0.027972 0.177355 0.033594
v 0.030232 0.176064 0.029261
v 0.028837 0.179524 0.029752
v 0.034258 0.132359 0.043076
v 0.036575 0.134933 0.041267
v 0.031641 0.166511 0.023781
v 0.029379 0.175548 0.021498
v 0.031285 0.170749 0.026024
v 0.027528 0.150671 0.040162
v 0.030900 0.153359 0.030027
v 0.031570 0.149467 0.030092
v 0.029506 0.177677 0.026204
v 0.031385 0.150620 0.032909
v 0.031614 0.155556 0.032756
v 0.035216 0.146321 0.039230
v 0.032985 0.147394 0.035735
v 0.031214 0.148144 0.039712
v 0.034283 0.145587 0.031060
v 0.032854 0.145865 0.025348
v 0.036291 0.139237 0.027570
v 0.031047 0.160715 0.034512
v 0.029637 0.146262 0.043938
v 0.034050 0.145942 0.042632
v 0.039518 0.143012 0.037316
v 0.036675 0.144646 0.035959
v 0.038205 0.144868 0.039131
v 0.031404 0.129561 0.044989
v 0.037149 0.129318 0.042518
v 0.038384 0.141308 0.033365
v 0.032308 0.165825 0.029678
v -0.061091 0.207115 0.046245
v -0.059830 0.206888 0.042353
v -0.063327 0.203540 0.041685
v 0.018523 0.178546 0.044997
v 0.016457 0.174947 0.047924
v 0.020938 0.170963 0.041937
v 0.033253 0.141610 0.043821
v 0.030548 0.143504 0.044944
v 0.038015 0.139777 0.041003
v 0.036502 0.143038 0.042352
v 0.032881 0.161069 0.030377
v -0.058605 0.207610 0.051176
v -0.056430 0.212373 0.047640
v 0.041859 0.140668 0.036945
v 0.040485 0.136428 0.033254
v 0.028291 0.181612 0.026738
v -0.034566 0.152999 0.018214
v -0.038211 0.154516 0.023157
v -0.033823 0.156224 0.021847
v 0.043943 0.137261 0.037078
v -0.064220 0.198543 0.039130
v -0.060219 0.202216 0.038332
v 0.026122 0.133628 0.048337
v 0.022281 0.135026 0.049485
v 0.039976 0.142878 0.040438
v 0.040573 0.132509 0.032847
v 0.042985 0.133302 0.036059
v 0.037093 0.145695 0.041601
v 0.041899 0.139632 0.040098
v 0.041406 0.136218 0.039846
v 0.044280 0.129515 0.036375
v 0.041968 0.132143 0.040286
v -0.067544 0.198982 0.041010
v 0.027213 0.130141 0.048251
v 0.023571 0.131248 0.049475
v 0.022000 0.126572 0.050034
v 0.026504 0.125405 0.047200
v 0.028080 0.180691 0.023670
v 0.027195 0.182901 0.032862
v 0.025226 0.183806 0.036932
v 0.027399 0.184683 0.029316
v 0.026954 0.185189 0.025046
v -0.020230 0.154201 0.019291
v -0.019156 0.152605 0.017790
v -0.021510 0.152817 0.015324
v -0.017989 0.149990 0.012857
v -0.015638 0.148428 0.016185
v -0.015813 0.146224 0.012656
v -0.016654 0.142831 0.008557
v -0.020946 0.145354 0.005906
v -0.018963 0.147517 0.009336
v -0.063331 0.204619 0.050955
v -0.038935 0.151184 0.016499
v -0.039851 0.151922 0.021129
v -0.024780 0.145700 0.001785
v -0.023562 0.148337 0.006794
v -0.046677 0.169209 0.026323
v -0.048934 0.174517 0.026877
v -0.044749 0.173168 0.026309
v -0.031138 0.152697 0.016150
v -0.031706 0.151878 0.013808
v -0.058092 0.205338 0.055801
v -0.021171 0.149910 0.010767
v -0.023433 0.154788 0.019157
v -0.024954 0.165384 0.021642
v -0.016564 0.165352 0.020024
v -0.022002 0.160718 0.020511
v -0.018151 0.151395 0.016238
v -0.055314 0.209923 0.054149
v -0.055275 0.215100 0.053264
v -0.065915 0.203563 0.045936
v -0.028763 0.159152 0.022061
v -0.030151 0.155888 0.019323
v -0.041546 0.170241 0.025606
v -0.053634 0.170358 0.027423
v -0.046931 0.161481 0.026600
v -0.033943 0.174254 0.024033
v -0.036549 0.169599 0.024328
v -0.040262 0.175657 0.025327
v -0.005832 0.174969 0.017747
v -0.001583 0.172391 0.016772
v -0.005358 0.170003 0.017584
v -0.030753 0.147001 0.000472
v -0.031662 0.149339 0.003929
v -0.027584 0.148462 0.003644
v -0.058692 0.208682 0.044066
v -0.016051 0.151574 0.019029
v -0.066701 0.200997 0.043364
v -0.020901 0.142453 0.003085
v -0.024945 0.141379 -0.000501
v -0.018034 0.175671 0.020349
v -0.017735 0.171302 0.020363
v -0.021487 0.171029 0.020655
v -0.030118 0.200453 0.022252
v -0.025140 0.201029 0.020872
v -0.026883 0.195346 0.022255
v -0.018312 0.194833 0.020780
v -0.017684 0.202915 0.019000
v -0.012353 0.197259 0.019473
v -0.038021 0.159630 0.024047
v -0.043179 0.156319 0.025488
v -0.033946 0.150364 0.007639
v -0.039103 0.150853 0.007949
v -0.035918 0.151168 0.012338
v -0.022105 0.198413 0.021206
v -0.028683 0.152705 0.015153
v -0.026661 0.154435 0.017239
v -0.025539 0.152116 0.014050
v -0.017036 0.157450 0.019631
v -0.023093 0.157108 0.020595
v -0.026411 0.156056 0.020399
v -0.024262 0.183367 0.021391
v -0.029632 0.179383 0.022463
v -0.031108 0.187399 0.023432
v -0.028673 0.149528 0.007670
v -0.062659 0.200446 0.058510
v -0.062723 0.203127 0.054793
v -0.066194 0.200896 0.053634
v -0.013381 0.191501 0.019421
v -0.008512 0.193216 0.018681
v -0.032526 0.164981 0.023098
v -0.028016 0.171377 0.022348
v 0.001039 0.176834 0.016584
v -0.005381 0.182399 0.018063
v -0.011511 0.170612 0.019043
v -0.015552 0.170059 0.020210
v -0.015071 0.173036 0.019698
v -0.036620 0.180928 0.024478
v -0.032602 0.169852 0.023145
v -0.008018 0.164935 0.017904
v -0.067634 0.201150 0.049318
v -0.012310 0.177030 0.019482
v -0.023034 0.177807 0.020731
v -0.070368 0.196820 0.044884
v 0.000339 0.166923 0.016181
v -0.040356 0.165320 0.024893
v -0.030146 0.153648 0.017364
v -0.059921 0.205240 0.040127
v -0.035585 0.148260 0.000774
v -0.009375 0.188699 0.018686
v 0.022931 0.179407 0.040247
v 0.017450 0.187400 0.047019
v -0.029919 0.142565 -0.002521
v -0.015716 0.183896 0.020195
v -0.003946 0.190925 0.017400
v -0.006707 0.197837 0.017822
v -0.002358 0.196650 0.016881
v 0.018759 0.159468 0.045297
v 0.017612 0.168017 0.047151
v 0.014458 0.164194 0.052746
v -0.053197 0.215554 0.057431
v -0.056946 0.220620 0.051407
v -0.040460 0.150877 0.012656
v 0.014469 0.181877 0.050835
v -0.036829 0.177041 0.024845
v 0.002090 0.181986 0.016441
v 0.001693 0.191484 0.016783
v -0.000036 0.186534 0.016483
v 0.012917 0.175261 0.053597
v -0.022239 0.189323 0.021462
v -0.017252 0.189574 0.020413
v 0.009582 0.067586 0.057460
v 0.016507 0.066172 0.052443
v 0.011095 0.071843 0.054198
v -0.035905 0.149692 0.004931
v -0.013439 0.145346 0.015916
v -0.039572 0.148788 0.003651
v -0.051885 0.180773 0.027788
v -0.044529 0.181880 0.026349
v -0.051382 0.201218 0.027159
v -0.046403 0.196184 0.026378
v -0.052127 0.195625 0.027865
v -0.042115 0.188647 0.025992
v -0.049899 0.207143 0.027045
v -0.044579 0.201863 0.025708
v -0.030326 0.205771 0.019568
v -0.036998 0.195797 0.024653
v 0.039122 0.126004 0.030525
v 0.035387 0.124545 0.031941
v 0.037333 0.126987 0.026542
v -0.000552 0.096200 0.049159
v 0.006388 0.097902 0.048530
v 0.002656 0.103295 0.050472
v 0.015281 0.083285 0.041528
v 0.012678 0.083828 0.045858
v 0.013234 0.077978 0.045496
v -0.049016 0.191927 0.026734
v -0.054044 0.190243 0.028607
v 0.014242 0.063538 0.055900
v 0.016348 0.062754 0.054200
v -0.058048 0.177896 0.029280
v -0.058879 0.185595 0.030441
v 0.001786 0.071672 0.056885
v 0.015536 0.071823 0.049955
v 0.014898 0.074652 0.044173
v 0.013764 0.074320 0.047915
v 0.015917 0.107686 0.048176
v 0.012456 0.099784 0.047363
v 0.015016 0.102724 0.044636
v 0.011030 0.109750 0.051804
v 0.010284 0.103309 0.049478
v 0.016422 0.113796 0.050876
v 0.016347 0.108040 0.042739
v 0.016077 0.108048 0.035473
v 0.019392 0.115115 0.041133
v 0.033097 0.125496 0.027984
v 0.029017 0.124243 0.030074
v -0.048670 0.187146 0.027071
v 0.012824 0.117105 0.052558
v 0.016104 0.117649 0.050820
v 0.017540 0.118099 0.049509
v 0.004655 0.114219 0.017671
v 0.002888 0.119888 0.018201
v 0.007649 0.118747 0.017913
v 0.018441 0.120276 0.029171
v 0.014367 0.118616 0.025101
v 0.016566 0.126645 0.024452
v -0.011001 0.147380 0.018827
v -0.007417 0.138315 0.016622
v -0.007811 0.142633 0.016834
v -0.001379 0.141783 0.015702
v -0.010516 0.153503 0.018483
v -0.010935 0.159491 0.018846
v -0.003492 0.157910 0.017007
v 0.017192 0.111679 0.044784
v 0.018266 0.116070 0.046738
v 0.023505 0.121477 0.043974
v 0.007647 0.178392 0.015188
v 0.006983 0.181639 0.015321
v 0.009413 0.178572 0.014268
v -0.000258 0.146618 0.016647
v 0.003889 0.145287 0.015539
v -0.013376 0.139708 0.011878
v -0.011518 0.139456 0.014783
v -0.012486 0.137008 0.014590
v 0.008124 0.105675 0.018327
v 0.008447 0.112747 0.018617
v 0.010536 0.108960 0.021777
v -0.012395 0.142101 0.014824
v -0.010952 0.144102 0.016958
v 0.017084 0.121246 0.050544
v -0.004161 0.149879 0.017644
v -0.005596 0.145359 0.016685
v -0.018794 0.139780 0.005062
v -0.015748 0.136667 0.007694
v 0.020653 0.121515 0.048186
v -0.046360 0.177539 0.026955
v 0.012441 0.128673 0.021466
v 0.010865 0.123477 0.020825
v 0.009003 0.129738 0.019612
v -0.008695 0.144497 0.017068
v 0.014249 0.122033 0.051481
v 0.009881 0.123904 0.053868
v 0.004010 0.152023 0.016218
v -0.036855 0.202689 0.023562
v -0.032817 0.197969 0.022947
v 0.003698 0.160219 0.015796
v -0.054767 0.213044 0.032483
v -0.052039 0.212585 0.028399
v -0.055223 0.206593 0.029894
v 0.022873 0.138505 0.048918
v 0.023359 0.142536 0.048496
v 0.015860 0.126171 0.051592
v 0.009092 0.135214 0.017622
v 0.003071 0.131155 0.016936
v 0.015249 0.162858 0.017837
v 0.010599 0.167947 0.016928
v 0.015221 0.169858 0.015581
v -0.010691 0.127212 0.018856
v -0.009695 0.133748 0.017014
v -0.004618 0.131238 0.017620
v 0.021720 0.169860 0.014763
v 0.016842 0.176006 0.013502
v 0.008821 0.158160 0.015285
v 0.006954 0.164848 0.015661
v -0.000657 0.136740 0.016028
v 0.021949 0.130532 0.024211
v 0.023629 0.126029 0.027289
v 0.015053 0.101483 0.040115
v 0.007959 0.174654 0.015871
v 0.006053 0.169928 0.015589
v 0.005445 0.109203 0.017148
v 0.002443 0.110042 0.018232
v 0.010984 0.162433 0.017315
v -0.005588 0.125211 0.019486
v 0.005757 0.124929 0.018848
v 0.001394 0.124695 0.017958
v 0.005296 0.178756 0.015297
v 0.010979 0.116045 0.021595
v -0.020926 0.075479 0.054430
v -0.018170 0.079132 0.051169
v -0.026125 0.078780 0.051593
v 0.002776 0.172554 0.016222
v 0.021026 0.162961 0.016975
v -0.012851 0.076077 0.054964
v 0.034991 0.134931 0.021219
v 0.036150 0.130142 0.023599
v 0.031060 0.128494 0.024308
v 0.000354 0.114212 0.019916
v 0.012482 0.175971 0.014468
v -0.022147 0.082792 0.049143
v -0.013899 0.132100 0.014564
v 0.024827 0.135992 0.022869
v 0.020075 0.140776 0.021052
v 0.026818 0.142449 0.022138
v -0.001658 0.126715 0.017631
v -0.058122 0.191187 0.031373
v 0.015972 0.112950 0.029415
v -0.062634 0.185594 0.033130
v -0.063797 0.180122 0.031962
v 0.020500 0.139134 0.050131
v 0.019797 0.116723 0.034517
v 0.018834 0.135584 0.051600
v 0.013514 0.133449 0.053897
v 0.019437 0.130971 0.051121
v 0.016736 0.139187 0.052273
v 0.011496 0.181366 0.013770
v 0.019364 0.133753 0.022596
v -0.002477 0.120396 0.020468
v -0.009666 0.118738 0.023044
v 0.017000 0.183039 0.013246
v 0.013816 0.134039 0.020652
v 0.002310 0.102365 0.016835
v 0.023539 0.121314 0.031914
v 0.012948 0.112405 0.024803
v 0.026067 0.130912 0.024259
v 0.029171 0.133837 0.022496
v 0.001901 0.055543 0.083596
v 0.000171 0.058128 0.067683
v -0.010382 0.059496 0.068726
v 0.026955 0.122042 0.037182
v 0.036025 0.125832 0.038309
v -0.004061 0.060506 0.064116
v -0.010245 0.061964 0.062616
v -0.001053 0.062607 0.060383
v 0.005869 0.064287 0.058484
v 0.000749 0.066855 0.058668
v 0.029861 0.137958 0.021708
v -0.006531 0.065127 0.060276
v -0.021431 0.060397 0.066237
v 0.012900 0.060644 0.058151
v 0.013674 0.058042 0.059121
v 0.015528 0.058616 0.055890
v 0.012697 0.073402 0.050795
v -0.022562 0.136465 0.000084
v 0.016824 0.159550 0.049527
v 0.017221 0.156512 0.050691
v -0.006418 0.068726 0.059700
v -0.008440 0.072705 0.058178
v -0.011311 0.070087 0.060186
v -0.015927 0.066303 0.061769
v 0.022988 0.154160 0.041253
v 0.021432 0.150093 0.047596
v -0.016954 0.072322 0.059469
v -0.003633 0.076996 0.053942
v 0.004971 0.075204 0.053019
v -0.027834 0.064973 0.065239
v 0.025082 0.149233 0.043204
v 0.024434 0.162117 0.039537
v 0.003095 0.079936 0.050415
v -0.004547 0.084200 0.050055
v 0.019020 0.144450 0.051171
v 0.016837 0.150799 0.052401
v -0.024305 0.073705 0.058038
v -0.024012 0.070581 0.062441
v 0.020465 0.164962 0.043181
v -0.011115 0.080122 0.051827
v -0.006230 0.142372 0.060539
v -0.018379 0.140075 0.063403
v -0.007233 0.134682 0.060205
v 0.022255 0.186978 0.041241
v -0.010740 0.083139 0.050608
v -0.001932 0.149166 0.060290
v 0.003465 0.139654 0.057495
v -0.014370 0.082315 0.050435
v -0.010032 0.149475 0.061978
v -0.017559 0.083712 0.049348
v -0.025265 0.075854 0.054800
v -0.028715 0.076512 0.056632
v 0.027966 0.169919 0.035675
v -0.012908 0.086534 0.049974
v -0.006362 0.091512 0.049502
v -0.027349 0.085643 0.050631
v 0.027779 0.177164 0.016213
v 0.029316 0.173593 0.017559
v 0.024879 0.188461 0.034293
v 0.024884 0.189383 0.028513
v 0.022374 0.193480 0.027735
v 0.023560 0.193372 0.031593
v 0.030295 0.168587 0.018975
v 0.026852 0.172374 0.014944
v 0.009946 0.147055 0.015480
v 0.010346 0.152318 0.016215
v 0.019259 0.156696 0.018580
v 0.013873 0.156296 0.017248
v 0.025776 0.182662 0.016769
v 0.019769 0.186962 0.015491
v 0.022356 0.188312 0.017709
v 0.028546 0.154857 0.020404
v 0.026922 0.163398 0.017371
v 0.031303 0.160495 0.021481
v 0.030032 0.147541 0.021890
v 0.023500 0.149720 0.020051
v 0.017036 0.151368 0.018979
v 0.021496 0.176001 0.013578
v 0.005781 0.140016 0.015309
v 0.012604 0.150759 0.017573
v 0.024371 0.157136 0.019071
v 0.017623 0.146565 0.019188
v 0.014270 0.147757 0.018121
v 0.032870 0.141670 0.021916
v 0.023669 0.180304 0.013737
v 0.013110 0.141783 0.017993
v 0.025720 0.185432 0.020627
v 0.038417 0.132228 0.028431
v 0.040717 0.128450 0.029681
v 0.022460 0.192543 0.040054
v 0.023892 0.188383 0.038350
v 0.011378 0.149844 0.016361
v 0.041494 0.127731 0.039356
v 0.041918 0.130358 0.032883
v 0.041105 0.126508 0.034123
v 0.023558 0.190483 0.023782
v 0.019686 0.197491 0.026582
v 0.021017 0.193647 0.025284
v 0.020043 0.194099 0.022845
v 0.016825 0.197859 0.023567
v 0.017159 0.193814 0.019364
v 0.011440 0.199138 0.022991
v 0.022194 0.190658 0.020232
v 0.012639 0.194792 0.019509
v -0.044401 0.208080 0.024793
v -0.056854 0.198262 0.030966
v -0.020689 0.089286 0.048961
v -0.053701 0.216444 0.030963
v -0.013206 0.092102 0.049738
v -0.008048 0.098411 0.050759
v 0.010414 0.063819 0.057844
v 0.006825 0.130389 0.055617
v 0.002840 0.114204 0.054137
v -0.006213 0.106451 0.052516
v -0.016520 0.095671 0.050017
v 0.031170 0.125482 0.042845
v -0.026561 0.123695 0.063692
v -0.021871 0.120486 0.061385
v -0.016904 0.127383 0.062057
v 0.016470 0.063461 0.046590
v 0.016061 0.068412 0.045917
v -0.056119 0.209382 0.034688
v 0.008115 0.081632 0.048164
v 0.010704 0.078717 0.047420
v 0.011945 0.158199 0.055817
v -0.024583 0.150421 0.011092
v -0.028266 0.151130 0.011824
v -0.056350 0.214798 0.037192
v -0.027793 0.091875 0.050994
v -0.031552 0.150971 0.010359
v -0.055895 0.219383 0.034342
v -0.024226 0.098882 0.051465
v -0.015768 0.103198 0.052209
v -0.034428 0.098502 0.055120
v 0.008874 0.172717 0.058396
v 0.006070 0.167198 0.060060
v 0.010209 0.165742 0.056965
v -0.030355 0.105573 0.056429
v -0.022592 0.107152 0.054987
v 0.004707 0.085946 0.048395
v 0.014894 0.079187 0.042246
v 0.009912 0.086479 0.047279
v 0.013202 0.089774 0.046231
v 0.014705 0.072015 0.038918
v 0.014300 0.098662 0.033848
v 0.015063 0.095064 0.039080
v 0.014555 0.079379 0.037760
v 0.013177 0.075476 0.032295
v 0.014549 0.089007 0.035329
v 0.015022 0.064628 0.040788
v 0.013002 0.082714 0.030489
v 0.014315 0.095972 0.044446
v -0.026595 0.162335 0.063303
v -0.030621 0.148053 0.064642
v -0.019688 0.150860 0.063319
v 0.012456 0.145667 0.054962
v -0.027973 0.115119 0.060788
v -0.013222 0.115063 0.056986
v -0.001706 0.126003 0.057182
v 0.011169 0.075059 0.048680
v 0.009827 0.074047 0.051319
v 0.006999 0.061652 0.059594
v -0.030296 0.130325 0.065825
v 0.008043 0.076914 0.049979
v 0.009310 0.092412 0.047234
v 0.001701 0.091132 0.048538
v 0.015486 0.061310 0.055229
v 0.016181 0.060554 0.053167
v 0.015360 0.089540 0.042376
v 0.004026 0.155770 0.059599
v -0.037065 0.155217 0.064451
v -0.005229 0.158417 0.062335
v -0.059164 0.193747 0.033347
v -0.059649 0.196211 0.035244
v -0.061009 0.193207 0.035340
v -0.061288 0.189608 0.033896
v -0.063872 0.192044 0.035909
v -0.066193 0.194095 0.037545
v -0.067032 0.188271 0.035217
v -0.062706 0.195563 0.036706
v -0.060715 0.198575 0.037207
v -0.058506 0.199706 0.035659
v -0.057565 0.204218 0.035376
v -0.058673 0.205104 0.038185
v -0.070003 0.193638 0.039737
v -0.001674 0.169887 0.063356
v -0.067096 0.196425 0.039371
v -0.011771 0.166343 0.063720
v 0.008362 0.058508 0.062340
v -0.014008 0.157214 0.062931
v -0.035167 0.139305 0.066837
v 0.025691 0.146301 0.046108
v -0.057506 0.209058 0.040266
v 0.017079 0.059994 0.049574
v 0.002425 0.059629 0.062529
v 0.003527 0.177571 0.062518
v -0.050350 0.205003 0.064436
v -0.051865 0.209550 0.060116
v -0.055698 0.202875 0.060751
v -0.053980 0.199696 0.063792
v -0.049859 0.199799 0.066917
v -0.058559 0.197948 0.062091
v -0.055439 0.221188 0.055650
v 0.012529 0.056531 0.063627
v -0.036694 0.121624 0.065379
v 0.010613 0.101971 0.021724
v 0.011452 0.091900 0.025252
v 0.009126 0.097104 0.017298
v 0.013092 0.105213 0.027297
v 0.008207 0.056464 0.067358
v 0.005072 0.054959 0.085160
v -0.057279 0.217085 0.042957
v -0.036190 0.143969 -0.002685
v -0.040406 0.145724 0.000352
v 0.030944 0.174040 0.026566
v 0.032524 0.157922 0.030916
v 0.030991 0.171949 0.030336
v 0.000824 0.198679 0.017032
v 0.005088 0.194355 0.018307
v 0.007122 0.187700 0.016213
v 0.003920 0.185560 0.016222
v 0.011468 0.187014 0.014943
v 0.002707 0.199760 0.019189
v 0.005499 0.198562 0.021385
v 0.013750 0.190784 0.016388
v 0.009101 0.194864 0.019661
v 0.009055 0.191066 0.017023
v 0.006665 0.044774 0.445719
v 0.015260 0.044457 0.445651
v 0.008064 0.045210 0.437647
v 0.009485 0.045773 0.430689
v 0.003529 0.045496 0.431436
v 0.010946 0.044327 0.454008
v 0.017411 0.043994 0.457138
v -0.000387 0.045927 0.425717
v 0.007621 0.046090 0.423569
v 0.001692 0.046155 0.419654
v -0.001852 0.046452 0.414694
v 0.006863 0.046645 0.412360
v 0.018557 0.045060 0.436899
v 0.013679 0.045310 0.434011
v 0.024966 0.043968 0.453520
v 0.019120 0.045675 0.427731
v 0.021454 0.044431 0.442689
v 0.013008 0.045825 0.426645
v 0.117107 0.044630 0.524852
v 0.120340 0.044840 0.521739
v 0.118875 0.044910 0.520042
v 0.088268 0.044228 0.532668
v 0.087606 0.044348 0.525196
v 0.075208 0.044384 0.530426
v 0.115575 0.044776 0.515589
v 0.107466 0.044643 0.516779
v 0.110922 0.044768 0.521803
v 0.075871 0.044255 0.498781
v 0.073548 0.044232 0.505231
v 0.081997 0.044189 0.505237
v 0.020262 0.044265 0.488652
v 0.014789 0.044189 0.486644
v 0.016350 0.044333 0.498355
v 0.063442 0.044497 0.518913
v 0.059359 0.044376 0.518027
v 0.058226 0.044538 0.521353
v 0.090493 0.044444 0.505532
v 0.084811 0.044346 0.508988
v 0.024330 0.044591 0.500876
v 0.029498 0.044561 0.496386
v 0.025696 0.044369 0.496246
v 0.069835 0.044600 0.522876
v 0.127991 0.044535 0.531073
v 0.133955 0.044766 0.529341
v 0.130021 0.044901 0.524468
v 0.100809 0.044300 0.500421
v 0.094798 0.044476 0.506607
v 0.097545 0.044501 0.508945
v 0.037209 0.044512 0.501264
v 0.041261 0.044759 0.505841
v 0.047529 0.044530 0.502694
v 0.046015 0.043423 0.475919
v 0.050385 0.043440 0.476978
v 0.050168 0.043282 0.471464
v 0.014145 0.044026 0.461895
v 0.081813 0.043857 0.491573
v 0.071363 0.043893 0.487436
v 0.074492 0.044109 0.493033
v 0.063850 0.044451 0.533701
v 0.071506 0.044195 0.538209
v 0.045940 0.043192 0.465062
v 0.043695 0.043317 0.472648
v 0.107156 0.044186 0.550699
v 0.103767 0.043901 0.554862
v 0.108499 0.044034 0.557847
v 0.123544 0.044211 0.542516
v 0.117473 0.043946 0.548523
v 0.121885 0.044273 0.549429
v 0.064536 0.044209 0.499026
v 0.068070 0.044007 0.492491
v 0.056842 0.043321 0.476729
v 0.062203 0.043620 0.485598
v 0.067151 0.043482 0.478664
v 0.060152 0.044671 0.515449
v 0.015172 0.044018 0.470470
v 0.007731 0.044235 0.461261
v 0.045766 0.043594 0.485213
v 0.041392 0.043939 0.485860
v 0.042934 0.044047 0.491497
v 0.016498 0.046528 0.416060
v 0.036633 0.044048 0.484751
v 0.077186 0.043474 0.483854
v 0.109779 0.044718 0.504203
v 0.107097 0.044827 0.510333
v 0.111723 0.044768 0.510442
v 0.113160 0.044304 0.544958
v 0.112488 0.044198 0.549170
v 0.022221 0.043780 0.468670
v 0.018021 0.043882 0.464243
v 0.040993 0.043648 0.479800
v 0.088735 0.044384 0.512730
v 0.110424 0.044507 0.528718
v 0.105161 0.044661 0.523922
v 0.103434 0.044557 0.530851
v 0.027498 0.044262 0.486347
v 0.023916 0.044640 0.493739
v 0.005195 0.043967 0.470588
v 0.052968 0.044737 0.515940
v 0.081416 0.044211 0.537830
v 0.023466 0.043991 0.476225
v 0.052820 0.042922 0.459777
v 0.053307 0.043148 0.465322
v 0.059923 0.042790 0.461854
v 0.000265 0.044268 0.460250
v -0.002017 0.044096 0.466767
v 0.058166 0.044358 0.503175
v 0.051645 0.043971 0.496423
v 0.076562 0.044115 0.544939
v 0.046644 0.043088 0.452979
v 0.040346 0.043466 0.451242
v 0.039523 0.043317 0.460808
v 0.031008 0.043479 0.455474
v 0.031457 0.043414 0.461294
v 0.034758 0.043449 0.455438
v 0.026410 0.043732 0.465001
v 0.021718 0.043648 0.462073
v 0.158069 0.045143 0.561604
v 0.158947 0.045201 0.556705
v 0.115240 0.044796 0.506371
v 0.047071 0.043516 0.480081
v 0.026018 0.044662 0.526121
v 0.028833 0.044783 0.519730
v 0.023990 0.044645 0.518756
v 0.043195 0.043669 0.551290
v 0.048457 0.043601 0.556189
v 0.052922 0.043736 0.552443
v 0.031159 0.043556 0.549090
v 0.029303 0.044085 0.544204
v 0.027281 0.043609 0.550219
v 0.021683 0.043813 0.549419
v 0.017307 0.043999 0.539207
v 0.014658 0.043910 0.547781
v 0.137881 0.044497 0.575961
v 0.142810 0.044468 0.576910
v 0.142953 0.044537 0.570844
v 0.084458 0.044479 0.520413
v 0.078837 0.044406 0.524413
v 0.024982 0.044788 0.510571
v 0.027618 0.044778 0.515024
v 0.029393 0.044876 0.511452
v 0.057312 0.044606 0.529616
v 0.055881 0.044626 0.525464
v 0.050664 0.044422 0.528260
v 0.103038 0.043616 0.576716
v 0.097149 0.043272 0.585046
v 0.104090 0.043259 0.583407
v 0.096146 0.044104 0.539858
v 0.102505 0.044274 0.537862
v 0.094895 0.044389 0.535679
v 0.071859 0.043748 0.561597
v 0.076524 0.043655 0.567930
v 0.079776 0.043878 0.561909
v 0.155713 0.044568 0.584704
v 0.149132 0.044543 0.588127
v 0.153738 0.044705 0.589683
v 0.068512 0.044504 0.515931
v 0.101263 0.044072 0.545172
v 0.108045 0.044281 0.544542
v 0.123189 0.043627 0.581840
v 0.118667 0.043612 0.586162
v 0.131544 0.043863 0.598329
v 0.134006 0.044165 0.590175
v 0.130674 0.043973 0.594682
v 0.148924 0.045069 0.554950
v 0.155064 0.045385 0.552737
v 0.150266 0.045173 0.551117
v 0.162771 0.044776 0.580138
v 0.155624 0.044831 0.577840
v 0.036283 0.044246 0.542852
v 0.040869 0.044424 0.538935
v 0.033138 0.044073 0.538961
v 0.082799 0.044098 0.549757
v 0.091490 0.043936 0.549644
v 0.085967 0.044228 0.543725
v 0.032613 0.044887 0.506292
v 0.141566 0.044673 0.563510
v 0.144832 0.044925 0.558215
v 0.137949 0.044337 0.556787
v 0.060337 0.043150 0.469616
v 0.138437 0.044202 0.583284
v 0.144536 0.044474 0.582132
v 0.161462 0.044917 0.587767
v 0.163050 0.044765 0.589056
v 0.165094 0.044737 0.586943
v 0.150674 0.044437 0.596196
v 0.147467 0.044179 0.605785
v 0.154504 0.044322 0.600457
v 0.032735 0.043901 0.447781
v 0.051359 0.043978 0.547354
v 0.057855 0.044136 0.544873
v 0.045950 0.044533 0.533494
v 0.038964 0.044567 0.533229
v 0.052481 0.043548 0.483341
v 0.005055 0.044513 0.453080
v 0.095959 0.044606 0.516563
v 0.100725 0.044545 0.513469
v 0.094479 0.044632 0.514009
v 0.139582 0.044645 0.549218
v 0.147704 0.044949 0.548166
v 0.149404 0.045385 0.541891
v 0.064881 0.044312 0.538701
v 0.059855 0.044225 0.537420
v 0.131553 0.044316 0.562943
v 0.130041 0.044219 0.558460
v 0.126629 0.044018 0.567167
v 0.022775 0.044280 0.530923
v 0.025015 0.044508 0.531876
v 0.161972 0.044783 0.571847
v 0.157508 0.044818 0.568168
v 0.126755 0.043850 0.583622
v 0.086328 0.043838 0.565238
v 0.095518 0.044069 0.566093
v 0.088517 0.043806 0.571899
v 0.061514 0.044007 0.551968
v 0.063029 0.044134 0.547514
v 0.057402 0.043888 0.549091
v 0.152224 0.044755 0.573222
v -0.086041 0.047938 0.421216
v 0.034508 0.044923 0.515083
v 0.043810 0.044659 0.511351
v 0.171706 0.044753 0.578673
v 0.116750 0.043789 0.569980
v 0.109127 0.043636 0.577249
v 0.113476 0.043596 0.576098
v 0.146056 0.045238 0.551461
v 0.149585 0.044877 0.566704
v 0.116337 0.043683 0.576132
v 0.062212 0.043690 0.560464
v 0.067656 0.043809 0.555240
v 0.161570 0.044732 0.594349
v 0.098480 0.044099 0.551195
v 0.099307 0.044141 0.558212
v -0.023889 0.044758 0.461999
v 0.168706 0.044951 0.567536
v 0.083268 0.043281 0.577976
v 0.089593 0.043451 0.576617
v -0.000378 0.044690 0.452201
v -0.007733 0.044691 0.451533
v 0.121334 0.044394 0.533627
v 0.126402 0.044531 0.536613
v 0.042681 0.043317 0.560637
v -0.004837 0.044799 0.446200
v -0.005821 0.045120 0.439873
v -0.013197 0.045247 0.440282
v 0.133099 0.044572 0.537271
v 0.139462 0.044665 0.541788
v 0.111657 0.043956 0.563077
v 0.119455 0.044026 0.555677
v 0.113453 0.043989 0.557157
v 0.118871 0.043517 0.591645
v 0.115992 0.043438 0.589284
v 0.113503 0.043352 0.593215
v 0.033394 0.044615 0.531591
v 0.041908 0.044778 0.527216
v 0.033291 0.044690 0.523582
v 0.156402 0.044531 0.592657
v 0.158062 0.044676 0.586949
v 0.020729 0.044654 0.525300
v 0.019201 0.044430 0.532182
v 0.107807 0.043399 0.582797
v 0.108552 0.043075 0.588509
v 0.122625 0.044047 0.561612
v 0.124909 0.044307 0.556575
v 0.109642 0.043560 0.570561
v 0.113974 0.044004 0.566658
v -0.011496 0.045476 0.434947
v 0.067249 0.044217 0.543566
v 0.075353 0.044225 0.551122
v 0.139439 0.044286 0.592203
v 0.085128 0.043970 0.559052
v 0.000894 0.044324 0.534259
v 0.002262 0.044546 0.521857
v -0.006585 0.044462 0.524346
v 0.162743 0.044540 0.603355
v 0.133893 0.044624 0.553627
v 0.127861 0.044374 0.551357
v 0.120970 0.043952 0.573280
v 0.112145 0.043475 0.580869
v 0.147287 0.044747 0.574493
v 0.149978 0.044650 0.579264
v -0.002292 0.045593 0.431628
v 0.000594 0.045077 0.438136
v -0.015182 0.044506 0.463078
v -0.017982 0.044720 0.458310
v 0.062853 0.044344 0.544467
v 0.061593 0.044181 0.541548
v 0.063366 0.044592 0.527388
v 0.039835 0.043966 0.545776
v 0.045670 0.044094 0.543252
v 0.025441 0.044338 0.538134
v 0.000375 0.044914 0.445730
v 0.106791 0.043859 0.562986
v 0.071564 0.043247 0.571390
v 0.074949 0.043371 0.574880
v 0.010061 0.044265 0.534456
v 0.007679 0.044004 0.543107
v 0.092430 0.044033 0.557654
v 0.143504 0.044688 0.553861
v 0.003588 0.044443 0.456970
v 0.159730 0.044543 0.609602
v 0.168676 0.044379 0.609602
v 0.166937 0.044562 0.604126
v 0.111883 0.044126 0.553912
v 0.118602 0.043757 0.580036
v 0.125613 0.043959 0.575186
v 0.117049 0.044010 0.563478
v -0.006737 0.046124 0.420968
v -0.007559 0.045698 0.427816
v 0.041293 0.044718 0.521374
v 0.048840 0.044802 0.522295
v 0.043974 0.044889 0.517321
v 0.096282 0.043720 0.575225
v 0.093115 0.043498 0.572186
v -0.015520 0.044168 0.469693
v -0.008601 0.044116 0.466714
v 0.167727 0.044545 0.594263
v 0.131920 0.044050 0.583536
v 0.034172 0.043456 0.557093
v 0.081496 0.043433 0.572833
v 0.175179 0.044718 0.566438
v -0.005631 0.044414 0.460830
v -0.081192 0.048437 0.413581
v 0.129021 0.044009 0.591743
v 0.127222 0.043873 0.598799
v -0.024027 0.044462 0.469560
v 0.123918 0.044795 0.523521
v 0.037726 0.043468 0.470448
v 0.057595 0.044222 0.498142
v 0.057103 0.043961 0.491684
v 0.058978 0.044549 0.509998
v 0.051938 0.044638 0.510877
v 0.039455 0.043912 0.548509
v 0.010554 0.044500 0.524209
v 0.014219 0.044322 0.531123
v 0.016003 0.044427 0.524132
v 0.114394 0.043451 0.586295
v 0.077883 0.044434 0.511235
v 0.153971 0.045165 0.558739
v 0.087713 0.044182 0.499513
v 0.032620 0.044123 0.544866
v 0.114734 0.044515 0.532369
v 0.109764 0.044191 0.534948
v 0.115881 0.044356 0.538204
v -0.012374 0.045610 0.430050
v 0.149252 0.044909 0.558862
v 0.133806 0.044292 0.570133
v 0.137581 0.044426 0.569683
v 0.134090 0.044190 0.565962
v 0.143000 0.044141 0.598998
v 0.055769 0.044278 0.539523
v 0.107947 0.044611 0.520965
v 0.115884 0.044102 0.542846
v 0.096586 0.044324 0.527503
v 0.031821 0.043882 0.478013
v 0.097161 0.044592 0.520491
v -0.014019 0.045129 0.445883
v 0.010899 0.044129 0.491916
v 0.026791 0.043634 0.471455
v 0.031983 0.044171 0.484439
v 0.034642 0.044200 0.488237
v -0.003921 0.046956 0.406096
v 0.065714 0.043110 0.570375
v 0.070381 0.043738 0.567265
v 0.089890 0.044229 0.538664
v -0.022572 0.045020 0.455298
v -0.024420 0.045150 0.450050
v 0.046292 0.044751 0.508084
v 0.154169 0.044683 0.563036
v 0.046358 0.044230 0.538422
v -0.031328 0.044986 0.466154
v 0.132736 0.043760 0.604883
v -0.028292 0.044366 0.480590
v -0.029497 0.044622 0.472829
v -0.035184 0.044974 0.475063
v 0.093585 0.044165 0.543369
v 0.031627 0.043558 0.469564
v -0.007176 0.045379 0.433553
v -0.037136 0.045252 0.469582
v 0.079126 0.044098 0.556380
v 0.051508 0.044581 0.518790
v 0.103273 0.044103 0.550408
v 0.096653 0.044023 0.546995
v 0.132498 0.044571 0.544401
v -0.037392 0.045278 0.465490
v 0.130845 0.044113 0.570249
v 0.035025 0.043253 0.465599
v -0.019386 0.044038 0.477121
v 0.132019 0.044066 0.575306
v 0.135146 0.044466 0.561298
v 0.056503 0.043725 0.556698
v -0.017266 0.044973 0.448766
v -0.018562 0.045100 0.442451
v 0.142980 0.045084 0.535206
v -0.018334 0.044952 0.454041
v -0.012677 0.044599 0.457632
v 0.019473 0.044561 0.517031
v 0.050388 0.044334 0.537658
v -0.038019 0.045012 0.479862
v 0.050258 0.044024 0.489667
v 0.019715 0.044716 0.507711
v 0.038393 0.044884 0.519017
v 0.075453 0.043370 0.477602
v 0.069805 0.043161 0.472701
v 0.123453 0.043600 0.594668
v 0.090867 0.044362 0.518681
v -0.024096 0.043993 0.491199
v -0.018890 0.043971 0.485220
v -0.032360 0.044638 0.486474
v -0.041122 0.044888 0.487397
v -0.003161 0.043785 0.473589
v -0.090898 0.046892 0.449058
v -0.093022 0.047338 0.438540
v -0.009056 0.043955 0.472235
v 0.004073 0.043828 0.478621
v -0.001721 0.043487 0.482297
v 0.013781 0.044645 0.513152
v 0.156406 0.044275 0.609601
v -0.046143 0.044915 0.494405
v -0.039480 0.044546 0.497397
v 0.103808 0.043852 0.568038
v -0.032866 0.044345 0.493886
v -0.010265 0.043577 0.485717
v -0.009756 0.043641 0.477174
v -0.026512 0.044078 0.503014
v -0.026409 0.043878 0.515500
v -0.020722 0.043848 0.509848
v -0.034187 0.044292 0.501021
v -0.032768 0.043850 0.507542
v 0.110875 0.044035 0.540600
v -0.013141 0.044404 0.523495
v -0.015944 0.044144 0.516900
v -0.018376 0.044165 0.522965
v -0.034311 0.043688 0.519974
v -0.036392 0.044007 0.512242
v -0.041093 0.043890 0.515334
v 0.077922 0.044425 0.518620
v -0.012548 0.044280 0.529549
v -0.019889 0.043795 0.537270
v 0.115011 0.044107 0.553112
v 0.015215 0.043971 0.482146
v 0.018499 0.044203 0.481149
v -0.038682 0.044280 0.505002
v 0.007235 0.043856 0.485901
v 0.000179 0.043551 0.491907
v 0.035843 0.043864 0.548758
v -0.044492 0.044568 0.501025
v 0.174744 0.044267 0.590953
v -0.048389 0.044299 0.511334
v -0.042225 0.043616 0.521883
v -0.006911 0.044108 0.539631
v 0.000745 0.043955 0.544326
v 0.006913 0.043975 0.491951
v -0.015273 0.043767 0.492177
v -0.008436 0.044100 0.503405
v -0.007486 0.044373 0.511735
v -0.002329 0.043844 0.501946
v -0.005625 0.044096 0.531773
v 0.064465 0.043477 0.564844
v -0.050725 0.043322 0.521768
v -0.027768 0.043698 0.523129
v -0.030362 0.043616 0.528691
v 0.103142 0.044170 0.561604
v 0.090352 0.043510 0.582197
v 0.047567 0.043146 0.458353
v 0.049497 0.043486 0.559923
v 0.053965 0.043347 0.562072
v 0.086485 0.044040 0.554178
v 0.069218 0.044055 0.549194
v -0.043869 0.044355 0.508279
v 0.009397 0.044432 0.507085
v 0.007843 0.044599 0.515525
v -0.053947 0.044557 0.506817
v 0.007101 0.044055 0.498808
v 0.002911 0.044344 0.509560
v -0.015289 0.044213 0.510500
v -0.015835 0.043886 0.502214
v -0.023566 0.043882 0.523702
v 0.097196 0.044217 0.532869
v 0.059066 0.043493 0.564149
v 0.035810 0.044475 0.494224
v 0.054886 0.044422 0.534052
v 0.028397 0.044332 0.530326
v 0.062386 0.043927 0.492123
v 0.093295 0.043947 0.493607
v 0.024274 0.045010 0.433915
v -0.008044 0.043641 0.496065
v 0.120743 0.044846 0.516548
v 0.023684 0.046046 0.418868
v 0.011415 0.044001 0.479409
v 0.172021 0.044137 0.604716
v 0.027416 0.044289 0.442523
v 0.170491 0.044419 0.609601
v 0.032016 0.044277 0.438339
v 0.029138 0.044915 0.434492
v 0.030309 0.045469 0.426218
v 0.066843 0.044529 0.508271
v 0.103902 0.044502 0.506897
v 0.089743 0.043809 0.488476
v 0.084023 0.043725 0.483735
v 0.024989 0.045741 0.425347
v 0.039627 0.043859 0.444504
v 0.037510 0.044235 0.436412
v 0.033936 0.044754 0.430377
v 0.460701 0.036688 0.291338
v 0.462640 0.037342 0.283176
v 0.457599 0.037586 0.286512
v 0.441669 0.035628 0.321286
v 0.449992 0.035285 0.318353
v 0.441737 0.036081 0.315057
v 0.468136 0.034137 0.322472
v 0.457071 0.034816 0.320647
v 0.456185 0.034680 0.325633
v 0.491518 0.034011 0.298259
v 0.502363 0.033297 0.298950
v 0.501191 0.033778 0.292407
v 0.428194 0.036760 0.314192
v 0.432158 0.036103 0.319985
v 0.433331 0.036518 0.312465
v 0.459351 0.035416 0.307930
v 0.451584 0.036129 0.305475
v 0.451816 0.035593 0.312422
v 0.454622 0.036862 0.293139
v 0.454002 0.036647 0.298015
v 0.445386 0.034950 0.336650
v 0.449463 0.034923 0.330114
v 0.437348 0.035567 0.330286
v 0.486468 0.035603 0.283903
v 0.482200 0.034974 0.293650
v 0.494133 0.034629 0.287923
v 0.449538 0.037256 0.294588
v 0.477473 0.034422 0.305169
v 0.463195 0.034859 0.313941
v 0.476774 0.033976 0.314843
v 0.453969 0.034439 0.344617
v 0.453583 0.034594 0.336262
v 0.407780 0.036514 0.333222
v 0.405532 0.036719 0.338758
v 0.411258 0.036612 0.344764
v 0.446773 0.036798 0.300225
v 0.388348 0.037612 0.351834
v 0.394296 0.037700 0.353035
v 0.390470 0.037392 0.346327
v 0.491585 0.033444 0.307777
v 0.422285 0.036337 0.348695
v 0.415720 0.036497 0.341108
v 0.420910 0.036640 0.356959
v 0.462374 0.038072 0.277081
v 0.457633 0.037951 0.279866
v 0.386672 0.037313 0.323278
v 0.387582 0.037363 0.329547
v 0.393734 0.036979 0.328163
v 0.444975 0.036139 0.309866
v 0.474550 0.035698 0.292152
v 0.469828 0.036632 0.286867
v 0.469677 0.035774 0.294153
v 0.447739 0.035190 0.324200
v 0.433203 0.040036 0.268364
v 0.426925 0.040335 0.267485
v 0.430683 0.039519 0.273469
v 0.438244 0.039541 0.269876
v 0.434976 0.039089 0.276164
v 0.466982 0.034863 0.305753
v 0.348082 0.041024 0.327496
v 0.341832 0.041720 0.325143
v 0.342175 0.041118 0.331708
v 0.310138 0.044023 0.306822
v 0.317918 0.043718 0.311480
v 0.318173 0.044107 0.300322
v 0.324432 0.043017 0.313831
v 0.328653 0.042974 0.314023
v 0.328423 0.043180 0.309191
v 0.407346 0.037900 0.297669
v 0.405478 0.038705 0.289438
v 0.400040 0.038431 0.291660
v 0.453159 0.038569 0.277502
v 0.456443 0.038825 0.272633
v 0.450266 0.039233 0.271360
v 0.454742 0.039286 0.266879
v 0.452403 0.039660 0.263969
v 0.420048 0.037215 0.308466
v 0.417225 0.036983 0.311828
v 0.422677 0.036900 0.313828
v 0.461903 0.032330 0.449817
v 0.453559 0.033238 0.440289
v 0.446845 0.032713 0.463826
v 0.387914 0.037568 0.456912
v 0.396182 0.036764 0.464347
v 0.395530 0.037168 0.455230
v 0.396562 0.038356 0.377692
v 0.391856 0.038839 0.383291
v 0.400143 0.038419 0.383620
v 0.411992 0.037026 0.357564
v 0.407629 0.036838 0.348812
v 0.407625 0.037375 0.357031
v 0.335717 0.043109 0.299740
v 0.338634 0.042817 0.307521
v 0.342087 0.042548 0.304949
v 0.346697 0.042499 0.297300
v 0.347255 0.042728 0.292034
v 0.340964 0.043010 0.294755
v 0.385770 0.037624 0.345934
v 0.386352 0.037720 0.341787
v 0.347733 0.042072 0.308892
v 0.347450 0.042284 0.303420
v 0.384624 0.039382 0.413578
v 0.384623 0.039091 0.423795
v 0.397341 0.038540 0.417446
v 0.430965 0.040395 0.261948
v 0.437160 0.040313 0.260942
v 0.443104 0.039838 0.264818
v 0.442038 0.039680 0.272309
v 0.445355 0.039425 0.270115
v 0.357248 0.040001 0.450457
v 0.353799 0.040672 0.439730
v 0.349908 0.040549 0.445225
v 0.399336 0.037526 0.353556
v 0.395573 0.037410 0.348638
v 0.405104 0.037013 0.310639
v 0.411118 0.036876 0.311176
v 0.407565 0.037378 0.305166
v 0.336098 0.040963 0.396460
v 0.333905 0.040990 0.393598
v 0.329172 0.040971 0.398336
v 0.428208 0.036073 0.419978
v 0.428075 0.036288 0.412185
v 0.422523 0.036814 0.416187
v 0.434206 0.036039 0.398966
v 0.425535 0.036792 0.392692
v 0.423707 0.036886 0.403019
v 0.412203 0.036835 0.318629
v 0.410581 0.036580 0.326957
v 0.418362 0.036479 0.329551
v 0.375991 0.038241 0.461389
v 0.374986 0.038813 0.450610
v 0.367099 0.038994 0.458347
v 0.436129 0.035987 0.391264
v 0.444543 0.035059 0.405829
v 0.443248 0.038866 0.278892
v 0.448401 0.038682 0.279394
v 0.441169 0.034989 0.418966
v 0.434132 0.035457 0.420670
v 0.437694 0.034551 0.438717
v 0.401205 0.037984 0.426571
v 0.391575 0.038673 0.427897
v 0.392015 0.038345 0.434562
v 0.452304 0.034656 0.354345
v 0.445561 0.035028 0.345878
v 0.435429 0.035762 0.408698
v 0.427765 0.039535 0.275545
v 0.430839 0.039152 0.280210
v 0.382021 0.037600 0.340726
v 0.382114 0.039522 0.402910
v 0.389523 0.039339 0.403807
v 0.388278 0.039275 0.397168
v 0.397416 0.037802 0.357353
v 0.445284 0.035168 0.354910
v 0.439289 0.035441 0.347654
v 0.437837 0.035503 0.355503
v 0.436047 0.035632 0.348558
v 0.427447 0.035675 0.433590
v 0.429633 0.034808 0.447575
v 0.392372 0.037864 0.359287
v 0.360925 0.040419 0.429340
v 0.354467 0.040776 0.423981
v 0.354004 0.040721 0.431268
v 0.401183 0.037570 0.300759
v 0.385080 0.037846 0.354838
v 0.500668 0.031272 0.427422
v 0.473020 0.032531 0.429449
v 0.478127 0.031560 0.447325
v 0.452335 0.034734 0.362485
v 0.445462 0.035206 0.365741
v 0.470308 0.033814 0.360613
v 0.464960 0.034011 0.349532
v 0.459898 0.034295 0.354555
v 0.436492 0.035891 0.363037
v 0.336054 0.041466 0.329839
v 0.334440 0.041298 0.331888
v 0.336002 0.041347 0.333780
v 0.427887 0.036210 0.359613
v 0.431570 0.036021 0.354476
v 0.393087 0.039043 0.390426
v 0.384747 0.039307 0.391502
v 0.441653 0.035577 0.376325
v 0.448377 0.035034 0.388360
v 0.447430 0.035034 0.374671
v 0.440786 0.033498 0.453311
v 0.429551 0.034201 0.460739
v 0.413476 0.037734 0.397710
v 0.461007 0.034216 0.373881
v 0.445548 0.033958 0.439754
v 0.434761 0.035878 0.370476
v 0.440704 0.035634 0.370554
v 0.458730 0.034409 0.361747
v 0.419906 0.038599 0.290183
v 0.415538 0.038778 0.288292
v 0.416494 0.038104 0.295409
v 0.381995 0.037679 0.348505
v 0.379181 0.037776 0.353867
v 0.426820 0.036479 0.371417
v 0.458370 0.033800 0.413696
v 0.447110 0.034211 0.426376
v 0.477304 0.033011 0.399632
v 0.426383 0.036163 0.349959
v 0.433500 0.035810 0.349889
v 0.437050 0.035864 0.377643
v 0.424391 0.036700 0.380671
v 0.420306 0.037040 0.375425
v 0.415268 0.037541 0.381490
v 0.433878 0.036176 0.382277
v 0.428346 0.036543 0.386245
v 0.415228 0.037501 0.390660
v 0.408828 0.037422 0.365009
v 0.402032 0.037743 0.361043
v 0.417243 0.037191 0.366444
v 0.420814 0.037146 0.386031
v 0.401114 0.036675 0.328940
v 0.402633 0.036612 0.322184
v 0.347956 0.041086 0.431093
v 0.342445 0.041420 0.430588
v 0.347259 0.041020 0.437094
v 0.354115 0.039624 0.462766
v 0.346767 0.040367 0.452031
v 0.344369 0.040308 0.461420
v 0.423865 0.034744 0.459244
v 0.422912 0.039634 0.274850
v 0.435751 0.038742 0.283203
v 0.438981 0.038998 0.276637
v 0.341873 0.040946 0.440701
v 0.420179 0.036475 0.319802
v 0.382398 0.038086 0.360049
v 0.415174 0.036927 0.352828
v 0.351953 0.041179 0.317097
v 0.344112 0.042222 0.312981
v 0.346743 0.041565 0.320717
v 0.400669 0.037757 0.435396
v 0.392748 0.038003 0.440880
v 0.400731 0.037378 0.441611
v 0.362678 0.040265 0.308919
v 0.368879 0.039458 0.307615
v 0.364329 0.040275 0.303442
v 0.412489 0.037658 0.365897
v 0.325706 0.039571 0.371120
v 0.323009 0.039320 0.369650
v 0.324431 0.039605 0.374825
v 0.420964 0.040465 0.266639
v 0.339788 0.039729 0.382325
v 0.331341 0.040084 0.381635
v 0.337142 0.040565 0.388414
v 0.350618 0.041265 0.322845
v 0.333665 0.042905 0.307358
v 0.329702 0.043346 0.303194
v 0.383632 0.038526 0.441643
v 0.381330 0.038999 0.432507
v 0.447387 0.039992 0.258896
v 0.443294 0.040219 0.258397
v 0.449438 0.040284 0.255992
v 0.446326 0.040262 0.255402
v 0.403778 0.037238 0.352142
v 0.469526 0.033772 0.343240
v 0.473919 0.033588 0.351506
v 0.474960 0.033649 0.338733
v 0.478272 0.033516 0.346367
v 0.410600 0.036200 0.450761
v 0.416981 0.035483 0.456193
v 0.418841 0.036021 0.442668
v 0.485951 0.033137 0.355638
v 0.411012 0.038549 0.290859
v 0.484435 0.033320 0.342963
v 0.485293 0.033325 0.335715
v 0.480481 0.033489 0.336864
v 0.491650 0.033124 0.335447
v 0.490144 0.033190 0.340243
v 0.498989 0.032913 0.340904
v 0.372196 0.039956 0.423627
v 0.372025 0.039530 0.436795
v 0.419532 0.037617 0.302423
v 0.421715 0.037986 0.296422
v 0.347752 0.039906 0.336577
v 0.344646 0.039549 0.340986
v 0.350142 0.038744 0.341888
v 0.390514 0.038728 0.375593
v 0.385900 0.038924 0.381496
v 0.408372 0.040531 0.275165
v 0.413363 0.039327 0.282012
v 0.413266 0.040649 0.273519
v 0.330658 0.040852 0.391145
v 0.391071 0.037632 0.448433
v 0.414062 0.037300 0.305726
v 0.423203 0.036366 0.344976
v 0.421191 0.036290 0.340336
v 0.366099 0.038924 0.327312
v 0.371816 0.038728 0.321332
v 0.366015 0.039526 0.319380
v 0.493990 0.033022 0.347781
v 0.337112 0.038641 0.356651
v 0.341035 0.037697 0.355204
v 0.338203 0.038923 0.349939
v 0.331588 0.042719 0.315940
v 0.331945 0.042730 0.311684
v 0.427033 0.036980 0.308110
v 0.433051 0.036908 0.309008
v 0.374388 0.039929 0.397901
v 0.375037 0.039854 0.410878
v 0.412301 0.037847 0.297869
v 0.424644 0.038413 0.291668
v 0.352945 0.041991 0.301421
v 0.488781 0.033233 0.337043
v 0.418241 0.039744 0.278378
v 0.422832 0.039181 0.284006
v 0.404777 0.038365 0.394972
v 0.401397 0.038532 0.389858
v 0.394965 0.038948 0.396353
v 0.335287 0.041383 0.402539
v 0.330140 0.041419 0.407560
v 0.402000 0.039271 0.284856
v 0.406501 0.039401 0.282840
v 0.516028 0.032699 0.326656
v 0.510080 0.032800 0.323313
v 0.507270 0.032765 0.327500
v 0.517622 0.032572 0.320664
v 0.501757 0.032931 0.321558
v 0.510921 0.032743 0.335676
v 0.498793 0.032974 0.331791
v 0.426397 0.036097 0.327243
v 0.425968 0.036379 0.320975
v 0.501016 0.032873 0.312341
v 0.504435 0.033085 0.305832
v 0.346853 0.040729 0.332427
v 0.344157 0.040559 0.335216
v 0.324336 0.043510 0.305333
v 0.503044 0.033061 0.303272
v 0.514473 0.032957 0.297433
v 0.484633 0.033353 0.319740
v 0.333838 0.040276 0.343429
v 0.338344 0.039648 0.344536
v 0.418826 0.036765 0.315391
v 0.415832 0.036937 0.315050
v 0.448747 0.039664 0.264210
v 0.512004 0.032792 0.306113
v 0.515393 0.032626 0.312021
v 0.495681 0.033126 0.335968
v 0.360536 0.040609 0.418791
v 0.425258 0.036178 0.342140
v 0.429002 0.035902 0.337151
v 0.429306 0.035960 0.345974
v 0.434332 0.035683 0.342600
v 0.439830 0.035383 0.339587
v 0.460321 0.034224 0.340835
v 0.463402 0.034131 0.332761
v 0.477957 0.033548 0.330160
v 0.372576 0.041570 0.285702
v 0.369216 0.041277 0.291305
v 0.373174 0.040789 0.291456
v 0.414336 0.036899 0.311329
v 0.408534 0.037935 0.406871
v 0.407143 0.037992 0.413188
v 0.416362 0.037307 0.411901
v 0.475675 0.033831 0.319101
v 0.489327 0.033258 0.329134
v 0.388272 0.038269 0.369483
v 0.396264 0.038192 0.369303
v 0.375257 0.038556 0.310489
v 0.369176 0.039011 0.313926
v 0.381391 0.037864 0.321183
v 0.383100 0.037584 0.327308
v 0.322854 0.039882 0.353343
v 0.328212 0.039678 0.358444
v 0.403969 0.036528 0.457282
v 0.401940 0.036952 0.449120
v 0.388881 0.038177 0.364446
v 0.423322 0.036141 0.334893
v 0.326287 0.039479 0.366163
v 0.323215 0.039663 0.359384
v 0.322623 0.039255 0.363855
v 0.392484 0.038661 0.291858
v 0.396266 0.039484 0.283457
v 0.388205 0.040217 0.283863
v 0.320128 0.039056 0.360628
v 0.415379 0.037650 0.300558
v 0.399237 0.036835 0.335586
v 0.327647 0.039573 0.373997
v 0.511082 0.032395 0.359058
v 0.537927 0.032490 0.330062
v 0.485579 0.032920 0.373744
v 0.503542 0.032038 0.391561
v 0.534017 0.031041 0.394871
v 0.541404 0.031818 0.360715
v 0.393716 0.037769 0.299278
v 0.387701 0.038493 0.296735
v 0.380057 0.039322 0.384802
v 0.407418 0.038321 0.380485
v 0.406700 0.038185 0.385114
v 0.342652 0.038875 0.345456
v 0.417764 0.036579 0.431249
v 0.414724 0.037150 0.421699
v 0.409235 0.037303 0.431283
v 0.340218 0.037537 0.359836
v 0.337280 0.037990 0.361993
v 0.340810 0.037296 0.364857
v 0.340039 0.040270 0.338702
v 0.558487 0.031017 0.375391
v 0.570246 0.031899 0.347676
v 0.333458 0.039032 0.360183
v 0.405876 0.036813 0.317991
v 0.399325 0.036919 0.314004
v 0.453518 0.037344 0.289960
v 0.449510 0.037552 0.288840
v 0.409694 0.036841 0.440035
v 0.452682 0.040174 0.258056
v 0.383805 0.037654 0.463117
v 0.444516 0.037647 0.293533
v 0.445027 0.037498 0.297203
v 0.450751 0.038239 0.282931
v 0.454029 0.037591 0.284483
v 0.404650 0.037974 0.369585
v 0.394137 0.037141 0.342826
v 0.399311 0.037192 0.346935
v 0.397797 0.036953 0.340676
v 0.330225 0.042159 0.324182
v 0.328511 0.042605 0.318565
v 0.325081 0.042670 0.322937
v 0.320568 0.043224 0.318526
v 0.320797 0.042552 0.325150
v 0.367103 0.040359 0.410421
v 0.396489 0.037291 0.306286
v 0.424792 0.037701 0.301486
v 0.403041 0.036883 0.343607
v 0.403005 0.038268 0.376212
v 0.342520 0.037883 0.350938
v 0.403630 0.041602 0.269191
v 0.409564 0.041703 0.263393
v 0.336843 0.042467 0.314184
v 0.331255 0.039200 0.369363
v 0.459866 0.039824 0.258895
v 0.458898 0.040364 0.251098
v 0.340697 0.040853 0.447939
v 0.410138 0.035988 0.458086
v 0.373850 0.039505 0.386457
v 0.369502 0.039993 0.393297
v 0.426574 0.039207 0.280660
v 0.429073 0.038566 0.287328
v 0.362319 0.039920 0.439733
v 0.411187 0.037684 0.373366
v 0.427742 0.037783 0.297533
v 0.354705 0.041339 0.308497
v 0.358965 0.040964 0.304327
v 0.362747 0.039769 0.447776
v 0.360086 0.040551 0.407661
v 0.328040 0.041298 0.336788
v 0.327493 0.040368 0.344808
v 0.333649 0.041009 0.337081
v 0.331456 0.041767 0.332233
v 0.332303 0.041993 0.328154
v 0.353261 0.039883 0.453612
v 0.359202 0.039435 0.459426
v 0.428983 0.037503 0.302995
v 0.418107 0.039095 0.284633
v 0.325733 0.041828 0.329777
v 0.333727 0.042111 0.319760
v 0.335619 0.041824 0.324877
v 0.375795 0.040899 0.288710
v 0.373696 0.040787 0.289062
v 0.407977 0.037744 0.417356
v 0.450362 0.040405 0.252775
v 0.401323 0.040437 0.276469
v 0.404992 0.037467 0.436851
v 0.352577 0.042234 0.295239
v 0.351938 0.042628 0.290184
v 0.392485 0.037005 0.335581
v 0.376876 0.038984 0.302304
v 0.374901 0.039835 0.297585
v 0.371250 0.039665 0.302052
v 0.396002 0.038949 0.407656
v 0.397177 0.038798 0.400593
v 0.323593 0.039941 0.382397
v 0.357039 0.042259 0.290301
v 0.342292 0.041959 0.319003
v 0.384254 0.039271 0.295459
v 0.381233 0.039830 0.291819
v 0.381223 0.038987 0.299257
v 0.332933 0.039572 0.351951
v 0.425705 0.036417 0.317582
v 0.383723 0.037572 0.315797
v 0.376476 0.038140 0.316914
v 0.358485 0.041489 0.298395
v 0.428521 0.038445 0.292676
v 0.387036 0.039201 0.292333
v 0.379907 0.041348 0.280936
v 0.441142 0.036833 0.304885
v 0.434206 0.037468 0.300641
v 0.433623 0.036845 0.305900
v 0.363775 0.041388 0.295211
v 0.362252 0.042469 0.283968
v 0.336505 0.039029 0.375099
v 0.325761 0.040414 0.389097
v 0.342051 0.042941 0.299505
v 0.397222 0.037864 0.295866
v 0.338499 0.042007 0.320700
v 0.338364 0.040908 0.392705
v 0.434069 0.037956 0.293324
v 0.422277 0.040969 0.261429
v 0.360578 0.039958 0.315455
v 0.357035 0.040400 0.319706
v 0.398582 0.036647 0.317252
v 0.368669 0.042422 0.279552
v 0.354080 0.040247 0.324277
v 0.351914 0.040138 0.331258
v 0.353469 0.040815 0.415084
v 0.403432 0.038429 0.401637
v 0.438040 0.036489 0.309945
v 0.440544 0.037350 0.297940
v 0.396317 0.036737 0.324839
v 0.392246 0.037032 0.321338
v 0.355905 0.038524 0.338993
v 0.355182 0.039213 0.335320
v 0.361242 0.038448 0.336890
v 0.361572 0.039092 0.332081
v 0.328638 0.041902 0.327768
v 0.356642 0.037816 0.342228
v 0.352104 0.037521 0.346582
v 0.364846 0.038492 0.332561
v 0.347067 0.037671 0.348828
v 0.345048 0.036928 0.354323
v 0.375960 0.041213 0.284195
v 0.375307 0.041719 0.281342
v 0.348185 0.038592 0.381545
v 0.352013 0.039644 0.385810
v 0.356330 0.038753 0.380298
v 0.440564 0.037928 0.292074
v 0.439453 0.038290 0.287673
v 0.376293 0.037751 0.339636
v 0.373724 0.038222 0.329313
v 0.368726 0.038179 0.335932
v 0.456010 0.039603 0.262247
v 0.358205 0.039573 0.386806
v 0.361470 0.038971 0.381258
v 0.343120 0.037133 0.358085
v 0.363329 0.037897 0.343203
v 0.339643 0.041088 0.402112
v 0.339366 0.041226 0.405985
v 0.344558 0.041001 0.399835
v 0.371652 0.037859 0.346306
v 0.371538 0.037312 0.350142
v 0.375672 0.037709 0.347551
v 0.379591 0.037543 0.332529
v 0.377728 0.037949 0.324021
v 0.377936 0.039539 0.296189
v 0.376479 0.040000 0.293815
v 0.319410 0.039146 0.365684
v 0.363877 0.036536 0.362862
v 0.368485 0.037076 0.360681
v 0.363239 0.036377 0.359882
v 0.336022 0.038405 0.367505
v 0.339941 0.037971 0.371523
v 0.356956 0.037368 0.347184
v 0.360919 0.037120 0.346887
v 0.459675 0.039354 0.266325
v 0.465768 0.039045 0.262740
v 0.350687 0.036519 0.352408
v 0.316102 0.043139 0.319792
v 0.385425 0.037538 0.334353
v 0.346642 0.036279 0.363678
v 0.346217 0.036562 0.358783
v 0.380471 0.037788 0.310305
v 0.385664 0.037574 0.310299
v 0.379500 0.038380 0.306613
v 0.363643 0.036982 0.369668
v 0.369905 0.037376 0.369163
v 0.366841 0.037225 0.365180
v 0.352497 0.036706 0.371644
v 0.358372 0.036047 0.365907
v 0.349338 0.036279 0.368173
v 0.445082 0.038053 0.286342
v 0.372245 0.037623 0.339801
v 0.373297 0.037792 0.342900
v 0.358076 0.036274 0.354580
v 0.361576 0.036856 0.352131
v 0.359495 0.036974 0.350203
v 0.352168 0.035819 0.357630
v 0.355572 0.036311 0.352362
v 0.370297 0.038869 0.379692
v 0.377138 0.038901 0.380561
v 0.363036 0.037170 0.348399
v 0.364761 0.036801 0.352007
v 0.343967 0.040144 0.386210
v 0.343546 0.040600 0.390425
v 0.352652 0.035904 0.362928
v 0.367542 0.037488 0.348156
v 0.379882 0.037982 0.343884
v 0.378601 0.037616 0.344894
v 0.360562 0.039592 0.322489
v 0.343818 0.037107 0.368800
v 0.343577 0.037421 0.372681
v 0.345642 0.037105 0.371117
v 0.362189 0.036377 0.355563
v 0.368043 0.037031 0.354873
v 0.369587 0.037714 0.342318
v 0.432339 0.040784 0.257930
v 0.337591 0.041391 0.412841
v 0.347241 0.037019 0.373159
v 0.381917 0.038652 0.375175
v 0.358650 0.039678 0.328759
v 0.382565 0.038173 0.366527
v 0.357521 0.036006 0.359454
v 0.427543 0.041109 0.255262
v 0.373776 0.037714 0.353086
v 0.368456 0.039662 0.388239
v 0.339211 0.041213 0.398775
v 0.435158 0.040751 0.253878
v 0.443001 0.040591 0.253311
v 0.385955 0.041497 0.274637
v 0.384858 0.037746 0.330129
v 0.393320 0.036892 0.315828
v 0.397414 0.036584 0.321693
v 0.398354 0.036860 0.319187
v 0.350143 0.037859 0.376529
v 0.374566 0.037599 0.357767
v 0.348711 0.041182 0.422804
v 0.357280 0.037455 0.374097
v 0.327067 0.040731 0.393252
v 0.386904 0.037755 0.304043
v 0.343091 0.038393 0.376636
v 0.353171 0.038180 0.378365
v 0.374765 0.037586 0.363898
v 0.361967 0.040036 0.390745
v 0.352865 0.040658 0.395847
v 0.354714 0.040786 0.403317
v 0.344936 0.041314 0.425936
v 0.375753 0.037893 0.370360
v 0.366608 0.040271 0.401242
v 0.371276 0.038152 0.372918
v 0.364948 0.037890 0.374915
v 0.409762 0.037762 0.388159
v 0.346960 0.041308 0.406068
v 0.349963 0.041210 0.406925
v 0.392531 0.037249 0.309785
v 0.348364 0.040702 0.392658
v 0.417400 0.040479 0.270079
v 0.343582 0.040671 0.396479
v 0.363513 0.040311 0.396411
v 0.380729 0.038373 0.303712
v 0.341448 0.041342 0.420420
v 0.335403 0.041407 0.425683
v 0.348395 0.040979 0.412194
v 0.341521 0.041011 0.394598
v 0.389291 0.037372 0.339640
v 0.416167 0.037606 0.374766
v 0.334631 0.041327 0.399143
v 0.415652 0.037547 0.386535
v 0.393243 0.041219 0.273832
v 0.423179 0.036415 0.423366
v 0.331063 0.039339 0.355835
v 0.389222 0.038817 0.293671
v 0.341383 0.040586 0.453287
v 0.333097 0.041448 0.418394
v 0.423999 0.035316 0.448646
v 0.398547 0.041460 0.269496
v 0.459304 0.038315 0.275707
v 0.454046 0.038281 0.281131
v 0.461174 0.038240 0.272839
v 0.465342 0.038486 0.269209
v 0.464690 0.038241 0.274093
v 0.467164 0.038037 0.272838
v 0.470631 0.038207 0.270058
v 0.469064 0.038580 0.266132
v 0.476391 0.036906 0.279120
v 0.468803 0.037695 0.277082
v 0.417119 0.041286 0.261950
v 0.482550 0.036943 0.273450
v 0.476480 0.037689 0.271383
v 0.326935 0.043793 0.296615
v 0.473976 0.038421 0.264728
v 0.475072 0.037875 0.268047
v 0.478539 0.036000 0.286217
v 0.482308 0.036419 0.279674
v 0.456514 0.037129 0.290128
v 0.462770 0.035894 0.299533
v 0.465563 0.036261 0.293111
v 0.472187 0.035219 0.298726
v 0.309981 0.043493 0.316577
v -0.487769 0.052261 0.392669
v -0.492199 0.052369 0.393896
v -0.485584 0.052172 0.399480
v -0.483648 0.052281 0.409311
v -0.489763 0.052441 0.401583
v -0.481424 0.051960 0.395137
v -0.482607 0.052626 0.417425
v -0.480367 0.053065 0.426283
v -0.478181 0.052893 0.421906
v -0.490877 0.052741 0.406602
v -0.489679 0.053039 0.415348
v -0.477941 0.052300 0.417402
v -0.470874 0.052250 0.425463
v -0.480200 0.051980 0.402982
v -0.347412 0.060742 0.231146
v -0.353624 0.061557 0.234778
v -0.345645 0.060750 0.241595
v -0.516560 0.053854 0.348703
v -0.509361 0.052960 0.357537
v -0.503973 0.053094 0.349958
v -0.433966 0.053627 0.364981
v -0.425796 0.053650 0.370876
v -0.423265 0.053540 0.362409
v -0.342007 0.051702 0.414869
v -0.346336 0.052092 0.411391
v -0.492733 0.052382 0.356236
v -0.497976 0.052236 0.360561
v -0.491507 0.052013 0.362734
v -0.409036 0.052842 0.403297
v -0.412012 0.052615 0.407593
v -0.403425 0.053024 0.405103
v -0.486174 0.052253 0.389023
v -0.490851 0.052485 0.388581
v -0.495342 0.053085 0.347624
v -0.496632 0.053380 0.344335
v -0.490586 0.052382 0.383482
v -0.422046 0.053913 0.348836
v -0.420129 0.054027 0.343747
v -0.426344 0.053878 0.346349
v -0.480038 0.051912 0.386201
v -0.486996 0.052031 0.378762
v -0.497820 0.052725 0.391820
v -0.495780 0.052510 0.385950
v -0.411279 0.053988 0.354254
v -0.408523 0.053844 0.357780
v -0.405284 0.053988 0.352009
v -0.423163 0.053263 0.390040
v -0.419644 0.053140 0.396501
v -0.439678 0.053619 0.355433
v -0.440873 0.053861 0.349899
v -0.446672 0.053763 0.353643
v -0.413039 0.053024 0.401168
v -0.412779 0.053138 0.394830
v -0.451757 0.053649 0.351366
v -0.452778 0.054199 0.345183
v -0.455330 0.053988 0.348220
v -0.472331 0.052140 0.418214
v -0.476868 0.052221 0.413602
v -0.476091 0.051958 0.408729
v -0.501274 0.052762 0.386929
v -0.492563 0.052273 0.378502
v -0.514186 0.054205 0.341466
v -0.509280 0.054382 0.338380
v -0.515400 0.054570 0.336424
v -0.433198 0.055347 0.323001
v -0.429493 0.055094 0.326899
v -0.429217 0.055230 0.318163
v -0.494889 0.052141 0.381251
v -0.384666 0.051077 0.431706
v -0.386188 0.052265 0.424827
v -0.388064 0.052076 0.428204
v -0.490259 0.052053 0.375580
v -0.451060 0.055097 0.333970
v -0.443931 0.055027 0.333059
v -0.446885 0.055620 0.328946
v -0.495560 0.053696 0.340854
v -0.497281 0.053900 0.338324
v -0.504433 0.053686 0.342479
v -0.450099 0.054048 0.348769
v -0.448859 0.054171 0.345236
v -0.453955 0.056190 0.321669
v -0.446920 0.056066 0.322504
v -0.451414 0.056431 0.319218
v -0.392107 0.055563 0.319635
v -0.387868 0.054933 0.329165
v -0.385806 0.055738 0.319924
v -0.405622 0.055415 0.309007
v -0.400013 0.055338 0.318857
v -0.397955 0.055706 0.309132
v -0.501217 0.052540 0.355697
v -0.503976 0.052581 0.364167
v -0.458154 0.055211 0.332029
v -0.456530 0.054514 0.340091
v -0.380786 0.056746 0.314092
v -0.382935 0.056700 0.305829
v -0.390237 0.055999 0.309241
v -0.465350 0.055433 0.328894
v -0.459565 0.055983 0.324328
v -0.466535 0.056138 0.321756
v -0.506952 0.053366 0.380656
v -0.498888 0.052049 0.378531
v -0.453993 0.053616 0.355994
v -0.457812 0.053516 0.354644
v -0.455362 0.053371 0.362972
v -0.368964 0.053475 0.410570
v -0.361726 0.052610 0.412321
v -0.359373 0.052653 0.406681
v -0.435463 0.055434 0.304044
v -0.431072 0.054941 0.306314
v -0.429878 0.055661 0.300531
v -0.401651 0.056431 0.278103
v -0.399260 0.056326 0.288007
v -0.394556 0.056219 0.279565
v -0.427540 0.053720 0.352530
v -0.434219 0.053888 0.349762
v -0.496583 0.052482 0.355760
v -0.387977 0.054261 0.354747
v -0.393389 0.054276 0.351848
v -0.393233 0.054086 0.363046
v -0.352170 0.056347 0.311435
v -0.357504 0.056568 0.307396
v -0.358146 0.056269 0.313945
v -0.461955 0.055982 0.320620
v -0.463188 0.056136 0.316729
v -0.437864 0.055829 0.297794
v -0.439743 0.055798 0.305001
v -0.496716 0.052164 0.369118
v -0.504033 0.052562 0.372084
v -0.402382 0.054198 0.343956
v -0.399843 0.054550 0.335728
v -0.405913 0.054254 0.337896
v -0.458874 0.056315 0.319985
v -0.431493 0.055954 0.294930
v -0.457281 0.056417 0.313136
v -0.455522 0.056191 0.317379
v -0.339002 0.052046 0.402773
v -0.450159 0.056169 0.315636
v -0.350234 0.053280 0.373308
v -0.342869 0.053241 0.372325
v -0.350946 0.053315 0.368498
v -0.463876 0.054471 0.338714
v -0.471366 0.054627 0.333122
v -0.493193 0.052725 0.350836
v -0.459513 0.054062 0.345346
v -0.436036 0.053165 0.379413
v -0.440335 0.053154 0.377169
v -0.441728 0.052964 0.386486
v -0.522120 0.058800 0.392242
v -0.512975 0.055155 0.388829
v -0.522051 0.057641 0.380542
v -0.514562 0.054922 0.376824
v -0.468718 0.056085 0.317848
v -0.469572 0.056009 0.314355
v -0.473904 0.055921 0.318938
v -0.452356 0.055831 0.327289
v -0.437181 0.054199 0.342429
v -0.419730 0.052707 0.404853
v -0.377353 0.055161 0.328733
v -0.371171 0.054682 0.330971
v -0.424231 0.055082 0.311498
v -0.421475 0.055305 0.317570
v -0.417213 0.055336 0.312542
v -0.511826 0.053501 0.367957
v -0.438636 0.055654 0.318787
v -0.535088 0.063962 0.388123
v -0.426737 0.052863 0.395964
v -0.400367 0.053956 0.372447
v -0.407412 0.053110 0.398819
v -0.398458 0.055723 0.297807
v -0.393555 0.055855 0.301403
v -0.392030 0.056081 0.294277
v -0.521398 0.055990 0.368548
v -0.476175 0.055769 0.322874
v -0.472124 0.055621 0.325573
v -0.400080 0.053467 0.396701
v -0.441607 0.053403 0.361786
v -0.529690 0.059552 0.373907
v -0.437551 0.052500 0.398361
v -0.432764 0.052744 0.399643
v -0.432286 0.053116 0.388909
v -0.498731 0.052917 0.350920
v -0.381900 0.053987 0.358050
v -0.386744 0.054036 0.364427
v -0.381766 0.053870 0.365104
v -0.394636 0.052732 0.417020
v -0.402011 0.052048 0.421725
v -0.395510 0.052189 0.423693
v -0.518376 0.054668 0.363196
v -0.532254 0.058389 0.363856
v -0.542273 0.063820 0.371719
v -0.525781 0.055456 0.357930
v -0.541747 0.060651 0.360835
v -0.390940 0.052404 0.422228
v -0.391414 0.051761 0.427826
v -0.517468 0.053963 0.358276
v -0.521943 0.054439 0.353444
v -0.538624 0.057730 0.354410
v -0.548512 0.060752 0.354810
v -0.552248 0.064749 0.361807
v -0.357571 0.055668 0.321926
v -0.364774 0.056324 0.315272
v -0.384359 0.053937 0.376518
v -0.386716 0.053912 0.383703
v -0.379514 0.053779 0.380023
v -0.423920 0.055459 0.304701
v -0.419540 0.056244 0.297749
v -0.368621 0.054141 0.344018
v -0.375009 0.054026 0.353529
v -0.367004 0.053875 0.353673
v -0.424304 0.052331 0.410517
v -0.418419 0.052201 0.414249
v -0.497923 0.054738 0.331714
v -0.503000 0.054889 0.330279
v -0.502118 0.054472 0.336002
v -0.358296 0.061380 0.234551
v -0.427001 0.054514 0.334673
v -0.432228 0.054889 0.331087
v -0.354996 0.051825 0.425720
v -0.344787 0.051437 0.422469
v -0.352702 0.051882 0.417234
v -0.343729 0.054332 0.349684
v -0.345078 0.054634 0.343109
v -0.350341 0.054390 0.343098
v -0.524556 0.054390 0.344674
v -0.529494 0.054975 0.347626
v -0.552420 0.058753 0.346248
v -0.452272 0.053158 0.370856
v -0.447461 0.053280 0.373788
v -0.462957 0.053782 0.349497
v -0.437915 0.053641 0.360180
v -0.334219 0.051759 0.418080
v -0.376281 0.053866 0.362813
v -0.368915 0.053762 0.361515
v -0.410113 0.054053 0.346991
v -0.419389 0.053853 0.353875
v -0.451167 0.054450 0.340594
v -0.523712 0.054591 0.338349
v -0.438229 0.055355 0.327444
v -0.486911 0.053049 0.348213
v -0.437136 0.053470 0.372820
v -0.442199 0.053315 0.370557
v -0.480149 0.055461 0.321096
v -0.386603 0.056112 0.299487
v -0.384827 0.056034 0.292714
v -0.508844 0.054841 0.333726
v -0.430196 0.054711 0.310918
v -0.426264 0.052541 0.405328
v -0.410478 0.053927 0.375777
v -0.414059 0.053634 0.383486
v -0.407545 0.053768 0.383033
v -0.379834 0.056295 0.288135
v -0.388831 0.056323 0.285905
v -0.433999 0.053605 0.357102
v -0.428000 0.053692 0.358501
v -0.416155 0.054191 0.342171
v -0.412296 0.054121 0.340554
v -0.417282 0.054182 0.337814
v -0.444288 0.053164 0.378079
v -0.429522 0.054090 0.342869
v -0.409875 0.051713 0.424501
v -0.444622 0.056227 0.317036
v -0.398538 0.051485 0.428690
v -0.346233 0.055383 0.327363
v -0.352693 0.055268 0.329487
v -0.427946 0.054754 0.308350
v -0.409933 0.053813 0.363503
v -0.415143 0.053762 0.360093
v -0.417308 0.053822 0.366516
v -0.389265 0.057710 0.249864
v -0.397451 0.057728 0.248033
v -0.392987 0.057398 0.255437
v -0.450342 0.053511 0.358092
v -0.409293 0.055596 0.304902
v -0.408151 0.055919 0.297796
v -0.411897 0.053797 0.369577
v -0.405714 0.053864 0.367788
v -0.432823 0.053336 0.373259
v -0.361013 0.052990 0.399874
v -0.351249 0.052350 0.401527
v -0.350269 0.052692 0.392853
v -0.368240 0.054758 0.336217
v -0.424617 0.056017 0.299818
v -0.340736 0.053663 0.363988
v -0.411533 0.055260 0.313538
v -0.415187 0.055407 0.319509
v -0.452161 0.056523 0.310368
v -0.425974 0.056027 0.295857
v -0.401403 0.055598 0.303357
v -0.410462 0.055340 0.308193
v -0.413600 0.055515 0.309275
v -0.493611 0.054657 0.334016
v -0.491949 0.054227 0.337671
v -0.403860 0.053461 0.393854
v -0.408035 0.053518 0.393670
v -0.412228 0.053439 0.386449
v -0.394651 0.053377 0.400536
v -0.388460 0.053620 0.404238
v -0.388092 0.053807 0.397328
v -0.445300 0.054442 0.339614
v -0.375968 0.057210 0.306576
v -0.379864 0.056456 0.300408
v -0.436976 0.054772 0.334940
v -0.362688 0.052497 0.418092
v -0.560295 0.063562 0.351356
v -0.408136 0.052483 0.411408
v -0.381136 0.053975 0.400737
v -0.383973 0.053865 0.391510
v -0.429238 0.052158 0.410452
v -0.397263 0.055744 0.302848
v -0.371440 0.055805 0.320471
v -0.372051 0.056879 0.312592
v -0.435678 0.055021 0.310677
v -0.410762 0.054744 0.332047
v -0.417304 0.054759 0.331343
v -0.417926 0.053770 0.373356
v -0.417886 0.053774 0.379915
v -0.416221 0.053976 0.346236
v -0.423806 0.052873 0.400672
v -0.372041 0.053409 0.376845
v -0.378307 0.053682 0.373526
v -0.382577 0.054359 0.348226
v -0.392337 0.053650 0.391948
v -0.372895 0.053609 0.369141
v -0.415817 0.055306 0.308831
v -0.357913 0.054255 0.349000
v -0.444489 0.056421 0.310348
v -0.372158 0.053165 0.418717
v -0.367477 0.052276 0.424829
v -0.362413 0.053455 0.370418
v -0.361775 0.053911 0.358846
v -0.423935 0.053583 0.377866
v -0.410002 0.052114 0.416769
v -0.378556 0.053832 0.368119
v -0.384220 0.053809 0.370638
v -0.365382 0.053184 0.391721
v -0.368110 0.053353 0.383263
v -0.375034 0.053846 0.391589
v -0.498253 0.055156 0.328524
v -0.379862 0.053436 0.418650
v -0.375254 0.053855 0.414369
v -0.421260 0.055107 0.324970
v -0.414172 0.055091 0.326024
v -0.387278 0.053210 0.417834
v -0.377192 0.055774 0.295029
v -0.394875 0.055586 0.305578
v -0.353419 0.056166 0.293827
v -0.347954 0.055506 0.290604
v -0.356494 0.056206 0.289060
v -0.429872 0.053442 0.378581
v -0.395200 0.055690 0.313866
v -0.365123 0.054863 0.332452
v -0.357978 0.054449 0.336240
v -0.374376 0.053630 0.383505
v -0.339421 0.052304 0.395968
v -0.371887 0.055988 0.290838
v -0.351851 0.056451 0.305225
v -0.344467 0.056372 0.312725
v -0.345150 0.056637 0.304223
v -0.458366 0.056151 0.308436
v -0.388424 0.056442 0.278463
v -0.405122 0.053593 0.388996
v -0.399904 0.053885 0.382664
v -0.408149 0.055172 0.321266
v -0.444531 0.056166 0.301941
v -0.452413 0.056183 0.304435
v -0.427710 0.053302 0.382392
v -0.379126 0.054667 0.338997
v -0.377866 0.054346 0.343187
v -0.345756 0.055214 0.334778
v -0.423870 0.054118 0.340920
v -0.383832 0.053896 0.407610
v -0.402325 0.052553 0.413492
v -0.373772 0.056912 0.283869
v -0.396818 0.054103 0.358789
v -0.382205 0.056025 0.296829
v -0.377696 0.054109 0.410082
v -0.383451 0.053646 0.413386
v -0.358596 0.055004 0.328462
v -0.364177 0.055268 0.325571
v -0.399512 0.053764 0.389980
v -0.374243 0.053672 0.411984
v -0.401372 0.050494 0.433651
v -0.407281 0.050415 0.435128
v -0.444189 0.053878 0.346403
v -0.394091 0.050657 0.434186
v -0.403091 0.053980 0.359670
v -0.387482 0.056115 0.315706
v -0.380967 0.055689 0.322222
v -0.396319 0.054387 0.342741
v -0.344052 0.055319 0.286240
v -0.340123 0.055744 0.290570
v -0.340064 0.054691 0.286084
v -0.350452 0.056559 0.282393
v -0.358051 0.052240 0.414499
v -0.348508 0.051568 0.426194
v -0.373787 0.056841 0.301322
v -0.403435 0.054775 0.328984
v -0.362353 0.054953 0.329619
v -0.398811 0.054264 0.350629
v -0.349197 0.052999 0.378315
v -0.342507 0.052865 0.384245
v -0.342570 0.052999 0.377702
v -0.349674 0.056201 0.298144
v -0.359209 0.056256 0.297756
v -0.368758 0.056344 0.297569
v -0.365219 0.056043 0.292890
v -0.448823 0.055613 0.326208
v -0.376936 0.051360 0.431757
v -0.380084 0.052269 0.426617
v -0.361588 0.056125 0.291780
v -0.394400 0.054637 0.335359
v -0.396337 0.055009 0.327526
v -0.371746 0.053582 0.400880
v -0.366402 0.056899 0.306564
v -0.370556 0.051219 0.434009
v -0.374690 0.050395 0.437729
v -0.340854 0.056305 0.298743
v -0.478827 0.055351 0.326804
v -0.391551 0.053898 0.374907
v -0.390300 0.058078 0.242313
v -0.409800 0.056709 0.283619
v -0.394376 0.053933 0.384535
v -0.379671 0.053869 0.386255
v -0.372884 0.052021 0.428817
v -0.389357 0.054551 0.341981
v -0.351302 0.053688 0.359339
v -0.363491 0.051651 0.431239
v -0.351755 0.052914 0.385947
v -0.358667 0.053100 0.382530
v -0.374801 0.052611 0.423725
v -0.357420 0.053184 0.390747
v -0.533184 0.056068 0.351623
v -0.349109 0.055992 0.318699
v -0.383333 0.057967 0.241160
v -0.383941 0.057685 0.249254
v -0.335249 0.053085 0.377402
v -0.347792 0.054754 0.339494
v -0.338121 0.056405 0.308100
v -0.337712 0.054966 0.341828
v -0.354916 0.053408 0.374702
v -0.353794 0.052273 0.410249
v -0.338324 0.055824 0.324032
v -0.342206 0.053859 0.356793
v -0.339016 0.050931 0.432479
v -0.345827 0.051242 0.429013
v -0.345059 0.050583 0.435824
v -0.338190 0.051444 0.426245
v -0.386167 0.057447 0.251092
v -0.353490 0.050851 0.434411
v -0.362853 0.050245 0.438218
v -0.490927 0.053654 0.341014
v -0.505408 0.053588 0.391548
v -0.341463 0.055901 0.282115
v -0.382057 0.056726 0.280953
v -0.376366 0.057083 0.276131
v -0.371947 0.058935 0.236069
v -0.376571 0.058571 0.237450
v -0.377269 0.058717 0.231847
v -0.365223 0.056739 0.287059
v -0.367314 0.058018 0.268361
v -0.364613 0.058194 0.262000
v -0.370885 0.057574 0.261791
v -0.352033 0.060963 0.244053
v -0.378130 0.057586 0.241237
v -0.357852 0.058945 0.266926
v -0.362808 0.058507 0.268126
v -0.361699 0.058331 0.274248
v -0.356684 0.060572 0.244390
v -0.353125 0.060071 0.248759
v -0.378223 0.057165 0.257932
v -0.385724 0.057309 0.255398
v -0.383025 0.056933 0.264662
v -0.345522 0.060439 0.251649
v -0.361478 0.059354 0.245237
v -0.366187 0.059335 0.238356
v -0.369965 0.057586 0.248719
v -0.369666 0.057703 0.255519
v -0.363257 0.057989 0.253585
v -0.356477 0.059723 0.248413
v -0.372882 0.059073 0.228974
v -0.373422 0.057255 0.255865
v -0.375886 0.057077 0.249213
v -0.381723 0.058808 0.235872
v -0.340841 0.059458 0.261379
v -0.348996 0.059373 0.260375
v -0.368422 0.057320 0.279316
v -0.354784 0.059640 0.253521
v -0.345111 0.058585 0.267121
v -0.351688 0.058909 0.265141
v -0.356242 0.058883 0.260034
v -0.350381 0.058469 0.270212
v -0.343561 0.057596 0.274705
v -0.368711 0.057623 0.273521
v -0.371884 0.057686 0.275095
v -0.374382 0.057314 0.268848
v -0.396317 0.056380 0.272521
v -0.353156 0.058247 0.274490
v -0.360668 0.058619 0.260897
v -0.337747 0.060011 0.246390
v -0.336613 0.059759 0.255121
v -0.384514 0.056874 0.273080
v -0.390992 0.056736 0.274068
v -0.356240 0.057648 0.278208
v -0.339173 0.058362 0.268518
v -0.359672 0.057369 0.281671
v -0.379415 0.056943 0.271020
v -0.496348 0.052775 0.399873
v -0.500991 0.053084 0.393750
v -0.495369 0.053223 0.407314
v -0.502135 0.053624 0.397916
v -0.500562 0.053565 0.404200
v -0.506806 0.054462 0.400158
v -0.421379 0.050874 0.429872
v -0.416743 0.051518 0.423737
v -0.423754 0.051192 0.426173
v -0.426315 0.051373 0.423536
v -0.422127 0.051729 0.420990
v -0.426182 0.051814 0.419003
v -0.424348 0.051999 0.414561
v -0.429139 0.051119 0.427497
v -0.427207 0.050550 0.431766
v -0.429067 0.051998 0.415068
v -0.433843 0.050987 0.428407
v -0.432583 0.050627 0.431459
v -0.436816 0.050702 0.431133
v -0.438746 0.051452 0.423040
v -0.413726 0.051214 0.427646
v -0.438546 0.051237 0.426921
v -0.442388 0.051571 0.422658
v -0.433889 0.052128 0.414136
v -0.445401 0.051327 0.426134
v -0.428915 0.052639 0.401450
v -0.440122 0.051961 0.417814
v -0.432498 0.052184 0.407132
v -0.448363 0.051755 0.420061
v -0.443141 0.052111 0.409741
v -0.438590 0.052226 0.405823
v -0.465269 0.051840 0.419837
v -0.461681 0.051925 0.426770
v -0.454643 0.051664 0.424532
v -0.472343 0.052046 0.414098
v -0.469834 0.051870 0.416649
v -0.468090 0.052149 0.414539
v -0.440638 0.052802 0.395215
v -0.453826 0.051675 0.418683
v -0.443685 0.052323 0.402460
v -0.469279 0.051994 0.408348
v -0.447482 0.051858 0.409295
v -0.452379 0.051879 0.412627
v -0.464132 0.051847 0.411793
v -0.464098 0.051900 0.405740
v -0.443627 0.052589 0.397818
v -0.443790 0.052518 0.393651
v -0.450603 0.051957 0.403816
v -0.446171 0.052695 0.392124
v -0.474731 0.051927 0.394562
v -0.474966 0.051942 0.401723
v -0.458264 0.051899 0.406352
v -0.458197 0.051692 0.415471
v -0.446148 0.052997 0.383284
v -0.466995 0.051958 0.398120
v -0.462336 0.052026 0.402271
v -0.450002 0.052666 0.384824
v -0.460025 0.051785 0.398918
v -0.471810 0.051951 0.390278
v -0.454750 0.052003 0.398641
v -0.459092 0.052611 0.387381
v -0.454317 0.052651 0.386929
v -0.465633 0.052330 0.385980
v -0.455846 0.052776 0.379431
v -0.452666 0.052962 0.383053
v -0.460711 0.052480 0.380982
v -0.463734 0.052563 0.375111
v -0.456542 0.053171 0.370932
v -0.459626 0.052915 0.373618
v -0.462349 0.052936 0.369792
v -0.478493 0.052183 0.370392
v -0.460888 0.053209 0.362256
v -0.471463 0.052478 0.365769
v -0.466026 0.052718 0.366021
v -0.481284 0.051936 0.372264
v -0.481258 0.052151 0.365862
v -0.480321 0.052352 0.359893
v -0.487069 0.052368 0.356512
v -0.470496 0.052539 0.359569
v -0.478160 0.052541 0.356379
v -0.467435 0.053253 0.354850
v -0.481754 0.052450 0.356241
v -0.488246 0.052740 0.351922
v -0.476453 0.052804 0.350201
v -0.471813 0.053350 0.349179
v -0.482417 0.052942 0.348867
v -0.476373 0.053455 0.344415
v -0.472793 0.053749 0.345081
v -0.485101 0.053156 0.344308
v -0.491377 0.053487 0.339321
v -0.489028 0.053791 0.338409
v -0.416701 0.050626 0.432361
v -0.475099 0.053793 0.336381
v -0.486648 0.054153 0.335216
v -0.493713 0.055163 0.329214
v -0.478793 0.054190 0.333222
v -0.486424 0.054979 0.329985
v -0.495320 0.055428 0.324169
v -0.490731 0.055238 0.326517
v -0.486775 0.055490 0.322974
v -0.479173 0.055437 0.316412
v -0.484229 0.055496 0.316803
v -0.463415 0.056089 0.311213
v -0.461571 0.056104 0.304447
v -0.418859 0.056553 0.287913
v -0.424848 0.056309 0.290654
v -0.441879 0.050832 0.434381
v -0.429107 0.056081 0.291431
v -0.435571 0.055998 0.290124
v 0.526547 0.041042 0.187331
v 0.530614 0.040720 0.182258
v 0.525574 0.041266 0.182863
v 0.524453 0.041685 0.180425
v 0.520546 0.041566 0.183082
v 0.529791 0.040277 0.209439
v 0.535696 0.039772 0.212124
v 0.533774 0.040470 0.201179
v 0.528929 0.040277 0.201840
v 0.528111 0.040852 0.196505
v 0.531010 0.040683 0.197761
v 0.520227 0.041528 0.189866
v 0.522791 0.041299 0.185826
v 0.526425 0.040570 0.199952
v 0.524420 0.040475 0.208916
v 0.531888 0.035572 0.263224
v 0.525240 0.034510 0.274823
v 0.531991 0.033982 0.279392
v 0.501191 0.033778 0.292407
v 0.502363 0.033297 0.298950
v 0.510176 0.033479 0.290445
v 0.504443 0.035427 0.273353
v 0.505972 0.034398 0.282855
v 0.509984 0.035051 0.274367
v 0.499702 0.035101 0.279840
v 0.494133 0.034629 0.287923
v 0.516042 0.034571 0.275400
v 0.520095 0.033578 0.285689
v 0.516926 0.036547 0.258308
v 0.510167 0.036207 0.263592
v 0.486468 0.035603 0.283903
v 0.488034 0.036256 0.276138
v 0.482308 0.036419 0.279674
v 0.493401 0.035584 0.278943
v 0.524002 0.035968 0.261122
v 0.521436 0.037624 0.246296
v 0.512203 0.037635 0.249174
v 0.498517 0.035703 0.274144
v 0.516777 0.038989 0.234489
v 0.461509 0.041964 0.224978
v 0.467171 0.041437 0.225411
v 0.469382 0.041950 0.221094
v 0.462316 0.042339 0.219781
v 0.454045 0.042446 0.224734
v 0.454554 0.043758 0.197007
v 0.448516 0.043933 0.194938
v 0.451311 0.043716 0.199383
v 0.456001 0.043400 0.201905
v 0.458223 0.042934 0.213277
v 0.452224 0.042928 0.214967
v 0.455231 0.042694 0.219008
v 0.461223 0.043281 0.205605
v 0.454092 0.043258 0.208643
v 0.456542 0.042057 0.227790
v 0.450876 0.043647 0.204221
v 0.448042 0.043836 0.201309
v 0.460382 0.041622 0.229635
v 0.450469 0.041851 0.231308
v 0.452906 0.041490 0.237187
v 0.462694 0.041333 0.233156
v 0.445560 0.042981 0.219672
v 0.449821 0.042624 0.222150
v 0.450696 0.042650 0.218841
v 0.447601 0.043458 0.205318
v 0.446653 0.043594 0.210674
v 0.442168 0.042310 0.228234
v 0.445180 0.043669 0.205402
v 0.444069 0.043921 0.201810
v 0.439533 0.041878 0.238402
v 0.440346 0.044055 0.198410
v 0.441469 0.044383 0.188969
v 0.434618 0.044500 0.195382
v 0.438241 0.043438 0.218422
v 0.438823 0.043771 0.208809
v 0.497540 0.038855 0.236945
v 0.493915 0.039099 0.239046
v 0.495769 0.038817 0.240961
v 0.500119 0.038520 0.240758
v 0.505247 0.039211 0.234648
v 0.439940 0.042889 0.223241
v 0.433483 0.042710 0.227381
v 0.497960 0.039466 0.231746
v 0.492485 0.039141 0.235925
v 0.497441 0.038189 0.250793
v 0.491507 0.038220 0.249874
v 0.492259 0.037786 0.258132
v 0.489391 0.039042 0.242172
v 0.496415 0.038667 0.245292
v 0.510244 0.038626 0.239150
v 0.486702 0.039794 0.236694
v 0.489230 0.040076 0.231302
v 0.499918 0.040222 0.221413
v 0.494708 0.040733 0.218203
v 0.488949 0.040332 0.225041
v 0.503005 0.037440 0.255176
v 0.511408 0.038695 0.233252
v 0.486905 0.038499 0.254170
v 0.484042 0.038242 0.259241
v 0.505498 0.039905 0.225016
v 0.506834 0.040615 0.218820
v 0.485203 0.038969 0.249513
v 0.480418 0.038526 0.254810
v 0.503833 0.038302 0.244895
v 0.479594 0.037989 0.265018
v 0.475072 0.037875 0.268047
v 0.476480 0.037689 0.271383
v 0.499002 0.036576 0.266055
v 0.493727 0.036301 0.271985
v 0.485750 0.037690 0.263526
v 0.489457 0.037010 0.267556
v 0.496180 0.039784 0.226773
v 0.524126 0.039739 0.217092
v 0.521328 0.040053 0.216092
v 0.521669 0.039461 0.222849
v 0.527515 0.040256 0.216719
v 0.531007 0.037381 0.245716
v 0.545915 0.036949 0.246572
v 0.536185 0.038402 0.229568
v 0.569954 0.038131 0.200056
v 0.557081 0.038839 0.185514
v 0.553852 0.039157 0.194585
v 0.529794 0.040301 0.216801
v 0.529416 0.039213 0.218553
v 0.531349 0.039611 0.216753
v 0.554860 0.038421 0.216131
v 0.546614 0.039042 0.209550
v 0.544489 0.038805 0.221995
v 0.541825 0.040008 0.190804
v 0.544076 0.039659 0.186521
v 0.538092 0.040445 0.185095
v 0.526779 0.039197 0.221859
v 0.541962 0.039504 0.205193
v 0.538386 0.040125 0.201811
v 0.547108 0.039541 0.198653
v 0.542017 0.039340 0.213590
v 0.539242 0.038955 0.219422
v 0.526596 0.038547 0.230886
v 0.544653 0.039709 0.201909
v 0.556171 0.034702 0.272686
v 0.531458 0.039017 0.221054
v 0.515885 0.040165 0.217535
v 0.518831 0.040494 0.211894
v 0.514473 0.032957 0.297433
v 0.512004 0.032792 0.306113
v 0.531695 0.032755 0.297985
v 0.602213 0.037313 0.216817
v 0.589792 0.037354 0.185476
v 0.574112 0.036987 0.238319
v 0.562586 0.038450 0.182287
v 0.513654 0.036772 0.256719
v 0.541553 0.040092 0.197238
v 0.513270 0.039563 0.227563
v 0.512672 0.039804 0.222153
v 0.517622 0.032572 0.320664
v 0.537927 0.032490 0.330062
v 0.531529 0.032483 0.311880
v 0.559784 0.033225 0.299279
v 0.571632 0.038052 0.175987
v 0.573858 0.032644 0.318709
v 0.537390 0.042924 0.111760
v 0.532715 0.043070 0.110961
v 0.535430 0.042477 0.118048
v 0.434020 0.044174 0.204355
v 0.515393 0.032626 0.312021
v 0.590601 0.034825 0.266801
v 0.481548 0.039679 0.239747
v 0.480675 0.039301 0.245841
v 0.481148 0.039099 0.249931
v 0.541023 0.042211 0.122695
v 0.534271 0.042421 0.126113
v 0.510675 0.040830 0.208491
v 0.513809 0.040917 0.208889
v 0.513979 0.040933 0.204447
v 0.465768 0.039045 0.262740
v 0.470246 0.038999 0.259280
v 0.466796 0.039682 0.255548
v 0.482719 0.037442 0.268207
v 0.504689 0.040523 0.214114
v 0.475590 0.039953 0.242721
v 0.480911 0.039911 0.234708
v 0.511172 0.040105 0.219351
v 0.512659 0.040694 0.213411
v 0.517689 0.041170 0.194940
v 0.511644 0.041314 0.197986
v 0.519272 0.041102 0.201292
v 0.473472 0.039413 0.255505
v 0.528431 0.042424 0.129906
v 0.529574 0.042892 0.118700
v 0.524004 0.043391 0.124772
v 0.431386 0.044819 0.189506
v 0.429665 0.044745 0.194806
v 0.481889 0.040356 0.230749
v 0.516706 0.040682 0.207949
v 0.509546 0.041257 0.203501
v 0.476479 0.039424 0.250443
v 0.517168 0.039982 0.221005
v 0.514442 0.041578 0.191695
v 0.482550 0.036943 0.273450
v 0.505307 0.040869 0.206751
v 0.499111 0.040728 0.211169
v 0.428492 0.044637 0.201048
v 0.478634 0.038404 0.260973
v 0.474685 0.038653 0.259803
v 0.475141 0.039935 0.246654
v 0.471240 0.039438 0.251996
v 0.598930 0.033148 0.295698
v 0.606743 0.031800 0.327870
v 0.434117 0.043469 0.216381
v 0.527996 0.043489 0.108640
v 0.524075 0.043292 0.114326
v 0.488597 0.040949 0.221511
v 0.431095 0.043563 0.214703
v 0.433066 0.044061 0.209887
v 0.424641 0.045044 0.193976
v 0.470718 0.038649 0.262733
v 0.473976 0.038421 0.264728
v 0.426251 0.044898 0.182897
v 0.495398 0.041242 0.208420
v 0.499303 0.041404 0.204540
v 0.469064 0.038580 0.266132
v 0.415808 0.045357 0.189932
v 0.520940 0.040504 0.206604
v 0.464813 0.042662 0.213090
v 0.460106 0.042821 0.216494
v 0.532931 0.042294 0.133354
v 0.539650 0.041594 0.131600
v 0.524132 0.041084 0.202872
v 0.524472 0.041109 0.198771
v 0.523668 0.041212 0.194194
v 0.520327 0.041621 0.186426
v 0.458063 0.043758 0.197831
v 0.435646 0.044342 0.188611
v 0.570246 0.031899 0.347676
v 0.427689 0.044087 0.209771
v 0.435995 0.044745 0.183723
v 0.443043 0.041124 0.243478
v 0.450514 0.040875 0.246003
v 0.468788 0.042263 0.216456
v 0.482007 0.045552 0.112273
v 0.480204 0.045600 0.116721
v 0.486991 0.045227 0.117873
v 0.483096 0.045816 0.099248
v 0.474837 0.046166 0.099570
v 0.478757 0.045732 0.105861
v 0.458477 0.046544 0.093642
v 0.456466 0.046379 0.099323
v 0.460755 0.046538 0.098794
v 0.449353 0.045931 0.071871
v 0.447191 0.046649 0.064173
v 0.442674 0.046190 0.069335
v 0.468331 0.046330 0.087483
v 0.475166 0.046168 0.085660
v 0.469544 0.046251 0.081074
v 0.465533 0.046280 0.074529
v 0.475376 0.045864 0.078614
v 0.444436 0.046247 0.076832
v 0.435719 0.046290 0.071910
v 0.457038 0.046304 0.066954
v 0.457757 0.046656 0.059849
v 0.452591 0.046700 0.061874
v 0.411961 0.047420 0.098430
v 0.421184 0.046743 0.103191
v 0.417212 0.046978 0.093176
v 0.457331 0.046719 0.086935
v 0.452397 0.046660 0.090326
v 0.438098 0.046538 0.091725
v 0.433242 0.046343 0.081902
v 0.430673 0.046617 0.089635
v 0.438013 0.046717 0.064088
v 0.458666 0.045312 0.122795
v 0.455127 0.045392 0.125509
v 0.462619 0.045337 0.124617
v 0.439777 0.046433 0.081364
v 0.462617 0.046229 0.100536
v 0.466881 0.046378 0.096583
v 0.488342 0.045305 0.113180
v 0.485959 0.045637 0.107563
v 0.466916 0.045924 0.066973
v 0.468601 0.045756 0.062454
v 0.462614 0.045975 0.063168
v 0.430077 0.046391 0.111903
v 0.425477 0.046156 0.123837
v 0.435513 0.045919 0.120432
v 0.437562 0.045693 0.128567
v 0.419968 0.046668 0.111449
v 0.415819 0.046957 0.117006
v 0.444811 0.045538 0.123909
v 0.440875 0.045960 0.114404
v 0.437931 0.046366 0.104378
v 0.432583 0.046398 0.098214
v 0.411692 0.047393 0.105308
v 0.407379 0.047469 0.112858
v 0.414389 0.047131 0.111152
v 0.465925 0.045725 0.117363
v 0.474260 0.045712 0.112378
v 0.467300 0.045955 0.109575
v 0.476452 0.045361 0.121514
v 0.429529 0.046453 0.103195
v 0.425691 0.046618 0.096485
v 0.474892 0.046029 0.092661
v 0.452199 0.046319 0.080979
v 0.480614 0.045923 0.090559
v 0.446839 0.046640 0.097858
v 0.445647 0.046678 0.086807
v 0.458184 0.045820 0.115925
v 0.458274 0.045734 0.119938
v 0.456969 0.046168 0.074744
v 0.452585 0.046501 0.101696
v 0.453156 0.046676 0.097124
v 0.408547 0.047402 0.092880
v 0.402106 0.047908 0.097631
v 0.475581 0.045814 0.071509
v 0.474262 0.045824 0.065086
v 0.403189 0.047813 0.106108
v 0.398290 0.048091 0.111738
v 0.448985 0.046269 0.108016
v 0.458931 0.046245 0.110893
v 0.533189 0.040496 0.193837
v 0.537083 0.039610 0.195952
v 0.528081 0.041144 0.178895
v 0.474365 0.046263 0.057873
v 0.451754 0.045696 0.117051
v 0.532740 0.040450 0.187065
v 0.537529 0.040286 0.190743
v 0.531651 0.040710 0.179209
v 0.531889 0.041087 0.177554
v 0.534228 0.040324 0.181463
v 0.434166 0.046560 0.066126
v 0.457995 0.046390 0.103633
v 0.464527 0.046383 0.104417
v 0.532781 0.040207 0.180224
v 0.536102 0.040342 0.178009
v 0.533691 0.040728 0.178984
v 0.528948 0.041315 0.174826
v 0.538019 0.040391 0.172356
v 0.534184 0.040970 0.166917
v 0.532834 0.041020 0.172074
v 0.541505 0.040060 0.168082
v 0.549327 0.039459 0.184255
v 0.543346 0.039949 0.177378
v 0.470256 0.045259 0.125406
v 0.418769 0.046337 0.083175
v 0.424233 0.046494 0.089288
v 0.545284 0.039670 0.166931
v 0.471406 0.046132 0.104623
v 0.548277 0.039493 0.161857
v 0.548977 0.039742 0.158924
v 0.399469 0.047672 0.118659
v 0.546279 0.039893 0.170062
v 0.544790 0.039695 0.173321
v 0.547868 0.039434 0.173413
v 0.550997 0.039559 0.162549
v 0.461432 0.046408 0.081669
v 0.550393 0.039458 0.177270
v 0.483076 0.045094 0.121068
v 0.550282 0.039413 0.171721
v 0.548843 0.039629 0.166434
v 0.419833 0.046736 0.068927
v 0.418329 0.046123 0.075695
v 0.426920 0.046018 0.073792
v 0.528752 0.040581 0.191446
v 0.462633 0.046258 0.088754
v 0.425936 0.046166 0.082221
v 0.553609 0.039309 0.173979
v 0.552138 0.039359 0.159933
v 0.554119 0.039473 0.156817
v 0.554670 0.039530 0.161156
v 0.556952 0.038923 0.177441
v 0.556011 0.039268 0.168358
v 0.559025 0.039153 0.159793
v 0.558604 0.038889 0.181980
v 0.562391 0.038694 0.174112
v 0.544410 0.039973 0.159676
v 0.540431 0.040242 0.161542
v 0.544881 0.040024 0.156329
v 0.549824 0.040157 0.154938
v 0.541631 0.040325 0.172732
v 0.428723 0.046950 0.063284
v 0.418819 0.047410 0.062769
v 0.423064 0.045955 0.078407
v 0.408245 0.047205 0.120136
v 0.410046 0.047045 0.086954
v 0.494222 0.044858 0.117696
v 0.481801 0.045904 0.084740
v 0.465440 0.046522 0.058120
v 0.492888 0.045470 0.103408
v 0.525880 0.040463 0.213278
v 0.531244 0.040098 0.214162
v 0.535518 0.039230 0.220088
v 0.410770 0.046652 0.078274
v 0.413707 0.046714 0.124692
v 0.461984 0.045124 0.132494
v 0.472039 0.039846 0.248966
v 0.470414 0.040253 0.245891
v 0.467172 0.039940 0.249595
v 0.505852 0.044558 0.118647
v 0.505898 0.044227 0.121770
v 0.510208 0.044102 0.119191
v 0.408067 0.046871 0.145245
v 0.403281 0.047053 0.151521
v 0.410758 0.046515 0.151871
v 0.509244 0.043785 0.126845
v 0.507927 0.042774 0.181052
v 0.512035 0.042834 0.176078
v 0.504278 0.042920 0.176937
v 0.474998 0.041772 0.216262
v 0.454297 0.044494 0.179956
v 0.450670 0.043928 0.185315
v 0.458836 0.044154 0.185519
v 0.508050 0.043498 0.145139
v 0.512447 0.043093 0.143362
v 0.506611 0.043714 0.135401
v 0.463180 0.044678 0.148611
v 0.462070 0.044668 0.156049
v 0.467722 0.044564 0.155744
v 0.484096 0.043323 0.183214
v 0.487000 0.043544 0.172695
v 0.479569 0.043710 0.177706
v 0.473535 0.041327 0.223358
v 0.477744 0.041391 0.219389
v 0.444821 0.044392 0.179064
v 0.450858 0.044892 0.176619
v 0.450057 0.045007 0.171822
v 0.481262 0.043397 0.190927
v 0.477087 0.043414 0.187429
v 0.479162 0.042840 0.196883
v 0.516366 0.043104 0.139486
v 0.513752 0.043470 0.134068
v 0.494692 0.041631 0.204929
v 0.484334 0.042569 0.196233
v 0.483380 0.042435 0.202942
v 0.488853 0.042084 0.201234
v 0.456970 0.043943 0.192825
v 0.436479 0.045130 0.164656
v 0.446115 0.045068 0.165320
v 0.446697 0.045034 0.156865
v 0.492744 0.043218 0.165798
v 0.487588 0.043601 0.164394
v 0.425046 0.045189 0.173325
v 0.438156 0.044755 0.173770
v 0.500905 0.042460 0.191058
v 0.502808 0.042412 0.189072
v 0.499525 0.042555 0.187873
v 0.506159 0.043250 0.164460
v 0.503186 0.043013 0.170069
v 0.508967 0.042858 0.169981
v 0.478328 0.044643 0.132937
v 0.473752 0.044651 0.139188
v 0.478291 0.044448 0.143507
v 0.398839 0.047332 0.130647
v 0.392113 0.047666 0.133716
v 0.402131 0.047130 0.137833
v 0.511386 0.042802 0.152142
v 0.514036 0.042824 0.149228
v 0.469404 0.044106 0.176657
v 0.462800 0.044493 0.171967
v 0.464882 0.044280 0.182628
v 0.466407 0.044737 0.146022
v 0.470061 0.044579 0.142131
v 0.465697 0.044821 0.138549
v 0.455988 0.044861 0.174466
v 0.459583 0.044277 0.179086
v 0.505122 0.043424 0.140734
v 0.502188 0.043907 0.136533
v 0.501282 0.043824 0.143206
v 0.514343 0.042108 0.184013
v 0.511199 0.042842 0.181727
v 0.508459 0.042457 0.184932
v 0.495607 0.045160 0.111863
v 0.449590 0.045243 0.146642
v 0.456217 0.045004 0.151542
v 0.457077 0.044984 0.143919
v 0.470447 0.041095 0.228245
v 0.470638 0.040774 0.234606
v 0.478624 0.040775 0.228237
v 0.480063 0.043961 0.167071
v 0.461872 0.044821 0.140560
v 0.516971 0.041892 0.187452
v 0.459866 0.039824 0.258895
v 0.481888 0.040823 0.222849
v 0.500915 0.043391 0.166926
v 0.503351 0.042847 0.166119
v 0.498213 0.043313 0.164124
v 0.496406 0.043180 0.173048
v 0.474800 0.043897 0.176558
v 0.475665 0.043571 0.182171
v 0.489861 0.043214 0.179127
v 0.471494 0.043798 0.188041
v 0.488208 0.044233 0.135329
v 0.484187 0.044123 0.136156
v 0.487649 0.044113 0.141587
v 0.474580 0.043794 0.185283
v 0.483848 0.044831 0.126535
v 0.517348 0.042349 0.180685
v 0.522257 0.041969 0.177676
v 0.516752 0.042136 0.176932
v 0.489952 0.041654 0.206707
v 0.490218 0.041191 0.213520
v 0.452547 0.044988 0.162048
v 0.452864 0.044926 0.157504
v 0.478878 0.044189 0.159767
v 0.483821 0.043752 0.158178
v 0.472163 0.044253 0.168905
v 0.468227 0.044149 0.171246
v 0.501144 0.044836 0.107477
v 0.502379 0.043176 0.162712
v 0.497272 0.041981 0.195664
v 0.497042 0.041936 0.199216
v 0.503530 0.041618 0.199376
v 0.431937 0.045825 0.136376
v 0.438689 0.045410 0.140830
v 0.437840 0.045645 0.134912
v 0.465116 0.040315 0.245315
v 0.470301 0.040457 0.241615
v 0.500338 0.043570 0.158394
v 0.504366 0.043358 0.157146
v 0.499858 0.043410 0.152106
v 0.493348 0.043208 0.180281
v 0.501837 0.044287 0.124688
v 0.482256 0.044288 0.140517
v 0.454353 0.045034 0.171353
v 0.431805 0.045562 0.145993
v 0.431796 0.045343 0.151065
v 0.436661 0.045347 0.148670
v 0.455641 0.044927 0.168215
v 0.451635 0.045074 0.166575
v 0.442636 0.045423 0.134326
v 0.517566 0.042398 0.165178
v 0.489537 0.044744 0.124408
v 0.493992 0.044727 0.122373
v 0.474092 0.044107 0.159389
v 0.470642 0.044155 0.163293
v 0.484661 0.042895 0.189993
v 0.506389 0.042250 0.188032
v 0.511136 0.042248 0.188382
v 0.493822 0.043678 0.152857
v 0.496826 0.043740 0.147148
v 0.491388 0.043899 0.146843
v 0.466726 0.044576 0.164948
v 0.477649 0.041843 0.211782
v 0.472084 0.042543 0.211055
v 0.442689 0.045334 0.145610
v 0.441201 0.045018 0.151606
v 0.461779 0.043719 0.198602
v 0.459675 0.043633 0.201293
v 0.474267 0.044431 0.153744
v 0.477702 0.044113 0.152926
v 0.474196 0.044207 0.150888
v 0.449976 0.044324 0.180032
v 0.514071 0.042424 0.180386
v 0.517644 0.042263 0.172358
v 0.457614 0.044767 0.160330
v 0.462665 0.044435 0.163605
v 0.528504 0.041758 0.164030
v 0.523261 0.041771 0.164113
v 0.522326 0.041860 0.168521
v 0.488286 0.040863 0.219099
v 0.503726 0.044567 0.114204
v 0.426416 0.045701 0.143610
v 0.438264 0.045090 0.157857
v 0.491459 0.042329 0.195288
v 0.506840 0.041934 0.191857
v 0.477234 0.042450 0.205155
v 0.463971 0.043809 0.191247
v 0.481643 0.041487 0.215155
v 0.523607 0.041815 0.172840
v 0.527453 0.041576 0.169938
v 0.508988 0.043004 0.158656
v 0.518728 0.043214 0.129255
v 0.517557 0.043017 0.135118
v 0.527563 0.041508 0.159067
v 0.523293 0.042174 0.161356
v 0.495386 0.043858 0.142148
v 0.497302 0.044006 0.136074
v 0.492186 0.044096 0.137613
v 0.535607 0.041351 0.139977
v 0.528336 0.042426 0.138411
v 0.521692 0.042876 0.135913
v 0.517588 0.042659 0.145987
v 0.523349 0.042870 0.144464
v 0.515382 0.042695 0.152462
v 0.486979 0.045771 0.091549
v 0.531885 0.041836 0.147890
v 0.537812 0.041208 0.145201
v 0.402821 0.047337 0.125427
v 0.519855 0.043538 0.120380
v 0.515134 0.043774 0.124712
v 0.525792 0.041631 0.155171
v 0.532082 0.041218 0.152516
v 0.517106 0.044874 0.047443
v 0.515231 0.045078 0.051406
v 0.519739 0.045048 0.051352
v 0.520354 0.042184 0.152861
v 0.527716 0.042186 0.146529
v 0.490834 0.044379 0.131276
v 0.533824 0.040881 0.156038
v 0.539188 0.040211 0.156244
v 0.542690 0.040653 0.150030
v 0.539281 0.040811 0.148533
v 0.466824 0.043448 0.200677
v 0.471936 0.043085 0.202053
v 0.497080 0.045972 0.063984
v 0.506199 0.045643 0.068115
v 0.506903 0.045675 0.062750
v 0.519625 0.044634 0.077458
v 0.514943 0.044703 0.083455
v 0.521615 0.044260 0.082483
v 0.530774 0.040920 0.155900
v 0.484043 0.044099 0.148195
v 0.501162 0.045506 0.071958
v 0.495626 0.043508 0.159230
v 0.514084 0.042487 0.158468
v 0.534544 0.040812 0.161193
v 0.505587 0.045190 0.086572
v 0.505672 0.045041 0.095176
v 0.511397 0.044808 0.089859
v 0.504169 0.042969 0.182660
v 0.487217 0.045747 0.084951
v 0.495449 0.045707 0.072002
v 0.500077 0.045540 0.078721
v 0.468838 0.044853 0.133269
v 0.532056 0.043439 0.094019
v 0.526986 0.043649 0.099533
v 0.531013 0.043161 0.103254
v 0.519730 0.042135 0.174316
v 0.521041 0.041829 0.171665
v 0.522533 0.044892 0.056544
v 0.525493 0.044551 0.049989
v 0.484097 0.041033 0.218097
v 0.518799 0.044025 0.110312
v 0.517330 0.044227 0.099234
v 0.512996 0.044163 0.105497
v 0.487067 0.042783 0.192306
v 0.516085 0.044587 0.087520
v 0.514987 0.044566 0.089202
v 0.517642 0.044217 0.091348
v 0.523303 0.042330 0.170733
v 0.503761 0.045913 0.057683
v 0.495783 0.046640 0.053986
v 0.484716 0.045843 0.078268
v 0.530869 0.044537 0.054713
v 0.535338 0.044300 0.056256
v 0.535677 0.044333 0.051414
v 0.525206 0.044303 0.072488
v 0.532534 0.043991 0.065636
v 0.524756 0.044389 0.066194
v 0.512266 0.044944 0.073267
v 0.518138 0.044938 0.070925
v 0.512616 0.045231 0.069688
v 0.449731 0.045308 0.134515
v 0.443472 0.045669 0.129819
v 0.459914 0.041144 0.239744
v 0.459801 0.040762 0.243767
v 0.461143 0.041150 0.241355
v 0.485129 0.044578 0.132291
v 0.492115 0.041626 0.203578
v 0.493940 0.042068 0.201361
v 0.397635 0.047397 0.144600
v 0.530695 0.043345 0.083611
v 0.526418 0.044082 0.086474
v 0.513829 0.044746 0.093419
v 0.512341 0.044651 0.098713
v 0.502633 0.042676 0.186030
v 0.497946 0.044253 0.129525
v 0.464851 0.040634 0.240706
v 0.474044 0.044557 0.146403
v 0.412794 0.046090 0.162806
v 0.407105 0.046510 0.162000
v 0.409363 0.046369 0.166149
v 0.491569 0.043680 0.161902
v 0.520687 0.044346 0.087399
v 0.429815 0.045292 0.162521
v 0.432120 0.045434 0.155737
v 0.419795 0.045665 0.162518
v 0.503159 0.042315 0.193213
v 0.505222 0.041620 0.195271
v 0.453072 0.044937 0.153799
v 0.501054 0.044671 0.118413
v 0.444701 0.045269 0.139928
v 0.395501 0.047459 0.138801
v 0.497802 0.046719 0.048978
v 0.493937 0.047234 0.046699
v 0.493975 0.045539 0.086637
v 0.523406 0.044892 0.045987
v 0.465746 0.043183 0.207377
v 0.468566 0.043025 0.207297
v 0.425218 0.045871 0.152204
v 0.497965 0.043100 0.183242
v 0.489909 0.043170 0.187053
v 0.495993 0.042518 0.190477
v 0.525787 0.044149 0.079438
v 0.387497 0.048486 0.122756
v 0.381209 0.048247 0.131822
v 0.530891 0.044149 0.075891
v 0.491808 0.044124 0.141840
v 0.492029 0.045700 0.076179
v 0.408484 0.046903 0.131381
v 0.483374 0.041698 0.209763
v 0.475076 0.043096 0.196090
v 0.422825 0.046290 0.136247
v 0.511113 0.042921 0.164424
v 0.474746 0.040197 0.238633
v 0.488720 0.047056 0.049709
v 0.414923 0.046081 0.156877
v 0.528385 0.044691 0.060345
v 0.507035 0.043163 0.151527
v 0.471468 0.044504 0.151055
v 0.520715 0.044985 0.066627
v 0.517563 0.044978 0.066606
v 0.458898 0.040364 0.251098
v 0.414926 0.045587 0.182243
v 0.525649 0.043980 0.092259
v 0.461050 0.040908 0.236206
v 0.417957 0.046285 0.147072
v 0.470348 0.040296 0.238486
v 0.499666 0.045360 0.093757
v 0.494288 0.045506 0.097491
v 0.507294 0.044809 0.102062
v 0.510758 0.045217 0.050489
v 0.503820 0.046141 0.050698
v 0.507339 0.045717 0.054077
v 0.532710 0.044572 0.044085
v 0.528610 0.044792 0.046175
v 0.530863 0.044741 0.050418
v 0.512376 0.045331 0.055617
v 0.499692 0.045300 0.100876
v 0.514189 0.045266 0.064035
v 0.486083 0.046120 0.055704
v 0.485054 0.045630 0.067616
v 0.505293 0.043329 0.146122
v 0.522924 0.043703 0.104363
v 0.522134 0.044292 0.095157
v 0.406825 0.046814 0.156831
v 0.500903 0.041936 0.194259
v 0.413414 0.046490 0.138095
v 0.421028 0.045479 0.168654
v 0.408358 0.046224 0.171443
v 0.412046 0.045923 0.176589
v 0.450362 0.040405 0.252775
v 0.495626 0.045101 0.101365
v 0.417725 0.046334 0.131057
v 0.428983 0.045256 0.166887
v 0.507434 0.046171 0.045427
v 0.508477 0.045587 0.047969
v 0.513155 0.045578 0.045160
v 0.457394 0.045181 0.134825
v 0.508221 0.045659 0.059720
v 0.490185 0.043719 0.158546
v 0.507125 0.045476 0.074540
v 0.512734 0.044959 0.077593
v 0.509545 0.045025 0.082300
v 0.489238 0.045645 0.098532
v 0.528712 0.045208 0.040034
v 0.521872 0.044789 0.062985
v 0.488737 0.043810 0.153600
v 0.516001 0.043707 0.117227
v 0.519431 0.045590 0.040844
v 0.534327 0.043716 0.080222
v 0.503775 0.043691 0.149536
v 0.528738 0.044452 0.053648
v 0.512780 0.045440 0.059834
v 0.536214 0.043850 0.073503
v 0.508657 0.044709 0.110007
v 0.483539 0.047305 0.047489
v 0.507063 0.045234 0.080372
v 0.476664 0.047182 0.049073
v 0.536673 0.042952 0.104421
v 0.510045 0.044626 0.095505
v 0.513800 0.044118 0.112592
v 0.028544 0.035033 -0.355221
v 0.040374 0.034947 -0.353635
v 0.034325 0.033687 -0.363847
v 0.018700 0.047435 -0.306672
v 0.013402 0.050670 -0.291811
v 0.024792 0.049861 -0.293171
v -0.046049 0.046754 -0.277821
v 0.022408 0.033552 -0.367866
v 0.025358 0.036609 -0.347047
v 0.034788 0.036503 -0.344104
v 0.041660 0.038387 -0.331456
v 0.046770 0.036581 -0.341915
v -0.084640 0.025017 -0.533944
v -0.092056 0.025219 -0.530424
v -0.083474 0.025197 -0.528640
v 0.015334 0.035834 -0.356891
v 0.029314 0.059904 -0.244005
v 0.035945 0.058715 -0.251440
v 0.024578 0.055802 -0.262476
v -0.111498 0.025540 -0.553162
v -0.100727 0.025180 -0.554989
v -0.093808 0.025180 -0.564097
v -0.058855 0.026227 -0.512286
v -0.064953 0.026798 -0.505961
v -0.055647 0.026902 -0.501243
v -0.031041 0.051950 -0.264699
v -0.044040 0.049832 -0.269909
v 0.051452 0.039107 -0.321702
v 0.042249 0.041137 -0.318881
v 0.052516 0.041263 -0.310597
v -0.137130 0.027246 -0.537092
v -0.132462 0.027363 -0.530216
v -0.129534 0.026851 -0.538189
v -0.080434 0.029304 -0.488488
v -0.079465 0.028513 -0.495736
v -0.088822 0.029315 -0.494504
v -0.102189 0.025170 -0.547282
v -0.109849 0.025450 -0.538400
v -0.102001 0.025166 -0.539523
v -0.102376 0.025347 -0.531479
v -0.096809 0.025011 -0.536922
v -0.068297 0.026023 -0.514844
v 0.008747 0.024335 -0.527876
v -0.000745 0.024419 -0.528634
v -0.006610 0.050633 -0.290508
v -0.016534 0.049496 -0.289616
v -0.006614 0.052901 -0.270497
v -0.093893 0.025024 -0.551537
v -0.123276 0.024828 -0.592555
v -0.155049 0.026381 -0.576330
v -0.140208 0.026445 -0.567350
v -0.116573 0.031352 -0.470487
v -0.126036 0.031638 -0.464131
v -0.121692 0.031477 -0.460957
v -0.111816 0.031151 -0.462224
v 0.052600 0.051570 -0.278385
v 0.041016 0.053074 -0.274188
v -0.076710 0.024917 -0.532649
v -0.077906 0.024728 -0.538686
v 0.016842 0.025539 -0.487929
v 0.017509 0.025568 -0.484574
v -0.036267 0.024982 -0.519701
v -0.035695 0.025383 -0.513964
v -0.031042 0.024937 -0.521019
v -0.037678 0.024455 -0.531269
v -0.044051 0.024504 -0.531340
v -0.038315 0.024754 -0.525231
v -0.118632 0.025658 -0.568996
v -0.144564 0.028790 -0.499629
v -0.152767 0.029167 -0.491893
v -0.145517 0.030038 -0.484973
v -0.124871 0.030222 -0.491671
v -0.117203 0.030529 -0.488061
v -0.073308 0.029395 -0.479967
v -0.062109 0.028463 -0.484459
v -0.072062 0.028543 -0.490980
v -0.065539 0.024516 -0.553544
v -0.068332 0.024763 -0.570124
v -0.081558 0.024809 -0.553877
v 0.021311 0.061648 -0.232881
v 0.030928 0.065353 -0.220305
v 0.044886 0.065748 -0.225166
v 0.018779 0.038006 -0.344128
v -0.045796 0.026996 -0.493491
v -0.055449 0.027705 -0.490964
v -0.121136 0.031215 -0.478497
v -0.131712 0.031684 -0.467285
v -0.015630 0.024612 -0.521906
v -0.022384 0.024374 -0.527980
v 0.012204 0.022729 -0.583166
v 0.008246 0.022107 -0.609613
v -0.002630 0.022725 -0.589908
v -0.076072 0.024608 -0.545721
v 0.009150 0.025577 -0.493880
v 0.002862 0.025982 -0.485940
v 0.012665 0.025571 -0.485943
v -0.053125 0.025100 -0.524823
v -0.054262 0.024694 -0.533075
v -0.062429 0.025009 -0.526986
v -0.112807 0.031150 -0.479466
v 0.042913 0.046517 -0.298289
v 0.032295 0.044676 -0.311769
v 0.030477 0.047824 -0.300081
v -0.029052 0.025988 -0.502356
v -0.036207 0.026400 -0.497859
v -0.025065 0.026210 -0.496914
v -0.098459 0.027014 -0.511863
v -0.098308 0.025904 -0.521650
v -0.105227 0.026904 -0.515065
v -0.006373 0.024970 -0.512867
v -0.006567 0.024752 -0.518932
v -0.014184 0.025178 -0.512944
v 0.061530 0.057350 -0.260187
v -0.028325 0.025485 -0.508969
v -0.020268 0.025731 -0.503344
v -0.021606 0.025505 -0.510476
v -0.103857 0.031163 -0.466751
v -0.094748 0.038056 -0.364071
v -0.105732 0.037516 -0.367225
v -0.101701 0.039283 -0.358632
v -0.137855 0.034705 -0.410963
v -0.131023 0.035135 -0.403588
v -0.129367 0.034211 -0.411926
v -0.032612 0.026890 -0.487210
v -0.019673 0.026725 -0.479372
v -0.021764 0.026632 -0.485566
v -0.004503 0.057775 -0.236540
v -0.016724 0.054395 -0.253310
v -0.100435 0.035943 -0.373563
v -0.000795 0.023139 -0.567899
v -0.010634 0.023351 -0.565291
v -0.145410 0.027335 -0.539012
v -0.152631 0.027676 -0.532606
v -0.145252 0.027644 -0.529480
v -0.035641 0.049071 -0.275075
v -0.120671 0.039733 -0.358378
v -0.110673 0.039247 -0.359380
v -0.120371 0.037922 -0.370872
v -0.054303 0.024365 -0.593212
v -0.052318 0.024411 -0.575157
v -0.132212 0.036593 -0.389095
v -0.137228 0.036295 -0.393520
v -0.142050 0.037190 -0.385802
v -0.107499 0.034363 -0.395732
v -0.119375 0.035578 -0.391022
v -0.108686 0.035071 -0.386771
v -0.135071 0.035779 -0.398333
v -0.129130 0.035786 -0.395359
v -0.060548 0.029079 -0.471031
v -0.065119 0.029845 -0.460250
v -0.054403 0.029464 -0.460133
v -0.063001 0.030176 -0.450083
v -0.073183 0.030223 -0.454048
v 0.027926 0.024101 -0.536279
v 0.025444 0.024321 -0.528874
v 0.038896 0.024609 -0.530886
v 0.057841 0.045744 -0.294102
v 0.048872 0.043841 -0.303846
v 0.011145 0.026054 -0.472285
v 0.008358 0.026039 -0.477909
v 0.003381 0.026456 -0.470174
v 0.027248 0.025928 -0.470413
v 0.017893 0.025882 -0.477714
v 0.014675 0.026363 -0.465025
v 0.027092 0.067234 -0.208505
v -0.139865 0.039719 -0.358920
v -0.135010 0.040923 -0.349728
v -0.130930 0.039974 -0.358016
v -0.119066 0.036511 -0.382049
v -0.129765 0.037339 -0.381216
v -0.073544 0.030023 -0.466233
v -0.081939 0.030477 -0.466787
v -0.080515 0.030496 -0.458755
v -0.031824 0.024441 -0.530825
v -0.083858 0.027682 -0.504021
v 0.018192 0.064078 -0.219347
v -0.111433 0.026020 -0.525867
v -0.021987 0.049257 -0.282645
v -0.028507 0.047246 -0.293626
v -0.033702 0.046114 -0.288022
v -0.076086 0.025532 -0.523347
v -0.087886 0.026588 -0.514174
v -0.078201 0.026673 -0.511783
v -0.067370 0.025500 -0.521772
v 0.030095 0.024865 -0.505736
v 0.031265 0.025267 -0.491071
v 0.040411 0.025080 -0.496969
v -0.094154 0.032301 -0.420487
v -0.105954 0.032217 -0.422798
v -0.102688 0.032665 -0.417199
v 0.002265 0.028728 -0.438068
v 0.001011 0.029562 -0.428793
v 0.009518 0.029017 -0.431536
v -0.080782 0.032403 -0.417921
v -0.065099 0.032210 -0.421092
v -0.076371 0.031747 -0.427524
v -0.109042 0.035990 -0.377418
v -0.117830 0.034501 -0.401703
v -0.068869 0.024608 -0.542721
v -0.115744 0.026085 -0.533605
v -0.112610 0.025815 -0.532308
v -0.027189 0.054834 -0.243358
v -0.030197 0.053468 -0.255209
v -0.155438 0.033783 -0.439375
v -0.146357 0.033380 -0.437653
v -0.141513 0.032469 -0.450347
v -0.097411 0.034580 -0.382850
v -0.033272 0.047122 -0.301901
v -0.024332 0.048461 -0.299696
v -0.093621 0.030680 -0.444636
v -0.091802 0.030626 -0.452871
v -0.102330 0.030915 -0.455543
v 0.046197 0.024713 -0.535233
v 0.038579 0.024215 -0.538808
v -0.104493 0.031185 -0.475626
v -0.025171 0.032356 -0.413904
v -0.039059 0.032306 -0.417900
v -0.032249 0.033307 -0.403656
v 0.012596 0.029924 -0.417114
v 0.013222 0.030399 -0.409632
v 0.022601 0.030045 -0.411736
v -0.088463 0.033755 -0.390186
v -0.096329 0.033875 -0.393420
v -0.112038 0.033248 -0.413762
v -0.093685 0.032911 -0.411968
v -0.020461 0.027821 -0.460447
v -0.032180 0.028519 -0.460844
v -0.025262 0.028548 -0.455889
v -0.124407 0.040866 -0.350587
v -0.068859 0.032939 -0.402330
v -0.074955 0.033259 -0.392712
v -0.061118 0.033009 -0.397883
v -0.086925 0.033263 -0.401930
v -0.102692 0.033663 -0.403986
v -0.098354 0.033635 -0.398744
v -0.026984 0.027471 -0.471164
v -0.032751 0.027200 -0.480171
v -0.143508 0.036098 -0.398308
v 0.006930 0.060901 -0.227651
v -0.122916 0.034201 -0.409200
v -0.122735 0.033427 -0.416234
v 0.048611 0.024547 -0.540431
v 0.038758 0.056955 -0.259371
v 0.034691 0.054665 -0.268269
v -0.064123 0.027646 -0.496399
v 0.053976 0.025856 -0.477954
v 0.045133 0.025638 -0.484105
v 0.047095 0.025912 -0.473424
v -0.004259 0.030336 -0.423025
v -0.005589 0.030992 -0.414532
v 0.003134 0.030732 -0.412579
v 0.013401 0.023536 -0.551952
v 0.002912 0.023962 -0.540519
v 0.007338 0.023939 -0.536730
v 0.049776 0.024956 -0.531167
v 0.042246 0.060940 -0.244042
v -0.039376 0.034425 -0.384604
v -0.040013 0.033567 -0.395837
v -0.050225 0.033442 -0.393570
v -0.051723 0.029761 -0.452736
v -0.041932 0.025162 -0.518889
v -0.097127 0.024998 -0.542954
v -0.087262 0.024781 -0.541682
v 0.019011 0.044195 -0.321133
v 0.017009 0.041067 -0.333865
v 0.009062 0.044083 -0.327558
v 0.043636 0.055639 -0.265046
v 0.028202 0.038444 -0.337112
v 0.029977 0.041273 -0.325781
v 0.042931 0.043419 -0.309189
v -0.045136 0.027460 -0.484456
v -0.121879 0.026212 -0.541165
v -0.131563 0.026760 -0.543700
v -0.072526 0.024709 -0.537199
v -0.064916 0.024764 -0.535378
v 0.044586 0.059634 -0.249870
v -0.002851 0.045171 -0.330463
v -0.009325 0.047471 -0.320396
v 0.006400 0.046349 -0.318928
v -0.083594 0.034303 -0.382762
v -0.091726 0.035876 -0.374299
v -0.083232 0.036046 -0.373494
v -0.001066 0.025400 -0.504733
v 0.005184 0.025103 -0.510118
v -0.000980 0.025082 -0.512150
v 0.051353 0.058777 -0.254641
v -0.024884 0.047308 -0.326016
v -0.021745 0.048454 -0.315003
v -0.130174 0.033480 -0.420375
v -0.137185 0.033778 -0.420541
v -0.045969 0.025913 -0.509756
v -0.060987 0.025666 -0.520165
v -0.053843 0.025395 -0.518088
v -0.008554 0.025650 -0.504996
v -0.145833 0.032478 -0.457829
v -0.152019 0.032161 -0.462517
v -0.156228 0.033253 -0.450376
v -0.126521 0.036419 -0.386517
v 0.004587 0.042638 -0.336633
v -0.046988 0.026665 -0.501033
v -0.086600 0.033453 -0.395306
v 0.036271 0.050328 -0.286963
v -0.074372 0.034033 -0.384144
v -0.049536 0.028208 -0.477441
v -0.048317 0.025286 -0.519140
v -0.045363 0.024918 -0.524280
v -0.035184 0.047924 -0.323404
v -0.035906 0.046203 -0.335205
v -0.046444 0.047321 -0.330911
v -0.023178 0.026475 -0.490856
v 0.049359 0.026367 -0.464324
v 0.056497 0.026945 -0.458132
v 0.056400 0.026487 -0.467841
v -0.028155 0.024024 -0.539281
v -0.021115 0.023909 -0.541323
v -0.026989 0.023691 -0.557168
v -0.072951 0.035628 -0.375043
v -0.008886 0.024491 -0.525682
v -0.145801 0.035287 -0.407166
v -0.145295 0.034585 -0.417529
v -0.130050 0.039010 -0.365871
v -0.077010 0.038044 -0.365789
v -0.002780 0.038954 -0.355228
v 0.007357 0.039574 -0.346900
v 0.003756 0.036759 -0.360345
v -0.057032 0.024390 -0.546319
v 0.024300 0.024838 -0.509355
v 0.023456 0.025100 -0.500236
v -0.029470 0.025087 -0.514612
v -0.014200 0.026071 -0.495864
v -0.110596 0.031080 -0.442671
v -0.119133 0.031435 -0.441192
v -0.112920 0.031325 -0.436725
v -0.085508 0.030996 -0.437253
v -0.083571 0.030554 -0.448974
v 0.000366 0.027027 -0.461058
v -0.015644 0.023201 -0.586406
v -0.010700 0.022389 -0.609613
v -0.016975 0.022642 -0.609613
v -0.118374 0.028176 -0.509495
v -0.120598 0.028992 -0.503335
v -0.111983 0.028769 -0.503651
v -0.019423 0.045323 -0.335922
v -0.008256 0.049300 -0.305251
v -0.017831 0.049096 -0.302273
v -0.044791 0.024209 -0.578714
v -0.129612 0.027457 -0.524949
v -0.123643 0.027336 -0.520078
v -0.127239 0.027043 -0.527811
v -0.073632 0.027394 -0.503049
v 0.016315 0.025290 -0.496536
v 0.018849 0.024835 -0.509147
v 0.010716 0.025138 -0.504701
v 0.003693 0.048734 -0.306651
v -0.088233 0.025748 -0.522992
v -0.048729 0.028773 -0.467724
v 0.047313 0.063309 -0.236201
v -0.133716 0.027782 -0.519505
v 0.026136 0.052401 -0.279837
v -0.129042 0.026248 -0.552489
v -0.036730 0.045738 -0.299185
v -0.043982 0.045006 -0.304394
v -0.008036 0.042638 -0.343758
v -0.052346 0.033834 -0.386015
v -0.049577 0.035243 -0.376638
v -0.038000 0.036292 -0.373444
v -0.025149 0.035620 -0.376730
v -0.034532 0.048040 -0.310237
v -0.068125 0.023945 -0.609613
v -0.088373 0.024709 -0.591734
v 0.010326 0.056336 -0.254783
v 0.008300 0.054116 -0.268907
v 0.002742 0.052299 -0.280740
v 0.007487 0.051762 -0.285678
v 0.002076 0.050553 -0.293725
v 0.013237 0.053076 -0.277550
v -0.111656 0.029613 -0.497209
v -0.120825 0.029712 -0.497425
v -0.114018 0.030320 -0.492132
v 0.016358 0.058799 -0.243587
v 0.001442 0.025609 -0.498138
v -0.010342 0.026216 -0.487451
v -0.143922 0.027976 -0.516536
v -0.138531 0.027566 -0.527129
v -0.063044 0.047701 -0.321642
v -0.059207 0.047347 -0.331544
v -0.067463 0.047341 -0.327766
v -0.160506 0.027172 -0.560711
v -0.136186 0.028516 -0.506528
v -0.127245 0.028253 -0.510182
v -0.135687 0.029746 -0.491426
v -0.148511 0.027143 -0.549460
v -0.091956 0.046616 -0.323804
v -0.099744 0.046080 -0.322743
v -0.096061 0.047380 -0.311065
v -0.072325 0.032806 -0.411201
v -0.046739 0.031962 -0.425416
v -0.054968 0.032525 -0.416001
v -0.118121 0.032202 -0.426703
v -0.126491 0.032305 -0.431111
v -0.015032 0.023633 -0.546638
v -0.002245 0.055749 -0.251175
v -0.092178 0.051076 -0.255175
v -0.095417 0.050305 -0.263915
v 0.029890 0.023887 -0.547493
v 0.043327 0.024284 -0.546361
v 0.043653 0.023950 -0.558491
v 0.024962 0.024595 -0.517269
v 0.017485 0.024384 -0.525526
v 0.012880 0.024580 -0.517730
v -0.086993 0.030687 -0.456648
v -0.022833 0.051283 -0.271066
v -0.133279 0.033045 -0.427662
v -0.063001 0.034146 -0.382684
v 0.052215 0.061893 -0.243212
v -0.068185 0.038167 -0.365533
v -0.035209 0.025796 -0.506430
v -0.102254 0.042769 -0.342749
v -0.092943 0.041970 -0.349519
v -0.103642 0.040972 -0.351223
v 0.006882 0.058309 -0.241720
v -0.155259 0.028126 -0.507227
v -0.151719 0.027525 -0.539613
v -0.056065 0.050117 -0.264735
v -0.111741 0.028352 -0.507482
v -0.068446 0.046664 -0.312889
v -0.073161 0.047261 -0.317927
v -0.078532 0.047046 -0.310522
v -0.044481 0.024209 -0.538648
v -0.037079 0.024231 -0.536305
v -0.054486 0.031438 -0.430885
v -0.055616 0.031009 -0.437351
v -0.064079 0.031541 -0.431895
v -0.135430 0.026448 -0.559239
v 0.036215 0.024711 -0.521717
v 0.036463 0.024867 -0.511171
v 0.022926 0.027244 -0.448147
v 0.026327 0.027764 -0.441411
v 0.033247 0.027318 -0.446538
v -0.128745 0.029076 -0.500788
v -0.093893 0.030830 -0.461331
v -0.137922 0.039257 -0.364673
v -0.136715 0.038728 -0.368903
v -0.112843 0.041906 -0.344851
v -0.124278 0.042445 -0.339987
v -0.116893 0.044639 -0.324984
v -0.025434 0.025135 -0.515898
v 0.044880 0.025265 -0.506259
v 0.046645 0.025154 -0.499300
v 0.040350 0.026909 -0.452235
v 0.028665 0.026500 -0.458187
v -0.081964 0.046456 -0.331706
v -0.074885 0.047152 -0.327377
v -0.070675 0.046831 -0.332662
v 0.040771 0.028043 -0.438038
v 0.052253 0.028292 -0.437600
v 0.045277 0.027480 -0.445212
v -0.052390 0.033009 -0.405419
v -0.010186 0.031907 -0.407248
v -0.020438 0.032865 -0.403682
v -0.135804 0.038227 -0.374615
v -0.113371 0.046899 -0.305936
v -0.103648 0.047938 -0.299638
v -0.105931 0.046392 -0.314703
v 0.038346 0.025423 -0.488053
v -0.129419 0.030937 -0.481728
v -0.003984 0.026203 -0.477894
v -0.153423 0.027802 -0.522156
v -0.003152 0.032218 -0.398290
v 0.006484 0.032171 -0.391064
v 0.001528 0.031762 -0.400400
v -0.147677 0.023241 -0.609613
v -0.150538 0.024524 -0.596641
v -0.140480 0.023332 -0.609613
v -0.094717 0.044985 -0.334548
v -0.073967 0.046203 -0.305007
v -0.065754 0.045301 -0.307379
v -0.060071 0.033278 -0.391184
v -0.131420 0.031828 -0.455734
v -0.125200 0.031508 -0.453649
v -0.133554 0.042578 -0.339197
v -0.020832 0.029652 -0.440212
v -0.008146 0.029303 -0.436789
v -0.009926 0.028037 -0.453310
v -0.097833 0.030966 -0.437363
v -0.106972 0.031084 -0.438902
v -0.107083 0.031547 -0.431827
v 0.028584 0.025459 -0.480680
v 0.033735 0.025824 -0.474545
v 0.038018 0.025573 -0.479078
v -0.138726 0.027032 -0.545205
v -0.117780 0.023721 -0.609612
v -0.126248 0.023586 -0.609612
v -0.107800 0.030913 -0.484465
v 0.017604 0.028203 -0.438665
v 0.018848 0.028853 -0.429035
v 0.025767 0.028438 -0.433275
v -0.104314 0.030853 -0.446111
v -0.015207 0.030976 -0.422691
v -0.061671 0.044622 -0.283383
v -0.053882 0.041198 -0.288073
v -0.061478 0.040681 -0.292328
v -0.094598 0.031007 -0.469912
v -0.126699 0.026844 -0.534178
v -0.138382 0.033248 -0.429412
v -0.144176 0.033614 -0.430011
v -0.032213 0.023803 -0.587703
v 0.008834 0.028151 -0.441371
v -0.001000 0.027345 -0.456047
v -0.067222 0.030975 -0.438065
v -0.124834 0.044791 -0.321863
v -0.135400 0.044703 -0.322271
v -0.095406 0.031630 -0.428866
v -0.087437 0.047637 -0.304339
v -0.095493 0.048281 -0.296668
v 0.021450 0.024067 -0.533728
v -0.139521 0.047282 -0.300788
v -0.050436 0.041430 -0.297049
v -0.022961 0.022821 -0.609613
v 0.056109 0.025055 -0.536896
v 0.020121 0.022039 -0.609612
v 0.014361 0.022040 -0.609613
v 0.054148 0.023186 -0.600983
v 0.054398 0.022805 -0.609612
v 0.049145 0.022719 -0.609613
v -0.094312 0.028080 -0.504076
v 0.026919 0.029158 -0.422116
v -0.007431 0.023633 -0.549126
v -0.031585 0.031135 -0.429622
v -0.026331 0.031421 -0.424256
v -0.021151 0.030424 -0.431723
v 0.050677 0.025298 -0.509464
v 0.054388 0.025431 -0.516593
v 0.044944 0.025021 -0.515437
v -0.145515 0.037746 -0.376954
v -0.142909 0.038474 -0.370566
v -0.095364 0.030979 -0.478030
v -0.083799 0.030295 -0.476037
v -0.097036 0.030474 -0.487995
v 0.045710 0.023451 -0.578635
v 0.028588 0.023170 -0.569267
v 0.049145 0.028835 -0.428497
v 0.050007 0.029430 -0.420738
v 0.055370 0.029502 -0.422647
v -0.082926 0.047355 -0.318670
v 0.031654 0.022669 -0.594286
v 0.034260 0.022322 -0.609613
v 0.027003 0.022138 -0.609613
v -0.092801 0.023826 -0.609613
v -0.098375 0.023752 -0.609613
v -0.083503 0.029777 -0.483434
v -0.099754 0.048873 -0.285338
v 0.010212 0.031148 -0.400937
v -0.000466 0.031478 -0.407245
v -0.130841 0.031902 -0.448072
v -0.124121 0.031495 -0.447570
v -0.152927 0.036476 -0.389708
v -0.140994 0.031184 -0.474506
v -0.150437 0.035395 -0.408998
v -0.150785 0.035768 -0.403005
v 0.008280 0.029675 -0.423426
v 0.005557 0.030197 -0.418897
v -0.071934 0.047392 -0.323226
v -0.068533 0.044552 -0.291829
v -0.066442 0.044867 -0.286884
v -0.150346 0.033969 -0.426807
v -0.158908 0.034753 -0.421241
v -0.152837 0.034831 -0.415865
v -0.059053 0.041046 -0.299553
v 0.001210 0.023528 -0.551403
v -0.147593 0.039617 -0.356675
v -0.130690 0.032234 -0.437887
v -0.127233 0.043908 -0.329923
v -0.010157 0.026964 -0.467985
v -0.052619 0.024411 -0.540559
v -0.152178 0.037161 -0.379789
v -0.135650 0.048600 -0.290091
v -0.031589 0.029115 -0.452434
v -0.024881 0.029119 -0.448908
v -0.115999 0.031155 -0.453862
v -0.041419 0.030468 -0.442673
v -0.036179 0.030765 -0.436727
v -0.122499 0.048850 -0.286010
v -0.109446 0.048966 -0.278509
v -0.111660 0.048427 -0.290894
v -0.085226 0.048240 -0.289575
v -0.056278 0.023783 -0.609613
v -0.074606 0.030550 -0.444800
v -0.048550 0.048025 -0.321900
v -0.055159 0.046190 -0.311475
v -0.046828 0.023586 -0.609613
v -0.037818 0.023362 -0.609613
v 0.016570 0.023937 -0.538222
v 0.048021 0.025004 -0.523860
v -0.051144 0.052319 -0.250371
v -0.151292 0.031116 -0.472878
v -0.159696 0.030798 -0.474682
v -0.160829 0.032057 -0.464214
v -0.121103 0.026609 -0.530476
v -0.129540 0.047958 -0.295916
v -0.121205 0.047588 -0.298637
v 0.017142 0.024090 -0.531385
v -0.137736 0.032560 -0.441344
v -0.135724 0.043440 -0.332388
v -0.140476 0.042414 -0.338536
v -0.002390 0.022119 -0.609613
v -0.105046 0.044535 -0.330921
v -0.152575 0.030302 -0.481011
v -0.118297 0.049573 -0.271238
v -0.076126 0.023927 -0.609613
v -0.005490 0.025811 -0.498448
v -0.100634 0.049393 -0.273084
v -0.090306 0.049624 -0.274679
v -0.053276 0.030380 -0.444658
v -0.087031 0.030599 -0.463608
v -0.087743 0.030569 -0.470946
v -0.111357 0.030973 -0.447889
v -0.063558 0.041861 -0.298102
v -0.054632 0.043027 -0.303861
v -0.082750 0.050736 -0.262376
v -0.076909 0.048814 -0.275950
v -0.061497 0.043400 -0.304066
v -0.092212 0.030925 -0.438856
v -0.066131 0.043086 -0.295483
v -0.068149 0.044367 -0.300543
v -0.053703 0.048061 -0.273639
v -0.106531 0.049687 -0.266961
v 0.059231 0.028167 -0.443423
v 0.060285 0.027688 -0.450191
v 0.050884 0.027344 -0.450940
v 0.052567 0.031344 -0.391334
v 0.043990 0.031559 -0.385947
v 0.050368 0.032602 -0.376641
v -0.041154 0.029077 -0.459344
v -0.101239 0.029232 -0.498661
v -0.039035 0.028096 -0.470409
v -0.008431 0.032974 -0.393326
v -0.028721 0.034088 -0.390628
v 0.044145 0.026720 -0.458587
v -0.149401 0.041271 -0.342860
v -0.084837 0.044575 -0.341062
v -0.072473 0.045042 -0.342350
v 0.042013 0.031010 -0.393796
v 0.019577 0.031348 -0.391125
v 0.032521 0.031357 -0.387304
v 0.023770 0.030744 -0.399740
v -0.071495 0.049705 -0.266522
v -0.047408 0.024222 -0.563958
v -0.021148 0.033438 -0.395982
v 0.002429 0.033913 -0.376348
v -0.007181 0.033570 -0.385799
v 0.057129 0.024711 -0.548173
v -0.127074 0.036227 -0.390362
v 0.005176 0.027527 -0.451404
v 0.047393 0.030689 -0.398720
v -0.043261 0.024002 -0.548160
v -0.011927 0.035583 -0.373996
v -0.013906 0.034126 -0.385152
v -0.053373 0.044924 -0.342770
v -0.085927 0.037709 -0.366834
v -0.023951 0.042197 -0.350051
v -0.017769 0.043346 -0.343363
v -0.059331 0.037049 -0.369222
v -0.005904 0.036873 -0.364605
v 0.040744 0.029330 -0.419399
v 0.033903 0.029936 -0.410984
v 0.045237 0.030045 -0.407880
v -0.035403 0.023964 -0.544168
v -0.018196 0.037961 -0.364448
v -0.031658 0.038728 -0.363809
v -0.039283 0.040844 -0.356419
v -0.044654 0.038176 -0.365803
v -0.081978 0.040943 -0.355810
v -0.011629 0.039732 -0.355816
v -0.039661 0.043573 -0.346648
v -0.030671 0.044541 -0.341695
v -0.066573 0.041281 -0.355627
v -0.052842 0.041075 -0.356421
v -0.061993 0.039329 -0.361898
v -0.082706 0.043333 -0.346827
v 0.015977 0.029520 -0.421910
v -0.075058 0.046039 -0.296650
v -0.080548 0.046963 -0.301286
v 0.033991 0.032385 -0.375050
v -0.086993 0.029734 -0.488147
v 0.016288 0.026707 -0.457681
v 0.019832 0.032290 -0.380977
v -0.107596 0.030835 -0.451460
v -0.077214 0.046571 -0.301270
v -0.069177 0.044365 -0.296127
v -0.105111 0.028007 -0.507188
v -0.006561 0.025782 -0.493849
v 0.052364 0.025401 -0.501278
v -0.046122 0.028987 -0.461904
v -0.040343 0.028565 -0.464236
v 0.040341 0.031897 -0.381193
v 0.035637 0.028728 -0.430085
v -0.038618 0.027652 -0.477091
v 0.014032 0.027489 -0.447328
v 0.017474 0.027033 -0.452959
v 0.039156 0.030376 -0.402111
v 0.030503 0.030303 -0.403886
v 0.034232 0.030738 -0.396739
v 0.059539 0.029762 -0.416827
v 0.031886 0.027967 -0.438126
v -0.112934 0.027386 -0.514130
v 0.049701 0.029734 -0.414630
v 0.038908 0.025988 -0.467688
v 0.054517 0.030659 -0.401016
v 0.055950 0.030263 -0.408270
v -0.110027 0.023754 -0.609613
v 0.051329 0.025481 -0.490802
v -0.019762 0.025140 -0.517087
v -0.053488 0.027979 -0.484444
v 0.536673 0.042952 0.104421
v 0.537390 0.042924 0.111760
v 0.542111 0.042366 0.109793
v 0.543973 0.042473 0.103568
v 0.538559 0.042876 0.097307
v 0.548434 0.042602 0.092170
v 0.553174 0.042118 0.096343
v 0.552896 0.042623 0.090391
v 0.543821 0.042808 0.095801
v 0.542270 0.043112 0.088382
v 0.539639 0.043174 0.092497
v 0.549973 0.042790 0.086618
v 0.546316 0.043100 0.085092
v 0.536579 0.043280 0.092710
v 0.532056 0.043439 0.094019
v 0.556207 0.042754 0.080311
v 0.553268 0.042653 0.085036
v 0.557279 0.042218 0.086522
v 0.595263 0.047516 -0.093896
v 0.601841 0.046910 -0.097277
v 0.597199 0.047206 -0.104065
v 0.575047 0.043885 0.036098
v 0.570124 0.044125 0.036430
v 0.572161 0.043963 0.040781
v 0.536448 0.042929 0.087261
v 0.544830 0.048838 -0.049905
v 0.537198 0.048894 -0.049150
v 0.538182 0.048814 -0.044398
v 0.542937 0.044211 0.042006
v 0.545691 0.044265 0.037051
v 0.542236 0.045056 0.033196
v 0.542690 0.043127 0.082892
v 0.544848 0.043432 0.079334
v 0.569813 0.048189 -0.033727
v 0.561576 0.048531 -0.034610
v 0.568549 0.048221 -0.028591
v 0.607264 0.046171 -0.099415
v 0.608920 0.046129 -0.096341
v 0.613970 0.045774 -0.102730
v 0.560619 0.049040 -0.083999
v 0.552946 0.049039 -0.081636
v 0.557782 0.049039 -0.077037
v 0.566197 0.047793 -0.021881
v 0.562991 0.048040 -0.026906
v 0.560684 0.047924 -0.022022
v 0.609482 0.046155 -0.088916
v 0.612054 0.045962 -0.092724
v 0.607775 0.046441 -0.090983
v 0.559824 0.042428 0.081439
v 0.560019 0.042907 0.076050
v 0.537339 0.043366 0.080089
v 0.534327 0.043716 0.080222
v 0.565415 0.048972 -0.055613
v 0.560601 0.048933 -0.062168
v 0.558859 0.048769 -0.054119
v 0.540847 0.048379 -0.001595
v 0.542208 0.047996 0.000443
v 0.543923 0.048307 -0.006602
v 0.543700 0.043418 0.075123
v 0.547242 0.043254 0.075463
v 0.545985 0.043622 0.071150
v 0.554901 0.042912 0.075178
v 0.550419 0.042994 0.079891
v 0.558129 0.043325 0.069653
v 0.557555 0.043005 0.075583
v 0.552438 0.049121 -0.062180
v 0.556504 0.047518 -0.000839
v 0.548419 0.047959 -0.002036
v 0.548517 0.047539 0.006077
v 0.541969 0.043847 0.070372
v 0.536881 0.048861 -0.063281
v 0.530713 0.049004 -0.058330
v 0.538124 0.049084 -0.057411
v 0.589962 0.047895 -0.057657
v 0.596729 0.047429 -0.053244
v 0.594011 0.047606 -0.063148
v 0.520382 0.048836 -0.054874
v 0.525864 0.048810 -0.051689
v 0.525485 0.048967 -0.055067
v 0.595397 0.046097 -0.011026
v 0.594910 0.046593 -0.017040
v 0.591450 0.046502 -0.013722
v 0.530695 0.043345 0.083611
v 0.595248 0.047391 -0.039838
v 0.598834 0.047086 -0.039049
v 0.551206 0.043414 0.070677
v 0.540714 0.043615 0.077772
v 0.612859 0.045991 -0.086571
v 0.612880 0.045995 -0.079101
v 0.616184 0.045861 -0.083839
v 0.539714 0.043447 0.083365
v 0.546162 0.043898 0.065985
v 0.553859 0.049229 -0.086822
v 0.555842 0.048937 -0.090347
v 0.539325 0.047073 0.020585
v 0.541477 0.047174 0.015617
v 0.534502 0.047545 0.013217
v 0.554757 0.043324 0.065328
v 0.551853 0.043692 0.060276
v 0.579485 0.048346 -0.047299
v 0.577561 0.048368 -0.053255
v 0.571943 0.048618 -0.050098
v 0.542699 0.044037 0.064591
v 0.539531 0.043994 0.064712
v 0.548467 0.048585 -0.031148
v 0.554120 0.048430 -0.033219
v 0.549036 0.048691 -0.038257
v 0.561720 0.042982 0.065472
v 0.557643 0.043544 0.062117
v 0.538548 0.048174 0.001392
v 0.537861 0.048239 -0.003658
v 0.567240 0.043105 0.068423
v 0.562563 0.042896 0.071517
v 0.544442 0.043927 0.058631
v 0.518798 0.048851 -0.026069
v 0.514690 0.048734 -0.027873
v 0.518407 0.048564 -0.021849
v 0.552033 0.049027 -0.056367
v 0.552968 0.048917 -0.048753
v 0.602067 0.047085 -0.056028
v 0.604824 0.046752 -0.047043
v 0.607384 0.046661 -0.052706
v 0.568895 0.048729 -0.060705
v 0.556235 0.043983 0.055441
v 0.563094 0.043517 0.058688
v 0.535338 0.044300 0.056256
v 0.532534 0.043991 0.065636
v 0.538590 0.044139 0.058969
v 0.590760 0.044704 0.012868
v 0.585596 0.045275 0.010104
v 0.584800 0.044931 0.014384
v 0.525064 0.048795 -0.058613
v 0.530283 0.049202 -0.063511
v 0.528712 0.045208 0.040034
v 0.536503 0.044808 0.038034
v 0.530645 0.045573 0.032681
v 0.549523 0.049069 -0.074849
v 0.555109 0.049224 -0.071836
v 0.542630 0.040915 0.136509
v 0.535607 0.041351 0.139977
v 0.543209 0.040880 0.140445
v 0.617794 0.045975 -0.071243
v 0.619889 0.045646 -0.062139
v 0.621238 0.045596 -0.066699
v 0.524866 0.048787 -0.035715
v 0.534141 0.048765 -0.037347
v 0.530563 0.048821 -0.042026
v 0.545116 0.048948 -0.044217
v 0.563979 0.047434 -0.005576
v 0.568323 0.047647 -0.012879
v 0.563656 0.047994 -0.011893
v 0.559898 0.043616 0.050493
v 0.550335 0.043971 0.048443
v 0.568446 0.043668 0.052548
v 0.570866 0.043158 0.061192
v 0.541358 0.044292 0.051147
v 0.527732 0.049866 -0.086251
v 0.523846 0.050165 -0.082460
v 0.526409 0.049910 -0.078561
v 0.535677 0.044333 0.051414
v 0.537063 0.044424 0.045910
v 0.530863 0.044741 0.050418
v 0.556165 0.049181 -0.067243
v 0.562507 0.048785 -0.070888
v 0.573183 0.043228 0.056113
v 0.603281 0.046730 -0.081611
v 0.599845 0.046971 -0.078454
v 0.601956 0.047151 -0.071873
v 0.564981 0.043819 0.044707
v 0.604047 0.039276 0.098365
v 0.607805 0.038941 0.104309
v 0.613358 0.039105 0.096474
v 0.556827 0.043773 0.045480
v 0.532710 0.044572 0.044085
v 0.553486 0.044121 0.045639
v 0.557944 0.047569 0.002941
v 0.561884 0.047188 0.002239
v 0.635226 0.039134 0.082802
v 0.629621 0.038458 0.100259
v 0.662314 0.037977 0.094730
v 0.585984 0.037800 0.147212
v 0.583425 0.037655 0.161259
v 0.598460 0.037528 0.146774
v 0.621356 0.039075 0.093974
v 0.617537 0.038737 0.100356
v 0.551825 0.048346 -0.027588
v 0.564992 0.043914 0.037855
v 0.551240 0.043816 0.039869
v 0.547356 0.044114 0.041757
v 0.624096 0.045837 -0.045953
v 0.615790 0.045994 -0.058983
v 0.614295 0.046280 -0.050189
v 0.541250 0.048285 -0.024591
v 0.543938 0.048592 -0.020400
v 0.546597 0.048419 -0.025518
v 0.516291 0.048313 -0.050229
v 0.514613 0.048634 -0.042494
v 0.521021 0.048743 -0.045091
v 0.557643 0.043785 0.041180
v 0.578343 0.047878 -0.028462
v 0.584451 0.047449 -0.022797
v 0.583568 0.047746 -0.031570
v 0.577237 0.047510 -0.017233
v 0.583538 0.047334 -0.015091
v 0.532482 0.049794 -0.083224
v 0.538345 0.049578 -0.086730
v 0.533227 0.049530 -0.088242
v 0.527572 0.048550 -0.022250
v 0.521498 0.048485 -0.013916
v 0.528493 0.048521 -0.015665
v 0.536415 0.046242 0.028173
v 0.527983 0.046712 0.024651
v 0.575639 0.047873 -0.038152
v 0.524571 0.049038 -0.064452
v 0.530841 0.049244 -0.068300
v 0.525512 0.049617 -0.071149
v 0.553965 0.043738 0.043968
v 0.587167 0.047715 -0.094906
v 0.587996 0.047997 -0.098056
v 0.583159 0.048444 -0.098913
v 0.592337 0.045697 -0.001902
v 0.589216 0.046099 -0.005307
v 0.587659 0.045619 0.000339
v 0.568252 0.044283 0.031780
v 0.561452 0.044152 0.033657
v 0.607383 0.046157 -0.105075
v 0.525641 0.047515 0.017040
v 0.532521 0.046990 0.019808
v 0.528068 0.047511 0.012902
v 0.545699 0.044811 0.032907
v 0.549803 0.044641 0.033039
v 0.591427 0.047466 -0.070968
v 0.596896 0.047230 -0.072039
v 0.592703 0.047620 -0.076964
v 0.587953 0.046842 -0.016652
v 0.575863 0.043617 0.047466
v 0.582944 0.048281 -0.093025
v 0.536214 0.043850 0.073503
v 0.591083 0.046638 -0.017019
v 0.567191 0.048639 -0.040175
v 0.659596 0.039210 0.057930
v 0.708174 0.037343 0.074486
v 0.538403 0.048033 0.003974
v 0.680452 0.039416 0.032685
v 0.556457 0.047133 0.006463
v 0.588696 0.045360 0.005805
v 0.580649 0.045959 0.005553
v 0.546508 0.045421 0.029140
v 0.543508 0.046053 0.025595
v 0.725417 0.037469 0.044881
v 0.579262 0.043748 0.040897
v 0.585792 0.043455 0.039924
v 0.581092 0.043935 0.033487
v 0.531769 0.048283 -0.005041
v 0.525088 0.048436 -0.005659
v 0.529094 0.047968 -0.001013
v 0.629935 0.043070 0.007079
v 0.629959 0.042637 0.011001
v 0.635769 0.042400 0.009606
v 0.563196 0.044831 0.027018
v 0.560436 0.044455 0.030611
v 0.599177 0.047248 -0.043379
v 0.615154 0.044348 -0.001288
v 0.622572 0.043712 0.001144
v 0.620475 0.044245 -0.004598
v 0.556620 0.043870 0.035461
v 0.558146 0.044491 0.032679
v 0.555331 0.044763 0.030907
v 0.629733 0.043194 0.003009
v 0.527818 0.048632 -0.031052
v 0.527592 0.048591 -0.026828
v 0.532414 0.048607 -0.028356
v 0.567657 0.044884 0.026202
v 0.564966 0.045076 0.023750
v 0.572519 0.044505 0.026409
v 0.575486 0.043917 0.030886
v 0.579688 0.044305 0.025792
v 0.626963 0.042661 0.008405
v 0.626050 0.042739 0.011508
v 0.541582 0.049354 -0.076275
v 0.538641 0.049213 -0.081152
v 0.533762 0.049373 -0.075958
v 0.626317 0.043193 0.005315
v 0.564840 0.046125 0.013379
v 0.563600 0.046644 0.008544
v 0.559064 0.046553 0.012797
v 0.557838 0.044867 0.027380
v 0.568264 0.044904 0.021845
v 0.526496 0.048026 0.001710
v 0.520621 0.048113 -0.000819
v 0.524841 0.047987 0.006028
v 0.540967 0.047601 0.009397
v 0.544766 0.047330 0.013490
v 0.587252 0.043943 0.025450
v 0.583483 0.043929 0.029078
v 0.606344 0.046678 -0.036673
v 0.610834 0.046245 -0.034473
v 0.609619 0.046400 -0.039300
v 0.572401 0.047408 -0.014578
v 0.570826 0.047746 -0.017927
v 0.564055 0.045319 0.021335
v 0.559265 0.045385 0.022764
v 0.528520 0.048848 -0.046692
v 0.552392 0.045104 0.026771
v 0.569962 0.048604 -0.056223
v 0.535983 0.048652 -0.024952
v 0.540067 0.048772 -0.031706
v 0.536287 0.048414 -0.028459
v 0.517492 0.048821 -0.034329
v 0.520868 0.048671 -0.029999
v 0.573902 0.044963 0.020916
v 0.584421 0.044340 0.021752
v 0.546914 0.046575 0.019107
v 0.555380 0.046142 0.017529
v 0.551229 0.046990 0.012342
v 0.533137 0.047796 0.005096
v 0.536079 0.048330 -0.008954
v 0.539008 0.048361 -0.011768
v 0.536911 0.048342 -0.014597
v 0.589115 0.047850 -0.046148
v 0.587292 0.047545 -0.043221
v 0.590052 0.047713 -0.039859
v 0.552638 0.045672 0.021734
v 0.551171 0.048285 -0.020698
v 0.547414 0.048114 -0.020358
v 0.546112 0.048292 -0.014861
v 0.543704 0.047968 0.004125
v 0.579998 0.044786 0.017627
v 0.563258 0.045982 0.018028
v 0.533444 0.049055 -0.066215
v 0.573669 0.045506 0.015660
v 0.568947 0.045416 0.016652
v 0.546144 0.047429 0.010804
v 0.624101 0.045166 -0.079985
v 0.633597 0.044330 -0.080976
v 0.619651 0.045366 -0.089275
v 0.635197 0.040161 0.059063
v 0.642329 0.039407 0.069131
v 0.644126 0.039742 0.058143
v 0.516629 0.049288 -0.066945
v 0.509419 0.048206 -0.064517
v 0.514408 0.048251 -0.058530
v 0.586084 0.044534 0.017526
v 0.543180 0.049138 -0.083039
v 0.547104 0.049139 -0.080560
v 0.569825 0.046234 0.011276
v 0.581689 0.045015 0.012070
v 0.621116 0.045304 -0.073734
v 0.624107 0.045386 -0.072641
v 0.623379 0.045406 -0.075403
v 0.596185 0.044301 0.015778
v 0.590859 0.044221 0.019864
v 0.547269 0.048245 -0.010962
v 0.548853 0.049021 -0.066502
v 0.555496 0.048556 -0.037347
v 0.542233 0.048316 -0.011368
v 0.544419 0.048825 -0.055392
v 0.576675 0.045527 0.011537
v 0.574044 0.045704 0.007537
v 0.585084 0.047986 -0.068663
v 0.590921 0.047794 -0.083444
v 0.581701 0.048362 -0.085694
v 0.587142 0.047723 -0.077234
v 0.553928 0.048016 -0.006609
v 0.550848 0.048259 -0.011438
v 0.522891 0.048658 -0.026279
v 0.535973 0.049507 -0.081688
v 0.591977 0.047851 -0.051520
v 0.593330 0.047411 -0.046388
v 0.569321 0.046666 0.004931
v 0.594924 0.045126 0.004157
v 0.591081 0.045023 0.002004
v 0.574554 0.046234 0.004684
v 0.558946 0.047664 -0.008222
v 0.556341 0.047829 -0.012155
v 0.542064 0.049239 -0.067833
v 0.590801 0.047013 -0.021259
v 0.573595 0.047586 -0.023684
v 0.575154 0.046345 0.000426
v 0.556240 0.048337 -0.018401
v 0.568655 0.047087 -0.001109
v 0.561166 0.048061 -0.015692
v 0.582463 0.046415 -0.002925
v 0.539831 0.048078 -0.008127
v 0.625678 0.045235 -0.070051
v 0.626952 0.045129 -0.074019
v 0.577652 0.046750 -0.003932
v 0.608038 0.046564 -0.032181
v 0.612381 0.046400 -0.031021
v 0.601045 0.044901 0.000765
v 0.597326 0.045508 -0.004268
v 0.591426 0.046364 -0.009446
v 0.586741 0.046479 -0.010201
v 0.604502 0.046918 -0.041309
v 0.557132 0.048337 -0.026216
v 0.604996 0.046476 -0.088298
v 0.602855 0.046701 -0.089266
v 0.541572 0.048650 -0.039102
v 0.539488 0.048700 -0.041972
v 0.559530 0.047223 -0.004662
v 0.573520 0.046744 -0.004517
v 0.565824 0.047485 -0.016147
v 0.579288 0.046714 -0.008994
v 0.576286 0.048528 -0.075322
v 0.578786 0.048340 -0.069744
v 0.569749 0.047320 -0.005417
v 0.572328 0.047425 -0.009979
v 0.593280 0.045929 -0.006508
v 0.602439 0.045576 -0.004720
v 0.648080 0.043432 -0.008884
v 0.643120 0.044410 -0.017760
v 0.633479 0.045084 -0.046632
v 0.625911 0.045348 -0.055643
v 0.623099 0.045541 -0.053378
v 0.605454 0.046646 -0.094235
v 0.589450 0.047888 -0.090096
v 0.590942 0.047689 -0.096622
v 0.558356 0.048962 -0.094925
v 0.554348 0.049245 -0.093750
v 0.585550 0.047908 -0.047691
v 0.536728 0.049117 -0.069155
v 0.624570 0.045365 -0.066983
v 0.629465 0.044952 -0.067714
v 0.581841 0.048152 -0.054398
v 0.531864 0.048029 0.000041
v 0.599436 0.046262 -0.014133
v 0.600731 0.045649 -0.009574
v 0.609701 0.046649 -0.043286
v 0.613745 0.046311 -0.040558
v 0.610844 0.046553 -0.046135
v 0.534171 0.049175 -0.063767
v 0.551013 0.048545 -0.043977
v 0.578732 0.047296 -0.022869
v 0.564902 0.049119 -0.076464
v 0.603336 0.046478 -0.034125
v 0.604173 0.046610 -0.028993
v 0.571864 0.048453 -0.071445
v 0.589110 0.047006 -0.025378
v 0.596385 0.046756 -0.022237
v 0.593147 0.047165 -0.025691
v 0.590949 0.047489 -0.029251
v 0.587085 0.047482 -0.028869
v 0.598082 0.046841 -0.027203
v 0.594637 0.047251 -0.029389
v 0.584133 0.047991 -0.039972
v 0.616423 0.046072 -0.033308
v 0.584280 0.048248 -0.060152
v 0.607310 0.046584 -0.075306
v 0.607962 0.046380 -0.084452
v 0.605294 0.045669 -0.012909
v 0.619076 0.045686 -0.077652
v 0.520437 0.049702 -0.073676
v 0.541296 0.048477 -0.015349
v 0.538988 0.048320 -0.020270
v 0.562253 0.048760 -0.041550
v 0.556547 0.048756 -0.042170
v 0.593345 0.047517 -0.087438
v 0.596409 0.047283 -0.084044
v 0.544499 0.049352 -0.088706
v 0.548731 0.049210 -0.085585
v 0.549982 0.049032 -0.091996
v 0.607060 0.046877 -0.062456
v 0.520011 0.048227 -0.008016
v 0.577967 0.048758 -0.096480
v 0.563263 0.048760 -0.047491
v 0.527461 0.048205 -0.010825
v 0.600766 0.046733 -0.085986
v 0.589226 0.047999 -0.051466
v 0.609809 0.045912 -0.017386
v 0.601054 0.046216 -0.018517
v 0.603042 0.046528 -0.023343
v 0.588097 0.047421 -0.033255
v 0.586477 0.047232 -0.031136
v 0.575258 0.043315 0.053548
v 0.622161 0.045416 -0.070629
v 0.597977 0.047083 -0.058621
v 0.574258 0.048685 -0.057682
v 0.578446 0.048484 -0.056428
v 0.528975 0.047773 0.007790
v 0.569348 0.048678 -0.044339
v 0.610780 0.046112 -0.027992
v 0.609975 0.046016 -0.023599
v 0.614825 0.046103 -0.024174
v 0.580313 0.048406 -0.065428
v 0.579352 0.048131 -0.060173
v 0.656227 0.040258 0.032472
v 0.659091 0.039724 0.040420
v 0.519450 0.050022 -0.079955
v 0.586471 0.047805 -0.054587
v 0.514570 0.049849 -0.074768
v 0.548201 0.045621 0.024105
v 0.569295 0.048810 -0.078555
v 0.507962 0.049251 -0.072414
v 0.602054 0.046934 -0.038497
v 0.593541 0.047115 -0.034145
v 0.522726 0.048722 -0.040447
v 0.616802 0.046012 -0.027309
v 0.598711 0.047067 -0.032285
v 0.567768 0.048823 -0.066349
v 0.520004 0.048792 -0.060505
v 0.533198 0.048346 -0.018401
v 0.575573 0.048611 -0.092771
v 0.597048 0.039276 0.106156
v 0.601691 0.038822 0.110562
v 0.532348 0.048381 -0.012382
v 0.615412 0.038360 0.109208
v 0.607503 0.038151 0.116197
v 0.608034 0.038516 0.110099
v 0.588447 0.038470 0.125813
v 0.577576 0.038891 0.126748
v 0.582586 0.038333 0.131328
v 0.533569 0.048579 -0.032217
v 0.717440 0.038375 0.018496
v 0.626593 0.039029 0.088734
v 0.792331 0.035860 0.018191
v 0.744658 0.037633 0.006142
v 0.758226 0.036415 0.037415
v 0.803836 0.034899 0.070283
v 0.838663 0.034026 0.014719
v 0.852237 0.033121 0.061871
v 0.827211 0.036061 -0.062894
v 0.800474 0.036574 -0.030175
v 0.836908 0.034799 -0.026043
v 0.574489 0.048820 -0.064480
v 0.629496 0.045060 -0.057032
v 0.624999 0.045425 -0.061600
v 0.570196 0.048902 -0.084722
v 0.564142 0.039483 0.140652
v 0.572548 0.038734 0.137594
v 0.561599 0.039623 0.135828
v 0.590989 0.047573 -0.049018
v 0.576881 0.048569 -0.068015
v 0.599900 0.046903 -0.063890
v 0.619746 0.045864 -0.037279
v 0.615603 0.046379 -0.043332
v 0.622877 0.045430 -0.059317
v 0.627685 0.044258 -0.106620
v 0.579599 0.048541 -0.079185
v 0.853755 0.031969 0.148025
v 0.890753 0.030506 0.161304
v 0.890753 0.030667 0.152906
v 0.890753 0.030869 0.140517
v 0.875894 0.024728 0.309326
v 0.890754 0.024627 0.300589
v 0.890753 0.025372 0.287957
v 0.791069 0.027792 0.303499
v 0.758401 0.029782 0.280521
v 0.733461 0.029391 0.304450
v 0.708038 0.029453 0.321434
v 0.686203 0.031342 0.291113
v 0.858870 0.027218 0.276437
v 0.822638 0.029661 0.250304
v 0.838512 0.025308 0.320821
v 0.890753 0.026215 0.273477
v 0.720755 0.031756 0.264137
v 0.759043 0.031579 0.243915
v 0.785250 0.029872 0.264681
v 0.676101 0.029689 0.333516
v 0.567546 0.048940 -0.094535
v 0.574039 0.048780 -0.088513
v 0.613162 0.045000 -0.009089
v 0.576074 0.048492 -0.084472
v 0.539281 0.040811 0.148533
v 0.542690 0.040653 0.150030
v 0.541716 0.040511 0.147830
v 0.620259 0.045853 -0.041982
v 0.537812 0.041208 0.145201
v 0.543988 0.040673 0.143662
v 0.593364 0.047348 -0.100897
v 0.605715 0.045279 -0.007832
v 0.544207 0.040600 0.146183
v 0.549332 0.040291 0.146065
v 0.629666 0.045126 -0.060182
v 0.615558 0.046241 -0.066343
v 0.612043 0.046145 -0.069675
v 0.591608 0.047472 -0.086569
v 0.619018 0.039426 0.089255
v 0.564416 0.042776 0.078440
v 0.557383 0.042131 0.093455
v 0.539188 0.040211 0.156244
v 0.544256 0.040367 0.152952
v 0.632835 0.044923 -0.062284
v 0.618994 0.045421 -0.082293
v 0.616601 0.045410 -0.080767
v 0.546396 0.040135 0.150272
v 0.640310 0.043584 -0.003662
v 0.638390 0.043989 -0.009027
v 0.650063 0.043900 -0.020219
v 0.638644 0.044683 -0.022900
v 0.623489 0.044572 -0.009309
v 0.638460 0.040316 0.051428
v 0.627583 0.041121 0.043431
v 0.626266 0.040934 0.050049
v 0.616901 0.041409 0.049101
v 0.625526 0.040759 0.055420
v 0.630133 0.040211 0.063267
v 0.617909 0.041195 0.054833
v 0.617991 0.040894 0.060715
v 0.626256 0.040275 0.069741
v 0.615623 0.040695 0.070421
v 0.613379 0.041524 0.053615
v 0.607723 0.041240 0.063142
v 0.629286 0.041289 0.035560
v 0.621008 0.041723 0.038161
v 0.611960 0.040239 0.079631
v 0.621365 0.039986 0.076807
v 0.601958 0.041548 0.066190
v 0.606329 0.040987 0.072700
v 0.597565 0.041288 0.071732
v 0.593350 0.041456 0.077456
v 0.598897 0.040679 0.082909
v 0.607869 0.041693 0.053393
v 0.588526 0.041069 0.085704
v 0.593770 0.040653 0.086128
v 0.595471 0.039917 0.095902
v 0.608809 0.039715 0.089046
v 0.593109 0.040622 0.089220
v 0.578860 0.039364 0.116379
v 0.575759 0.039427 0.113815
v 0.572597 0.039742 0.118389
v 0.581009 0.040669 0.095923
v 0.588547 0.040226 0.093879
v 0.568506 0.039563 0.127225
v 0.563609 0.039624 0.131075
v 0.570249 0.039190 0.131947
v 0.584620 0.040125 0.102083
v 0.590478 0.039762 0.103171
v 0.586451 0.039414 0.109104
v 0.580280 0.039797 0.112450
v 0.584356 0.039195 0.114397
v 0.576912 0.040090 0.109269
v 0.570986 0.039809 0.113649
v 0.563004 0.040373 0.119740
v 0.558847 0.040553 0.125035
v 0.566694 0.039758 0.122825
v 0.583469 0.038759 0.119979
v 0.577009 0.039086 0.120311
v 0.632660 0.039744 0.067751
v 0.567679 0.040009 0.117820
v 0.572531 0.039461 0.123432
v 0.556042 0.040468 0.131267
v 0.562473 0.040123 0.127891
v 0.614032 0.041998 0.041383
v 0.544881 0.040024 0.156329
v 0.548301 0.040088 0.152194
v 0.576588 0.040477 0.103555
v 0.554664 0.040008 0.142410
v 0.555811 0.039748 0.145509
v 0.604575 0.042119 0.057453
v 0.551059 0.039924 0.148683
v 0.548665 0.040400 0.143399
v 0.551050 0.040102 0.140431
v 0.550881 0.040291 0.136406
v 0.554982 0.039837 0.138106
v 0.558194 0.040235 0.139544
v 0.628816 0.039599 0.076272
v 0.547265 0.040215 0.148426
v 0.649911 0.042793 -0.101436
v 0.619369 0.045733 -0.022847
v 0.617472 0.039685 0.083516
v 0.633823 0.039683 0.072109
v 0.539650 0.041594 0.131600
v 0.848469 0.036216 -0.148635
v 0.876245 0.032346 -0.096820
v 0.890753 0.031635 -0.134699
v 0.890753 0.031123 -0.116859
v 0.624780 0.037526 0.127054
v 0.578201 0.038242 0.143633
v 0.580023 0.038027 0.151314
v 0.658527 0.040693 0.023571
v 0.647043 0.040984 0.027618
v 0.629086 0.041793 0.027952
v 0.639465 0.041352 0.024875
v 0.634171 0.041845 0.019225
v 0.580285 0.038301 0.136129
v 0.577241 0.038659 0.132609
v 0.647401 0.040325 0.039011
v 0.890754 0.029684 -0.046253
v 0.882303 0.030997 -0.053444
v 0.890753 0.029628 -0.026317
v 0.890754 0.030736 -0.106945
v 0.890753 0.029665 -0.015798
v 0.881916 0.030741 -0.010853
v 0.890754 0.029910 0.000356
v 0.890754 0.029644 -0.060059
v 0.890753 0.029527 -0.076547
v 0.890754 0.029801 -0.087083
v 0.563878 0.039074 0.146621
v 0.559607 0.039262 0.152785
v 0.566178 0.038912 0.151432
v 0.628573 0.045412 -0.033325
v 0.625802 0.039503 0.082557
v 0.638228 0.044896 -0.036006
v 0.636161 0.044886 -0.031714
v 0.634322 0.044862 -0.058543
v 0.864352 0.032457 0.005455
v 0.646627 0.044433 -0.035859
v 0.657427 0.043677 -0.035798
v 0.645194 0.044188 -0.040478
v 0.640756 0.044531 -0.056003
v 0.637302 0.044707 -0.056147
v 0.633550 0.045084 -0.053082
v 0.644153 0.044439 -0.046501
v 0.658803 0.043660 -0.047200
v 0.611761 0.043678 0.009773
v 0.603081 0.043851 0.013157
v 0.608176 0.043216 0.016961
v 0.636159 0.044604 -0.065449
v 0.639426 0.044758 -0.050480
v 0.857979 0.034300 -0.050201
v 0.638955 0.044396 -0.060134
v 0.820967 0.036765 -0.102190
v 0.812410 0.037977 -0.141848
v 0.787117 0.038511 -0.098536
v 0.649242 0.044033 -0.048280
v 0.781714 0.039728 -0.139310
v 0.754183 0.040538 -0.108284
v 0.648108 0.044096 -0.054453
v 0.649836 0.044103 -0.032625
v 0.571632 0.038052 0.175987
v 0.573004 0.038135 0.164424
v 0.565659 0.038543 0.164448
v 0.646038 0.043929 -0.070040
v 0.637872 0.040768 0.037755
v 0.676670 0.042724 -0.107638
v 0.667943 0.042930 -0.073740
v 0.635449 0.043340 0.000594
v 0.644789 0.042621 0.003986
v 0.846616 0.035242 -0.093129
v 0.615088 0.042930 0.014406
v 0.687639 0.041917 -0.032965
v 0.659019 0.043485 -0.026013
v 0.678546 0.041274 -0.005065
v 0.778806 0.038189 -0.058856
v 0.804033 0.037298 -0.070241
v 0.572439 0.038409 0.154267
v 0.713631 0.039485 -0.008200
v 0.746412 0.038717 -0.032868
v 0.681942 0.042475 -0.056516
v 0.754959 0.039630 -0.073800
v 0.648799 0.039988 0.045774
v 0.721129 0.042907 -0.122798
v 0.726564 0.041801 -0.087074
v 0.707183 0.042823 -0.099248
v 0.704038 0.042527 -0.081775
v 0.689696 0.042410 -0.072458
v 0.709347 0.041704 -0.059965
v 0.645930 0.041592 0.017059
v 0.632067 0.045051 -0.026451
v 0.633396 0.044721 -0.023009
v 0.690012 0.042874 -0.091579
v 0.696016 0.042284 -0.113378
v 0.733637 0.040457 -0.061855
v 0.594531 0.038663 0.115553
v 0.596217 0.038082 0.123516
v 0.659110 0.041444 0.011026
v 0.638335 0.040991 0.031382
v 0.597155 0.038863 0.110846
v 0.606174 0.044372 0.007844
v 0.610046 0.044122 0.003791
v 0.605065 0.044614 0.003607
v 0.620934 0.043098 0.009629
v 0.616159 0.043806 0.004185
v 0.627790 0.043774 -0.002633
v 0.635756 0.044792 -0.020489
v 0.603871 0.038006 0.122373
v 0.639701 0.040531 0.043224
v 0.638192 0.044339 -0.016781
v 0.890753 0.028858 0.221472
v 0.876033 0.029367 0.222260
v 0.890753 0.028407 0.233741
v 0.837034 0.030756 0.210468
v 0.648451 0.034109 0.258917
v 0.638676 0.032098 0.300286
v 0.890753 0.027306 0.256405
v 0.890753 0.027915 0.244529
v 0.890754 0.026766 0.264085
v 0.645956 0.040584 0.033348
v 0.633578 0.044755 -0.019247
v 0.557066 0.039591 0.148613
v 0.599859 0.037739 0.130063
v 0.553123 0.039839 0.151934
v 0.640758 0.044092 -0.012587
v 0.569103 0.038740 0.149885
v 0.629558 0.044688 -0.011788
v 0.632834 0.043847 -0.006112
v 0.629821 0.045270 -0.022063
v 0.588087 0.037852 0.136766
v 0.634427 0.044326 -0.013985
v 0.628174 0.044704 -0.015777
v 0.554119 0.039473 0.156817
v 0.612570 0.042707 0.019223
v 0.619733 0.045496 -0.017590
v 0.616766 0.045138 -0.013420
v 0.630619 0.044942 -0.018039
v 0.549824 0.040157 0.154938
v 0.571722 0.038585 0.147049
v 0.571138 0.038595 0.142916
v 0.562391 0.038694 0.174112
v 0.564796 0.038883 0.156813
v 0.607558 0.044575 -0.002199
v 0.556011 0.039268 0.168358
v 0.559025 0.039153 0.159793
v 0.890754 0.030062 0.014267
v 0.884119 0.031315 0.075978
v 0.889042 0.030990 0.077504
v 0.890753 0.030877 0.076806
v 0.890753 0.030878 0.082825
v 0.890753 0.030942 0.092581
v 0.890754 0.030833 0.065195
v 0.890753 0.030670 0.044970
v 0.890753 0.030961 0.115060
v 0.890753 0.030911 0.108530
v 0.866037 0.032237 0.104971
v 0.890754 0.030996 0.134798
v 0.757484 0.036049 0.067887
v 0.780885 0.035226 0.090950
v 0.816177 0.033820 0.118202
v 0.569210 0.040897 0.103630
v 0.573196 0.040909 0.099831
v 0.567163 0.041129 0.100798
v 0.601170 0.044294 0.007187
v 0.570097 0.041334 0.090280
v 0.568969 0.041864 0.087933
v 0.566560 0.041803 0.091669
v 0.580861 0.043179 0.053224
v 0.588648 0.042876 0.057622
v 0.584989 0.043238 0.051157
v 0.610219 0.041968 0.047027
v 0.607948 0.042278 0.042879
v 0.567834 0.040656 0.110292
v 0.571749 0.040413 0.110359
v 0.572069 0.040364 0.107716
v 0.594745 0.043490 0.033743
v 0.590883 0.043908 0.031356
v 0.590108 0.043567 0.035309
v 0.608024 0.042951 0.020563
v 0.605064 0.042864 0.020146
v 0.603207 0.043232 0.023286
v 0.597299 0.044574 0.010955
v 0.599916 0.043810 0.019694
v 0.608330 0.042683 0.038170
v 0.611542 0.042345 0.037953
v 0.550702 0.041571 0.117513
v 0.554132 0.041205 0.116532
v 0.553332 0.041196 0.114264
v 0.558585 0.040673 0.120954
v 0.618719 0.042537 0.017000
v 0.623456 0.042472 0.014385
v 0.598861 0.042774 0.039813
v 0.598335 0.042816 0.047059
v 0.602341 0.042341 0.046961
v 0.557049 0.041254 0.113701
v 0.554650 0.041511 0.110919
v 0.608768 0.042903 0.023730
v 0.614392 0.042523 0.022076
v 0.571056 0.041188 0.093583
v 0.579482 0.042990 0.061127
v 0.582971 0.043349 0.045916
v 0.581251 0.043559 0.049556
v 0.890753 0.029498 0.202194
v 0.890754 0.029892 0.189616
v 0.890753 0.029163 0.213697
v 0.577253 0.042715 0.072337
v 0.578173 0.042085 0.076675
v 0.581091 0.041907 0.072153
v 0.555111 0.041051 0.119164
v 0.553796 0.041124 0.124041
v 0.573168 0.042676 0.073019
v 0.554885 0.041611 0.106535
v 0.557317 0.041759 0.100931
v 0.553526 0.041818 0.101779
v 0.604174 0.042585 0.041970
v 0.603191 0.042651 0.036198
v 0.890753 0.030878 0.076922
v 0.587580 0.042124 0.072881
v 0.584766 0.042026 0.067231
v 0.593292 0.043125 0.042286
v 0.599846 0.043341 0.028192
v 0.597513 0.043494 0.024335
v 0.569062 0.040632 0.106425
v 0.565104 0.040961 0.106193
v 0.890753 0.030878 0.076924
v 0.547573 0.040920 0.132209
v 0.546812 0.041125 0.126787
v 0.590717 0.041373 0.074630
v 0.591950 0.041745 0.070969
v 0.562372 0.040889 0.111489
v 0.611354 0.041738 0.050737
v 0.621062 0.041979 0.033559
v 0.616847 0.041849 0.036821
v 0.589128 0.041504 0.077898
v 0.592544 0.043742 0.027928
v 0.556836 0.041415 0.110755
v 0.575859 0.042802 0.067441
v 0.562418 0.041320 0.101674
v 0.558925 0.041290 0.107590
v 0.567082 0.041362 0.096615
v 0.562186 0.041678 0.096029
v 0.564437 0.041503 0.099069
v 0.580052 0.041682 0.082895
v 0.585264 0.041645 0.078347
v 0.605617 0.043149 0.028171
v 0.602836 0.043201 0.031531
v 0.574038 0.042209 0.080099
v 0.587060 0.043603 0.031622
v 0.629583 0.045174 -0.024380
v 0.624372 0.045531 -0.026888
v 0.549356 0.042223 0.100778
v 0.552093 0.041983 0.104854
v 0.581498 0.042037 0.077703
v 0.570413 0.041194 0.097714
v 0.572929 0.040816 0.096574
v 0.539947 0.042300 0.115872
v 0.535430 0.042477 0.118048
v 0.586371 0.042638 0.063948
v 0.620639 0.045637 -0.025015
v 0.601214 0.042088 0.052822
v 0.595829 0.042571 0.051602
v 0.600644 0.042054 0.059508
v 0.612175 0.042798 0.027353
v 0.607393 0.042653 0.032700
v 0.613275 0.042436 0.034518
v 0.623198 0.045595 -0.022946
v 0.625628 0.045742 -0.023048
v 0.571639 0.042530 0.067317
v 0.599731 0.043243 0.033827
v 0.595864 0.041675 0.063833
v 0.595032 0.042162 0.057562
v 0.546802 0.041642 0.121646
v 0.550746 0.041097 0.122475
v 0.591084 0.042139 0.065247
v 0.561572 0.041787 0.090003
v 0.631779 0.042240 0.014636
v 0.624289 0.045391 -0.019722
v 0.626487 0.045337 -0.021072
v 0.571725 0.040894 0.104699
v 0.561685 0.042483 0.084774
v 0.545883 0.042295 0.108451
v 0.627459 0.042213 0.015653
v 0.622852 0.042467 0.018283
v 0.626102 0.042048 0.021496
v 0.583182 0.043767 0.042581
v 0.545973 0.042212 0.110677
v 0.588289 0.042135 0.068192
v 0.569369 0.042689 0.076886
v 0.612872 0.041404 0.045560
v 0.592771 0.042744 0.054392
v 0.569046 0.042147 0.083074
v 0.560386 0.040597 0.116622
v 0.593107 0.043704 0.023510
v 0.549855 0.041819 0.109254
v 0.580179 0.041139 0.089574
v 0.573685 0.041562 0.087953
v 0.618639 0.042466 0.022564
v 0.629946 0.042290 0.017852
v 0.565644 0.040586 0.114901
v 0.541023 0.042211 0.122695
v 0.545300 0.041788 0.116011
v 0.556210 0.041162 0.109246
v 0.619782 0.042169 0.028000
v 0.552399 0.040801 0.128303
v 0.589423 0.042956 0.049192
v 0.619217 0.033919 0.272805
v 0.598930 0.033148 0.295698
v 0.575586 0.041196 0.094402
v 0.604173 0.043006 0.025714
v 0.605814 0.042107 0.046418
v 0.565217 0.042009 0.085829
v 0.733838 0.034718 0.171321
v 0.745144 0.033507 0.203396
v 0.789666 0.032863 0.179958
v 0.692976 0.035083 0.201793
v 0.684841 0.036020 0.174375
v 0.657831 0.036468 0.188347
v 0.694156 0.036316 0.149986
v 0.596312 0.036366 0.242824
v 0.574112 0.036987 0.238319
v 0.590601 0.034825 0.266801
v 0.792786 0.033482 0.151976
v 0.645223 0.035994 0.219139
v 0.621393 0.036971 0.185513
v 0.602213 0.037313 0.216817
v 0.697464 0.037191 0.100843
v 0.823852 0.031664 0.191028
v 0.795940 0.031536 0.215432
v 0.617032 0.035737 0.245450
v 0.601048 0.037194 0.168086
v 0.836310 0.031813 0.167685
v 0.618755 0.037055 0.158359
v 0.665352 0.037213 0.133543
v 0.696731 0.036750 0.121611
v 0.650789 0.036953 0.161656
v 0.719117 0.033398 0.229420
v 0.589792 0.037354 0.185476
v 0.750204 0.035989 0.089908
v 0.682986 0.033769 0.242374
v 0.791177 0.030787 0.243890
v 0.746802 0.035281 0.133509
v 0.860886 0.030897 0.186256
v 0.727779 0.036335 0.104972
v 0.762965 0.035333 0.109193
v 0.890753 0.030194 0.175652
v 0.594348 0.042101 0.067896
v 0.644906 0.044414 -0.027092
v 0.651626 0.043876 -0.026291
v 0.647154 0.044282 -0.030015
v 0.640963 0.044641 -0.029878
v 0.639109 0.044828 -0.027245
v 0.622378 0.045792 -0.032829
v 0.300080 0.037671 0.377465
v 0.302073 0.037847 0.381919
v 0.306003 0.038110 0.378861
v 0.300935 0.037721 0.385927
v 0.298899 0.037722 0.389743
v 0.304821 0.038545 0.391835
v 0.299419 0.040256 0.418526
v 0.302379 0.040324 0.415697
v 0.302900 0.040188 0.411049
v 0.291069 0.040643 0.427317
v 0.298465 0.041090 0.428085
v 0.295052 0.040443 0.423035
v 0.246228 0.041994 0.560665
v 0.252640 0.042056 0.556967
v 0.251578 0.042239 0.553224
v 0.290622 0.039511 0.536011
v 0.296863 0.038611 0.533526
v 0.287873 0.039444 0.531983
v 0.218157 0.045378 0.505915
v 0.222158 0.045456 0.500910
v 0.217778 0.045694 0.498590
v 0.336034 0.040853 0.451035
v 0.329275 0.041200 0.453063
v 0.334551 0.040889 0.456870
v 0.259771 0.037573 0.397028
v 0.255374 0.038541 0.397598
v 0.255711 0.038276 0.401945
v 0.305273 0.039651 0.403747
v 0.299617 0.039223 0.407107
v 0.313068 0.040338 0.400035
v 0.310429 0.040259 0.407355
v 0.316709 0.040386 0.399652
v 0.293005 0.038570 0.368947
v 0.297456 0.038843 0.363476
v 0.292408 0.039468 0.362457
v 0.293313 0.038251 0.371822
v 0.296247 0.037914 0.373253
v 0.305414 0.037934 0.374309
v 0.205569 0.043147 0.414498
v 0.211737 0.043060 0.415521
v 0.207297 0.042516 0.410223
v 0.286550 0.037266 0.407329
v 0.287344 0.038315 0.411350
v 0.292070 0.038084 0.407271
v 0.268999 0.043411 0.478017
v 0.276906 0.042557 0.481877
v 0.273962 0.043109 0.476406
v 0.307689 0.038391 0.383656
v 0.301979 0.038130 0.373055
v 0.271590 0.042952 0.482774
v 0.274860 0.041030 0.539835
v 0.274787 0.040878 0.533965
v 0.268456 0.041549 0.540347
v 0.315150 0.038499 0.375409
v 0.318782 0.039067 0.371336
v 0.314651 0.038443 0.368557
v 0.330623 0.041214 0.446522
v 0.196071 0.043932 0.422676
v 0.200062 0.043459 0.420893
v 0.195854 0.042903 0.416131
v 0.265992 0.041693 0.549749
v 0.270454 0.041534 0.545764
v 0.260580 0.041980 0.549983
v 0.219352 0.041822 0.397022
v 0.214433 0.042035 0.401891
v 0.299742 0.038402 0.366666
v 0.301997 0.038025 0.369662
v 0.284519 0.039794 0.528020
v 0.292197 0.038935 0.527663
v 0.283214 0.039898 0.523631
v 0.304237 0.039316 0.399475
v 0.242575 0.041183 0.411801
v 0.243708 0.041367 0.414494
v 0.247834 0.040543 0.412611
v 0.210123 0.044371 0.429384
v 0.218046 0.043958 0.424776
v 0.214120 0.043528 0.421500
v 0.270386 0.042873 0.582366
v 0.264577 0.043219 0.587534
v 0.275581 0.042209 0.589092
v 0.237554 0.044682 0.440877
v 0.233800 0.044257 0.432985
v 0.231720 0.044506 0.437143
v 0.203204 0.042258 0.391290
v 0.207744 0.042190 0.390190
v 0.205392 0.042356 0.386529
v 0.205810 0.044353 0.431301
v 0.205726 0.044800 0.434299
v 0.216813 0.046161 0.492233
v 0.222646 0.045687 0.493298
v 0.194767 0.044731 0.437931
v 0.196000 0.044235 0.430300
v 0.190005 0.044292 0.435482
v 0.258952 0.041090 0.374188
v 0.253021 0.041595 0.374507
v 0.252548 0.041302 0.379541
v 0.251667 0.039408 0.399536
v 0.217450 0.042369 0.406465
v 0.212604 0.042362 0.408009
v 0.237849 0.041623 0.398678
v 0.237944 0.041243 0.403968
v 0.242027 0.040994 0.400095
v 0.253691 0.040430 0.386728
v 0.261423 0.038324 0.389738
v 0.259794 0.039998 0.381431
v 0.276071 0.040512 0.364596
v 0.275017 0.039615 0.371697
v 0.281028 0.039628 0.367879
v 0.278969 0.035395 0.392615
v 0.288830 0.036503 0.387308
v 0.284205 0.036499 0.383634
v 0.273961 0.035475 0.400166
v 0.268219 0.035985 0.395746
v 0.336878 0.041017 0.444797
v 0.334167 0.041407 0.439506
v 0.218514 0.043295 0.541348
v 0.213232 0.043434 0.543600
v 0.217132 0.042789 0.548478
v 0.260391 0.042950 0.497398
v 0.254673 0.043881 0.489794
v 0.253726 0.043733 0.494221
v 0.250165 0.042633 0.365644
v 0.255764 0.042615 0.361974
v 0.249231 0.043068 0.359207
v 0.231032 0.042948 0.366457
v 0.226767 0.042959 0.368263
v 0.233630 0.042722 0.376075
v 0.254058 0.043465 0.352392
v 0.344684 0.037678 0.515783
v 0.254067 0.043109 0.357105
v 0.242682 0.043425 0.358485
v 0.292926 0.042769 0.452322
v 0.294245 0.042628 0.456687
v 0.301140 0.042571 0.457160
v 0.201320 0.044613 0.435469
v 0.203642 0.045107 0.439138
v 0.313934 0.039517 0.388760
v 0.308051 0.039457 0.396352
v 0.257194 0.041815 0.368155
v 0.250979 0.041979 0.371208
v 0.288060 0.042266 0.475570
v 0.284239 0.042785 0.469699
v 0.281778 0.042756 0.473170
v 0.241530 0.042432 0.539412
v 0.236386 0.042404 0.545335
v 0.243813 0.042236 0.543415
v 0.239689 0.043650 0.431236
v 0.249092 0.040669 0.390681
v 0.254847 0.039313 0.393349
v 0.260057 0.042115 0.522870
v 0.263984 0.041762 0.523715
v 0.265553 0.041714 0.516793
v 0.232103 0.041841 0.407274
v 0.235793 0.041830 0.412237
v 0.245143 0.042832 0.364546
v 0.240419 0.042901 0.367295
v 0.210798 0.042195 0.394355
v 0.219294 0.042044 0.390483
v 0.342870 0.039843 0.476305
v 0.336352 0.040074 0.474750
v 0.339068 0.039548 0.482640
v 0.239426 0.043593 0.511870
v 0.235843 0.044203 0.510084
v 0.237976 0.043754 0.514047
v 0.188318 0.044745 0.540221
v 0.195051 0.044459 0.538597
v 0.187999 0.045317 0.532554
v 0.234908 0.042316 0.552889
v 0.236361 0.042727 0.370002
v 0.235845 0.043110 0.362716
v 0.248579 0.042338 0.534174
v 0.235221 0.043214 0.527067
v 0.236651 0.042780 0.534409
v 0.242621 0.042874 0.525364
v 0.250212 0.044280 0.446436
v 0.247150 0.044068 0.442126
v 0.247214 0.044699 0.451166
v 0.244551 0.042064 0.554631
v 0.250446 0.042131 0.544035
v 0.241390 0.042081 0.551033
v 0.194244 0.045579 0.522554
v 0.193396 0.045732 0.518017
v 0.189118 0.046000 0.519953
v 0.252144 0.039524 0.396374
v 0.250146 0.039925 0.394348
v 0.218112 0.043190 0.417915
v 0.216579 0.042767 0.412017
v 0.246383 0.040347 0.405075
v 0.201247 0.046202 0.497596
v 0.206048 0.046542 0.485208
v 0.198559 0.046574 0.489598
v 0.326552 0.037384 0.540094
v 0.327210 0.037626 0.534852
v 0.317781 0.037649 0.541517
v 0.245408 0.042502 0.369922
v 0.254801 0.044107 0.347185
v 0.261579 0.043316 0.351040
v 0.258210 0.044077 0.343988
v 0.331776 0.039683 0.488167
v 0.323874 0.039626 0.492372
v 0.305005 0.038070 0.370378
v 0.241019 0.042290 0.378078
v 0.246355 0.042202 0.376475
v 0.240231 0.042446 0.373814
v 0.229135 0.042450 0.552668
v 0.207661 0.046137 0.496933
v 0.211751 0.046247 0.490636
v 0.207177 0.046342 0.491407
v 0.232453 0.043636 0.426953
v 0.228347 0.044235 0.429840
v 0.261244 0.037104 0.402392
v 0.255621 0.038655 0.409371
v 0.265589 0.036494 0.406578
v 0.290658 0.037911 0.373565
v 0.200114 0.043026 0.413824
v 0.202745 0.043363 0.418825
v 0.341589 0.038414 0.500370
v 0.337804 0.038765 0.498729
v 0.334406 0.038400 0.506826
v 0.304224 0.041005 0.424255
v 0.310262 0.038195 0.374565
v 0.309202 0.038113 0.369460
v 0.303454 0.040523 0.417960
v 0.247008 0.040566 0.396879
v 0.247738 0.040648 0.393574
v 0.244478 0.041223 0.392308
v 0.205372 0.042238 0.404196
v 0.201389 0.042707 0.409200
v 0.222282 0.042530 0.412399
v 0.323593 0.039941 0.382397
v 0.319938 0.040374 0.391131
v 0.325761 0.040414 0.389097
v 0.235839 0.043643 0.515143
v 0.237542 0.043403 0.519785
v 0.262134 0.044144 0.469783
v 0.268459 0.043801 0.471187
v 0.261842 0.044290 0.465439
v 0.238465 0.044520 0.501869
v 0.234276 0.045044 0.495511
v 0.232236 0.044751 0.502609
v 0.332318 0.039163 0.494510
v 0.332633 0.038768 0.499992
v 0.208702 0.044416 0.532679
v 0.211400 0.044005 0.533592
v 0.209254 0.044444 0.528899
v 0.306446 0.038354 0.364396
v 0.192923 0.046003 0.512266
v 0.186823 0.046132 0.515827
v 0.263184 0.041873 0.534289
v 0.259440 0.042041 0.529890
v 0.257014 0.042067 0.536940
v 0.255627 0.044535 0.453031
v 0.251685 0.044443 0.450029
v 0.249554 0.044890 0.457406
v 0.305266 0.040213 0.412910
v 0.306648 0.039902 0.406960
v 0.310419 0.039911 0.399480
v 0.197131 0.045097 0.441397
v 0.268258 0.037446 0.387072
v 0.267931 0.038713 0.381300
v 0.264231 0.039096 0.384020
v 0.344216 0.037200 0.535576
v 0.348889 0.037163 0.529669
v 0.255545 0.043322 0.500087
v 0.248987 0.043825 0.499665
v 0.254585 0.042931 0.508588
v 0.190218 0.044877 0.439277
v 0.245716 0.045266 0.461493
v 0.243829 0.045204 0.457962
v 0.241602 0.045695 0.464903
v 0.231650 0.042555 0.542934
v 0.350976 0.036798 0.536188
v 0.350019 0.037044 0.532815
v 0.337786 0.040702 0.461032
v 0.331814 0.040942 0.462497
v 0.263020 0.041822 0.364251
v 0.276636 0.043151 0.467186
v 0.272834 0.043492 0.465965
v 0.273636 0.043440 0.469065
v 0.224218 0.040992 0.573949
v 0.227451 0.041568 0.567461
v 0.222568 0.041132 0.570585
v 0.302805 0.038601 0.360804
v 0.327186 0.040210 0.484059
v 0.321512 0.040225 0.485069
v 0.209540 0.045798 0.447151
v 0.210942 0.045202 0.438512
v 0.203926 0.045777 0.445286
v 0.224816 0.042815 0.372202
v 0.319506 0.039213 0.377117
v 0.313785 0.038708 0.380993
v 0.237738 0.042454 0.539566
v 0.242268 0.042600 0.534142
v 0.222368 0.042751 0.374330
v 0.218602 0.042746 0.375246
v 0.225599 0.042681 0.378817
v 0.311297 0.040818 0.416677
v 0.309206 0.041158 0.422212
v 0.315101 0.041238 0.420518
v 0.207736 0.043571 0.420707
v 0.232581 0.043861 0.517734
v 0.204480 0.046558 0.478548
v 0.210603 0.046497 0.473681
v 0.207507 0.046550 0.471935
v 0.199655 0.046549 0.482016
v 0.201981 0.046537 0.484149
v 0.194745 0.042681 0.392642
v 0.196389 0.042335 0.397179
v 0.201929 0.042424 0.395544
v 0.195117 0.042709 0.410092
v 0.237128 0.041614 0.562423
v 0.237154 0.041992 0.558067
v 0.317821 0.037845 0.529945
v 0.316748 0.037514 0.535156
v 0.321896 0.037508 0.532601
v 0.230514 0.043419 0.527388
v 0.222821 0.045972 0.485019
v 0.217606 0.046349 0.480617
v 0.241013 0.042471 0.422076
v 0.240841 0.042980 0.426355
v 0.244760 0.042616 0.426032
v 0.239021 0.045382 0.486762
v 0.230267 0.045862 0.482003
v 0.229933 0.045599 0.489562
v 0.200889 0.042199 0.399662
v 0.206587 0.042058 0.398866
v 0.269436 0.039387 0.376221
v 0.266285 0.040444 0.373411
v 0.264940 0.039717 0.378767
v 0.195563 0.043834 0.553605
v 0.198315 0.043516 0.554395
v 0.197309 0.043829 0.551165
v 0.314719 0.039934 0.395426
v 0.310762 0.038256 0.378861
v 0.211387 0.045758 0.498312
v 0.307344 0.040683 0.416771
v 0.303300 0.041431 0.430647
v 0.306632 0.041564 0.429349
v 0.311974 0.038568 0.363363
v 0.311051 0.040835 0.412482
v 0.307398 0.041206 0.426303
v 0.231401 0.043131 0.534971
v 0.331692 0.040027 0.479595
v 0.324473 0.040631 0.476496
v 0.306881 0.038996 0.357394
v 0.314643 0.038852 0.357674
v 0.310846 0.038641 0.357521
v 0.316628 0.038786 0.361772
v 0.319410 0.039146 0.365684
v 0.310969 0.041485 0.428214
v 0.322683 0.041069 0.407094
v 0.321740 0.040753 0.402016
v 0.316428 0.040926 0.409912
v 0.322995 0.040841 0.395683
v 0.343119 0.038941 0.488317
v 0.337194 0.039130 0.492220
v 0.320128 0.039056 0.360628
v 0.325268 0.041202 0.403571
v 0.321664 0.041388 0.422177
v 0.316789 0.041560 0.428895
v 0.312751 0.041712 0.433320
v 0.306915 0.041712 0.434331
v 0.318440 0.039474 0.356239
v 0.225174 0.042480 0.549861
v 0.339096 0.037994 0.510916
v 0.334038 0.037569 0.518891
v 0.338917 0.037629 0.519480
v 0.290564 0.037017 0.382087
v 0.296025 0.037318 0.382888
v 0.294680 0.037580 0.378477
v 0.329172 0.040971 0.398336
v 0.321156 0.041126 0.415504
v 0.322115 0.041408 0.410882
v 0.324966 0.041010 0.409337
v 0.326563 0.041393 0.412764
v 0.330140 0.041419 0.407560
v 0.345935 0.037893 0.509532
v 0.304865 0.042125 0.448176
v 0.309933 0.041760 0.445857
v 0.310691 0.041987 0.441088
v 0.227021 0.041662 0.561959
v 0.288831 0.039628 0.516672
v 0.277622 0.040614 0.517324
v 0.326886 0.041362 0.417688
v 0.346188 0.038294 0.502108
v 0.268578 0.043753 0.463954
v 0.309904 0.042095 0.454496
v 0.307861 0.042093 0.460030
v 0.315244 0.041770 0.460062
v 0.317702 0.040760 0.478418
v 0.328195 0.037540 0.528352
v 0.333911 0.037410 0.528790
v 0.230550 0.044381 0.509087
v 0.315974 0.041695 0.442024
v 0.313361 0.041967 0.447322
v 0.318682 0.041867 0.444632
v 0.315492 0.040407 0.485579
v 0.300577 0.039214 0.507661
v 0.304610 0.039470 0.503394
v 0.297650 0.040050 0.502139
v 0.350475 0.037394 0.520166
v 0.349628 0.037641 0.512060
v 0.290658 0.042492 0.447903
v 0.295959 0.042161 0.446180
v 0.288437 0.042325 0.443869
v 0.308835 0.037917 0.530217
v 0.304080 0.038336 0.531006
v 0.304592 0.038181 0.532919
v 0.194361 0.045338 0.526962
v 0.189196 0.045603 0.523877
v 0.251861 0.042581 0.525514
v 0.338995 0.040797 0.456538
v 0.341383 0.040586 0.453287
v 0.320162 0.041676 0.450846
v 0.282038 0.042347 0.478438
v 0.307609 0.038215 0.542305
v 0.308379 0.038304 0.547760
v 0.250069 0.045087 0.469784
v 0.257053 0.044504 0.474993
v 0.257962 0.044739 0.469417
v 0.236351 0.041945 0.555151
v 0.232472 0.041849 0.559840
v 0.218481 0.042282 0.554779
v 0.214091 0.041565 0.565820
v 0.221621 0.041782 0.561110
v 0.281066 0.038619 0.373854
v 0.286546 0.039144 0.367696
v 0.302117 0.040013 0.497189
v 0.303399 0.040278 0.492154
v 0.297012 0.040689 0.491533
v 0.229803 0.044952 0.442939
v 0.275802 0.043185 0.473382
v 0.320851 0.039804 0.490445
v 0.286000 0.042663 0.449393
v 0.279260 0.043171 0.448379
v 0.250392 0.041780 0.425277
v 0.252114 0.040269 0.417317
v 0.245521 0.041460 0.419344
v 0.211311 0.043698 0.421251
v 0.268856 0.042789 0.350798
v 0.268837 0.042142 0.356274
v 0.269336 0.041341 0.361846
v 0.274235 0.041412 0.359883
v 0.207963 0.045067 0.517938
v 0.204429 0.045077 0.523077
v 0.210784 0.044783 0.522975
v 0.323166 0.041593 0.428682
v 0.270644 0.044164 0.331232
v 0.277578 0.042743 0.338875
v 0.280007 0.042898 0.332640
v 0.320102 0.040562 0.342805
v 0.314679 0.040080 0.345387
v 0.319380 0.039951 0.348644
v 0.301119 0.038537 0.541790
v 0.299352 0.038829 0.548229
v 0.247697 0.043515 0.508608
v 0.242258 0.043861 0.508493
v 0.248445 0.043091 0.516109
v 0.316736 0.041447 0.336361
v 0.322275 0.040983 0.337350
v 0.317849 0.041887 0.332536
v 0.221630 0.041485 0.567236
v 0.216558 0.041156 0.574022
v 0.232035 0.041630 0.400624
v 0.299224 0.039161 0.358295
v 0.303952 0.039167 0.355104
v 0.299005 0.039795 0.352221
v 0.225232 0.045501 0.501483
v 0.224615 0.044942 0.504753
v 0.328608 0.041466 0.424002
v 0.279411 0.040959 0.358719
v 0.285112 0.040266 0.361528
v 0.283221 0.041147 0.355324
v 0.311443 0.042461 0.329640
v 0.311007 0.041513 0.335577
v 0.309434 0.039017 0.505869
v 0.316868 0.038953 0.503538
v 0.311302 0.039499 0.499597
v 0.289474 0.040231 0.555849
v 0.290685 0.039755 0.549765
v 0.341460 0.037329 0.531243
v 0.320558 0.040881 0.474263
v 0.224054 0.042028 0.392386
v 0.225373 0.041985 0.390650
v 0.296832 0.039554 0.508388
v 0.299196 0.039008 0.513043
v 0.295278 0.041578 0.335804
v 0.297242 0.042118 0.330870
v 0.292338 0.041775 0.333408
v 0.305285 0.038256 0.545342
v 0.325733 0.041828 0.329777
v 0.321897 0.042104 0.331675
v 0.328040 0.041298 0.336788
v 0.333766 0.037395 0.533658
v 0.282958 0.042015 0.338670
v 0.282643 0.041584 0.346963
v 0.288193 0.041560 0.339521
v 0.243922 0.045375 0.480702
v 0.248907 0.044717 0.481970
v 0.240812 0.045579 0.474702
v 0.296466 0.038936 0.538698
v 0.307822 0.038064 0.536307
v 0.298936 0.042491 0.462995
v 0.295276 0.042606 0.459457
v 0.292351 0.042538 0.462553
v 0.312320 0.043137 0.323515
v 0.309981 0.043493 0.316577
v 0.307219 0.042988 0.323797
v 0.409200 0.032511 0.588841
v 0.382092 0.033797 0.578423
v 0.382020 0.035010 0.598592
v 0.300225 0.041048 0.338533
v 0.302795 0.040788 0.342366
v 0.307957 0.040802 0.340744
v 0.300042 0.041582 0.436054
v 0.294044 0.041510 0.433808
v 0.294510 0.041969 0.438896
v 0.316102 0.043139 0.319792
v 0.265878 0.041505 0.529740
v 0.270059 0.041213 0.530682
v 0.306251 0.040238 0.344836
v 0.278602 0.043146 0.464480
v 0.273441 0.043380 0.463593
v 0.406840 0.035090 0.605387
v 0.300077 0.038629 0.529997
v 0.316768 0.042622 0.327060
v 0.227126 0.045448 0.497298
v 0.256103 0.042607 0.518119
v 0.314776 0.042042 0.453326
v 0.300082 0.040509 0.345942
v 0.295479 0.040418 0.348582
v 0.273298 0.041176 0.510368
v 0.277328 0.041088 0.506257
v 0.270842 0.041809 0.503177
v 0.217230 0.042340 0.380927
v 0.293922 0.039124 0.544238
v 0.327268 0.037677 0.521639
v 0.320611 0.037853 0.520782
v 0.214904 0.045157 0.511948
v 0.215229 0.044603 0.520994
v 0.218230 0.044775 0.517684
v 0.226559 0.044411 0.512141
v 0.227419 0.045109 0.504202
v 0.286957 0.042272 0.333859
v 0.262826 0.044142 0.473762
v 0.252015 0.042151 0.537637
v 0.300853 0.042273 0.467453
v 0.303186 0.042212 0.464709
v 0.200564 0.042216 0.580079
v 0.203046 0.042169 0.571697
v 0.198387 0.042577 0.575279
v 0.324532 0.040205 0.348705
v 0.327493 0.040368 0.344808
v 0.283541 0.042752 0.464785
v 0.218848 0.044890 0.511582
v 0.217332 0.045302 0.509863
v 0.354486 0.037174 0.524718
v 0.301667 0.041734 0.474283
v 0.307623 0.041869 0.466774
v 0.303655 0.040296 0.344728
v 0.301103 0.041156 0.483369
v 0.295120 0.041719 0.478726
v 0.325086 0.041562 0.441755
v 0.324820 0.041600 0.434315
v 0.321082 0.041651 0.437471
v 0.263854 0.043811 0.479580
v 0.312952 0.037922 0.525639
v 0.282271 0.041230 0.497600
v 0.287066 0.041216 0.491839
v 0.280823 0.041764 0.491184
v 0.189958 0.046378 0.469509
v 0.190907 0.046450 0.477557
v 0.195925 0.046576 0.469694
v 0.232151 0.041619 0.565131
v 0.347779 0.039137 0.482943
v 0.351568 0.039429 0.473268
v 0.224443 0.042535 0.386052
v 0.229552 0.042259 0.390100
v 0.327738 0.038161 0.514235
v 0.328810 0.038452 0.506719
v 0.321076 0.038399 0.510522
v 0.323215 0.039663 0.359384
v 0.314696 0.037686 0.538205
v 0.231539 0.041302 0.572865
v 0.226518 0.041985 0.406324
v 0.225711 0.041903 0.399369
v 0.290898 0.039285 0.417397
v 0.313285 0.039966 0.492540
v 0.308276 0.040554 0.487250
v 0.307443 0.039959 0.495266
v 0.339957 0.040488 0.468336
v 0.262094 0.041876 0.540815
v 0.240251 0.041850 0.416622
v 0.248184 0.044259 0.494007
v 0.235940 0.043046 0.422337
v 0.303012 0.041921 0.441605
v 0.339404 0.037536 0.525763
v 0.258689 0.044092 0.480088
v 0.262874 0.043549 0.484047
v 0.190373 0.045002 0.442778
v 0.267929 0.037531 0.414789
v 0.260014 0.038356 0.413809
v 0.258151 0.040110 0.422241
v 0.282493 0.040166 0.536297
v 0.287699 0.039662 0.540982
v 0.269306 0.041711 0.552372
v 0.198720 0.046287 0.461828
v 0.205304 0.046292 0.464469
v 0.210498 0.046097 0.454461
v 0.204329 0.046395 0.458393
v 0.246395 0.042702 0.530105
v 0.240542 0.045434 0.481174
v 0.236045 0.045714 0.479853
v 0.228274 0.042440 0.412173
v 0.235984 0.045069 0.490924
v 0.264439 0.042157 0.505461
v 0.270919 0.041233 0.524531
v 0.324431 0.039605 0.374825
v 0.283005 0.040629 0.429390
v 0.274347 0.040968 0.431045
v 0.279491 0.041647 0.434286
v 0.327753 0.038809 0.501862
v 0.292137 0.039098 0.522603
v 0.285356 0.042250 0.440533
v 0.278810 0.042492 0.443005
v 0.262279 0.040146 0.376934
v 0.270590 0.039786 0.372175
v 0.262639 0.040573 0.427233
v 0.269303 0.040033 0.426265
v 0.266969 0.039302 0.422106
v 0.243433 0.044043 0.436751
v 0.246746 0.043107 0.432259
v 0.226621 0.043220 0.420924
v 0.222145 0.044497 0.429363
v 0.218899 0.045119 0.438070
v 0.223822 0.045218 0.441836
v 0.281388 0.040067 0.531276
v 0.277546 0.040572 0.528339
v 0.265977 0.042309 0.500589
v 0.228080 0.042064 0.394426
v 0.182782 0.045985 0.521573
v 0.186037 0.045638 0.526679
v 0.316694 0.041574 0.436500
v 0.227351 0.042631 0.541214
v 0.226662 0.043369 0.533074
v 0.222162 0.044965 0.508551
v 0.241172 0.041249 0.395483
v 0.267694 0.041532 0.535605
v 0.243207 0.042863 0.429390
v 0.289373 0.041900 0.438240
v 0.287380 0.041413 0.433452
v 0.248102 0.045226 0.463806
v 0.192421 0.046502 0.486445
v 0.191170 0.046368 0.498738
v 0.295442 0.037250 0.387139
v 0.251924 0.044768 0.477921
v 0.212873 0.042438 0.558213
v 0.211871 0.041932 0.389420
v 0.213953 0.042232 0.385748
v 0.192865 0.044068 0.425854
v 0.187489 0.043786 0.428196
v 0.329883 0.041565 0.435123
v 0.333862 0.041369 0.434355
v 0.333138 0.041377 0.430880
v 0.309123 0.038700 0.511596
v 0.304392 0.039125 0.509080
v 0.214001 0.044142 0.528303
v 0.215906 0.043695 0.535649
v 0.219128 0.044190 0.525567
v 0.272494 0.041882 0.435254
v 0.273997 0.042193 0.439203
v 0.203194 0.044107 0.426083
v 0.239474 0.041629 0.390445
v 0.243932 0.041904 0.384467
v 0.233503 0.042447 0.385838
v 0.281112 0.041907 0.581276
v 0.276141 0.042213 0.579718
v 0.279468 0.042849 0.474361
v 0.278083 0.042957 0.472191
v 0.223575 0.042055 0.394734
v 0.290271 0.037548 0.378079
v 0.305974 0.038493 0.518694
v 0.314125 0.038116 0.519349
v 0.313525 0.038466 0.514732
v 0.282628 0.038035 0.415207
v 0.203332 0.045286 0.515833
v 0.269548 0.042814 0.486085
v 0.353701 0.037009 0.530766
v 0.308274 0.037858 0.523502
v 0.230749 0.044309 0.433289
v 0.228082 0.044598 0.434309
v 0.323009 0.039320 0.369650
v 0.253642 0.043290 0.593577
v 0.259159 0.044332 0.589991
v 0.254979 0.042888 0.584967
v 0.265375 0.042696 0.577275
v 0.318226 0.039985 0.489658
v 0.271634 0.043566 0.459262
v 0.282736 0.037244 0.409854
v 0.263962 0.044214 0.458060
v 0.267723 0.044005 0.459410
v 0.341808 0.038788 0.494221
v 0.317821 0.039662 0.494308
v 0.309635 0.037779 0.533082
v 0.210951 0.041025 0.578390
v 0.212490 0.041406 0.572688
v 0.208608 0.041599 0.573523
v 0.254915 0.041931 0.371696
v 0.340697 0.040853 0.447939
v 0.282750 0.041931 0.437902
v 0.206683 0.042734 0.558227
v 0.202820 0.042612 0.563597
v 0.208199 0.042263 0.564940
v 0.224504 0.045720 0.448328
v 0.218474 0.046214 0.457536
v 0.230577 0.045525 0.450488
v 0.221263 0.042152 0.407260
v 0.216051 0.044681 0.431852
v 0.194494 0.045523 0.447778
v 0.276431 0.041332 0.551418
v 0.273797 0.041610 0.548196
v 0.204661 0.044488 0.531400
v 0.203871 0.046030 0.455017
v 0.258347 0.043885 0.485278
v 0.265881 0.042611 0.494974
v 0.321542 0.037933 0.535390
v 0.275199 0.038388 0.419344
v 0.344369 0.040308 0.461420
v 0.287278 0.038622 0.372308
v 0.224278 0.044332 0.433247
v 0.273428 0.038242 0.379341
v 0.278738 0.037224 0.381414
v 0.204180 0.043736 0.544127
v 0.202517 0.043412 0.552040
v 0.210749 0.043109 0.551328
v 0.282611 0.039165 0.420425
v 0.323548 0.041346 0.459018
v 0.234790 0.041900 0.394036
v 0.227296 0.043786 0.522580
v 0.319654 0.041673 0.440381
v 0.310622 0.041363 0.474978
v 0.244209 0.041892 0.568331
v 0.250688 0.042255 0.564804
v 0.301435 0.043237 0.320908
v 0.301722 0.042729 0.326823
v 0.306008 0.042574 0.328044
v 0.320469 0.041602 0.433136
v 0.275986 0.042382 0.486653
v 0.276085 0.042143 0.491099
v 0.293263 0.042659 0.327483
v 0.320453 0.041288 0.465988
v 0.316224 0.041369 0.470357
v 0.328335 0.041538 0.429460
v 0.331148 0.041530 0.427345
v 0.265836 0.043128 0.488638
v 0.354568 0.037890 0.501389
v 0.348255 0.038544 0.493236
v 0.288320 0.041579 0.485577
v 0.282010 0.041931 0.487087
v 0.264493 0.040990 0.369144
v 0.269609 0.041012 0.365926
v 0.223506 0.043751 0.526619
v 0.221531 0.043478 0.534259
v 0.222585 0.044465 0.517444
v 0.222309 0.042837 0.543375
v 0.321796 0.040899 0.471695
v 0.194437 0.042497 0.402642
v 0.293634 0.042296 0.473789
v 0.289059 0.042487 0.472702
v 0.285326 0.042832 0.461078
v 0.289183 0.042739 0.457777
v 0.284179 0.043028 0.457588
v 0.300641 0.038571 0.525104
v 0.303696 0.038122 0.528974
v 0.306990 0.038072 0.526901
v 0.326101 0.041355 0.448902
v 0.324398 0.041505 0.452757
v 0.198413 0.042900 0.568254
v 0.273228 0.043165 0.449546
v 0.268911 0.043372 0.451328
v 0.273822 0.043251 0.453603
v 0.227785 0.041180 0.572023
v 0.275161 0.041657 0.500192
v 0.206310 0.045552 0.511838
v 0.200223 0.045858 0.509586
v 0.182979 0.044282 0.573059
v 0.187370 0.043865 0.567179
v 0.182727 0.044367 0.563093
v 0.178350 0.044289 0.586049
v 0.178522 0.044110 0.591533
v 0.181626 0.044003 0.584126
v 0.244421 0.044094 0.502349
v 0.180534 0.044775 0.554032
v 0.186848 0.044214 0.558230
v 0.278739 0.043047 0.470263
v 0.296918 0.042025 0.441520
v 0.190480 0.043099 0.581114
v 0.192553 0.043162 0.579675
v 0.194194 0.043037 0.574988
v 0.193877 0.043609 0.563088
v 0.191925 0.044099 0.553159
v 0.335403 0.041407 0.425683
v 0.214843 0.046298 0.498077
v 0.313374 0.041804 0.429838
v 0.193225 0.042843 0.583824
v 0.174744 0.044267 0.590953
v 0.178090 0.044438 0.579827
v 0.171706 0.044753 0.578673
v 0.311855 0.040868 0.481409
v 0.276934 0.043247 0.457640
v 0.282117 0.042797 0.454046
v 0.341873 0.040946 0.440701
v 0.282111 0.042051 0.482974
v 0.190327 0.045160 0.528224
v 0.178560 0.044723 0.561669
v 0.175179 0.044718 0.566438
v 0.178640 0.044558 0.569910
v 0.188352 0.044547 0.546446
v 0.194789 0.044261 0.545812
v 0.211114 0.046305 0.485327
v 0.215201 0.042784 0.553464
v 0.262236 0.041873 0.557888
v 0.256038 0.041898 0.558955
v 0.272363 0.039436 0.423377
v 0.284966 0.040414 0.548469
v 0.279050 0.040769 0.543836
v 0.327067 0.040731 0.393252
v 0.294511 0.041295 0.483924
v 0.289771 0.042019 0.480276
v 0.185831 0.043550 0.589139
v 0.181559 0.043757 0.594338
v 0.260554 0.043144 0.585506
v 0.302353 0.038812 0.357950
v 0.322854 0.039882 0.353343
v 0.275252 0.035859 0.406580
v 0.232767 0.045783 0.456924
v 0.238342 0.045615 0.459206
v 0.240206 0.045246 0.451376
v 0.186839 0.043871 0.577273
v 0.190480 0.043562 0.572451
v 0.213844 0.045557 0.503609
v 0.210216 0.043789 0.538673
v 0.200133 0.043235 0.558267
v 0.195881 0.043754 0.556357
v 0.210192 0.045532 0.508139
v 0.199637 0.043711 0.548344
v 0.208524 0.044004 0.535322
v 0.205865 0.044035 0.537753
v 0.212130 0.045129 0.518139
v 0.200731 0.044431 0.535710
v 0.210359 0.045167 0.513787
v 0.274582 0.041807 0.354956
v 0.194727 0.044936 0.532302
v 0.198975 0.044891 0.530712
v 0.193962 0.046295 0.505523
v 0.186243 0.046334 0.507852
v 0.199492 0.045200 0.525730
v 0.198740 0.045645 0.516819
v 0.182600 0.045529 0.535455
v 0.182289 0.045131 0.542886
v 0.197951 0.045430 0.521186
v 0.272486 0.042197 0.493100
v 0.180808 0.045825 0.528342
v 0.323868 0.039030 0.500233
v 0.261122 0.042564 0.357983
v 0.261613 0.042468 0.598114
v 0.340934 0.037363 0.537299
v 0.184866 0.044593 0.550040
v 0.307060 0.041163 0.480028
v 0.236072 0.046020 0.468290
v 0.232770 0.045868 0.463693
v 0.198773 0.042971 0.562935
v 0.281404 0.042904 0.458333
v 0.279936 0.043025 0.461055
v 0.225570 0.046132 0.461588
v 0.224520 0.046276 0.469812
v 0.276991 0.039861 0.425496
v 0.285397 0.040291 0.424222
v 0.290558 0.042203 0.470877
v 0.212243 0.046411 0.478452
v 0.263993 0.043603 0.345249
v 0.289624 0.042574 0.466510
v 0.259784 0.043509 0.444496
v 0.255101 0.044180 0.447087
v 0.231215 0.045991 0.471032
v 0.196564 0.042592 0.582110
v 0.192202 0.045989 0.455521
v 0.200793 0.045892 0.451265
v 0.296976 0.039004 0.519554
v 0.174610 0.044914 0.558149
v 0.295327 0.042235 0.470241
v 0.333054 0.037982 0.514971
v 0.254144 0.043614 0.442774
v 0.197282 0.046142 0.457248
v 0.281623 0.040473 0.510925
v 0.315328 0.038648 0.510405
v 0.290085 0.040130 0.506705
v 0.248295 0.044358 0.489881
v 0.246015 0.044862 0.484978
v 0.275814 0.043213 0.461321
v 0.268752 0.043835 0.455963
v 0.291059 0.040574 0.498633
v 0.219307 0.042274 0.385641
v 0.257471 0.042044 0.540231
v 0.271830 0.040536 0.428519
v 0.295686 0.042167 0.466020
v 0.210504 0.042265 0.382445
v 0.288579 0.037470 0.404181
v 0.254630 0.044850 0.462375
v 0.259414 0.044268 0.461099
v 0.333461 0.037139 0.539551
v 0.302988 0.040729 0.488427
v 0.217767 0.045618 0.447619
v 0.264399 0.042005 0.552255
v 0.321562 0.037583 0.545360
v 0.191172 0.046307 0.462134
v 0.284635 0.036090 0.398356
v 0.293338 0.037354 0.396231
v 0.292626 0.036979 0.391683
v 0.258754 0.044346 0.457327
v 0.268265 0.043179 0.481521
v 0.303927 0.041929 0.332911
v 0.281516 0.040862 0.504772
v 0.322718 0.037490 0.550170
v 0.316273 0.037844 0.548864
v 0.318679 0.037690 0.557023
v 0.235455 0.040952 0.580065
v 0.330185 0.037137 0.547017
v 0.331935 0.037205 0.544685
v 0.326871 0.037410 0.545549
v 0.249233 0.042137 0.592477
v 0.242981 0.041016 0.594798
v 0.246931 0.041554 0.601044
v 0.335033 0.036581 0.554130
v 0.332931 0.036756 0.558089
v 0.338967 0.036320 0.560325
v 0.274223 0.042214 0.574776
v 0.283220 0.041589 0.568807
v 0.279113 0.041765 0.567320
v 0.256272 0.042193 0.565511
v 0.262252 0.042246 0.568236
v 0.225983 0.038987 0.596097
v 0.226148 0.039805 0.589097
v 0.221696 0.038743 0.597591
v 0.177583 0.043909 0.603281
v 0.183502 0.043366 0.604160
v 0.240644 0.041615 0.575438
v 0.247099 0.041973 0.574010
v 0.200782 0.041121 0.605327
v 0.197220 0.041770 0.601790
v 0.227496 0.039396 0.609602
v 0.230772 0.039821 0.609602
v 0.229926 0.039263 0.600334
v 0.254296 0.042436 0.574762
v 0.252227 0.042297 0.569683
v 0.279818 0.041614 0.560857
v 0.273727 0.042164 0.569220
v 0.237674 0.041618 0.572619
v 0.195523 0.041847 0.609602
v 0.204339 0.041737 0.579025
v 0.329065 0.037078 0.551091
v 0.327092 0.036974 0.556928
v 0.330851 0.036979 0.555296
v 0.297103 0.039714 0.565442
v 0.289295 0.040812 0.569085
v 0.290618 0.040960 0.575104
v 0.198964 0.042031 0.586796
v 0.190054 0.042808 0.594507
v 0.199339 0.041423 0.593243
v 0.195607 0.042159 0.592184
v 0.216645 0.039428 0.596272
v 0.213180 0.039851 0.595296
v 0.213998 0.038928 0.603916
v 0.172021 0.044137 0.604716
v 0.301513 0.038994 0.558398
v 0.301826 0.038879 0.553194
v 0.293675 0.039937 0.559810
v 0.278322 0.041987 0.575287
v 0.237947 0.041414 0.575828
v 0.188289 0.042800 0.607050
v 0.187739 0.042722 0.609601
v 0.215985 0.038506 0.609602
v 0.217824 0.038448 0.609602
v 0.356940 0.035758 0.554773
v 0.361987 0.035413 0.560419
v 0.361745 0.035517 0.555244
v 0.340876 0.036581 0.550254
v 0.334434 0.037065 0.548140
v 0.352851 0.036324 0.546113
v 0.347718 0.036423 0.550963
v 0.185909 0.042956 0.609600
v 0.214735 0.040583 0.584414
v 0.217951 0.040120 0.588029
v 0.190948 0.042366 0.609602
v 0.192008 0.042175 0.609601
v 0.305723 0.038463 0.561129
v 0.311418 0.038112 0.554540
v 0.305844 0.038410 0.554283
v 0.334712 0.036323 0.572152
v 0.334166 0.036563 0.563668
v 0.325957 0.037000 0.564682
v 0.186594 0.042715 0.609602
v 0.226414 0.040589 0.583119
v 0.231102 0.040837 0.580474
v 0.359750 0.035848 0.550599
v 0.268525 0.041900 0.559527
v 0.270313 0.041770 0.565869
v 0.274716 0.041755 0.558141
v 0.209803 0.040853 0.587516
v 0.205658 0.040851 0.592750
v 0.223801 0.040588 0.580265
v 0.221051 0.039598 0.591597
v 0.207428 0.041424 0.580795
v 0.301252 0.039416 0.570749
v 0.303205 0.039591 0.575058
v 0.306289 0.038638 0.571648
v 0.205067 0.041643 0.582850
v 0.346889 0.036231 0.555596
v 0.202401 0.041039 0.595984
v 0.204605 0.040734 0.602045
v 0.208384 0.040200 0.600174
v 0.285263 0.040483 0.553967
v 0.212818 0.040916 0.581059
v 0.219709 0.040559 0.579203
v 0.259052 0.042418 0.576452
v 0.205843 0.040420 0.609601
v 0.345093 0.035853 0.567615
v 0.211010 0.039479 0.604631
v 0.207969 0.040078 0.609602
v 0.272270 0.041863 0.555356
v 0.217540 0.038530 0.601203
v 0.337878 0.036894 0.545892
v 0.216820 0.038368 0.606119
v 0.309448 0.038327 0.566550
v 0.312577 0.038092 0.560674
v 0.230737 0.040192 0.589728
v 0.235726 0.040441 0.589921
v 0.282568 0.041868 0.575012
v 0.200136 0.041591 0.598516
v 0.346705 0.036896 0.540222
v 0.285170 0.040856 0.562470
v 0.341686 0.036114 0.556221
v 0.253039 0.040855 0.609602
v 0.237306 0.040614 0.601216
v 0.236073 0.040375 0.609602
v 0.237861 0.040760 0.594798
v 0.341075 0.036896 0.542479
v 0.335878 0.036916 0.543391
v 0.345214 0.036202 0.560467
v 0.353273 0.035742 0.561650
v 0.312446 0.037928 0.571691
v 0.317634 0.037650 0.571478
v 0.317021 0.037540 0.565618
v 0.247844 0.041835 0.582561
v 0.240520 0.041306 0.582449
v 0.241691 0.041374 0.588874
v 0.362268 0.036156 0.541021
v 0.324336 0.036910 0.573253
v 0.317568 0.037471 0.578266
v 0.242190 0.040720 0.609601
v 0.247212 0.042027 0.589048
v 0.262457 0.040853 0.609601
v 0.322901 0.037340 0.546812
v 0.355950 0.036598 0.536609
v 0.193785 0.042062 0.609601
v 0.192888 0.042119 0.609601
v 0.280443 0.041249 0.554607
v 0.194808 0.042060 0.609599
v 0.367450 0.036189 0.533712
v 0.361380 0.036731 0.527584
v 0.189953 0.042399 0.609602
v 0.345645 0.036411 0.546043
v 0.298178 0.040076 0.580909
v 0.254545 0.042048 0.546726
v 0.335527 0.037694 0.514961
v 0.307674 0.038690 0.578105
v 0.338385 0.037116 0.538744
v 0.286763 0.041287 0.583795
v 0.366221 0.035415 0.552214
v 0.372661 0.035575 0.540381
v 0.372853 0.035001 0.550246
v 0.337001 0.041522 0.433353
v 0.290259 0.039970 0.358997
v 0.342445 0.041420 0.430588
v 0.241532 0.044684 0.494792
v 0.241391 0.043484 0.515744
v 0.294318 0.039874 0.356602
v 0.239756 0.044405 0.498040
v 0.241875 0.043940 0.503865
v 0.268151 0.041791 0.434294
v 0.256322 0.039605 0.416043
v 0.254332 0.042339 0.432872
v 0.225864 0.046055 0.476592
v 0.297096 0.038512 0.401925
v 0.211072 0.046470 0.463385
v 0.258143 0.041504 0.428239
v 0.283124 0.036680 0.405065
v 0.304337 0.042194 0.462226
v 0.276504 0.037064 0.412121
v 0.203316 0.046387 0.473038
v 0.299043 0.038018 0.393626
v 0.259897 0.041860 0.431220
v 0.216979 0.046455 0.468749
v 0.197602 0.046557 0.475314
v 0.260932 0.042410 0.436230
v 0.276531 0.035942 0.387828
v 0.267001 0.042316 0.438397
v 0.273600 0.035660 0.392128
v 0.231604 0.046063 0.476089
v 0.227413 0.045642 0.456450
v 0.207846 0.046325 0.467260
v 0.263057 0.043756 0.449937
v 0.266553 0.041198 0.430698
v 0.297680 0.040788 0.342005
v 0.293248 0.041031 0.341191
v 0.292181 0.037430 0.400756
v 0.273542 0.042776 0.341668
v 0.268625 0.043710 0.338839
v 0.273782 0.036861 0.385453
v 0.271621 0.036274 0.390133
v 0.293201 0.040808 0.345133
v 0.290523 0.040697 0.348944
v 0.330572 0.040659 0.473620
v 0.270535 0.040345 0.369540
v 0.320797 0.042552 0.325150
v 0.274636 0.042244 0.348837
v 0.268789 0.043289 0.344398
v 0.291267 0.040987 0.343491
v 0.289275 0.041285 0.344252
v 0.322429 0.040517 0.474403
v 0.314424 0.040867 0.339741
v 0.279127 0.041508 0.353580
v 0.329785 0.041027 0.415503
v 0.286300 0.042750 0.329089
v 0.332545 0.040440 0.469459
v 0.326363 0.040987 0.468532
v 0.319033 0.039595 0.351973
v 0.309196 0.039498 0.349833
v 0.331447 0.041357 0.413369
v 0.333097 0.041448 0.418394
v 0.304017 0.039980 0.348504
v 0.315050 0.039370 0.352151
v 0.293735 0.040331 0.352556
v 0.270396 0.042910 0.445274
v 0.273619 0.042950 0.447048
v 0.288714 0.040373 0.354621
v 0.337591 0.041391 0.412841
v 0.278823 0.036541 0.408153
v 0.285431 0.037577 0.377014
v 0.185231 0.046589 0.493010
v 0.266116 0.043026 0.443267
v 0.285883 0.036183 0.392562
v 0.286574 0.036665 0.401994
v 0.328504 0.041129 0.449166
v 0.280061 0.040778 0.604203
v 0.357493 0.035043 0.592762
v 0.350247 0.035796 0.609602
v 0.363779 0.035630 0.605232
v 0.401983 0.035902 0.609601
v 0.389721 0.035951 0.608763
v 0.274885 0.040511 0.609602
v 0.268212 0.040751 0.609601
v 0.373347 0.034634 0.560339
v 0.356400 0.035789 0.609601
v 0.186000 0.046319 0.484973
v 0.291893 0.040618 0.593520
v 0.298226 0.038812 0.609601
v 0.303191 0.038375 0.609602
v 0.329089 0.036453 0.604015
v 0.325108 0.036567 0.609601
v 0.330922 0.036290 0.609602
v 0.343842 0.035777 0.609601
v 0.340663 0.035858 0.609602
v 0.360236 0.035065 0.572169
v 0.287741 0.039793 0.609601
v 0.311923 0.038006 0.594400
v 0.355192 0.037390 0.511556
v 0.383891 0.035995 0.608989
v 0.318325 0.036946 0.609602
v 0.333334 0.036095 0.587960
v 0.347206 0.035443 0.579723
v 0.308849 0.037769 0.609601
v 0.470481 0.050731 -0.124805
v 0.463810 0.050299 -0.129142
v 0.467532 0.049808 -0.120788
v 0.321290 0.041776 -0.242549
v 0.327629 0.042548 -0.228556
v 0.338719 0.042435 -0.237304
v 0.485694 0.051403 -0.124517
v 0.491363 0.051164 -0.135773
v 0.482265 0.051580 -0.131823
v 0.385240 0.050324 -0.142128
v 0.385929 0.049774 -0.153258
v 0.376024 0.050495 -0.147506
v 0.423717 0.049229 -0.145035
v 0.431867 0.049729 -0.140699
v 0.432804 0.049341 -0.147687
v 0.510573 0.050060 -0.160908
v 0.518678 0.049894 -0.162406
v 0.512111 0.050409 -0.168044
v 0.345675 0.043616 -0.221724
v 0.335145 0.043217 -0.220806
v 0.361652 0.050546 -0.135586
v 0.354338 0.050818 -0.127012
v 0.361827 0.050985 -0.127039
v 0.442218 0.050339 -0.123413
v 0.444499 0.049855 -0.118475
v 0.447543 0.049580 -0.118705
v 0.412601 0.047661 -0.167603
v 0.418217 0.047453 -0.172195
v 0.407435 0.047612 -0.173110
v 0.342753 0.050920 -0.129253
v 0.348965 0.050607 -0.133209
v 0.342861 0.050262 -0.136849
v 0.359858 0.051448 -0.111106
v 0.356927 0.051121 -0.118829
v 0.350822 0.051565 -0.110043
v 0.393333 0.049426 -0.146411
v 0.394287 0.049083 -0.154087
v 0.259707 0.054668 -0.078484
v 0.253478 0.054422 -0.083445
v 0.252707 0.054324 -0.075434
v 0.247085 0.054465 -0.080119
v 0.244153 0.054453 -0.069995
v 0.287849 0.049613 -0.123640
v 0.295807 0.049137 -0.125274
v 0.290522 0.048752 -0.133338
v 0.269756 0.049296 -0.156779
v 0.269770 0.047536 -0.173426
v 0.259803 0.049345 -0.161364
v 0.269589 0.052955 -0.100276
v 0.259602 0.051645 -0.115576
v 0.256891 0.053196 -0.100889
v 0.252137 0.054130 -0.066975
v 0.246299 0.053802 -0.054987
v 0.250559 0.053825 -0.058032
v 0.247473 0.054468 -0.061978
v 0.369868 0.050813 -0.133609
v 0.367544 0.050388 -0.145927
v 0.498690 0.050785 -0.133278
v 0.496985 0.050546 -0.140011
v 0.400270 0.048468 -0.157763
v 0.409737 0.047979 -0.158433
v 0.400014 0.048064 -0.167683
v 0.464148 0.049815 -0.114748
v 0.461782 0.049442 -0.122170
v 0.534245 0.050287 -0.180715
v 0.524273 0.050509 -0.185592
v 0.522357 0.050466 -0.177108
v 0.515888 0.049583 -0.133049
v 0.510073 0.049907 -0.139226
v 0.509286 0.050283 -0.130952
v 0.235186 0.054725 -0.065083
v 0.236028 0.054719 -0.058978
v 0.240876 0.054311 -0.058970
v 0.389784 0.044166 -0.225550
v 0.382656 0.044142 -0.227380
v 0.383298 0.044442 -0.221630
v 0.281417 0.049459 -0.128111
v 0.300235 0.048271 -0.135904
v 0.305530 0.049426 -0.122677
v 0.356104 0.050517 -0.136966
v 0.238576 0.053387 -0.095393
v 0.237205 0.054745 -0.079563
v 0.248913 0.054195 -0.091349
v 0.519086 0.050110 -0.167787
v 0.525404 0.049987 -0.168075
v 0.379749 0.049585 -0.161266
v 0.363559 0.046598 -0.203572
v 0.366523 0.045569 -0.209911
v 0.359168 0.045034 -0.213155
v 0.408469 0.047719 -0.165372
v 0.329478 0.049347 -0.142473
v 0.332513 0.050174 -0.133283
v 0.339054 0.049093 -0.146039
v 0.305025 0.052280 -0.065917
v 0.307377 0.052470 -0.069908
v 0.364600 0.049844 -0.153131
v 0.360536 0.050143 -0.144824
v 0.286212 0.052575 -0.067952
v 0.294489 0.052891 -0.064239
v 0.290122 0.052811 -0.069141
v 0.338628 0.052678 -0.090779
v 0.345707 0.051586 -0.086487
v 0.348660 0.051885 -0.090168
v 0.318492 0.052282 -0.108202
v 0.326883 0.052841 -0.108017
v 0.328713 0.051913 -0.119455
v 0.388962 0.048877 -0.164285
v 0.425336 0.044800 -0.220469
v 0.418775 0.045410 -0.216049
v 0.427353 0.047155 -0.210425
v 0.393529 0.042347 -0.250481
v 0.401708 0.042640 -0.242977
v 0.405184 0.042116 -0.248473
v 0.266009 0.053858 -0.065413
v 0.260664 0.054260 -0.069763
v 0.262594 0.053288 -0.062338
v 0.322894 0.048402 -0.159396
v 0.315474 0.048694 -0.163009
v 0.314454 0.048389 -0.151941
v 0.379497 0.052034 -0.088606
v 0.387754 0.051142 -0.093186
v 0.381876 0.051508 -0.094588
v 0.512053 0.049999 -0.123695
v 0.277001 0.053913 -0.070162
v 0.275720 0.052789 -0.063070
v 0.280786 0.052994 -0.064803
v 0.278221 0.053335 -0.094708
v 0.286110 0.052780 -0.097861
v 0.278833 0.052780 -0.100529
v 0.274824 0.053070 -0.055866
v 0.272514 0.052704 -0.060161
v 0.268520 0.053319 -0.058709
v 0.432105 0.050372 -0.080612
v 0.433820 0.050025 -0.075767
v 0.438639 0.049792 -0.079237
v 0.504736 0.050321 -0.136697
v 0.503518 0.050533 -0.125818
v 0.301664 0.052612 -0.068434
v 0.298062 0.052606 -0.072036
v 0.429163 0.050066 -0.106693
v 0.424537 0.050007 -0.103086
v 0.428638 0.050426 -0.097957
v 0.505758 0.050211 -0.147589
v 0.335416 0.052631 -0.085668
v 0.336072 0.052506 -0.081567
v 0.340710 0.052069 -0.084356
v 0.284964 0.051668 -0.106284
v 0.276460 0.052007 -0.106510
v 0.392745 0.051148 -0.098196
v 0.507216 0.050202 -0.155986
v 0.514355 0.049602 -0.153408
v 0.263999 0.050501 -0.131088
v 0.271740 0.049367 -0.143711
v 0.262171 0.049807 -0.146159
v 0.306663 0.054133 -0.086231
v 0.310050 0.052967 -0.098074
v 0.300913 0.053687 -0.093529
v 0.504691 0.050803 -0.110658
v 0.511747 0.050172 -0.115598
v 0.504969 0.050653 -0.117328
v 0.445899 0.048917 -0.153834
v 0.439176 0.049060 -0.151812
v 0.443833 0.049271 -0.148694
v 0.314472 0.049638 -0.128305
v 0.317093 0.049304 -0.134199
v 0.311474 0.048921 -0.137253
v 0.385068 0.050735 -0.131903
v 0.382427 0.050576 -0.135759
v 0.378283 0.050982 -0.131086
v 0.368437 0.052336 -0.080312
v 0.364101 0.052289 -0.079699
v 0.366534 0.051832 -0.074661
v 0.239858 0.054334 -0.051389
v 0.245293 0.053998 -0.048678
v 0.356258 0.037626 -0.332720
v 0.353930 0.038062 -0.327437
v 0.360989 0.038088 -0.326925
v 0.327570 0.043464 -0.218246
v 0.317131 0.043714 -0.214943
v 0.327974 0.045291 -0.202967
v 0.420719 0.050702 -0.077366
v 0.413022 0.050139 -0.075475
v 0.419667 0.050450 -0.068761
v 0.361786 0.052137 -0.071916
v 0.359065 0.052130 -0.076416
v 0.356769 0.052324 -0.068803
v 0.349047 0.049313 -0.148076
v 0.345910 0.048749 -0.155294
v 0.383520 0.039434 -0.341313
v 0.372075 0.036582 -0.343870
v 0.376702 0.038726 -0.335679
v 0.421548 0.048344 -0.153742
v 0.412052 0.048411 -0.148702
v 0.305157 0.048603 -0.162172
v 0.386274 0.051850 -0.079404
v 0.391530 0.051282 -0.087654
v 0.496528 0.050945 -0.101403
v 0.492474 0.050344 -0.099924
v 0.494623 0.050649 -0.096357
v 0.273535 0.043724 -0.221533
v 0.260250 0.044169 -0.225762
v 0.260966 0.044359 -0.212861
v 0.463936 0.050038 -0.079161
v 0.465827 0.049872 -0.075885
v 0.470462 0.049374 -0.079988
v 0.402215 0.050519 -0.095597
v 0.330941 0.048297 -0.162591
v 0.323085 0.048852 -0.165659
v 0.377464 0.042470 -0.248539
v 0.366265 0.041942 -0.253332
v 0.369166 0.042550 -0.245628
v 0.451560 0.049969 -0.071616
v 0.448622 0.049196 -0.072595
v 0.449451 0.049620 -0.069413
v 0.397007 0.047839 -0.177157
v 0.319221 0.051972 -0.061523
v 0.304468 0.052605 -0.073626
v 0.310603 0.052622 -0.075425
v 0.428384 0.050539 -0.085736
v 0.424532 0.050508 -0.091284
v 0.420686 0.050764 -0.086267
v 0.473189 0.049063 -0.094175
v 0.475059 0.048954 -0.099035
v 0.470141 0.049300 -0.096365
v 0.359614 0.044103 -0.222619
v 0.367243 0.044758 -0.214738
v 0.274922 0.053941 -0.088593
v 0.424411 0.049890 -0.136585
v 0.350712 0.048577 -0.175825
v 0.357830 0.048303 -0.177427
v 0.349309 0.048795 -0.182944
v 0.330911 0.052542 -0.065409
v 0.338395 0.052067 -0.067376
v 0.335294 0.052433 -0.071799
v 0.392894 0.041944 -0.264261
v 0.391638 0.042048 -0.257926
v 0.396923 0.041920 -0.256888
v 0.273308 0.043169 -0.238244
v 0.349903 0.051821 -0.073759
v 0.280655 0.050642 -0.115922
v 0.358636 0.049326 -0.154815
v 0.411901 0.051324 -0.090976
v 0.407346 0.051010 -0.090118
v 0.406040 0.051162 -0.084502
v 0.455871 0.048489 -0.162403
v 0.465630 0.048864 -0.164609
v 0.458408 0.048142 -0.168065
v 0.367412 0.051450 -0.088449
v 0.364744 0.052288 -0.084938
v 0.371766 0.051989 -0.085303
v 0.292137 0.033201 -0.373534
v 0.284762 0.034181 -0.371684
v 0.290690 0.034623 -0.362325
v 0.520665 0.049483 -0.148817
v 0.515682 0.049546 -0.142740
v 0.292667 0.052626 -0.072294
v 0.292590 0.053671 -0.092575
v 0.296725 0.054379 -0.085495
v 0.399813 0.050834 -0.079290
v 0.402014 0.050367 -0.074615
v 0.406508 0.050694 -0.077706
v 0.490422 0.050524 -0.113413
v 0.497940 0.050859 -0.118557
v 0.491170 0.051065 -0.120622
v 0.447227 0.047333 -0.191529
v 0.440874 0.047564 -0.193326
v 0.439677 0.047439 -0.185251
v 0.360490 0.039252 -0.287412
v 0.352880 0.039417 -0.286178
v 0.364060 0.040549 -0.278625
v 0.312854 0.053046 -0.081245
v 0.319938 0.052876 -0.082531
v 0.315919 0.053991 -0.089319
v 0.334097 0.052603 -0.111902
v 0.414040 0.050705 -0.082406
v 0.409603 0.050280 -0.080163
v 0.431833 0.050074 -0.135064
v 0.401712 0.050673 -0.070794
v 0.407686 0.050262 -0.072260
v 0.392575 0.051282 -0.115656
v 0.396285 0.051335 -0.112315
v 0.401065 0.051187 -0.116220
v 0.274495 0.049509 -0.133329
v 0.272197 0.050300 -0.122887
v 0.392296 0.051353 -0.104281
v 0.396660 0.050887 -0.103204
v 0.397964 0.051157 -0.108457
v 0.310374 0.048919 -0.180735
v 0.298601 0.047130 -0.186692
v 0.300135 0.049002 -0.174602
v 0.350583 0.043295 -0.230192
v 0.395923 0.040797 -0.291444
v 0.393648 0.040073 -0.298346
v 0.388394 0.039604 -0.294811
v 0.287487 0.045638 -0.194424
v 0.297781 0.045326 -0.199093
v 0.290278 0.044471 -0.207839
v 0.295761 0.043450 -0.221162
v 0.304821 0.044272 -0.211502
v 0.309522 0.042786 -0.228823
v 0.247730 0.052670 -0.109124
v 0.284138 0.048372 -0.141249
v 0.427533 0.048798 -0.150190
v 0.482090 0.049736 -0.111739
v 0.475150 0.049146 -0.106394
v 0.483031 0.049193 -0.102653
v 0.345944 0.038837 -0.296649
v 0.349699 0.038057 -0.303616
v 0.341946 0.038460 -0.309992
v 0.411741 0.049905 -0.067159
v 0.413082 0.049970 -0.071032
v 0.326163 0.052569 -0.080424
v 0.331677 0.052918 -0.082816
v 0.329587 0.053211 -0.086963
v 0.253332 0.051107 -0.139377
v 0.536629 0.050319 -0.186596
v 0.259811 0.043600 -0.239975
v 0.244744 0.044136 -0.225612
v 0.426980 0.050545 -0.079469
v 0.330685 0.051963 -0.057819
v 0.337516 0.051999 -0.061467
v 0.486140 0.049541 -0.093810
v 0.490731 0.049581 -0.089011
v 0.491079 0.049946 -0.094490
v 0.503630 0.050608 -0.167038
v 0.503137 0.050363 -0.156157
v 0.404234 0.051275 -0.090134
v 0.399429 0.050922 -0.086870
v 0.250602 0.051769 -0.122263
v 0.255475 0.051294 -0.128347
v 0.290729 0.042731 -0.236215
v 0.284555 0.041996 -0.252363
v 0.299188 0.041423 -0.255494
v 0.361507 0.042444 -0.243665
v 0.370290 0.043172 -0.238008
v 0.329454 0.048734 -0.167923
v 0.325196 0.048848 -0.169149
v 0.358863 0.043198 -0.233351
v 0.413794 0.050887 -0.116869
v 0.411775 0.050527 -0.123358
v 0.408232 0.050731 -0.116691
v 0.288374 0.048340 -0.175374
v 0.292397 0.049290 -0.167960
v 0.436053 0.050239 -0.120166
v 0.439890 0.049838 -0.116614
v 0.354298 0.041452 -0.262543
v 0.347709 0.041501 -0.257704
v 0.358203 0.041604 -0.258051
v 0.264948 0.037309 -0.359706
v 0.276589 0.038131 -0.348219
v 0.279003 0.035879 -0.363622
v 0.401878 0.048475 -0.151227
v 0.403956 0.048848 -0.143160
v 0.316631 0.052127 -0.064709
v 0.297745 0.049972 -0.117362
v 0.297526 0.051631 -0.105868
v 0.391793 0.040277 -0.349909
v 0.381967 0.037834 -0.349409
v 0.309463 0.051368 -0.109909
v 0.378789 0.036388 -0.374732
v 0.370310 0.034757 -0.379486
v 0.370293 0.034978 -0.369359
v 0.244101 0.051577 -0.136851
v 0.242908 0.051759 -0.123992
v 0.249496 0.051538 -0.131623
v 0.323462 0.053254 -0.098010
v 0.398474 0.041982 -0.261117
v 0.402127 0.042187 -0.265775
v 0.471877 0.050258 -0.120553
v 0.473506 0.049943 -0.115352
v 0.522560 0.050334 -0.171724
v 0.320202 0.043039 -0.223497
v 0.490848 0.049166 -0.084241
v 0.485254 0.049386 -0.086533
v 0.364966 0.048759 -0.173476
v 0.363495 0.048512 -0.180391
v 0.465105 0.050747 -0.136030
v 0.463058 0.050716 -0.133442
v 0.345804 0.052197 -0.102676
v 0.341478 0.052267 -0.108803
v 0.339094 0.052462 -0.099832
v 0.482440 0.050347 -0.169798
v 0.475638 0.049850 -0.163632
v 0.477843 0.050144 -0.157093
v 0.278350 0.039590 -0.325774
v 0.275657 0.039137 -0.336389
v 0.268716 0.039603 -0.329617
v 0.430887 0.048085 -0.163615
v 0.423321 0.047682 -0.165573
v 0.425313 0.048161 -0.159676
v 0.435895 0.049723 -0.110156
v 0.439683 0.049479 -0.106636
v 0.441374 0.049671 -0.111851
v 0.349520 0.042313 -0.244834
v 0.280741 0.044887 -0.201426
v 0.272892 0.045582 -0.191218
v 0.385785 0.040803 -0.326012
v 0.389282 0.040589 -0.317916
v 0.398093 0.042804 -0.328945
v 0.337500 0.050953 -0.127239
v 0.305469 0.048205 -0.145650
v 0.301615 0.048200 -0.153264
v 0.295934 0.048051 -0.145948
v 0.333179 0.041505 -0.252741
v 0.434722 0.046842 -0.217574
v 0.437453 0.047546 -0.209543
v 0.351817 0.038051 -0.320064
v 0.350545 0.037889 -0.311275
v 0.425805 0.050509 -0.106699
v 0.424441 0.050352 -0.109542
v 0.429609 0.050347 -0.072284
v 0.267970 0.054267 -0.068129
v 0.268141 0.054789 -0.074641
v 0.324504 0.053277 -0.085008
v 0.375282 0.035795 -0.355838
v 0.378455 0.036153 -0.365283
v 0.371696 0.035065 -0.362365
v 0.420546 0.050201 -0.106036
v 0.314695 0.052376 -0.069418
v 0.444032 0.049150 -0.072009
v 0.446458 0.048905 -0.067441
v 0.498932 0.050965 -0.113407
v 0.251995 0.054317 -0.062127
v 0.256476 0.053570 -0.063604
v 0.460090 0.050703 -0.135540
v 0.452693 0.048980 -0.155513
v 0.445930 0.048007 -0.162875
v 0.270417 0.053251 -0.063807
v 0.266897 0.053254 -0.062580
v 0.413120 0.044150 -0.288541
v 0.404081 0.042153 -0.287280
v 0.405934 0.043083 -0.278076
v 0.486414 0.050074 -0.108506
v 0.453061 0.049962 -0.125945
v 0.456830 0.049649 -0.121966
v 0.457314 0.050297 -0.127177
v 0.258783 0.053476 -0.059952
v 0.388085 0.050357 -0.134899
v 0.356783 0.041927 -0.250852
v 0.290100 0.039193 -0.321277
v 0.302240 0.037924 -0.326913
v 0.294095 0.038164 -0.332157
v 0.391020 0.048278 -0.173090
v 0.387598 0.048017 -0.180440
v 0.384071 0.048642 -0.173493
v 0.500178 0.050489 -0.147028
v 0.499086 0.050694 -0.159545
v 0.384752 0.047465 -0.193835
v 0.387589 0.047515 -0.188161
v 0.387365 0.047742 -0.191194
v 0.288903 0.048464 -0.153132
v 0.278229 0.048711 -0.151055
v 0.476354 0.050941 -0.142440
v 0.475714 0.050693 -0.148072
v 0.469489 0.050928 -0.142697
v 0.449621 0.049929 -0.110897
v 0.446377 0.049828 -0.105194
v 0.454334 0.049985 -0.107667
v 0.410486 0.047740 -0.196818
v 0.407129 0.047649 -0.200652
v 0.406841 0.047682 -0.194654
v 0.530084 0.050319 -0.173926
v 0.300748 0.040643 -0.295455
v 0.302814 0.040065 -0.302018
v 0.292019 0.040241 -0.303727
v 0.376763 0.051867 -0.099604
v 0.380955 0.051738 -0.103529
v 0.352272 0.052238 -0.095642
v 0.358398 0.051960 -0.097874
v 0.352113 0.051846 -0.101407
v 0.399526 0.050838 -0.083160
v 0.396276 0.051511 -0.083703
v 0.451314 0.047744 -0.168740
v 0.489849 0.050822 -0.169662
v 0.484584 0.050676 -0.161527
v 0.374732 0.041544 -0.265562
v 0.361398 0.041534 -0.264731
v 0.356830 0.052338 -0.082778
v 0.360787 0.052170 -0.083948
v 0.357980 0.052106 -0.087118
v 0.370753 0.051547 -0.092072
v 0.271650 0.042532 -0.251205
v 0.261873 0.042486 -0.257213
v 0.421082 0.045225 -0.311102
v 0.421614 0.045619 -0.300252
v 0.426684 0.046201 -0.311954
v 0.314533 0.040390 -0.294246
v 0.331862 0.040488 -0.283888
v 0.332928 0.039719 -0.297593
v 0.494621 0.048699 -0.074543
v 0.489793 0.048760 -0.072567
v 0.418055 0.050599 -0.116189
v 0.414508 0.050526 -0.110078
v 0.419797 0.050527 -0.110745
v 0.285707 0.043595 -0.220711
v 0.371268 0.048281 -0.184994
v 0.368401 0.048561 -0.179370
v 0.374887 0.048705 -0.172970
v 0.313060 0.052163 -0.058569
v 0.415555 0.047979 -0.196228
v 0.419334 0.048408 -0.200269
v 0.413749 0.048040 -0.200361
v 0.282117 0.046963 -0.182297
v 0.516762 0.050462 -0.172145
v 0.512353 0.050545 -0.172256
v 0.299923 0.053747 -0.078780
v 0.327471 0.031535 -0.375605
v 0.315775 0.031988 -0.376164
v 0.322818 0.032843 -0.366290
v 0.336545 0.048715 -0.170737
v 0.490879 0.050047 -0.104969
v 0.280300 0.048653 -0.166732
v 0.321344 0.052184 -0.075702
v 0.338903 0.038357 -0.322232
v 0.345705 0.038111 -0.329407
v 0.263198 0.054329 -0.087344
v 0.320651 0.048914 -0.141557
v 0.328241 0.048454 -0.152946
v 0.441134 0.049918 -0.102384
v 0.372851 0.051968 -0.096747
v 0.377549 0.051265 -0.096251
v 0.392659 0.051163 -0.093608
v 0.443883 0.049461 -0.081287
v 0.442819 0.049447 -0.078438
v 0.446823 0.049427 -0.078160
v 0.295162 0.052869 -0.075155
v 0.338941 0.033148 -0.363168
v 0.336647 0.032002 -0.371866
v 0.496871 0.051005 -0.124491
v 0.319445 0.040828 -0.278264
v 0.304876 0.040992 -0.286545
v 0.306484 0.041069 -0.279093
v 0.348972 0.042837 -0.236182
v 0.496187 0.050787 -0.145005
v 0.308206 0.041024 -0.268940
v 0.251470 0.044384 -0.213103
v 0.277240 0.041494 -0.267113
v 0.292114 0.041210 -0.267234
v 0.353294 0.033552 -0.367707
v 0.350204 0.033498 -0.363250
v 0.363066 0.034194 -0.360052
v 0.442212 0.048994 -0.075571
v 0.353204 0.048701 -0.159965
v 0.357448 0.037569 -0.306078
v 0.356900 0.038135 -0.295503
v 0.366629 0.037791 -0.298227
v 0.340840 0.052097 -0.079710
v 0.336214 0.052273 -0.077004
v 0.460126 0.049890 -0.097582
v 0.467888 0.049358 -0.101544
v 0.460871 0.050094 -0.104229
v 0.437901 0.049830 -0.072358
v 0.376196 0.051850 -0.085379
v 0.377879 0.052221 -0.084752
v 0.458853 0.050793 -0.076901
v 0.455756 0.050529 -0.071681
v 0.461885 0.050346 -0.073057
v 0.500920 0.051098 -0.095495
v 0.282724 0.053602 -0.074089
v 0.274903 0.054566 -0.079315
v 0.485869 0.050720 -0.118284
v 0.376106 0.051885 -0.112114
v 0.369368 0.051562 -0.113459
v 0.373555 0.051415 -0.106055
v 0.338533 0.044121 -0.212347
v 0.506849 0.050910 -0.090698
v 0.502122 0.049968 -0.081304
v 0.510603 0.050336 -0.085145
v 0.478833 0.049107 -0.093078
v 0.269928 0.051516 -0.112508
v 0.279576 0.052917 -0.059755
v 0.396952 0.049882 -0.135411
v 0.383911 0.051200 -0.125756
v 0.390669 0.050777 -0.129942
v 0.465783 0.049678 -0.105887
v 0.404757 0.050769 -0.124686
v 0.395916 0.051190 -0.124185
v 0.444775 0.049532 -0.110010
v 0.286214 0.038417 -0.336978
v 0.293455 0.040913 -0.291491
v 0.383618 0.051432 -0.108945
v 0.387752 0.051638 -0.110910
v 0.383498 0.051742 -0.113488
v 0.378961 0.051638 -0.108637
v 0.496834 0.050636 -0.152686
v 0.378802 0.040774 -0.278254
v 0.283876 0.053325 -0.089650
v 0.282837 0.054035 -0.082200
v 0.288945 0.053764 -0.085466
v 0.503529 0.051292 -0.103563
v 0.511493 0.050488 -0.108272
v 0.247577 0.043339 -0.246461
v 0.315056 0.047089 -0.192310
v 0.306873 0.045703 -0.197945
v 0.281792 0.052624 -0.069227
v 0.410406 0.051054 -0.110758
v 0.465123 0.049886 -0.149254
v 0.460915 0.049057 -0.156225
v 0.457701 0.049729 -0.150045
v 0.257041 0.048089 -0.171377
v 0.497519 0.050925 -0.107791
v 0.351160 0.045172 -0.208760
v 0.509398 0.050940 -0.099607
v 0.235205 0.054116 -0.055172
v 0.332097 0.052956 -0.097107
v 0.332820 0.053007 -0.103852
v 0.426248 0.045558 -0.330396
v 0.420489 0.044774 -0.341442
v 0.414542 0.044799 -0.328943
v 0.407036 0.051340 -0.106257
v 0.322281 0.050085 -0.130488
v 0.315578 0.050742 -0.118910
v 0.353566 0.051820 -0.088472
v 0.354992 0.052204 -0.091500
v 0.333988 0.048818 -0.149472
v 0.455387 0.047932 -0.171625
v 0.288469 0.036713 -0.350725
v 0.297164 0.037328 -0.339883
v 0.300983 0.035416 -0.353928
v 0.253051 0.053818 -0.052890
v 0.260985 0.053770 -0.054273
v 0.254758 0.053282 -0.058746
v 0.326470 0.041067 -0.265794
v 0.315196 0.041241 -0.256177
v 0.305162 0.052468 -0.060798
v 0.272269 0.053884 -0.067689
v 0.260971 0.049373 -0.154062
v 0.312224 0.037000 -0.337706
v 0.324757 0.037090 -0.341423
v 0.318614 0.035525 -0.353729
v 0.278857 0.044236 -0.209880
v 0.365148 0.051277 -0.120924
v 0.492641 0.051269 -0.126995
v 0.457787 0.050213 -0.132000
v 0.473511 0.049460 -0.090108
v 0.476783 0.049033 -0.084829
v 0.436070 0.047938 -0.190098
v 0.453098 0.050141 -0.100962
v 0.444655 0.050057 -0.098221
v 0.471705 0.050132 -0.150607
v 0.401813 0.051080 -0.105027
v 0.404698 0.051166 -0.110217
v 0.376333 0.051723 -0.093762
v 0.442086 0.047485 -0.171956
v 0.436989 0.047805 -0.166371
v 0.280636 0.048873 -0.158370
v 0.431412 0.050562 -0.115468
v 0.423403 0.050748 -0.117130
v 0.486654 0.050862 -0.147315
v 0.482130 0.050602 -0.150421
v 0.481257 0.051297 -0.140025
v 0.295588 0.041155 -0.280355
v 0.252642 0.050607 -0.151447
v 0.435457 0.050384 -0.086532
v 0.454495 0.049854 -0.145763
v 0.451891 0.049448 -0.150370
v 0.265416 0.038931 -0.342397
v 0.389391 0.043802 -0.233347
v 0.392047 0.043912 -0.229321
v 0.288326 0.052833 -0.072480
v 0.291084 0.053532 -0.078164
v 0.352298 0.052124 -0.085644
v 0.375951 0.052139 -0.082939
v 0.394544 0.047571 -0.184469
v 0.391841 0.047604 -0.188115
v 0.248407 0.048705 -0.170012
v 0.251674 0.046600 -0.181627
v 0.252748 0.042422 -0.262209
v 0.408764 0.043138 -0.314489
v 0.405723 0.042051 -0.305902
v 0.414259 0.043897 -0.307247
v 0.344568 0.040972 -0.271282
v 0.371629 0.049747 -0.157800
v 0.323247 0.053690 -0.088916
v 0.329092 0.053361 -0.092618
v 0.392562 0.051085 -0.109799
v 0.269088 0.040059 -0.318531
v 0.267852 0.040535 -0.305674
v 0.279136 0.040176 -0.310956
v 0.500186 0.050289 -0.088377
v 0.301394 0.048957 -0.167245
v 0.380011 0.043524 -0.235755
v 0.430555 0.049992 -0.077088
v 0.339033 0.047936 -0.189912
v 0.325760 0.048418 -0.188278
v 0.300483 0.039248 -0.313104
v 0.491990 0.050700 -0.148398
v 0.451834 0.050440 -0.092923
v 0.484366 0.050003 -0.115620
v 0.418637 0.050619 -0.124041
v 0.306669 0.041812 -0.244831
v 0.470059 0.049577 -0.156880
v 0.379685 0.051787 -0.074431
v 0.387313 0.051477 -0.073280
v 0.337834 0.038213 -0.329034
v 0.487238 0.051334 -0.140175
v 0.494813 0.050736 -0.158364
v 0.495173 0.050777 -0.166106
v 0.297670 0.053071 -0.052101
v 0.288199 0.053590 -0.053010
v 0.348651 0.049882 -0.140456
v 0.353819 0.050089 -0.143070
v 0.373068 0.045736 -0.208662
v 0.307150 0.053395 -0.078993
v 0.278565 0.040886 -0.290139
v 0.286600 0.041143 -0.275888
v 0.385831 0.044969 -0.212919
v 0.373440 0.044241 -0.223406
v 0.343089 0.051782 -0.069846
v 0.339869 0.051597 -0.070971
v 0.467590 0.049647 -0.072095
v 0.474880 0.048613 -0.074228
v 0.322431 0.049313 -0.169311
v 0.319028 0.049378 -0.169766
v 0.291136 0.050185 -0.116176
v 0.512385 0.050452 -0.176550
v 0.423698 0.047828 -0.180270
v 0.429363 0.048123 -0.188830
v 0.420218 0.047938 -0.186662
v 0.329060 0.048511 -0.171335
v 0.324544 0.049095 -0.172352
v 0.387291 0.051477 -0.105912
v 0.392932 0.051306 -0.079520
v 0.419177 0.050701 -0.097432
v 0.410546 0.050935 -0.100755
v 0.333091 0.038652 -0.313861
v 0.328293 0.037952 -0.328342
v 0.317294 0.037887 -0.321072
v 0.362636 0.052163 -0.091557
v 0.366254 0.051811 -0.097404
v 0.452924 0.047522 -0.176988
v 0.315797 0.052381 -0.077130
v 0.314645 0.032647 -0.370432
v 0.482995 0.049021 -0.076186
v 0.480442 0.048339 -0.069790
v 0.510037 0.049782 -0.147118
v 0.260980 0.041665 -0.275434
v 0.447355 0.050103 -0.083688
v 0.452078 0.050640 -0.084651
v 0.434430 0.049772 -0.102581
v 0.489873 0.050740 -0.158127
v 0.516040 0.050571 -0.181630
v 0.413122 0.044243 -0.221019
v 0.417909 0.043977 -0.222763
v 0.410204 0.043197 -0.228577
v 0.342527 0.051457 -0.120942
v 0.430175 0.047504 -0.172635
v 0.246838 0.050952 -0.145048
v 0.469243 0.049531 -0.108535
v 0.306913 0.032498 -0.373593
v 0.313691 0.033521 -0.365263
v 0.468781 0.049082 -0.091563
v 0.465818 0.049519 -0.095630
v 0.428718 0.050548 -0.131553
v 0.422439 0.050472 -0.130582
v 0.327754 0.052593 -0.073888
v 0.324924 0.052372 -0.076663
v 0.321589 0.052546 -0.066670
v 0.332630 0.052462 -0.075065
v 0.331846 0.052705 -0.078462
v 0.429356 0.050636 -0.091546
v 0.434289 0.050334 -0.094884
v 0.449298 0.047355 -0.184981
v 0.443767 0.047316 -0.178838
v 0.310363 0.049099 -0.170580
v 0.384648 0.051415 -0.068232
v 0.381837 0.051273 -0.070294
v 0.395249 0.047528 -0.188542
v 0.459692 0.049962 -0.109885
v 0.457412 0.050060 -0.115986
v 0.432214 0.047535 -0.181553
v 0.354430 0.046819 -0.199084
v 0.362975 0.048440 -0.192490
v 0.371894 0.051681 -0.068603
v 0.365114 0.051985 -0.067607
v 0.436777 0.047451 -0.177655
v 0.365581 0.048779 -0.184258
v 0.406016 0.048275 -0.153768
v 0.284750 0.052973 -0.059830
v 0.339371 0.049040 -0.180476
v 0.454203 0.050157 -0.139591
v 0.446487 0.049835 -0.138812
v 0.451386 0.050218 -0.132357
v 0.385362 0.040590 -0.332871
v 0.458220 0.050086 -0.066105
v 0.464537 0.049821 -0.065205
v 0.462887 0.050184 -0.068859
v 0.373935 0.051372 -0.123933
v 0.343074 0.034863 -0.352439
v 0.331168 0.034730 -0.356088
v 0.335351 0.036585 -0.345309
v 0.417029 0.050110 -0.130838
v 0.418049 0.049891 -0.134088
v 0.373885 0.047760 -0.195620
v 0.382329 0.046340 -0.202610
v 0.471844 0.049131 -0.067930
v 0.343672 0.040221 -0.283421
v 0.352425 0.040341 -0.279192
v 0.255831 0.040984 -0.296655
v 0.408512 0.043916 -0.338698
v 0.414529 0.047658 -0.180255
v 0.405064 0.047546 -0.182230
v 0.346595 0.052426 -0.095614
v 0.453494 0.050617 -0.077171
v 0.424499 0.050465 -0.096677
v 0.426860 0.050099 -0.094008
v 0.288702 0.049361 -0.161897
v 0.293174 0.049337 -0.163905
v 0.476327 0.050527 -0.123300
v 0.309267 0.038359 -0.316973
v 0.390314 0.051303 -0.066044
v 0.491723 0.049850 -0.097443
v 0.314351 0.044988 -0.203560
v 0.463539 0.049871 -0.108422
v 0.332221 0.049301 -0.175843
v 0.331900 0.049073 -0.182919
v 0.458510 0.048260 -0.172952
v 0.414992 0.049120 -0.140148
v 0.431208 0.048625 -0.155135
v 0.438249 0.048398 -0.159070
v 0.451156 0.050233 -0.121062
v 0.368196 0.052024 -0.062848
v 0.368184 0.051497 -0.066402
v 0.480818 0.050572 -0.117897
v 0.407020 0.047684 -0.188937
v 0.400086 0.047730 -0.187130
v 0.489078 0.049805 -0.099144
v 0.495516 0.050294 -0.090790
v 0.339310 0.048350 -0.156131
v 0.298583 0.033578 -0.366078
v 0.296440 0.034533 -0.360350
v 0.248932 0.053414 -0.050656
v 0.429931 0.050547 -0.124514
v 0.412152 0.047994 -0.185632
v 0.406060 0.050862 -0.094368
v 0.366937 0.037649 -0.334204
v 0.307160 0.033909 -0.362851
v 0.350448 0.051353 -0.117867
v 0.361339 0.051860 -0.081611
v 0.465692 0.049743 -0.085232
v 0.470961 0.049076 -0.086685
v 0.400073 0.047472 -0.193027
v 0.344174 0.048746 -0.176236
v 0.495594 0.049475 -0.084705
v 0.267568 0.044559 -0.204562
v 0.337538 0.037797 -0.335281
v 0.251943 0.044905 -0.198632
v 0.261046 0.045605 -0.191151
v 0.369960 0.051566 -0.100898
v 0.339757 0.048397 -0.164036
v 0.338463 0.048788 -0.176047
v 0.347135 0.048126 -0.163270
v 0.346231 0.048224 -0.170541
v 0.343850 0.045923 -0.200917
v 0.440503 0.049680 -0.144192
v 0.403980 0.050297 -0.065986
v 0.347511 0.037133 -0.337979
v 0.325450 0.038534 -0.314059
v 0.357438 0.037833 -0.313806
v 0.318209 0.039070 -0.307337
v 0.309353 0.039581 -0.305370
v 0.405730 0.042721 -0.351113
v 0.397244 0.040730 -0.358078
v 0.455812 0.050090 -0.134952
v 0.456418 0.050689 -0.088359
v 0.459053 0.050551 -0.083672
v 0.403908 0.042014 -0.257308
v 0.460812 0.050516 -0.142788
v 0.266148 0.050908 -0.119711
v 0.350635 0.052372 -0.092494
v 0.378134 0.050675 -0.138238
v 0.359606 0.048590 -0.166014
v 0.321260 0.049620 -0.178136
v 0.442354 0.050472 -0.088024
v 0.439506 0.050440 -0.092725
v 0.280849 0.053319 -0.055451
v 0.437687 0.049505 -0.102483
v 0.477339 0.048730 -0.079112
v 0.344850 0.052032 -0.064206
v 0.509555 0.050163 -0.078812
v 0.434075 0.047988 -0.186085
v 0.346065 0.051702 -0.114103
v 0.403469 0.043006 -0.235952
v 0.395740 0.043124 -0.239463
v 0.444471 0.050303 -0.084796
v 0.440964 0.050034 -0.083985
v 0.415094 0.048141 -0.190985
v 0.410818 0.047917 -0.193171
v 0.364427 0.038320 -0.319468
v 0.375592 0.039017 -0.318024
v 0.374217 0.039245 -0.326803
v 0.410758 0.049882 -0.132213
v 0.461304 0.050223 -0.091124
v 0.507962 0.049251 -0.072414
v 0.496761 0.049642 -0.081610
v 0.438304 0.049652 -0.098316
v 0.368121 0.037859 -0.309543
v 0.338482 0.041345 -0.262268
v 0.381778 0.048881 -0.168574
v 0.335403 0.048364 -0.159209
v 0.492305 0.049163 -0.079459
v 0.358791 0.048771 -0.184604
v 0.378931 0.051609 -0.118283
v 0.396159 0.051257 -0.073144
v 0.499534 0.048472 -0.074161
v 0.390797 0.050935 -0.125537
v 0.388129 0.051488 -0.120997
v 0.344079 0.039571 -0.289892
v 0.396860 0.051177 -0.081323
v 0.298332 0.032651 -0.375980
v 0.405047 0.050533 -0.102649
v 0.408415 0.050369 -0.103971
v 0.297994 0.048954 -0.164128
v 0.423140 0.048511 -0.195014
v 0.385736 0.042434 -0.251071
v 0.385666 0.041978 -0.258748
v 0.379691 0.051494 -0.096857
v 0.466012 0.049928 -0.108894
v 0.359613 0.048660 -0.172541
v 0.268908 0.053352 -0.052845
v 0.482410 0.049195 -0.080788
v 0.406598 0.041635 -0.364791
v 0.396241 0.039756 -0.368323
v 0.495643 0.048617 -0.067948
v 0.364553 0.051555 -0.104422
v 0.416434 0.047672 -0.206534
v 0.437451 0.048978 -0.269784
v 0.437118 0.047850 -0.259420
v 0.446199 0.050050 -0.260812
v 0.428657 0.048007 -0.278337
v 0.425710 0.047451 -0.284049
v 0.419173 0.045937 -0.281077
v 0.354183 0.048439 -0.170350
v 0.487185 0.048795 -0.066938
v 0.412698 0.042357 -0.252001
v 0.418963 0.043570 -0.257343
v 0.409949 0.042562 -0.259933
v 0.424845 0.047091 -0.290033
v 0.419740 0.045836 -0.290365
v 0.433425 0.045705 -0.233244
v 0.431941 0.045653 -0.224786
v 0.439951 0.047677 -0.226012
v 0.385751 0.041624 -0.270993
v 0.426342 0.046090 -0.264484
v 0.422584 0.046348 -0.272299
v 0.414009 0.044188 -0.268279
v 0.434787 0.047144 -0.313961
v 0.429917 0.046983 -0.306362
v 0.441194 0.048674 -0.300912
v 0.434503 0.047832 -0.305235
v 0.431929 0.048188 -0.296490
v 0.435551 0.047982 -0.199210
v 0.445954 0.047178 -0.199581
v 0.430372 0.048228 -0.286770
v 0.438443 0.049550 -0.283991
v 0.417801 0.043722 -0.352794
v 0.413718 0.043189 -0.356189
v 0.373487 0.051817 -0.078561
v 0.398128 0.043797 -0.229512
v 0.429741 0.045183 -0.338462
v 0.436226 0.045351 -0.336922
v 0.433546 0.045951 -0.331431
v 0.418486 0.042899 -0.234799
v 0.416635 0.042473 -0.242123
v 0.410965 0.042551 -0.237235
v 0.442513 0.046047 -0.329826
v 0.456433 0.048700 -0.216213
v 0.452154 0.047458 -0.206242
v 0.460299 0.047371 -0.209564
v 0.431709 0.046041 -0.326109
v 0.437192 0.046472 -0.324297
v 0.433056 0.046369 -0.322020
v 0.428764 0.046034 -0.321105
v 0.393966 0.046899 -0.201523
v 0.446177 0.047489 -0.316675
v 0.422376 0.045585 -0.323114
v 0.423502 0.045805 -0.316956
v 0.458807 0.047600 -0.194645
v 0.453934 0.047218 -0.191848
v 0.459293 0.047891 -0.187197
v 0.351890 0.034102 -0.355853
v 0.458961 0.050861 -0.228576
v 0.446189 0.048813 -0.219374
v 0.454755 0.047205 -0.199676
v 0.413184 0.043931 -0.345745
v 0.464085 0.047411 -0.199836
v 0.460844 0.047355 -0.204265
v 0.445723 0.050247 -0.279215
v 0.446362 0.050128 -0.285858
v 0.408391 0.042662 -0.297082
v 0.448358 0.050300 -0.126926
v 0.448013 0.049778 -0.294513
v 0.347729 0.035982 -0.345093
v 0.398355 0.051234 -0.066597
v 0.421358 0.050748 -0.109115
v 0.447345 0.050513 -0.087779
v 0.450519 0.050836 -0.273528
v 0.445553 0.047677 -0.208295
v 0.444542 0.050101 -0.274736
v 0.445702 0.050023 -0.268902
v 0.384513 0.039162 -0.308293
v 0.378461 0.038748 -0.310868
v 0.348359 0.051861 -0.080736
v 0.405976 0.046704 -0.207908
v 0.399199 0.045582 -0.211707
v 0.432297 0.045428 -0.239961
v 0.430985 0.045185 -0.245596
v 0.426206 0.043950 -0.238898
v 0.451412 0.050505 -0.247514
v 0.444292 0.048967 -0.250643
v 0.421442 0.043117 -0.236034
v 0.442315 0.048668 -0.255584
v 0.450140 0.050188 -0.233168
v 0.417146 0.047564 -0.165392
v 0.427967 0.047418 -0.270873
v 0.395587 0.042029 -0.339953
v 0.444444 0.048904 -0.244349
v 0.473059 0.051065 -0.133121
v 0.425038 0.043692 -0.230176
v 0.343989 0.032452 -0.370973
v 0.438349 0.047209 -0.242984
v 0.437483 0.047353 -0.251593
v 0.443212 0.048614 -0.237591
v 0.429137 0.045415 -0.254616
v 0.404644 0.045972 -0.211517
v 0.413037 0.047619 -0.162955
v 0.432078 0.047826 -0.205619
v 0.381223 0.048224 -0.178403
v 0.448576 0.049598 -0.145974
v 0.318486 0.048847 -0.184664
v 0.422458 0.043399 -0.248213
v 0.409810 0.047330 -0.205234
v 0.408043 0.045334 -0.214939
v 0.388305 0.039410 -0.302428
v 0.310161 0.037667 -0.326276
v 0.386943 0.042961 -0.243436
v 0.351500 0.048010 -0.191458
v 0.331720 0.037483 -0.338245
v 0.454474 0.048087 -0.311151
v 0.453453 0.047522 -0.315602
v 0.458706 0.049293 -0.299499
v 0.469091 0.048977 -0.302742
v 0.458724 0.048656 -0.306043
v 0.418721 0.047875 -0.160409
v 0.464562 0.050009 -0.293469
v 0.452761 0.049991 -0.293697
v 0.450694 0.048764 -0.303536
v 0.457757 0.050117 -0.291410
v 0.472575 0.049307 -0.295893
v 0.486749 0.049939 -0.280445
v 0.491522 0.049818 -0.277314
v 0.490893 0.049088 -0.284624
v 0.470796 0.050259 -0.289162
v 0.466037 0.050650 -0.286411
v 0.485508 0.049521 -0.287136
v 0.473403 0.048868 -0.189004
v 0.478462 0.048484 -0.193211
v 0.471748 0.047710 -0.196974
v 0.472791 0.046794 -0.215972
v 0.468742 0.048563 -0.219800
v 0.466439 0.047575 -0.213084
v 0.380588 0.039946 -0.322446
v 0.451139 0.050508 -0.285304
v 0.368734 0.035204 -0.351470
v 0.480928 0.049720 -0.288464
v 0.475831 0.050426 -0.284610
v 0.481115 0.050220 -0.281809
v 0.479977 0.051962 -0.255030
v 0.487772 0.051476 -0.255889
v 0.455989 0.050713 -0.284310
v 0.468436 0.051194 -0.279159
v 0.476278 0.051101 -0.275153
v 0.396261 0.044547 -0.219558
v 0.483303 0.050811 -0.273046
v 0.461575 0.048150 -0.177296
v 0.468104 0.048746 -0.182838
v 0.480167 0.046419 -0.217291
v 0.483194 0.046192 -0.213093
v 0.490590 0.046124 -0.219469
v 0.491493 0.051431 -0.251004
v 0.485903 0.052051 -0.248015
v 0.529006 0.046807 -0.226048
v 0.535093 0.046927 -0.222891
v 0.536018 0.046875 -0.228364
v 0.496207 0.050767 -0.237750
v 0.499139 0.050855 -0.246368
v 0.492750 0.051544 -0.244879
v 0.489024 0.050379 -0.180993
v 0.480366 0.049882 -0.182781
v 0.458761 0.051327 -0.271908
v 0.461844 0.050914 -0.283236
v 0.362143 0.034843 -0.349674
v 0.542938 0.047917 -0.212106
v 0.534491 0.047590 -0.216034
v 0.536697 0.048246 -0.206797
v 0.490459 0.046510 -0.212753
v 0.463877 0.051328 -0.274709
v 0.477423 0.052144 -0.244402
v 0.471398 0.052056 -0.237967
v 0.475534 0.051232 -0.231748
v 0.488832 0.050868 -0.265070
v 0.529578 0.048319 -0.209131
v 0.524515 0.047700 -0.213194
v 0.463243 0.052001 -0.255650
v 0.460218 0.051771 -0.241033
v 0.387900 0.044463 -0.219403
v 0.443701 0.050132 -0.130698
v 0.435791 0.050071 -0.130326
v 0.466569 0.048036 -0.192663
v 0.526771 0.049211 -0.202107
v 0.467791 0.046802 -0.208411
v 0.496140 0.049723 -0.270365
v 0.500427 0.050535 -0.257033
v 0.503060 0.049241 -0.268074
v 0.510453 0.049172 -0.261908
v 0.504938 0.049487 -0.261877
v 0.506203 0.049996 -0.255552
v 0.524240 0.048466 -0.252025
v 0.520494 0.048680 -0.244366
v 0.531428 0.047943 -0.242872
v 0.405650 0.044093 -0.222720
v 0.534578 0.049258 -0.200565
v 0.479575 0.051372 -0.268836
v 0.483201 0.051257 -0.265687
v 0.538415 0.046869 -0.234749
v 0.526974 0.046913 -0.231828
v 0.522381 0.048382 -0.208643
v 0.504494 0.049167 -0.234204
v 0.512195 0.048992 -0.240270
v 0.504207 0.050023 -0.241705
v 0.512478 0.049581 -0.251094
v 0.528099 0.046861 -0.221857
v 0.471888 0.051568 -0.270217
v 0.466852 0.051868 -0.267025
v 0.473324 0.051948 -0.262152
v 0.472124 0.052392 -0.253332
v 0.493616 0.050816 -0.258085
v 0.475695 0.051550 -0.267734
v 0.541223 0.048761 -0.200576
v 0.544926 0.047951 -0.207513
v 0.485900 0.051831 -0.239150
v 0.479320 0.051689 -0.262854
v 0.520927 0.047949 -0.237480
v 0.481075 0.047551 -0.222334
v 0.495577 0.051262 -0.250462
v 0.508693 0.049966 -0.245024
v 0.504853 0.050307 -0.248939
v 0.503904 0.050628 -0.178135
v 0.509569 0.050726 -0.181565
v 0.418194 0.043209 -0.228803
v 0.502670 0.050062 -0.190896
v 0.493491 0.049825 -0.188693
v 0.497639 0.050481 -0.183607
v 0.471271 0.049848 -0.162088
v 0.550733 0.047776 -0.213000
v 0.545253 0.047451 -0.217146
v 0.462347 0.047907 -0.194744
v 0.499939 0.045893 -0.220129
v 0.500767 0.046931 -0.226183
v 0.467499 0.051490 -0.232179
v 0.508597 0.050722 -0.172513
v 0.468662 0.052246 -0.245164
v 0.378954 0.038418 -0.299853
v 0.522594 0.046757 -0.225156
v 0.523372 0.047243 -0.219133
v 0.455024 0.051152 -0.261082
v 0.468678 0.051979 -0.259317
v 0.514083 0.047529 -0.214098
v 0.514084 0.049106 -0.204275
v 0.486837 0.050050 -0.230517
v 0.515922 0.046843 -0.222286
v 0.386515 0.038157 -0.359099
v 0.386452 0.037765 -0.371097
v 0.531701 0.049710 -0.194283
v 0.496580 0.047508 -0.206676
v 0.493534 0.048859 -0.197275
v 0.499787 0.048573 -0.201436
v 0.439532 0.049981 -0.136426
v 0.542327 0.046987 -0.225116
v 0.416732 0.044757 -0.317898
v 0.408026 0.043828 -0.321837
v 0.350639 0.032721 -0.373548
v 0.353420 0.035113 -0.348105
v 0.512032 0.050531 -0.186458
v 0.504554 0.050198 -0.184546
v 0.514208 0.047296 -0.230208
v 0.495512 0.048987 -0.280425
v 0.496261 0.050749 -0.175075
v 0.445092 0.050257 -0.134727
v 0.504636 0.048751 -0.203798
v 0.506973 0.048143 -0.208211
v 0.465406 0.050374 -0.225347
v 0.516865 0.050047 -0.194571
v 0.478208 0.046261 -0.207688
v 0.485789 0.047410 -0.203200
v 0.486490 0.046680 -0.208568
v 0.505410 0.049315 -0.198600
v 0.476431 0.049989 -0.173124
v 0.472472 0.049701 -0.166831
v 0.399694 0.042620 -0.322558
v 0.401074 0.042222 -0.317910
v 0.497274 0.046539 -0.214348
v 0.359852 0.033874 -0.372612
v 0.454320 0.051070 -0.277927
v 0.402521 0.041826 -0.311552
v 0.396280 0.041157 -0.313254
v 0.396632 0.040483 -0.305885
v 0.508214 0.046582 -0.221796
v 0.504566 0.046743 -0.216813
v 0.474179 0.049258 -0.180768
v 0.541458 0.047323 -0.220961
v 0.391090 0.047619 -0.192196
v 0.496717 0.049364 -0.230968
v 0.491494 0.048015 -0.226165
v 0.503689 0.047271 -0.212141
v 0.475852 0.046197 -0.212834
v 0.478678 0.046913 -0.202248
v 0.466256 0.051866 -0.237442
v 0.470858 0.049368 -0.172926
v 0.486227 0.049574 -0.190441
v 0.482871 0.047961 -0.197553
v 0.476556 0.047472 -0.199057
v 0.466207 0.048913 -0.174051
v 0.462555 0.048431 -0.171112
v 0.451308 0.050165 -0.115730
v 0.551016 0.047161 -0.222581
v 0.472241 0.046859 -0.202735
v 0.390344 0.039929 -0.309849
v 0.478185 0.049350 -0.226105
v 0.547651 0.046835 -0.230634
v 0.477066 0.049563 -0.292214
v 0.400220 0.041022 -0.299151
v 0.364898 0.038737 -0.289814
v 0.394930 0.041831 -0.273410
v 0.389450 0.041218 -0.278522
v 0.380199 0.047947 -0.185095
v 0.446139 0.050343 -0.094410
v 0.293043 0.048040 -0.139663
v 0.358264 0.036156 -0.341436
v 0.269515 0.035367 -0.373751
v 0.444880 0.049918 -0.091689
v 0.366015 0.049215 -0.163513
v 0.323129 0.052147 -0.058923
v 0.357753 0.051659 -0.104269
v 0.354897 0.051780 -0.106374
v 0.279300 0.047814 -0.174577
v 0.378131 0.051954 -0.068790
v 0.336804 0.031104 -0.379208
v 0.261857 0.046455 -0.181825
v 0.411764 0.042634 -0.359575
v 0.385286 0.040764 -0.279345
v 0.386379 0.040056 -0.286796
v 0.360130 0.052283 -0.060241
v 0.441828 0.049084 -0.067757
v 0.348664 0.051700 -0.068557
v 0.301895 0.049107 -0.164639
v 0.380716 0.051219 -0.066722
v 0.376798 0.051429 -0.062915
v 0.274807 0.044729 -0.201541
v 0.395941 0.041348 -0.282363
v 0.398200 0.048944 -0.148794
v 0.387239 0.051499 -0.100985
v 0.301376 0.052346 -0.065045
v 0.373792 0.038915 -0.289130
v 0.351764 0.052110 -0.063259
v 0.445680 0.049352 -0.114672
v 0.231684 0.054413 -0.047597
v 0.390150 0.039911 -0.290695
v 0.346338 0.031394 -0.380733
v 0.353680 0.032324 -0.378619
v 0.361676 0.033149 -0.381647
v 0.250346 0.050008 -0.161950
v 0.522682 0.049417 -0.155888
v -0.333599 0.060790 0.159170
v -0.060566 0.055889 0.118309
v -0.077796 0.055908 0.113244
v -0.343862 0.060071 0.224637
v -0.338367 0.059558 0.220006
v -0.348080 0.059957 0.217299
v -0.297656 0.059807 0.164242
v -0.292960 0.059638 0.172688
v -0.318164 0.058891 0.243400
v -0.324595 0.058334 0.235758
v -0.324620 0.059340 0.245769
v -0.315459 0.058691 0.234318
v -0.309753 0.058950 0.241342
v -0.305294 0.060141 0.169441
v -0.299711 0.059816 0.182896
v -0.306345 0.059086 0.230073
v -0.301236 0.059395 0.238137
v -0.297829 0.059321 0.231797
v -0.311105 0.060062 0.179610
v -0.316475 0.060897 0.170490
v -0.305016 0.058954 0.219741
v -0.297514 0.059040 0.223564
v -0.297145 0.059220 0.215240
v -0.304152 0.058895 0.245180
v -0.302149 0.059498 0.211265
v -0.295667 0.059783 0.205693
v -0.324201 0.061481 0.162741
v -0.320084 0.060452 0.179863
v -0.316085 0.059932 0.183526
v -0.325623 0.061063 0.173103
v -0.310477 0.058602 0.223384
v -0.313698 0.058798 0.227321
v -0.312745 0.060112 0.187165
v -0.307211 0.059740 0.185181
v -0.305775 0.060097 0.191842
v -0.305184 0.060136 0.203596
v -0.310576 0.059985 0.199281
v -0.308984 0.059299 0.212731
v -0.310612 0.058883 0.218303
v -0.315967 0.058666 0.220126
v -0.329399 0.060514 0.184995
v -0.319905 0.060149 0.187434
v -0.316432 0.059574 0.207236
v -0.320738 0.058250 0.226827
v -0.314973 0.060086 0.195185
v -0.313090 0.059048 0.214886
v -0.338081 0.061261 0.181498
v -0.324344 0.060151 0.196126
v -0.075290 0.055423 0.129727
v -0.338220 0.060985 0.189115
v -0.334681 0.060604 0.197090
v -0.330047 0.058371 0.226064
v -0.337428 0.058672 0.227142
v -0.333780 0.057855 0.233158
v -0.336613 0.059759 0.255121
v -0.332244 0.058991 0.263144
v -0.330022 0.059434 0.250983
v -0.213913 0.058582 0.192777
v -0.211276 0.057172 0.219305
v -0.204467 0.056989 0.228737
v -0.200389 0.056994 0.219754
v -0.204198 0.056815 0.215032
v -0.199101 0.057112 0.209302
v -0.208614 0.057270 0.209825
v -0.270223 0.058596 0.227198
v -0.267040 0.058473 0.231938
v -0.262820 0.058574 0.223881
v -0.195704 0.056915 0.226427
v -0.197181 0.056722 0.235105
v -0.186658 0.057175 0.229207
v -0.211911 0.055889 0.246902
v -0.209890 0.056764 0.238978
v -0.218973 0.056523 0.244731
v -0.222640 0.058528 0.194843
v -0.215829 0.057525 0.229338
v -0.242917 0.055924 0.250993
v -0.239846 0.054603 0.258461
v -0.236454 0.055368 0.253661
v -0.227309 0.058380 0.203117
v -0.215321 0.058202 0.201778
v -0.272278 0.058587 0.235557
v -0.339247 0.060163 0.205525
v -0.328989 0.059699 0.206515
v -0.233803 0.057727 0.235891
v -0.222148 0.057523 0.236947
v -0.225787 0.058060 0.228402
v -0.193852 0.055197 0.247544
v -0.188983 0.055649 0.240731
v -0.199363 0.055769 0.243419
v -0.248210 0.055497 0.274889
v -0.249769 0.055912 0.283822
v -0.240985 0.055630 0.279223
v -0.238949 0.055063 0.267941
v -0.247612 0.054818 0.258673
v -0.252124 0.055081 0.267338
v -0.223631 0.054965 0.256848
v -0.215424 0.055252 0.259618
v -0.217344 0.054975 0.252173
v -0.243577 0.058598 0.189486
v -0.237582 0.058654 0.200485
v -0.334069 0.059820 0.213683
v -0.283279 0.058359 0.212133
v -0.287162 0.058326 0.219826
v -0.279146 0.058011 0.218399
v -0.217946 0.057721 0.211372
v -0.219789 0.057874 0.217170
v -0.244563 0.058166 0.229473
v -0.244293 0.057389 0.241839
v -0.227786 0.056753 0.244259
v -0.220966 0.057938 0.222171
v -0.227595 0.058056 0.215804
v -0.227322 0.058184 0.222713
v -0.205654 0.057728 0.202020
v -0.209649 0.058280 0.197660
v -0.236337 0.056603 0.246194
v -0.284804 0.059403 0.182988
v -0.272194 0.058947 0.188084
v -0.275374 0.059259 0.180494
v -0.239242 0.058572 0.217769
v -0.251425 0.058907 0.218682
v -0.181112 0.057770 0.218600
v -0.183386 0.057836 0.209740
v -0.054521 0.056432 0.092108
v -0.264701 0.058224 0.241159
v -0.261236 0.058517 0.233314
v -0.254609 0.057981 0.238956
v -0.251166 0.056925 0.249266
v -0.230224 0.055702 0.252315
v -0.264257 0.059039 0.197338
v -0.262411 0.058923 0.210107
v -0.252591 0.059223 0.203601
v -0.232575 0.054889 0.259322
v -0.223584 0.055611 0.267869
v -0.207748 0.055331 0.249124
v -0.202538 0.055052 0.250359
v -0.206458 0.055773 0.245480
v -0.190592 0.057461 0.217235
v -0.233234 0.058134 0.224912
v -0.259132 0.055509 0.277444
v -0.246034 0.059007 0.200001
v -0.244345 0.059050 0.208535
v -0.235284 0.058538 0.209229
v -0.325302 0.059210 0.217281
v -0.331585 0.059328 0.219559
v -0.258658 0.055768 0.258044
v -0.260245 0.055169 0.266748
v -0.176240 0.057051 0.226864
v -0.168491 0.057291 0.223895
v -0.173627 0.057773 0.219532
v -0.275756 0.058742 0.208019
v -0.285385 0.058985 0.204889
v -0.223946 0.055490 0.250035
v -0.204800 0.055804 0.259799
v -0.210171 0.055029 0.252683
v -0.280989 0.059634 0.171629
v -0.297396 0.060133 0.196277
v -0.276161 0.058467 0.227156
v -0.271273 0.058585 0.218170
v -0.177717 0.055516 0.235960
v -0.189983 0.057688 0.204002
v -0.255321 0.058633 0.228699
v -0.283246 0.058592 0.228099
v -0.252405 0.059067 0.210343
v -0.204799 0.058388 0.194403
v -0.279895 0.058751 0.239063
v -0.166017 0.057829 0.216973
v -0.197256 0.057827 0.198329
v -0.280453 0.055786 0.310134
v -0.271804 0.055230 0.315386
v -0.271372 0.055478 0.305879
v -0.276450 0.055315 0.322716
v -0.278098 0.055696 0.316590
v -0.290900 0.058850 0.228250
v -0.259340 0.057582 0.247701
v -0.285313 0.055863 0.317087
v -0.288198 0.055708 0.324572
v -0.305742 0.056413 0.292400
v -0.315834 0.056626 0.299777
v -0.309068 0.056770 0.303563
v -0.270571 0.056713 0.258076
v -0.269776 0.055990 0.262184
v -0.265859 0.055484 0.263238
v -0.158046 0.057634 0.215327
v -0.252412 0.059136 0.194699
v -0.320977 0.055625 0.336659
v -0.313414 0.055435 0.341563
v -0.315566 0.055617 0.334148
v -0.265206 0.057338 0.250764
v -0.298802 0.059841 0.189927
v -0.292060 0.059802 0.190247
v -0.231284 0.055808 0.278738
v -0.270016 0.058732 0.202167
v -0.277920 0.055134 0.272314
v -0.280680 0.055003 0.269913
v -0.283821 0.055291 0.274353
v -0.338121 0.056405 0.308100
v -0.332178 0.056680 0.304064
v -0.340854 0.056305 0.298743
v -0.240529 0.055822 0.291292
v -0.272979 0.057993 0.247415
v -0.350839 0.060840 0.221782
v -0.354092 0.061527 0.226444
v -0.347412 0.060742 0.231146
v -0.252016 0.058946 0.186485
v -0.256603 0.058915 0.178702
v -0.260843 0.059038 0.186766
v -0.278149 0.055485 0.281829
v -0.270684 0.055176 0.274296
v -0.270016 0.059425 0.174902
v -0.292014 0.058838 0.222799
v -0.292996 0.058739 0.218756
v -0.279366 0.059094 0.196156
v -0.289824 0.059696 0.198100
v -0.342572 0.059866 0.212547
v -0.247675 0.055663 0.301678
v -0.252050 0.055805 0.294852
v -0.254431 0.055458 0.305698
v -0.263531 0.059071 0.179950
v -0.307941 0.056600 0.314961
v -0.314152 0.056615 0.311112
v -0.304061 0.056248 0.323504
v -0.263340 0.059568 0.172668
v -0.268438 0.059274 0.182224
v -0.289968 0.058771 0.212488
v -0.286834 0.059050 0.235812
v -0.301442 0.057424 0.264693
v -0.301996 0.056308 0.269947
v -0.294003 0.056401 0.268083
v -0.288216 0.058975 0.245807
v -0.281212 0.058111 0.251647
v -0.308316 0.058863 0.248353
v -0.310214 0.058447 0.254472
v -0.303782 0.058695 0.251029
v -0.288678 0.057941 0.257031
v -0.313509 0.057103 0.270197
v -0.316796 0.057909 0.263920
v -0.319108 0.056293 0.274036
v -0.308077 0.055882 0.273139
v -0.313315 0.055989 0.274101
v -0.310510 0.055299 0.277208
v -0.324096 0.056684 0.304230
v -0.330586 0.056300 0.295201
v -0.320676 0.059181 0.254107
v -0.326433 0.059258 0.256964
v -0.324076 0.058392 0.264549
v -0.308839 0.057315 0.266153
v -0.281548 0.056407 0.264239
v -0.314462 0.055380 0.277458
v -0.335173 0.057665 0.272448
v -0.339173 0.058362 0.268518
v -0.343561 0.057596 0.274705
v -0.299097 0.058722 0.253553
v -0.297226 0.059170 0.246065
v -0.341463 0.055901 0.282115
v -0.335195 0.055863 0.279519
v -0.339190 0.059168 0.237477
v -0.337747 0.060011 0.246390
v -0.331356 0.058688 0.241612
v -0.313691 0.058907 0.249921
v -0.315218 0.058896 0.257032
v -0.311331 0.058096 0.260265
v -0.293629 0.058755 0.252842
v -0.304631 0.058305 0.258642
v -0.328723 0.056872 0.273780
v -0.340841 0.059458 0.261379
v -0.320362 0.055441 0.279981
v -0.317278 0.055526 0.280018
v -0.293519 0.059504 0.238066
v -0.325387 0.059493 0.251588
v -0.336637 0.055168 0.284346
v -0.340064 0.054691 0.286084
v -0.305798 0.054963 0.279901
v -0.302025 0.055393 0.275386
v -0.315157 0.056259 0.291103
v -0.340551 0.059176 0.231257
v -0.296446 0.057859 0.259232
v -0.324892 0.055177 0.280168
v -0.329323 0.055319 0.280060
v -0.345645 0.060750 0.241595
v -0.063862 0.060597 0.067625
v -0.264677 0.055798 0.287180
v -0.269377 0.055600 0.282085
v -0.312317 0.055730 0.283316
v -0.058312 0.060043 0.074659
v -0.266008 0.055251 0.269412
v -0.329972 0.055158 0.285445
v -0.272345 0.055088 0.266354
v -0.276103 0.057599 0.255553
v -0.335748 0.055411 0.288455
v -0.288043 0.056319 0.301252
v -0.292457 0.056464 0.309794
v -0.289047 0.055715 0.273004
v -0.289471 0.055527 0.278097
v -0.326806 0.056533 0.313881
v -0.320629 0.055886 0.285727
v -0.321741 0.056390 0.293732
v -0.296643 0.055347 0.337660
v -0.289324 0.055393 0.332969
v -0.279361 0.056000 0.302087
v -0.329342 0.056081 0.323601
v -0.322283 0.056242 0.322726
v -0.296139 0.055636 0.279626
v -0.298594 0.055846 0.273505
v -0.271994 0.055740 0.290254
v -0.273793 0.055961 0.298031
v -0.263479 0.055682 0.297992
v -0.295004 0.056325 0.317252
v -0.278417 0.055565 0.267432
v -0.293584 0.056251 0.292248
v -0.287688 0.055765 0.283500
v -0.298367 0.056580 0.301777
v -0.304681 0.056825 0.301743
v -0.282224 0.055984 0.292813
v -0.325767 0.055964 0.290463
v -0.262698 0.055220 0.311907
v -0.257683 0.055787 0.288054
v -0.340123 0.055744 0.290570
v -0.037735 0.056100 0.090751
v -0.303949 0.056708 0.310387
v -0.335464 0.056171 0.316407
v -0.338324 0.055824 0.324032
v -0.322972 0.056646 0.298590
v -0.073672 0.056177 0.093070
v -0.344467 0.056372 0.312725
v -0.321902 0.055866 0.329747
v -0.316967 0.056520 0.319354
v -0.308001 0.055682 0.334781
v -0.328738 0.055714 0.334204
v -0.346233 0.055383 0.327363
v -0.345756 0.055214 0.334778
v -0.336794 0.055315 0.334801
v -0.315335 0.056138 0.326782
v -0.294671 0.053659 0.369534
v -0.284244 0.053735 0.371673
v -0.290774 0.053903 0.365500
v -0.334317 0.052101 0.402670
v -0.339421 0.052304 0.395968
v -0.339002 0.052046 0.402773
v -0.331114 0.054015 0.357203
v -0.318408 0.054237 0.355095
v -0.329109 0.054513 0.349252
v -0.259685 0.053863 0.359527
v -0.250660 0.054003 0.360931
v -0.254024 0.054147 0.353534
v -0.248019 0.053606 0.370251
v -0.241221 0.053932 0.362625
v -0.106691 0.047686 0.432901
v -0.096043 0.048176 0.426762
v -0.093022 0.047338 0.438540
v -0.103717 0.048497 0.418142
v -0.114497 0.048360 0.422858
v -0.110227 0.037056 0.594971
v -0.104526 0.036914 0.600139
v -0.099542 0.037315 0.595965
v -0.107036 0.036194 0.609602
v -0.104624 0.036415 0.609602
v -0.093645 0.036968 0.609601
v -0.107690 0.036151 0.609602
v -0.094579 0.036945 0.609602
v -0.109092 0.036103 0.609602
v -0.320977 0.055625 0.336659
v -0.325569 0.055236 0.342558
v -0.313414 0.055435 0.341563
v -0.304552 0.055064 0.345694
v -0.307024 0.055224 0.340556
v -0.181310 0.033294 0.609602
v -0.264535 0.054293 0.350544
v -0.271804 0.054033 0.356655
v -0.255478 0.053608 0.366711
v -0.331478 0.055361 0.339014
v -0.337712 0.054966 0.341828
v -0.275064 0.053103 0.384768
v -0.268117 0.052921 0.382898
v -0.276211 0.053379 0.379475
v -0.172651 0.033688 0.609601
v -0.174154 0.033726 0.609602
v -0.289601 0.053408 0.378576
v -0.299345 0.052798 0.386588
v -0.306674 0.052323 0.392307
v -0.297715 0.052534 0.394788
v -0.334713 0.051970 0.409735
v -0.339832 0.051912 0.408038
v -0.342007 0.051702 0.414869
v -0.263479 0.053472 0.368046
v -0.298978 0.054281 0.354916
v -0.305394 0.054084 0.360618
v -0.297335 0.053903 0.362361
v -0.310028 0.054647 0.351045
v -0.293578 0.054093 0.361143
v -0.288628 0.054006 0.358626
v -0.343729 0.054332 0.349684
v -0.282240 0.053162 0.385556
v -0.274199 0.052534 0.391537
v -0.315954 0.053704 0.362797
v -0.313713 0.053324 0.368564
v -0.305390 0.053295 0.370246
v -0.340736 0.053663 0.363988
v -0.325736 0.053559 0.364998
v -0.267453 0.053208 0.373931
v -0.260387 0.053059 0.378387
v -0.297172 0.053373 0.378812
v -0.292046 0.053040 0.386792
v -0.328697 0.052329 0.395317
v -0.320458 0.051756 0.413442
v -0.321581 0.051935 0.402289
v -0.325562 0.051758 0.409020
v -0.217062 0.051463 0.376370
v -0.223671 0.052265 0.369718
v -0.226964 0.052262 0.378712
v -0.233224 0.045960 0.471682
v -0.229449 0.045607 0.479737
v -0.228088 0.045754 0.474988
v -0.310341 0.043385 0.490319
v -0.312572 0.044067 0.483801
v -0.315009 0.043350 0.489014
v -0.266125 0.049913 0.441302
v -0.267277 0.048301 0.450939
v -0.260899 0.049454 0.446976
v -0.266652 0.038901 0.541935
v -0.271194 0.038860 0.540292
v -0.267729 0.038382 0.545892
v -0.237178 0.046541 0.463043
v -0.240017 0.046462 0.469484
v -0.217350 0.050725 0.392082
v -0.219905 0.050624 0.398945
v -0.211915 0.050168 0.396696
v -0.282720 0.051025 0.428212
v -0.288435 0.051265 0.422489
v -0.289584 0.050728 0.430623
v -0.203097 0.040097 0.535561
v -0.197063 0.040170 0.538288
v -0.190568 0.040532 0.534157
v -0.308931 0.036502 0.554212
v -0.308858 0.035623 0.561312
v -0.304017 0.049353 0.440939
v -0.302582 0.050870 0.431057
v -0.309389 0.049873 0.438937
v -0.293223 0.044784 0.475807
v -0.298193 0.045127 0.471714
v -0.297410 0.044372 0.479339
v -0.236838 0.040569 0.526065
v -0.242773 0.040723 0.529356
v -0.234788 0.040040 0.531034
v -0.278379 0.045509 0.467570
v -0.273005 0.044926 0.476296
v -0.274890 0.045088 0.471700
v -0.316516 0.050078 0.437800
v -0.321505 0.049089 0.446002
v -0.313675 0.048202 0.448695
v -0.190013 0.041699 0.516337
v -0.194346 0.041028 0.524529
v -0.182323 0.041501 0.520027
v -0.316671 0.040464 0.511902
v -0.321901 0.040303 0.511291
v -0.319569 0.039698 0.516230
v -0.272334 0.037308 0.555686
v -0.279117 0.037301 0.554160
v -0.278160 0.036669 0.560848
v -0.250745 0.043292 0.499171
v -0.256837 0.042949 0.500871
v -0.246885 0.042650 0.503130
v -0.243842 0.047306 0.457928
v -0.247296 0.047890 0.453806
v -0.250354 0.047452 0.458891
v -0.178457 0.042076 0.512364
v -0.172765 0.041764 0.517422
v -0.173435 0.042411 0.508540
v -0.199338 0.050488 0.380030
v -0.198511 0.050128 0.385808
v -0.191250 0.050342 0.386211
v -0.324012 0.042667 0.493016
v -0.324128 0.043459 0.488156
v -0.328529 0.042790 0.491257
v -0.247706 0.051894 0.399849
v -0.237828 0.051516 0.404711
v -0.237821 0.052011 0.393198
v -0.258483 0.039723 0.536967
v -0.268491 0.039700 0.532953
v -0.265094 0.039358 0.538920
v -0.303466 0.042810 0.494136
v -0.306021 0.043519 0.487274
v -0.162403 0.044899 0.480434
v -0.156838 0.045794 0.471770
v -0.163461 0.045881 0.470409
v -0.242809 0.051308 0.411835
v -0.250001 0.051479 0.410868
v -0.326600 0.051756 0.420073
v -0.326736 0.051222 0.428496
v -0.320779 0.051762 0.421516
v -0.265316 0.052353 0.393646
v -0.257769 0.052095 0.398036
v -0.256323 0.052522 0.388404
v -0.327731 0.041957 0.497435
v -0.298967 0.036961 0.553505
v -0.295587 0.036580 0.556000
v -0.298210 0.037531 0.548258
v -0.153402 0.044590 0.487737
v -0.152394 0.043973 0.494138
v -0.148383 0.045052 0.484366
v -0.183692 0.048005 0.438048
v -0.185856 0.047979 0.429140
v -0.191088 0.047959 0.441890
v -0.179679 0.043998 0.486635
v -0.173087 0.044018 0.486947
v -0.176501 0.044629 0.477451
v -0.108045 0.048917 0.413052
v -0.118183 0.048890 0.412098
v -0.193915 0.051034 0.365074
v -0.185328 0.050468 0.378826
v -0.301114 0.035363 0.568331
v -0.295686 0.035893 0.563287
v -0.298843 0.036165 0.559778
v -0.243273 0.038765 0.549075
v -0.240423 0.037954 0.554355
v -0.238282 0.038498 0.548578
v -0.122705 0.046565 0.451200
v -0.124631 0.046897 0.444999
v -0.130105 0.046427 0.452333
v -0.207321 0.050950 0.374067
v -0.285478 0.051673 0.414394
v -0.295459 0.052063 0.405899
v -0.295970 0.051728 0.416722
v -0.299898 0.040490 0.513806
v -0.303443 0.040064 0.518115
v -0.300495 0.040107 0.516527
v -0.247474 0.039122 0.544839
v -0.247170 0.038138 0.551773
v -0.305817 0.051871 0.409087
v -0.300013 0.051663 0.411882
v -0.294615 0.037640 0.545999
v -0.292177 0.037235 0.551765
v -0.290149 0.037891 0.544626
v -0.277656 0.039427 0.531414
v -0.277438 0.039928 0.527297
v -0.259967 0.051126 0.426446
v -0.265404 0.051276 0.417575
v -0.268897 0.050900 0.428635
v -0.285131 0.052123 0.405285
v -0.288111 0.052659 0.395970
v -0.243692 0.050942 0.421779
v -0.251940 0.051114 0.424933
v -0.246497 0.050878 0.429522
v -0.139089 0.046537 0.456000
v -0.148257 0.047077 0.450331
v -0.145598 0.046802 0.458129
v -0.229501 0.041231 0.515831
v -0.234379 0.041128 0.516981
v -0.230433 0.040963 0.519975
v -0.144740 0.044167 0.493301
v -0.135518 0.046085 0.463974
v -0.133965 0.045686 0.472265
v -0.185846 0.048643 0.420132
v -0.190980 0.048337 0.422902
v -0.182979 0.048040 0.446184
v -0.175586 0.048152 0.436682
v -0.217814 0.050128 0.413319
v -0.213529 0.049984 0.420682
v -0.205386 0.049415 0.412069
v -0.298856 0.038016 0.540799
v -0.302142 0.045996 0.463427
v -0.304565 0.045387 0.472955
v -0.180078 0.041094 0.532522
v -0.172339 0.041031 0.527504
v -0.184105 0.041095 0.527963
v -0.222250 0.050422 0.407457
v -0.210778 0.049943 0.404069
v -0.265930 0.051885 0.399821
v -0.270614 0.052303 0.398766
v -0.305623 0.044351 0.480852
v -0.311199 0.045098 0.476840
v -0.303089 0.052107 0.400953
v -0.308906 0.051945 0.401384
v -0.267230 0.045656 0.467514
v -0.268080 0.045529 0.470649
v -0.263419 0.045414 0.472617
v -0.319435 0.043535 0.486687
v -0.316980 0.044710 0.480892
v -0.323922 0.044269 0.483479
v -0.318561 0.051215 0.428507
v -0.309649 0.039281 0.524749
v -0.318214 0.038607 0.531041
v -0.311640 0.038540 0.532446
v -0.253378 0.038036 0.553513
v -0.257478 0.037363 0.558841
v -0.251909 0.037442 0.559783
v -0.277906 0.051646 0.411810
v -0.277861 0.038843 0.537832
v -0.282061 0.039172 0.532964
v -0.284967 0.038844 0.535822
v -0.283139 0.052526 0.399650
v -0.281606 0.052587 0.395193
v -0.317615 0.045313 0.475353
v -0.333197 0.048773 0.450096
v -0.325695 0.048336 0.451988
v -0.328981 0.049160 0.445188
v -0.201032 0.048911 0.421927
v -0.196199 0.049212 0.409384
v -0.262621 0.038766 0.543532
v -0.181376 0.047648 0.455317
v -0.173978 0.047912 0.448319
v -0.201409 0.041461 0.517413
v -0.212034 0.041144 0.519713
v -0.206741 0.040574 0.526844
v -0.242697 0.041241 0.519036
v -0.239324 0.041582 0.516887
v -0.245682 0.041640 0.514302
v -0.274262 0.036624 0.561306
v -0.273211 0.036399 0.563418
v -0.270030 0.036617 0.560968
v -0.268419 0.051692 0.406400
v -0.276680 0.052004 0.402735
v -0.178527 0.048599 0.418192
v -0.178468 0.048105 0.428729
v -0.170915 0.048274 0.424313
v -0.231469 0.053347 0.363849
v -0.230538 0.052940 0.372976
v -0.303459 0.051676 0.416496
v -0.199076 0.043221 0.498584
v -0.195751 0.042583 0.503084
v -0.192365 0.043078 0.496412
v -0.251746 0.040150 0.535130
v -0.248249 0.040433 0.532150
v -0.252903 0.040653 0.532026
v -0.248482 0.053290 0.377820
v -0.253052 0.053030 0.381160
v -0.246468 0.052813 0.386694
v -0.275699 0.035931 0.565545
v -0.165193 0.048731 0.413033
v -0.153202 0.049138 0.405802
v -0.163390 0.049213 0.401784
v -0.333366 0.051079 0.429483
v -0.339016 0.050931 0.432479
v -0.332777 0.050767 0.434294
v -0.142977 0.046358 0.465500
v -0.243928 0.050297 0.437033
v -0.253339 0.051072 0.433062
v -0.254212 0.050357 0.442414
v -0.295087 0.048039 0.448529
v -0.291617 0.049807 0.438810
v -0.298173 0.049688 0.439866
v -0.157544 0.044123 0.489710
v -0.165843 0.043557 0.493559
v -0.219201 0.049954 0.426608
v -0.223838 0.049140 0.433933
v -0.215299 0.049247 0.431530
v -0.314218 0.051881 0.406917
v -0.312181 0.051800 0.418564
v -0.286477 0.048263 0.448701
v -0.277953 0.045900 0.461913
v -0.283485 0.046216 0.459967
v -0.249915 0.045038 0.487328
v -0.240518 0.045169 0.487503
v -0.095760 0.048676 0.411776
v -0.270733 0.037826 0.550240
v -0.275857 0.037904 0.547888
v -0.290177 0.044353 0.480105
v -0.285841 0.044475 0.477648
v -0.280414 0.038443 0.541321
v -0.283044 0.038115 0.544846
v -0.262756 0.038075 0.552609
v -0.263818 0.038202 0.549481
v -0.266852 0.037913 0.552058
v -0.289310 0.039263 0.530596
v -0.290963 0.038809 0.534216
v -0.314714 0.051953 0.397006
v -0.315945 0.052243 0.384822
v -0.332209 0.041759 0.498318
v -0.330535 0.041164 0.502514
v -0.331589 0.051527 0.424406
v -0.207455 0.048576 0.431723
v -0.211514 0.049526 0.427051
v -0.326959 0.051870 0.414080
v -0.200855 0.045359 0.474818
v -0.200645 0.045051 0.480738
v -0.193372 0.044940 0.477672
v -0.188013 0.048789 0.413239
v -0.212460 0.051519 0.366877
v -0.258685 0.040259 0.532979
v -0.161096 0.048451 0.422826
v -0.301380 0.041767 0.502203
v -0.310432 0.042293 0.498048
v -0.307720 0.037473 0.546936
v -0.306648 0.036942 0.550616
v -0.302696 0.036891 0.550271
v -0.318781 0.041771 0.500958
v -0.318939 0.040821 0.506742
v -0.313963 0.041239 0.505286
v -0.301048 0.044271 0.481796
v -0.295246 0.051252 0.425514
v -0.295826 0.050597 0.432875
v -0.338735 0.050133 0.437584
v -0.235106 0.048576 0.442606
v -0.243237 0.049210 0.444654
v -0.236444 0.047416 0.452468
v -0.310936 0.051018 0.429273
v -0.218087 0.047544 0.442643
v -0.207333 0.047356 0.445409
v -0.212026 0.047937 0.437540
v -0.264501 0.046668 0.460628
v -0.262546 0.045822 0.467385
v -0.255978 0.046423 0.464915
v -0.295099 0.041229 0.508700
v -0.301902 0.040916 0.509019
v -0.262148 0.051788 0.402895
v -0.289692 0.040905 0.511766
v -0.285247 0.040653 0.515179
v -0.285393 0.041394 0.507780
v -0.334219 0.051759 0.418080
v -0.338190 0.051444 0.426245
v -0.236342 0.041135 0.520933
v -0.312151 0.037065 0.548779
v -0.125440 0.046232 0.460624
v -0.131800 0.046430 0.459255
v -0.131088 0.049965 0.396034
v -0.139719 0.049214 0.407685
v -0.123523 0.049345 0.405240
v -0.300212 0.043329 0.489569
v -0.271891 0.051448 0.411812
v -0.308656 0.034929 0.571511
v -0.308288 0.034512 0.576020
v -0.304817 0.035391 0.565282
v -0.306001 0.051462 0.423127
v -0.300510 0.051415 0.422366
v -0.294434 0.038543 0.537008
v -0.296550 0.038945 0.531418
v -0.223257 0.045546 0.478950
v -0.218721 0.045748 0.475182
v -0.225678 0.045819 0.469202
v -0.317869 0.045936 0.468841
v -0.310245 0.045862 0.468465
v -0.313305 0.046557 0.463532
v -0.275362 0.046522 0.459471
v -0.271346 0.046987 0.457034
v -0.277083 0.047551 0.453134
v -0.262958 0.052093 0.398206
v -0.180963 0.047912 0.432855
v -0.226445 0.040070 0.530511
v -0.218677 0.040192 0.528701
v -0.228764 0.040552 0.525006
v -0.229128 0.051061 0.401864
v -0.224951 0.047188 0.448148
v -0.313982 0.036628 0.552756
v -0.312288 0.036131 0.557190
v -0.278634 0.040083 0.523933
v -0.283349 0.039893 0.523690
v -0.301116 0.048325 0.446928
v -0.279993 0.043268 0.491049
v -0.278776 0.044260 0.482735
v -0.260833 0.050808 0.434788
v -0.277545 0.051361 0.418053
v -0.272122 0.051489 0.418794
v -0.219112 0.042215 0.506692
v -0.211158 0.042233 0.507301
v -0.211286 0.043294 0.500196
v -0.271989 0.045458 0.469738
v -0.280612 0.051424 0.421652
v -0.276266 0.051014 0.426863
v -0.274579 0.051323 0.422732
v -0.249343 0.051239 0.417874
v -0.206860 0.050318 0.388387
v -0.197139 0.049864 0.392589
v -0.324858 0.041766 0.497401
v -0.324837 0.041221 0.503527
v -0.322142 0.042043 0.497520
v -0.274293 0.044600 0.481476
v -0.272977 0.044012 0.485332
v -0.267394 0.044527 0.485114
v -0.283896 0.039320 0.529031
v -0.213962 0.046684 0.452081
v -0.229777 0.041948 0.508604
v -0.234058 0.041694 0.513013
v -0.238116 0.053121 0.377666
v -0.180905 0.040522 0.539588
v -0.306787 0.048225 0.448470
v -0.308676 0.046701 0.457690
v -0.231124 0.050723 0.415281
v -0.298189 0.042496 0.498402
v -0.293078 0.041933 0.501453
v -0.261423 0.051532 0.410523
v -0.293293 0.044032 0.483788
v -0.268035 0.043806 0.489935
v -0.246387 0.046749 0.465249
v -0.255820 0.051582 0.406760
v -0.227405 0.050241 0.425390
v -0.290550 0.042600 0.497356
v -0.285749 0.042127 0.499310
v -0.288515 0.043028 0.493283
v -0.227188 0.051612 0.390618
v -0.311411 0.034486 0.574156
v -0.243129 0.041047 0.523892
v -0.155308 0.043007 0.503466
v -0.158512 0.043604 0.496711
v -0.295137 0.042828 0.494470
v -0.277012 0.050613 0.432589
v -0.283426 0.050093 0.437501
v -0.156659 0.048055 0.432498
v -0.166080 0.047985 0.431541
v -0.309738 0.038191 0.537544
v -0.312552 0.037740 0.543110
v -0.304966 0.037831 0.542976
v -0.331667 0.043577 0.487137
v -0.326709 0.045434 0.475994
v -0.223768 0.041242 0.515099
v -0.238296 0.042605 0.502925
v -0.230966 0.042888 0.500403
v -0.238342 0.043656 0.496118
v -0.319222 0.047595 0.454422
v -0.324921 0.047358 0.459516
v -0.256333 0.051231 0.416716
v -0.230178 0.046278 0.460525
v -0.235086 0.045366 0.485466
v -0.231775 0.045095 0.484115
v -0.237742 0.046104 0.478743
v -0.331216 0.047869 0.456165
v -0.331637 0.047182 0.463011
v -0.275924 0.041016 0.512757
v -0.270487 0.041099 0.515544
v -0.274002 0.041504 0.510245
v -0.273365 0.042602 0.497951
v -0.265714 0.042337 0.503287
v -0.269537 0.043320 0.494938
v -0.325207 0.050325 0.437494
v -0.120306 0.046054 0.457024
v -0.207199 0.045304 0.480364
v -0.288490 0.043638 0.486031
v -0.242926 0.039294 0.540768
v -0.236612 0.039662 0.537561
v -0.243625 0.039995 0.535089
v -0.235876 0.050272 0.428869
v -0.232812 0.049209 0.436467
v -0.273246 0.049512 0.441658
v -0.276711 0.050047 0.438803
v -0.278857 0.049037 0.444448
v -0.181827 0.043495 0.492149
v -0.175245 0.043448 0.494479
v -0.256570 0.045670 0.473565
v -0.258041 0.045271 0.479081
v -0.317485 0.042604 0.494073
v -0.218503 0.051101 0.385175
v -0.210895 0.050879 0.380655
v -0.334349 0.049805 0.440706
v -0.264454 0.040721 0.524753
v -0.264376 0.040860 0.520174
v -0.272175 0.040435 0.522547
v -0.173950 0.049954 0.384412
v -0.161704 0.050051 0.388222
v -0.165460 0.050391 0.379458
v -0.241081 0.041987 0.509046
v -0.315358 0.039893 0.518420
v -0.320497 0.039431 0.520857
v -0.157815 0.047092 0.451631
v -0.155150 0.047441 0.442954
v -0.204954 0.049786 0.396437
v -0.146287 0.047717 0.439245
v -0.145613 0.048159 0.428770
v -0.318205 0.046926 0.461665
v -0.324072 0.046575 0.466729
v -0.259499 0.044933 0.483971
v -0.282860 0.045181 0.469557
v -0.160685 0.042900 0.502524
v -0.314103 0.047203 0.457635
v -0.274281 0.039260 0.535405
v -0.335472 0.049309 0.445528
v -0.281710 0.035486 0.568599
v -0.298538 0.046854 0.455117
v -0.292114 0.034487 0.577308
v -0.293422 0.034769 0.572988
v -0.297696 0.034187 0.577946
v -0.301504 0.044771 0.477435
v -0.256915 0.040602 0.529722
v -0.249957 0.041201 0.527896
v -0.258259 0.040916 0.524564
v -0.205129 0.044679 0.486864
v -0.211468 0.045100 0.488642
v -0.210723 0.044561 0.492818
v -0.272239 0.050217 0.436960
v -0.303420 0.039007 0.528910
v -0.306737 0.038621 0.533416
v -0.172328 0.049560 0.394247
v -0.175524 0.048999 0.405666
v -0.297907 0.040207 0.517697
v -0.298505 0.039596 0.522996
v -0.289705 0.040193 0.520155
v -0.226736 0.048340 0.440468
v -0.167166 0.042116 0.511362
v -0.165117 0.041742 0.519885
v -0.158963 0.042107 0.512627
v -0.303279 0.047052 0.454643
v -0.318563 0.037409 0.542482
v -0.318062 0.037209 0.546253
v -0.292134 0.046081 0.462015
v -0.249984 0.046208 0.472999
v -0.246896 0.046434 0.475474
v -0.244754 0.046444 0.473119
v -0.272199 0.048930 0.446304
v -0.259753 0.045494 0.469930
v -0.188770 0.042262 0.508446
v -0.184571 0.041967 0.513203
v -0.273743 0.043341 0.490665
v -0.275321 0.043820 0.487633
v -0.174421 0.041068 0.532319
v -0.339224 0.048783 0.447837
v -0.179430 0.046574 0.463094
v -0.183765 0.045363 0.472034
v -0.176244 0.045594 0.469510
v -0.186848 0.046023 0.466145
v -0.164835 0.042888 0.504327
v -0.288833 0.039639 0.525684
v -0.215025 0.045332 0.483424
v -0.223696 0.044873 0.488373
v -0.305872 0.040552 0.513003
v -0.307632 0.041087 0.506504
v -0.311447 0.040242 0.512490
v -0.265234 0.040349 0.528466
v -0.284810 0.036465 0.560136
v -0.283125 0.037432 0.552390
v -0.259605 0.038105 0.550682
v -0.114506 0.047668 0.434760
v -0.149685 0.045839 0.473477
v -0.152011 0.046510 0.461269
v -0.194813 0.042057 0.510652
v -0.145239 0.049847 0.396954
v -0.255984 0.048376 0.453312
v -0.139645 0.047074 0.447614
v -0.133979 0.047222 0.441617
v -0.169962 0.042838 0.502752
v -0.185763 0.046881 0.461048
v -0.195041 0.047988 0.431698
v -0.200926 0.042269 0.507888
v -0.205395 0.042733 0.503157
v -0.337776 0.048368 0.453188
v -0.204928 0.043868 0.494872
v -0.175256 0.040697 0.535604
v -0.154795 0.049859 0.394116
v -0.155368 0.049587 0.399240
v -0.296717 0.035110 0.569701
v -0.291274 0.035705 0.565563
v -0.257733 0.041499 0.518999
v -0.336668 0.047662 0.458414
v -0.338378 0.047183 0.461755
v -0.231823 0.044283 0.491984
v -0.248008 0.048855 0.449158
v -0.261940 0.038428 0.547072
v -0.274804 0.045896 0.463418
v -0.252459 0.045285 0.482995
v -0.284634 0.037523 0.548309
v -0.217575 0.041259 0.516007
v -0.220761 0.040643 0.521063
v -0.262547 0.043018 0.498394
v -0.257408 0.043546 0.495621
v -0.128100 0.048803 0.414833
v -0.250662 0.041327 0.520201
v -0.222498 0.050437 0.420761
v -0.338369 0.046423 0.467730
v -0.330751 0.046267 0.469804
v -0.271456 0.045899 0.462936
v -0.277160 0.035670 0.569663
v -0.291989 0.043486 0.489592
v -0.187132 0.049520 0.398059
v -0.279477 0.044709 0.476789
v -0.248916 0.037883 0.554290
v -0.247247 0.037680 0.557269
v -0.221561 0.046089 0.460286
v -0.244752 0.043107 0.498794
v -0.169988 0.046257 0.464579
v -0.166568 0.047190 0.454124
v -0.173773 0.047289 0.456851
v -0.224053 0.043337 0.497745
v -0.295778 0.043453 0.488925
v -0.241872 0.038798 0.545219
v -0.264549 0.037264 0.557495
v -0.259413 0.037982 0.554821
v -0.185601 0.044534 0.480834
v -0.187634 0.043798 0.488183
v -0.313651 0.042920 0.491974
v -0.207210 0.041764 0.511769
v -0.199699 0.049559 0.407958
v -0.201059 0.048062 0.433305
v -0.333704 0.045575 0.474091
v -0.265876 0.036547 0.561492
v -0.261211 0.036590 0.563631
v -0.237531 0.039198 0.543326
v -0.231920 0.038661 0.547028
v -0.185914 0.043151 0.494635
v -0.143566 0.045782 0.475550
v -0.287443 0.038346 0.539440
v -0.225966 0.042330 0.503916
v -0.226273 0.040860 0.519979
v -0.169167 0.044578 0.482666
v -0.168695 0.045224 0.474490
v -0.309955 0.039969 0.518075
v -0.312891 0.039461 0.521548
v -0.253424 0.042175 0.508097
v -0.254323 0.041527 0.514577
v -0.344629 0.049689 0.442553
v -0.199697 0.049644 0.402701
v -0.287884 0.035645 0.568070
v -0.287782 0.035162 0.572533
v -0.336215 0.044348 0.482772
v -0.218825 0.045729 0.469768
v -0.192486 0.047302 0.455154
v -0.209524 0.045232 0.484887
v -0.265073 0.045226 0.477526
v -0.178051 0.042499 0.506122
v -0.160712 0.046651 0.461882
v -0.280811 0.037549 0.549309
v -0.197028 0.044090 0.489762
v -0.222050 0.039607 0.538854
v -0.212196 0.040164 0.533976
v -0.274648 0.038340 0.542621
v -0.300965 0.033822 0.580020
v -0.298828 0.033730 0.581809
v -0.191341 0.046475 0.463707
v -0.192782 0.045696 0.470263
v -0.142264 0.048681 0.419270
v -0.152762 0.048521 0.423305
v -0.223492 0.039942 0.532906
v -0.249827 0.043388 0.496749
v -0.099346 0.049273 0.399034
v -0.106690 0.049697 0.395704
v -0.109820 0.049286 0.403549
v -0.257757 0.044331 0.490072
v -0.180709 0.042889 0.499074
v -0.182953 0.042428 0.506474
v -0.278355 0.041348 0.509395
v -0.317467 0.039140 0.524774
v -0.304842 0.038304 0.537180
v -0.277307 0.040934 0.516802
v -0.205343 0.047763 0.437742
v -0.249945 0.039697 0.539231
v -0.181614 0.050094 0.387856
v -0.117839 0.047007 0.441468
v -0.280839 0.040247 0.520860
v -0.125602 0.047650 0.434962
v -0.252134 0.038791 0.547835
v -0.211017 0.045815 0.471576
v -0.315180 0.041667 0.499342
v -0.133225 0.048209 0.425485
v -0.137859 0.047700 0.433732
v -0.192415 0.044207 0.484088
v -0.262693 0.041547 0.512528
v -0.270022 0.041583 0.508772
v -0.225060 0.038660 0.546521
v -0.137465 0.050579 0.384657
v -0.150259 0.050227 0.388065
v -0.213296 0.041637 0.512744
v -0.295750 0.039312 0.527340
v -0.165194 0.047688 0.442084
v -0.277012 0.042024 0.503472
v -0.280200 0.040943 0.512879
v -0.212629 0.044687 0.491551
v -0.247350 0.044125 0.493949
v -0.228934 0.039657 0.535179
v -0.191894 0.042719 0.503562
v -0.187012 0.042884 0.500768
v -0.291847 0.036336 0.559369
v -0.288939 0.036211 0.560760
v -0.288585 0.036641 0.556924
v -0.140031 0.045193 0.482638
v -0.183083 0.033387 0.609601
v -0.238297 0.041511 0.513738
v -0.210386 0.046075 0.461342
v -0.199393 0.047649 0.440198
v -0.116406 0.050021 0.391420
v -0.317098 0.036678 0.549712
v -0.272493 0.035647 0.570697
v -0.271194 0.036269 0.565216
v -0.174583 0.050434 0.376993
v -0.287109 0.037311 0.552266
v -0.227934 0.039004 0.543327
v -0.172290 0.045670 0.470934
v -0.203650 0.046851 0.455269
v -0.215714 0.044869 0.491333
v -0.309870 0.035130 0.568787
v -0.300996 0.038515 0.534032
v -0.152069 0.048862 0.414872
v -0.198849 0.047407 0.448232
v -0.161318 0.049563 0.396019
v -0.284308 0.031860 0.609602
v -0.284303 0.031968 0.607515
v -0.284397 0.031861 0.609602
v -0.233524 0.034172 0.597301
v -0.237060 0.034062 0.595162
v -0.239864 0.034006 0.596871
v -0.200209 0.046108 0.465106
v -0.236858 0.033403 0.603736
v -0.245949 0.033681 0.597730
v -0.245974 0.034576 0.589612
v -0.254488 0.037070 0.563134
v -0.248163 0.037017 0.564080
v -0.284736 0.034872 0.575027
v -0.240786 0.033182 0.604641
v -0.216656 0.043633 0.497814
v -0.175225 0.042877 0.502272
v -0.312915 0.035635 0.562531
v -0.312519 0.035468 0.566443
v -0.292827 0.040395 0.514744
v -0.315502 0.038053 0.538363
v -0.301732 0.034309 0.576683
v -0.249580 0.034287 0.589417
v -0.250101 0.034258 0.592122
v -0.238748 0.032765 0.609601
v -0.237832 0.032807 0.609602
v -0.123503 0.049151 0.410458
v -0.247036 0.032735 0.605784
v -0.239529 0.032651 0.609601
v -0.156431 0.050561 0.381516
v -0.154782 0.045051 0.481221
v -0.252065 0.033601 0.597603
v -0.258834 0.034324 0.586387
v -0.318271 0.038222 0.536006
v -0.257192 0.033355 0.595872
v -0.254583 0.053222 0.374141
v -0.254452 0.032598 0.605662
v -0.255693 0.032861 0.601024
v -0.263140 0.033994 0.589973
v -0.263179 0.033252 0.596346
v -0.230754 0.039231 0.540532
v -0.256845 0.032197 0.608082
v -0.277821 0.034953 0.574250
v -0.257146 0.038620 0.547197
v -0.195600 0.041590 0.517713
v -0.267626 0.034145 0.585382
v -0.267097 0.033555 0.591917
v -0.197769 0.044666 0.483415
v -0.255834 0.039081 0.542533
v -0.272236 0.033353 0.592580
v -0.269289 0.032635 0.602207
v -0.261959 0.032422 0.604352
v -0.270762 0.032967 0.597362
v -0.327960 0.040015 0.511112
v -0.325760 0.039529 0.517740
v -0.274988 0.034943 0.577527
v -0.272978 0.034660 0.580534
v -0.272939 0.035043 0.575442
v -0.213496 0.039264 0.542285
v -0.274337 0.034055 0.585684
v -0.278085 0.034310 0.579676
v -0.280102 0.033927 0.585259
v -0.268887 0.032236 0.606911
v -0.261261 0.031960 0.609602
v -0.234178 0.037680 0.559396
v -0.232645 0.038219 0.553641
v -0.268371 0.032001 0.609602
v -0.219994 0.044242 0.494560
v -0.275736 0.032089 0.605152
v -0.285945 0.034093 0.582100
v -0.281883 0.034070 0.582239
v -0.282363 0.034335 0.578846
v -0.276825 0.033188 0.594338
v -0.282918 0.033488 0.590540
v -0.284371 0.033921 0.584466
v -0.272546 0.031914 0.609602
v -0.286489 0.033411 0.588149
v -0.280352 0.032598 0.599164
v -0.266942 0.036639 0.563961
v -0.275437 0.032442 0.600912
v -0.283184 0.032417 0.601485
v -0.280233 0.033032 0.593599
v -0.279354 0.031833 0.609601
v -0.290986 0.033767 0.583490
v -0.286718 0.032850 0.595577
v -0.288165 0.034331 0.579502
v -0.291027 0.033880 0.585166
v -0.293087 0.033697 0.580994
v -0.288234 0.033360 0.592561
v -0.240811 0.037474 0.561842
v -0.292373 0.032509 0.599985
v -0.291319 0.033160 0.590529
v -0.317213 0.035202 0.567363
v -0.293637 0.032375 0.604037
v -0.265607 0.036041 0.568357
v -0.292204 0.033096 0.593622
v -0.321080 0.052255 0.391630
v -0.293729 0.032033 0.609602
v -0.291545 0.031929 0.609602
v -0.297313 0.032222 0.607828
v -0.291826 0.031849 0.607626
v -0.277125 0.054360 0.345736
v -0.285734 0.054515 0.348877
v -0.295706 0.033832 0.583908
v -0.273231 0.053832 0.365632
v -0.336794 0.055315 0.334801
v -0.331849 0.055598 0.337245
v -0.328738 0.055714 0.334204
v -0.328279 0.051831 0.404595
v -0.297789 0.032402 0.600917
v -0.274847 0.053552 0.373236
v -0.297723 0.032061 0.609602
v -0.296724 0.032031 0.609600
v -0.330730 0.053349 0.371124
v -0.335249 0.053085 0.377402
v -0.324787 0.052694 0.378593
v -0.205976 0.038755 0.553042
v -0.206626 0.039470 0.545193
v -0.329379 0.051834 0.410922
v -0.213310 0.036700 0.572158
v -0.206406 0.036356 0.577743
v -0.208466 0.036554 0.572102
v -0.200863 0.039256 0.552251
v -0.296295 0.033243 0.589952
v -0.238277 0.034576 0.592469
v -0.233645 0.034895 0.589900
v -0.240448 0.034749 0.587438
v -0.087068 0.039361 0.571722
v -0.222617 0.036795 0.571893
v -0.214978 0.036278 0.574855
v -0.219599 0.036729 0.569007
v -0.299259 0.032284 0.609602
v -0.279873 0.053893 0.365565
v -0.228757 0.036957 0.570337
v -0.233309 0.036335 0.572132
v -0.228427 0.036334 0.574307
v -0.233623 0.037152 0.565635
v -0.230735 0.035341 0.585609
v -0.223496 0.035205 0.589052
v -0.226958 0.035904 0.582414
v -0.232391 0.033379 0.606005
v -0.225764 0.033101 0.609601
v -0.280532 0.054068 0.358251
v -0.247327 0.035790 0.577062
v -0.241973 0.035888 0.577964
v -0.244326 0.036100 0.573887
v -0.230392 0.032978 0.609601
v -0.210162 0.033799 0.603912
v -0.213290 0.034495 0.597334
v -0.216235 0.034249 0.601216
v -0.304496 0.032575 0.607623
v -0.304212 0.032805 0.609602
v -0.224621 0.038168 0.554371
v -0.219892 0.038666 0.549765
v -0.330810 0.052584 0.385555
v -0.159131 0.034219 0.609601
v -0.191730 0.033608 0.606662
v -0.306232 0.033143 0.609596
v -0.308478 0.033559 0.609601
v -0.300130 0.033568 0.586163
v -0.303121 0.033412 0.584951
v -0.305949 0.033151 0.588925
v -0.200993 0.038367 0.558316
v -0.206598 0.038055 0.558486
v -0.206364 0.037734 0.562958
v -0.298863 0.033159 0.592840
v -0.223722 0.036315 0.579058
v -0.221220 0.035600 0.584856
v -0.214734 0.033085 0.609601
v -0.214417 0.033304 0.607030
v -0.216890 0.033084 0.609602
v -0.299767 0.033449 0.588976
v -0.294801 0.032753 0.596532
v -0.315096 0.034904 0.572970
v -0.304626 0.032849 0.601848
v -0.210782 0.038312 0.556443
v -0.212370 0.038572 0.550467
v -0.311217 0.033857 0.609601
v -0.316966 0.034015 0.603906
v -0.316521 0.034412 0.609601
v -0.226324 0.034561 0.595165
v -0.228221 0.033872 0.601401
v -0.092609 0.038673 0.576279
v -0.196680 0.039984 0.543200
v -0.192469 0.040172 0.540361
v -0.296314 0.054642 0.347268
v -0.218202 0.036167 0.578185
v -0.224481 0.036296 0.574414
v -0.310042 0.033396 0.604414
v -0.306364 0.052806 0.379763
v -0.317116 0.052882 0.373874
v -0.300483 0.032727 0.598085
v -0.305917 0.033022 0.595760
v -0.191224 0.039821 0.548777
v -0.196204 0.039149 0.554352
v -0.190659 0.039115 0.556325
v -0.296678 0.032835 0.598932
v -0.222200 0.033595 0.604220
v -0.219635 0.034725 0.595950
v -0.316464 0.033439 0.589816
v -0.316423 0.034077 0.580884
v -0.322440 0.034068 0.586868
v -0.214674 0.037074 0.568138
v -0.303999 0.033805 0.583006
v -0.259026 0.036241 0.569114
v -0.253790 0.036622 0.567924
v -0.206230 0.034053 0.602039
v -0.209541 0.034741 0.593925
v -0.236176 0.035865 0.577662
v -0.240863 0.036610 0.569283
v -0.186490 0.040111 0.544219
v -0.216384 0.035393 0.589772
v -0.308921 0.032895 0.598372
v -0.311187 0.033171 0.594695
v -0.310720 0.033057 0.598463
v -0.239379 0.035287 0.582530
v -0.246601 0.035095 0.582448
v -0.093269 0.038271 0.583142
v -0.314509 0.033413 0.598392
v -0.220014 0.039064 0.544182
v -0.267234 0.035238 0.575689
v -0.258986 0.034929 0.579987
v -0.259903 0.035599 0.573487
v -0.086988 0.039720 0.564008
v -0.255557 0.034446 0.583495
v -0.222505 0.037145 0.564402
v -0.226198 0.037199 0.566909
v -0.318917 0.054947 0.348084
v -0.209273 0.037983 0.559645
v -0.237038 0.032960 0.609601
v -0.185352 0.039170 0.555686
v -0.247646 0.036683 0.569771
v -0.225664 0.037789 0.559341
v -0.229068 0.037591 0.562818
v -0.212737 0.037721 0.559787
v -0.229918 0.036151 0.576956
v -0.323432 0.052492 0.385120
v -0.249759 0.036342 0.572320
v -0.209767 0.035965 0.581973
v -0.195413 0.033343 0.609602
v -0.217874 0.035828 0.583377
v -0.227728 0.035223 0.590304
v -0.325527 0.052516 0.388289
v -0.184447 0.039605 0.550520
v -0.179484 0.039983 0.548202
v -0.201236 0.039788 0.542203
v -0.293560 0.054024 0.364619
v -0.342507 0.052865 0.384245
v -0.217160 0.038143 0.555629
v -0.194025 0.038381 0.560501
v -0.197944 0.037723 0.565347
v -0.156032 0.034229 0.609602
v -0.234483 0.033016 0.609600
v -0.212591 0.035740 0.586172
v -0.193485 0.034213 0.598874
v -0.198260 0.034281 0.599455
v -0.252399 0.034413 0.587661
v -0.201242 0.037115 0.568854
v -0.228595 0.032921 0.609601
v -0.216334 0.037505 0.562553
v -0.220614 0.037577 0.558529
v -0.192372 0.034699 0.592862
v -0.197992 0.034857 0.593438
v -0.198709 0.036357 0.575555
v -0.302257 0.055307 0.340887
v -0.187854 0.040244 0.539011
v -0.150061 0.034451 0.609601
v -0.150927 0.034413 0.609601
v -0.156683 0.034173 0.609601
v -0.204810 0.035307 0.591010
v -0.158380 0.034330 0.609602
v -0.207713 0.037016 0.568506
v -0.309258 0.052927 0.372872
v -0.219951 0.033165 0.609602
v -0.204185 0.033267 0.609602
v -0.200047 0.033310 0.609601
v -0.253167 0.035492 0.577674
v -0.216716 0.037906 0.559269
v -0.188884 0.033391 0.609601
v -0.190677 0.033269 0.609602
v -0.205114 0.033235 0.609602
v -0.206301 0.033113 0.609603
v -0.223441 0.033154 0.609601
v -0.221499 0.032880 0.609601
v -0.254180 0.035804 0.572421
v -0.252104 0.034882 0.582762
v -0.095762 0.036950 0.609602
v -0.097009 0.036890 0.609601
v -0.097859 0.036786 0.609602
v -0.116101 0.035698 0.609601
v -0.131727 0.034869 0.609600
v -0.130070 0.035053 0.609600
v -0.109105 0.036103 0.609602
v -0.109133 0.036100 0.609602
v -0.342869 0.053241 0.372325
v -0.311860 0.033407 0.588746
v -0.308067 0.033895 0.583101
v -0.312840 0.033644 0.584510
v -0.086041 0.047938 0.421216
v -0.081192 0.048437 0.413581
v -0.345756 0.055214 0.334778
v -0.318107 0.034615 0.609602
v -0.321662 0.033861 0.596504
v -0.321823 0.033812 0.592310
v -0.269557 0.032065 0.609601
v -0.250590 0.032423 0.609601
v -0.578940 0.056252 0.182878
v -0.570899 0.057857 0.179288
v -0.579222 0.057471 0.176371
v -0.519977 0.062970 0.187597
v -0.515427 0.062595 0.182702
v -0.521962 0.062839 0.179126
v -0.375498 0.060304 0.161987
v -0.371267 0.060074 0.164736
v -0.367890 0.060609 0.157686
v -0.508158 0.060632 0.145996
v -0.653426 0.050956 0.090188
v -0.648862 0.050964 0.093028
v -0.648515 0.050729 0.087624
v -0.615766 0.053768 0.240816
v -0.609415 0.053243 0.228678
v -0.622311 0.053663 0.230803
v -0.624230 0.053693 0.205534
v -0.618539 0.053634 0.217360
v -0.374253 0.060828 0.169594
v -0.365676 0.060282 0.167049
v -0.746625 0.050077 0.064640
v -0.724350 0.051193 0.076674
v -0.423267 0.062102 0.151147
v -0.420949 0.062198 0.145843
v -0.427058 0.062103 0.145744
v -0.662599 0.052996 0.214654
v -0.659441 0.052772 0.206140
v -0.668765 0.052932 0.205800
v -0.581763 0.054340 0.194638
v -0.628457 0.055783 0.254317
v -0.618941 0.054582 0.251963
v -0.626616 0.054484 0.244785
v -0.571763 0.054563 0.237771
v -0.575735 0.054049 0.241204
v -0.555495 0.055104 0.244099
v -0.411563 0.057298 0.254044
v -0.408211 0.057084 0.258204
v -0.406392 0.057504 0.250355
v -0.494004 0.060496 0.206827
v -0.499800 0.060804 0.211624
v -0.495333 0.059934 0.213370
v -0.488952 0.058097 0.228067
v -0.482387 0.058020 0.225152
v -0.489373 0.058743 0.221894
v -0.383865 0.059550 0.200906
v -0.384425 0.058666 0.208385
v -0.378950 0.059161 0.205367
v -0.614441 0.053560 0.204756
v -0.620748 0.053468 0.196518
v -0.433104 0.057317 0.263119
v -0.435315 0.056882 0.270817
v -0.425653 0.057003 0.269697
v -0.460578 0.061160 0.177219
v -0.468036 0.060228 0.179807
v -0.597671 0.053078 0.236560
v -0.577386 0.054055 0.235152
v -0.445407 0.058194 0.209014
v -0.440929 0.057653 0.214126
v -0.592042 0.053204 0.222483
v -0.500847 0.061127 0.207389
v -0.503049 0.061547 0.210333
v -0.682434 0.055035 0.230564
v -0.668971 0.054057 0.231252
v -0.672645 0.053189 0.220612
v -0.631485 0.053482 0.198804
v -0.566689 0.054123 0.251284
v -0.560476 0.053678 0.260003
v -0.558106 0.054190 0.252501
v -0.491645 0.061355 0.184683
v -0.495716 0.061077 0.186349
v -0.493855 0.060785 0.189330
v -0.577851 0.054196 0.206649
v -0.573076 0.054651 0.211173
v -0.675655 0.049976 0.065659
v -0.666984 0.050196 0.071577
v -0.504918 0.062079 0.186775
v -0.511915 0.062283 0.187356
v -0.508377 0.061994 0.192344
v -0.613673 0.053442 0.191807
v -0.623403 0.053254 0.186248
v -0.553107 0.063478 0.167871
v -0.509153 0.062170 0.180359
v -0.605060 0.053197 0.219237
v -0.629370 0.051234 0.137750
v -0.626124 0.051718 0.147366
v -0.623591 0.051403 0.141106
v -0.486125 0.060374 0.201577
v -0.604237 0.053461 0.201385
v -0.603059 0.053581 0.192886
v -0.611654 0.053451 0.197469
v -0.507225 0.062053 0.198233
v -0.514450 0.063019 0.194505
v -0.511394 0.062781 0.201995
v -0.697759 0.057402 0.228765
v -0.687091 0.054743 0.220446
v -0.705717 0.058512 0.215611
v -0.578667 0.054098 0.215861
v -0.585881 0.053592 0.214353
v -0.513939 0.062743 0.207928
v -0.516768 0.062031 0.214703
v -0.593512 0.053658 0.197852
v -0.595259 0.053435 0.203784
v -0.495920 0.059819 0.216473
v -0.590276 0.053432 0.208448
v -0.571640 0.054399 0.216801
v -0.506822 0.062453 0.202681
v -0.527384 0.062627 0.184253
v -0.451015 0.059813 0.190627
v -0.535411 0.056559 0.241189
v -0.530588 0.056895 0.242555
v -0.506636 0.061977 0.207703
v -0.565046 0.055036 0.241588
v -0.405718 0.061509 0.155344
v -0.404989 0.062243 0.144618
v -0.413345 0.061994 0.147312
v -0.636623 0.053616 0.224173
v -0.629066 0.053584 0.224808
v -0.581880 0.053541 0.243452
v -0.586844 0.053162 0.248004
v -0.577170 0.053547 0.251730
v -0.501195 0.058949 0.230906
v -0.495543 0.058641 0.228065
v -0.499428 0.059256 0.224816
v -0.474145 0.059917 0.196563
v -0.476275 0.060782 0.186289
v -0.477974 0.061382 0.190484
v -0.456783 0.061556 0.168882
v -0.454638 0.061210 0.174464
v -0.560158 0.056742 0.185724
v -0.598017 0.053505 0.149983
v -0.636133 0.052820 0.179258
v -0.640531 0.052914 0.190138
v -0.532953 0.058584 0.233385
v -0.479861 0.060793 0.192947
v -0.406328 0.057737 0.233795
v -0.405531 0.057563 0.223886
v -0.413026 0.057415 0.226832
v -0.479166 0.059529 0.203684
v -0.599288 0.053138 0.223936
v -0.452225 0.060736 0.162171
v -0.582419 0.053393 0.255785
v -0.519637 0.061634 0.216807
v -0.479389 0.062100 0.163456
v -0.474962 0.061667 0.159484
v -0.517725 0.060147 0.230062
v -0.596718 0.054187 0.185591
v -0.586462 0.054863 0.186241
v -0.591271 0.055160 0.179323
v -0.621788 0.051298 0.135515
v -0.638595 0.055390 0.247519
v -0.633622 0.053973 0.235319
v -0.415088 0.061535 0.161263
v -0.411489 0.061714 0.161069
v -0.414022 0.061767 0.155772
v -0.577659 0.053410 0.261586
v -0.600123 0.053667 0.156667
v -0.430339 0.062715 0.153632
v -0.603141 0.052742 0.145775
v -0.604657 0.052956 0.151637
v -0.546854 0.054499 0.256424
v -0.499061 0.061833 0.183564
v -0.497679 0.061838 0.177787
v -0.502275 0.062088 0.179534
v -0.584293 0.055880 0.180081
v -0.488803 0.060782 0.190336
v -0.502884 0.059517 0.226534
v -0.374201 0.060770 0.165755
v -0.491553 0.059581 0.212158
v -0.488824 0.059537 0.209728
v -0.514282 0.060478 0.226669
v -0.517948 0.060351 0.226135
v -0.385085 0.061713 0.183892
v -0.391367 0.061492 0.184051
v -0.386192 0.060804 0.190749
v -0.537643 0.058438 0.233644
v -0.473422 0.059013 0.206879
v -0.660871 0.053303 0.225184
v -0.651657 0.053778 0.230615
v -0.650857 0.053310 0.219720
v -0.608664 0.052351 0.148016
v -0.610251 0.052742 0.156582
v -0.616728 0.051883 0.145250
v -0.612538 0.051655 0.135452
v -0.562200 0.056095 0.188768
v -0.624978 0.052891 0.172840
v -0.610542 0.053200 0.167548
v -0.621499 0.052350 0.158710
v -0.666963 0.051925 0.110023
v -0.653388 0.051187 0.101376
v -0.662126 0.051269 0.092961
v -0.479679 0.062157 0.171625
v -0.477708 0.061638 0.175674
v -0.586020 0.053655 0.201825
v -0.340416 0.060802 0.150699
v -0.562762 0.054993 0.209037
v -0.592270 0.053972 0.191773
v -0.431969 0.057606 0.232378
v -0.436488 0.057701 0.230105
v -0.439339 0.057479 0.235596
v -0.550925 0.062948 0.162530
v -0.364798 0.059684 0.197444
v -0.355972 0.059776 0.200111
v -0.359262 0.059878 0.197230
v -0.710731 0.060264 0.228570
v -0.704587 0.060155 0.237326
v -0.436487 0.062097 0.159852
v -0.430249 0.062113 0.163329
v -0.585156 0.053318 0.235431
v -0.365576 0.061242 0.150754
v -0.370267 0.061642 0.148794
v -0.522729 0.063120 0.194211
v -0.593059 0.053776 0.146082
v -0.609044 0.053689 0.185329
v -0.526446 0.062712 0.189761
v -0.427620 0.057426 0.220166
v -0.428883 0.057475 0.226805
v -0.421456 0.057428 0.223717
v -0.569648 0.053324 0.260202
v -0.391012 0.062303 0.140813
v -0.393960 0.061946 0.132592
v -0.398240 0.061988 0.140652
v -0.595112 0.053110 0.216021
v -0.605281 0.053685 0.252408
v -0.594544 0.053671 0.261670
v -0.594685 0.053245 0.252180
v -0.641372 0.053535 0.219174
v -0.643578 0.053785 0.228410
v -0.530272 0.062720 0.177616
v -0.531091 0.062388 0.181962
v -0.576413 0.054537 0.198166
v -0.601251 0.054274 0.176249
v -0.662702 0.051984 0.126252
v -0.654470 0.051299 0.112570
v -0.485714 0.061942 0.178314
v -0.485861 0.062590 0.167054
v -0.493660 0.061970 0.173204
v -0.613613 0.053329 0.178229
v -0.511765 0.061096 0.220480
v -0.505407 0.060740 0.219585
v -0.509883 0.061940 0.214061
v -0.499535 0.061569 0.190885
v -0.585919 0.053382 0.259530
v -0.389732 0.058223 0.214860
v -0.383080 0.058375 0.218059
v -0.343025 0.060774 0.195157
v -0.352609 0.060318 0.194898
v -0.348015 0.059806 0.201935
v -0.412657 0.062294 0.137114
v -0.495292 0.060700 0.201082
v -0.532401 0.055904 0.249622
v -0.602925 0.053337 0.210036
v -0.646528 0.054354 0.238481
v -0.685368 0.053405 0.129101
v -0.507222 0.059745 0.226623
v -0.482309 0.062201 0.159222
v -0.395427 0.056893 0.262995
v -0.392987 0.057398 0.255437
v -0.400905 0.057177 0.257921
v -0.504193 0.061714 0.166194
v -0.499141 0.061795 0.169580
v -0.566387 0.058979 0.175585
v -0.584507 0.054748 0.152977
v -0.693549 0.055048 0.201710
v -0.709868 0.057691 0.201989
v -0.439088 0.057713 0.248168
v -0.431559 0.057982 0.248377
v -0.434014 0.057930 0.242877
v -0.436960 0.057644 0.255153
v -0.440425 0.057229 0.262525
v -0.653880 0.055989 0.247534
v -0.659391 0.054427 0.236652
v -0.562530 0.058443 0.179225
v -0.598881 0.052682 0.126361
v -0.625102 0.054043 0.238908
v -0.397881 0.057618 0.228695
v -0.398051 0.058019 0.238100
v -0.534578 0.062313 0.180014
v -0.484031 0.059265 0.208412
v -0.494061 0.058404 0.233454
v -0.688949 0.055016 0.211694
v -0.680275 0.053795 0.205842
v -0.604753 0.052372 0.133247
v -0.672981 0.056198 0.242737
v -0.658061 0.049981 0.071682
v -0.585614 0.054263 0.146761
v -0.468183 0.061072 0.163260
v -0.340948 0.060311 0.200093
v -0.339247 0.060163 0.205525
v -0.334681 0.060604 0.197090
v -0.703989 0.055451 0.191912
v -0.721349 0.056933 0.189859
v -0.508150 0.061474 0.164646
v -0.512005 0.061555 0.163924
v -0.448518 0.061229 0.169342
v -0.679207 0.053710 0.212552
v -0.342892 0.060395 0.159818
v -0.339114 0.061459 0.168964
v -0.693798 0.051007 0.075713
v -0.593696 0.053430 0.124915
v -0.608544 0.051487 0.118639
v -0.616850 0.051152 0.124413
v -0.503769 0.061461 0.213552
v -0.497121 0.060324 0.217434
v -0.530717 0.055632 0.252371
v -0.500632 0.059896 0.220824
v -0.523983 0.061929 0.205644
v -0.520111 0.063062 0.201417
v -0.392627 0.057999 0.230441
v -0.389681 0.058200 0.224246
v -0.598712 0.052396 0.117088
v -0.483429 0.061547 0.140582
v -0.489148 0.062121 0.141677
v -0.488597 0.061488 0.138047
v -0.388773 0.059148 0.202321
v -0.389016 0.059911 0.196348
v -0.494174 0.061764 0.180687
v -0.485839 0.061378 0.135616
v -0.703027 0.054321 0.173944
v -0.691360 0.054122 0.189471
v -0.554845 0.053761 0.262409
v -0.539962 0.062674 0.171136
v -0.516197 0.061177 0.158528
v -0.470246 0.060599 0.186934
v -0.446347 0.061063 0.158775
v -0.487817 0.060650 0.199029
v -0.490809 0.060796 0.199096
v -0.381867 0.061105 0.159760
v -0.389276 0.061148 0.158535
v -0.383636 0.061260 0.163824
v -0.495309 0.060880 0.195061
v -0.494014 0.058923 0.224192
v -0.521490 0.060372 0.226764
v -0.661173 0.050657 0.080077
v -0.653198 0.050720 0.084272
v -0.631519 0.052054 0.154056
v -0.389618 0.061875 0.151565
v -0.496236 0.061162 0.190455
v -0.676579 0.053113 0.194231
v -0.676850 0.052633 0.179511
v -0.691639 0.057771 0.240306
v -0.510387 0.062400 0.175005
v -0.513864 0.062472 0.172824
v -0.514681 0.062545 0.177170
v -0.442473 0.057474 0.229065
v -0.435463 0.057365 0.224084
v -0.444996 0.057374 0.223113
v -0.502952 0.059444 0.223485
v -0.518848 0.062719 0.171564
v -0.526794 0.062860 0.171522
v -0.678706 0.052708 0.159643
v -0.640865 0.050345 0.085014
v -0.646638 0.050426 0.082446
v -0.631876 0.052532 0.163458
v -0.503954 0.061592 0.194439
v -0.539109 0.061853 0.178301
v -0.552686 0.054465 0.249882
v -0.352555 0.060755 0.217937
v -0.350839 0.060840 0.221782
v -0.415758 0.057990 0.242795
v -0.419525 0.058163 0.238438
v -0.420696 0.058118 0.244263
v -0.403227 0.061016 0.163768
v -0.397056 0.061090 0.161036
v -0.534763 0.062680 0.170724
v -0.468409 0.058920 0.210668
v -0.469189 0.059112 0.204622
v -0.409767 0.059237 0.195315
v -0.402171 0.059684 0.194292
v -0.406968 0.060621 0.188803
v -0.420986 0.057056 0.265218
v -0.427119 0.057370 0.261981
v -0.530279 0.060271 0.223156
v -0.388066 0.061757 0.179299
v -0.417515 0.058486 0.202706
v -0.427223 0.058856 0.199666
v -0.425935 0.058110 0.206325
v -0.523008 0.057571 0.243764
v -0.526598 0.057282 0.243495
v -0.706231 0.053959 0.147630
v -0.526459 0.062460 0.198389
v -0.651726 0.052876 0.200761
v -0.655605 0.053046 0.211478
v -0.648611 0.053190 0.209294
v -0.420872 0.058986 0.198746
v -0.426841 0.059567 0.194170
v -0.451524 0.061088 0.153450
v -0.354092 0.061527 0.226444
v -0.423739 0.057814 0.232454
v -0.433868 0.057879 0.237865
v -0.542310 0.062561 0.160458
v -0.539458 0.062569 0.163279
v -0.380263 0.061783 0.177570
v -0.382578 0.061413 0.169255
v -0.439639 0.057607 0.243339
v -0.375285 0.059041 0.205809
v -0.375521 0.058674 0.213403
v -0.390300 0.058078 0.242313
v -0.393755 0.057973 0.234755
v -0.363754 0.060435 0.221548
v -0.359549 0.061387 0.228013
v -0.433430 0.059481 0.194291
v -0.434554 0.058619 0.200097
v -0.368845 0.061450 0.182003
v -0.363305 0.061010 0.186059
v -0.363648 0.061388 0.175937
v -0.511846 0.060699 0.146862
v -0.514717 0.061239 0.149237
v -0.457733 0.061160 0.153211
v -0.461150 0.060814 0.155895
v -0.488609 0.059863 0.205925
v -0.539551 0.055530 0.247844
v -0.338081 0.061261 0.181498
v -0.338900 0.061548 0.175831
v -0.345927 0.061816 0.177768
v -0.641478 0.053337 0.202930
v -0.545674 0.063137 0.168437
v -0.666219 0.052410 0.156357
v -0.667249 0.052518 0.145163
v -0.393353 0.058379 0.207207
v -0.395228 0.059263 0.198671
v -0.377434 0.059814 0.197688
v -0.367577 0.059571 0.207610
v -0.722077 0.054456 0.157706
v -0.489705 0.060409 0.203349
v -0.404902 0.058515 0.202945
v -0.408927 0.057697 0.217018
v -0.416284 0.057648 0.214059
v -0.414937 0.057468 0.219960
v -0.497613 0.061140 0.199938
v -0.446059 0.059515 0.195860
v -0.643233 0.053400 0.212968
v -0.549038 0.054924 0.247043
v -0.528061 0.056580 0.248371
v -0.371073 0.061388 0.176061
v -0.378454 0.061002 0.165705
v -0.379859 0.060911 0.163167
v -0.397451 0.057728 0.248033
v -0.403372 0.057746 0.242452
v -0.384160 0.059900 0.196423
v -0.713030 0.052676 0.100242
v -0.663829 0.052503 0.194364
v -0.552811 0.056132 0.230456
v -0.453404 0.060263 0.184464
v -0.456958 0.059981 0.188975
v -0.453417 0.060279 0.188026
v -0.528572 0.061286 0.154677
v -0.524253 0.062179 0.162654
v -0.522326 0.061428 0.154689
v -0.463217 0.061371 0.165416
v -0.657870 0.053165 0.218692
v -0.558531 0.057928 0.181216
v -0.350425 0.059800 0.211704
v -0.448514 0.057188 0.229990
v -0.454378 0.057275 0.234028
v -0.448259 0.057342 0.233937
v -0.685072 0.052257 0.100739
v -0.374305 0.061309 0.182269
v -0.371578 0.060751 0.189304
v -0.558564 0.053866 0.131636
v -0.345199 0.061200 0.187903
v -0.354104 0.061044 0.186088
v -0.481758 0.061354 0.187276
v -0.515793 0.060322 0.141411
v -0.585435 0.053172 0.117676
v -0.511833 0.060741 0.152730
v -0.467106 0.059705 0.194545
v -0.462249 0.059262 0.198773
v -0.461543 0.059810 0.193124
v -0.455783 0.058316 0.211198
v -0.385390 0.062244 0.148261
v -0.456130 0.057635 0.223853
v -0.462035 0.057552 0.229600
v -0.455080 0.057419 0.229753
v -0.574616 0.053636 0.132783
v -0.570262 0.053682 0.128701
v -0.358890 0.060348 0.193233
v -0.462746 0.058936 0.207318
v -0.463181 0.058520 0.213954
v -0.424928 0.057530 0.213231
v -0.433619 0.057566 0.216948
v -0.671159 0.049329 0.057676
v -0.647838 0.049002 0.060777
v -0.528197 0.062409 0.193883
v -0.417531 0.061767 0.150793
v -0.611987 0.050486 0.101384
v -0.617155 0.049852 0.094890
v -0.700134 0.053274 0.113517
v -0.387346 0.061952 0.136716
v -0.496759 0.061625 0.140660
v -0.478811 0.061591 0.180874
v -0.428305 0.060987 0.182619
v -0.424543 0.060620 0.188846
v -0.422062 0.061430 0.182669
v -0.492190 0.060624 0.133375
v -0.500318 0.059293 0.129701
v -0.539750 0.062322 0.159538
v -0.439572 0.061501 0.163197
v -0.442428 0.061291 0.160877
v -0.430244 0.057731 0.256044
v -0.427363 0.057977 0.251486
v -0.426785 0.058206 0.240703
v -0.425161 0.058262 0.247065
v -0.625077 0.049176 0.072497
v -0.624329 0.049538 0.082872
v -0.400035 0.057933 0.215451
v -0.565774 0.054280 0.100686
v -0.497800 0.061963 0.158914
v -0.416993 0.061962 0.158583
v -0.418729 0.061847 0.155148
v -0.420044 0.061522 0.162261
v -0.531020 0.061997 0.159808
v -0.534257 0.061535 0.155726
v -0.535987 0.062206 0.160883
v -0.442195 0.061217 0.157090
v -0.545455 0.054521 0.107002
v -0.517524 0.061173 0.151832
v -0.548314 0.054888 0.135633
v -0.499925 0.061687 0.165222
v -0.479655 0.061641 0.133271
v -0.471493 0.061468 0.135892
v -0.471008 0.061288 0.127522
v -0.409408 0.058013 0.241846
v -0.414308 0.057833 0.235809
v -0.461342 0.057976 0.222049
v -0.464590 0.057584 0.225516
v -0.473309 0.060808 0.178986
v -0.471264 0.061585 0.169826
v -0.376289 0.060986 0.155063
v -0.592024 0.050814 0.091445
v -0.599611 0.050320 0.091696
v -0.464526 0.057350 0.236434
v -0.631216 0.049778 0.080912
v -0.381034 0.061833 0.141939
v -0.412120 0.057885 0.248210
v -0.535032 0.055040 0.116454
v -0.599489 0.051738 0.110109
v -0.412934 0.057852 0.209643
v -0.419278 0.057937 0.210045
v -0.493011 0.062271 0.151644
v -0.552366 0.054397 0.108719
v -0.558249 0.054133 0.107773
v -0.485988 0.060660 0.131861
v -0.587996 0.053568 0.133151
v -0.544884 0.054092 0.115670
v -0.357457 0.060763 0.167127
v -0.433533 0.062075 0.144245
v -0.466323 0.059120 0.201054
v -0.476863 0.061592 0.139799
v -0.479269 0.061255 0.152751
v -0.477253 0.061309 0.149341
v -0.470726 0.061581 0.151522
v -0.578339 0.053872 0.136844
v -0.574525 0.054205 0.140645
v -0.455422 0.061283 0.163990
v -0.481217 0.061362 0.146244
v -0.455258 0.057065 0.267884
v -0.464477 0.057876 0.260134
v -0.457935 0.057513 0.259814
v -0.491533 0.062394 0.158397
v -0.348986 0.061508 0.168434
v -0.416625 0.060944 0.188209
v -0.418549 0.059882 0.194162
v -0.446515 0.061123 0.155749
v -0.456096 0.061470 0.148896
v -0.462833 0.061183 0.150784
v -0.451665 0.061514 0.148690
v -0.464006 0.060720 0.137642
v -0.460968 0.061222 0.144109
v -0.446437 0.061503 0.147279
v -0.469154 0.057628 0.262189
v -0.453346 0.061210 0.144504
v -0.438389 0.062090 0.149155
v -0.440975 0.061715 0.142133
v -0.447995 0.061017 0.140415
v -0.455698 0.060367 0.138168
v -0.436906 0.058306 0.205068
v -0.461271 0.058986 0.203038
v -0.615808 0.050774 0.112337
v -0.606366 0.051272 0.110488
v -0.457622 0.058123 0.217930
v -0.521509 0.060695 0.142931
v -0.460207 0.060475 0.131503
v -0.367105 0.059658 0.216015
v -0.495343 0.062028 0.164682
v -0.455666 0.060343 0.132891
v -0.481960 0.061681 0.149857
v -0.482612 0.061890 0.152704
v -0.450297 0.060941 0.122305
v -0.570874 0.053852 0.116640
v -0.563122 0.053881 0.113420
v -0.561379 0.054023 0.088039
v -0.468938 0.061009 0.174161
v -0.513989 0.057565 0.099560
v -0.467280 0.061576 0.146282
v -0.462770 0.057644 0.256347
v -0.459808 0.057618 0.253073
v -0.467872 0.057459 0.250993
v -0.476079 0.057385 0.262387
v -0.483592 0.057630 0.260036
v -0.478213 0.057345 0.268080
v -0.572651 0.053644 0.123229
v -0.566425 0.053532 0.121711
v -0.410534 0.057719 0.221558
v -0.494622 0.058348 0.237793
v -0.489871 0.057798 0.238636
v -0.452481 0.057583 0.256419
v -0.445061 0.057510 0.255106
v -0.449629 0.057576 0.251954
v -0.515852 0.056771 0.119307
v -0.515252 0.056820 0.105842
v -0.390092 0.061167 0.165707
v -0.447222 0.057369 0.237748
v -0.455047 0.057245 0.238577
v -0.452535 0.057293 0.242468
v -0.482463 0.058833 0.108574
v -0.414138 0.060101 0.192840
v -0.564831 0.053743 0.132105
v -0.628256 0.050052 0.092455
v -0.379339 0.061148 0.187150
v -0.556683 0.053748 0.113755
v -0.510517 0.058846 0.234604
v -0.507109 0.059208 0.233287
v -0.445020 0.057272 0.266910
v -0.440263 0.057015 0.267064
v -0.408547 0.061278 0.164523
v -0.479394 0.057286 0.254550
v -0.488661 0.057623 0.251012
v -0.598947 0.051373 0.104593
v -0.604195 0.050935 0.103092
v -0.485288 0.057234 0.245117
v -0.493780 0.057571 0.243487
v -0.495128 0.057500 0.249562
v -0.473781 0.057783 0.224521
v -0.482225 0.058219 0.218394
v -0.452903 0.057296 0.248767
v -0.445488 0.057558 0.247855
v -0.444575 0.057287 0.241763
v -0.460613 0.057240 0.245216
v -0.473798 0.057324 0.259729
v -0.472300 0.057543 0.255718
v -0.490830 0.059270 0.216702
v -0.486967 0.058904 0.216617
v -0.486530 0.059076 0.213781
v -0.505067 0.057223 0.250072
v -0.468361 0.057490 0.230605
v -0.494236 0.057770 0.259884
v -0.361741 0.060850 0.150615
v -0.482925 0.057535 0.239355
v -0.480445 0.057262 0.244011
v -0.474612 0.057205 0.242319
v -0.467743 0.057233 0.244213
v -0.454089 0.058797 0.203851
v -0.417279 0.057710 0.251274
v -0.507916 0.058190 0.123293
v -0.501167 0.057472 0.244626
v -0.507528 0.058444 0.240828
v -0.601129 0.050699 0.098984
v -0.605683 0.050360 0.094662
v -0.458246 0.059273 0.201112
v -0.477025 0.057404 0.232808
v -0.355578 0.061341 0.177130
v -0.581730 0.053924 0.123556
v -0.673344 0.050890 0.080459
v -0.470693 0.057524 0.233445
v -0.383736 0.061748 0.153767
v -0.472829 0.058185 0.218918
v -0.421742 0.057865 0.247988
v -0.522712 0.055777 0.257348
v -0.409113 0.061367 0.174509
v -0.501667 0.058585 0.120856
v -0.425250 0.061732 0.159796
v -0.577636 0.053583 0.116296
v -0.424851 0.061580 0.175669
v -0.431417 0.060831 0.178007
v -0.524360 0.056471 0.250827
v -0.430729 0.061387 0.171932
v -0.558828 0.053951 0.105007
v -0.498582 0.058238 0.238090
v -0.419891 0.062151 0.150828
v -0.346927 0.059845 0.207245
v -0.342572 0.059866 0.212547
v -0.471419 0.057484 0.264117
v -0.348246 0.060866 0.151004
v -0.449629 0.057562 0.217857
v -0.442193 0.057410 0.233260
v -0.499040 0.057249 0.254402
v -0.498653 0.057124 0.262906
v -0.346205 0.060348 0.155879
v -0.394611 0.060560 0.190774
v -0.750632 0.052100 0.099571
v -0.405880 0.061680 0.180853
v -0.409249 0.061521 0.183961
v -0.480450 0.058522 0.212989
v -0.491776 0.057764 0.255955
v -0.444169 0.060671 0.173865
v -0.444749 0.060655 0.180292
v -0.440095 0.060532 0.178975
v -0.413015 0.061741 0.167778
v -0.451626 0.057749 0.262738
v -0.414720 0.061971 0.179014
v -0.435723 0.057874 0.208553
v -0.369641 0.059645 0.222890
v -0.422712 0.061572 0.167296
v -0.377664 0.058815 0.223821
v -0.383625 0.058647 0.223837
v -0.383166 0.058758 0.228967
v -0.437473 0.061508 0.167663
v -0.443737 0.058816 0.200899
v -0.377269 0.058717 0.231847
v -0.387596 0.058336 0.234105
v -0.432062 0.057643 0.211404
v -0.447949 0.060105 0.186360
v -0.519739 0.057296 0.248366
v -0.372882 0.059073 0.228974
v -0.451140 0.060727 0.179083
v -0.356545 0.059613 0.206365
v -0.413635 0.057248 0.262341
v -0.406632 0.056887 0.264523
v -0.714625 0.053709 0.122264
v -0.389541 0.057054 0.260632
v -0.385724 0.057309 0.255398
v -0.446998 0.060151 0.182855
v -0.449615 0.060009 0.182824
v -0.391001 0.056608 0.267738
v -0.450179 0.060716 0.174024
v -0.384514 0.056874 0.273080
v -0.390992 0.056736 0.274068
v -0.383025 0.056933 0.264662
v -0.722107 0.059632 0.206386
v -0.477174 0.057216 0.248887
v -0.432179 0.060357 0.187500
v -0.447253 0.057559 0.261198
v -0.414922 0.059109 0.199214
v -0.443149 0.061279 0.168928
v -0.435980 0.060712 0.182753
v -0.433136 0.060436 0.181584
v -0.333491 0.061334 0.175094
v -0.397582 0.060780 0.169467
v -0.423165 0.062134 0.156030
v -0.420610 0.057394 0.217565
v -0.439820 0.060978 0.173105
v -0.411504 0.060265 0.190652
v -0.398262 0.061313 0.182744
v -0.422755 0.057920 0.251901
v -0.411544 0.061045 0.186497
v -0.401230 0.060898 0.187453
v -0.388972 0.061602 0.172950
v -0.403942 0.062392 0.137921
v -0.424814 0.061724 0.164135
v -0.486742 0.057812 0.233918
v -0.394366 0.061411 0.177156
v -0.351622 0.060611 0.159661
v -0.511010 0.057394 0.247583
v -0.338220 0.060985 0.189115
v -0.515370 0.056965 0.250634
v -0.512292 0.056487 0.254828
v -0.503520 0.058531 0.237544
v -0.483643 0.057801 0.266856
v -0.734134 0.053890 0.136550
v -0.474497 0.058444 0.213633
v -0.747216 0.054284 0.154078
v -0.685314 0.049402 0.054228
v -0.727418 0.055373 0.170760
v -0.465884 0.058136 0.219985
v -0.516827 0.056184 0.257110
v -0.635197 0.050817 0.127890
v -0.639098 0.051498 0.141158
v -0.659051 0.052569 0.198351
v -0.644923 0.050685 0.098245
v -0.646021 0.050749 0.105063
v -0.641082 0.050588 0.093277
v -0.615689 0.051015 0.118414
v -0.616275 0.051497 0.130689
v -0.637237 0.052510 0.169851
v -0.639551 0.052415 0.162075
v -0.625923 0.050966 0.133947
v -0.620717 0.050711 0.118042
v -0.624968 0.050452 0.113463
v -0.626894 0.050601 0.121772
v -0.635338 0.050187 0.090513
v -0.649092 0.052022 0.161975
v -0.665433 0.052021 0.178395
v -0.663525 0.052136 0.184376
v -0.655770 0.051888 0.174932
v -0.645003 0.051312 0.132271
v -0.653103 0.051909 0.142411
v -0.645494 0.051664 0.141905
v -0.628049 0.050376 0.108697
v -0.654593 0.052133 0.181811
v -0.513194 0.059078 0.238300
v -0.643302 0.051943 0.151113
v -0.633757 0.050387 0.115102
v -0.640016 0.050537 0.109275
v -0.468930 0.058605 0.215727
v -0.651003 0.051304 0.124092
v -0.636930 0.052137 0.156808
v -0.642744 0.050892 0.120051
v -0.654148 0.052230 0.189391
v -0.644494 0.052248 0.173831
v -0.647348 0.052195 0.181160
v -0.661981 0.052084 0.164332
v -0.636879 0.051979 0.150144
v -0.646862 0.050861 0.112579
v -0.632920 0.051728 0.145579
v -0.518398 0.056382 0.253464
v -0.515120 0.058029 0.244628
v -0.505370 0.056362 0.264547
v -0.659185 0.052236 0.154943
v -0.667040 0.052094 0.171519
v 0.129624 0.042962 0.402265
v 0.130694 0.042547 0.409817
v 0.137642 0.042876 0.407665
v 0.165371 0.052103 0.178672
v 0.161974 0.051564 0.190032
v 0.171313 0.051751 0.187105
v 0.183594 0.043662 0.382864
v 0.190042 0.043462 0.383569
v 0.187032 0.043943 0.379996
v 0.205392 0.042356 0.386529
v 0.205050 0.042587 0.382051
v 0.198730 0.042757 0.382842
v 0.073812 0.046834 0.279206
v 0.074288 0.047507 0.269317
v 0.232920 0.047197 0.302817
v 0.231751 0.047392 0.298326
v 0.224942 0.047298 0.304653
v 0.196211 0.042699 0.385936
v 0.238699 0.046953 0.300624
v 0.234868 0.046642 0.306300
v 0.243920 0.046632 0.304148
v 0.224744 0.048037 0.292270
v 0.222656 0.048012 0.295965
v 0.229639 0.048270 0.290533
v 0.240217 0.046599 0.311573
v 0.249418 0.046640 0.309409
v -0.162390 0.053001 0.325531
v -0.152905 0.053131 0.315498
v -0.162537 0.053374 0.309719
v 0.300051 0.043703 0.311684
v 0.304440 0.043838 0.308768
v 0.301987 0.043719 0.308187
v 0.270644 0.044164 0.331232
v 0.273551 0.044364 0.325023
v 0.271815 0.045371 0.318530
v 0.284848 0.048570 0.252717
v 0.278760 0.048849 0.259566
v 0.289481 0.047915 0.261902
v 0.185681 0.043219 0.391358
v 0.190314 0.042806 0.396470
v 0.194745 0.042681 0.392642
v -0.206174 0.054360 0.301275
v -0.213315 0.055080 0.294906
v -0.210546 0.054282 0.307007
v 0.174653 0.044004 0.393093
v 0.171985 0.043660 0.400156
v 0.176355 0.043488 0.399225
v -0.050547 0.052794 0.261478
v -0.058185 0.053767 0.250506
v -0.064315 0.053381 0.258481
v -0.116406 0.050021 0.391420
v -0.121366 0.050390 0.382330
v -0.126336 0.050456 0.386760
v 0.243187 0.046250 0.317907
v 0.241918 0.046168 0.323009
v 0.249051 0.046258 0.323466
v -0.231469 0.053347 0.363849
v -0.219842 0.052356 0.358229
v -0.227602 0.053269 0.355800
v -0.255350 0.054569 0.344437
v -0.250840 0.054649 0.331998
v -0.262581 0.054841 0.335836
v 0.241029 0.050598 0.189374
v 0.223377 0.049256 0.194222
v 0.233603 0.049858 0.197402
v 0.232280 0.049547 0.256382
v 0.238464 0.049599 0.265583
v 0.240771 0.049613 0.258798
v -0.004929 0.053877 0.150950
v 0.249315 0.046382 0.316121
v 0.244928 0.046612 0.314028
v 0.294149 0.043645 0.315653
v 0.298309 0.044159 0.308425
v 0.159778 0.044128 0.394370
v 0.160016 0.043742 0.399149
v 0.163964 0.043990 0.397597
v 0.024793 0.046684 0.410499
v 0.021664 0.046971 0.405732
v 0.016498 0.046528 0.416060
v -0.250660 0.054003 0.360931
v -0.245372 0.054390 0.351549
v -0.254024 0.054147 0.353534
v 0.194312 0.043423 0.379781
v 0.015739 0.048036 0.384358
v 0.013842 0.048370 0.376660
v -0.031605 0.055485 0.132541
v 0.303708 0.043837 0.313693
v 0.298857 0.043443 0.314914
v 0.298162 0.043321 0.317491
v 0.197683 0.042563 0.388630
v 0.190783 0.043065 0.388122
v 0.137654 0.050720 0.192639
v 0.129557 0.050973 0.188911
v 0.128801 0.050860 0.201128
v -0.220119 0.053629 0.332167
v -0.212316 0.053288 0.330498
v -0.218805 0.053648 0.327533
v 0.262161 0.044595 0.338113
v 0.268625 0.043710 0.338839
v -0.122182 0.050926 0.374101
v -0.127563 0.050768 0.380804
v 0.018393 0.053374 0.162882
v 0.178819 0.043434 0.396123
v 0.231847 0.050169 0.127944
v 0.226142 0.051116 0.125417
v 0.227911 0.049947 0.132575
v 0.137184 0.051169 0.222877
v 0.125437 0.051525 0.226430
v 0.131914 0.051519 0.231262
v 0.235747 0.046275 0.319150
v -0.168151 0.051464 0.362824
v -0.158137 0.051983 0.356954
v -0.165017 0.051989 0.353793
v -0.222944 0.055083 0.303974
v 0.251220 0.046889 0.301928
v 0.252562 0.046669 0.314106
v 0.261149 0.045266 0.329980
v 0.179708 0.043603 0.391833
v -0.193915 0.051034 0.365074
v -0.176196 0.051652 0.358476
v -0.181442 0.052023 0.349216
v -0.156967 0.052674 0.336115
v -0.169157 0.052568 0.338350
v -0.231482 0.054800 0.312761
v -0.241881 0.054959 0.320586
v -0.227704 0.054186 0.326275
v 0.177950 0.044105 0.385649
v 0.153083 0.049848 0.270704
v 0.149371 0.050171 0.259865
v 0.142459 0.050041 0.269872
v 0.214999 0.050203 0.266633
v 0.217146 0.050126 0.258472
v 0.210765 0.050294 0.261227
v -0.075290 0.055423 0.129727
v -0.085079 0.055482 0.138185
v -0.160670 0.051497 0.364575
v 0.183300 0.050669 0.244477
v 0.176548 0.050632 0.250038
v 0.186199 0.050426 0.249836
v -0.185973 0.052520 0.336997
v -0.178001 0.052902 0.327631
v -0.182922 0.053113 0.321167
v 0.221552 0.049056 0.284487
v 0.231595 0.049084 0.280929
v 0.220217 0.049694 0.275405
v -0.214342 0.055895 0.279898
v -0.231284 0.055808 0.278738
v -0.226231 0.055716 0.291148
v 0.256353 0.046569 0.310792
v -0.088530 0.052875 0.232381
v 0.241024 0.048906 0.279921
v 0.251950 0.049062 0.279620
v 0.241185 0.049461 0.273352
v -0.065378 0.053491 0.254083
v 0.231732 0.045769 0.334817
v 0.219707 0.045813 0.338311
v 0.222713 0.045332 0.343783
v 0.222123 0.046174 0.329792
v 0.213209 0.046154 0.336116
v 0.192900 0.044126 0.365870
v 0.193005 0.044349 0.361930
v 0.187940 0.044516 0.363486
v -0.137465 0.050579 0.384657
v -0.146589 0.051063 0.377854
v -0.150259 0.050227 0.388065
v 0.238763 0.047676 0.293598
v 0.246949 0.047235 0.297055
v -0.174223 0.052715 0.332450
v -0.177821 0.052397 0.339863
v 0.171114 0.052728 0.122593
v 0.180920 0.052447 0.120429
v 0.171932 0.053355 0.111865
v 0.224816 0.042815 0.372202
v 0.218262 0.043018 0.370860
v 0.222368 0.042751 0.374330
v 0.184336 0.047736 0.323046
v 0.176036 0.048006 0.320042
v 0.179951 0.047415 0.329287
v 0.185322 0.048250 0.313076
v 0.190766 0.048560 0.308074
v 0.182677 0.048707 0.309170
v 0.101292 0.044481 0.354934
v 0.091868 0.044893 0.355029
v 0.095090 0.044394 0.362951
v -0.222981 0.053043 0.350097
v -0.211535 0.052365 0.347790
v -0.220751 0.053098 0.339678
v 0.008325 0.054223 0.102005
v 0.014964 0.054027 0.093973
v 0.002569 0.054634 0.094173
v 0.225622 0.049659 0.272855
v 0.221201 0.049952 0.270355
v -0.000579 0.054783 0.102973
v -0.048797 0.056089 0.103980
v -0.037213 0.055856 0.103417
v -0.037735 0.056100 0.090751
v 0.123071 0.050096 0.285715
v 0.124922 0.049698 0.297851
v 0.129313 0.050073 0.291065
v 0.218186 0.048691 0.207619
v 0.209941 0.049126 0.211925
v 0.218663 0.049015 0.213749
v 0.122597 0.043620 0.388469
v 0.125578 0.043684 0.393379
v 0.127564 0.044215 0.388718
v 0.255356 0.046793 0.305141
v 0.252161 0.046671 0.305259
v -0.240529 0.055822 0.291292
v -0.233545 0.055464 0.300218
v 0.219335 0.046654 0.322505
v 0.209206 0.046918 0.329060
v 0.180597 0.044602 0.373841
v 0.176387 0.044869 0.368963
v 0.174683 0.044665 0.378123
v 0.119332 0.049018 0.312609
v 0.125608 0.049064 0.309787
v 0.117705 0.049320 0.305165
v -0.136988 0.051363 0.371041
v -0.131003 0.051651 0.362844
v -0.139023 0.051956 0.359382
v 0.289501 0.047074 0.277148
v 0.286942 0.047813 0.269044
v 0.281381 0.048042 0.274597
v 0.230517 0.044141 0.351951
v 0.234845 0.044126 0.351268
v 0.237201 0.044636 0.346634
v -0.235927 0.054092 0.336666
v 0.132810 0.045169 0.379785
v 0.133309 0.045530 0.372023
v 0.128563 0.045272 0.374628
v -0.202780 0.053504 0.324789
v -0.192288 0.052979 0.327872
v -0.193260 0.053446 0.317678
v 0.247921 0.045588 0.334895
v 0.253656 0.044901 0.337986
v 0.253701 0.045610 0.331424
v 0.190553 0.052765 0.116501
v 0.187689 0.052136 0.125587
v 0.194602 0.052107 0.124281
v 0.184967 0.044568 0.367987
v -0.202202 0.052776 0.336209
v -0.199858 0.052266 0.346007
v 0.273545 0.049266 0.245097
v 0.277624 0.049055 0.251650
v 0.278890 0.049106 0.246808
v 0.161343 0.049519 0.290078
v 0.152035 0.049613 0.289694
v 0.158340 0.049431 0.292031
v 0.101183 0.048725 0.300070
v 0.099077 0.047917 0.308623
v 0.108805 0.049280 0.305991
v 0.147637 0.045195 0.374917
v 0.151048 0.045394 0.368272
v 0.141316 0.045585 0.367871
v 0.000581 0.054345 0.142487
v 0.266581 0.047610 0.293252
v 0.259792 0.048019 0.289000
v 0.259472 0.047462 0.295843
v -0.233453 0.053856 0.350619
v 0.094229 0.045095 0.331412
v 0.095955 0.044807 0.337245
v 0.099571 0.045602 0.334971
v 0.263584 0.045739 0.322100
v 0.191044 0.046822 0.333363
v 0.192777 0.047487 0.326059
v -0.153747 0.051807 0.361987
v 0.055549 0.049737 0.291847
v 0.065993 0.048304 0.287475
v -0.239882 0.054337 0.345172
v -0.171869 0.053091 0.320557
v 0.240057 0.048670 0.284097
v -0.277125 0.054360 0.345736
v -0.280024 0.054649 0.339021
v -0.286418 0.054640 0.340971
v 0.256441 0.046375 0.317899
v 0.256636 0.045866 0.325078
v 0.260140 0.046892 0.306415
v 0.103911 0.045857 0.338518
v 0.098503 0.044848 0.342477
v 0.106695 0.045607 0.345655
v 0.183796 0.043619 0.386632
v 0.247444 0.046864 0.300885
v 0.246250 0.048219 0.287317
v 0.254012 0.048262 0.286059
v 0.167688 0.047834 0.324524
v 0.166382 0.048595 0.315056
v -0.155407 0.051226 0.371474
v 0.230223 0.044976 0.344265
v 0.266160 0.047117 0.302846
v 0.260036 0.047048 0.301371
v 0.295342 0.043150 0.321057
v 0.139662 0.045224 0.377499
v 0.127388 0.046258 0.353793
v 0.118282 0.046081 0.353177
v 0.121134 0.045726 0.361308
v 0.137480 0.043351 0.401840
v 0.134108 0.043206 0.401818
v 0.247567 0.049308 0.271818
v -0.248337 0.055316 0.310539
v -0.253805 0.055115 0.318224
v 0.238007 0.048222 0.287321
v -0.018512 0.055785 0.098419
v -0.010158 0.055254 0.103349
v -0.289324 0.055393 0.332969
v -0.275953 0.054861 0.332332
v -0.044828 0.056738 0.116970
v 0.096786 0.048377 0.287250
v 0.103896 0.049274 0.293572
v 0.109267 0.049900 0.285958
v 0.191225 0.051510 0.160083
v 0.194828 0.051776 0.170060
v 0.202302 0.051035 0.158165
v 0.261839 0.046167 0.316480
v 0.171315 0.044534 0.386839
v 0.167500 0.044835 0.381530
v 0.101055 0.043377 0.377337
v 0.095800 0.044143 0.373671
v 0.099318 0.043685 0.381992
v 0.187508 0.049190 0.295805
v 0.181101 0.049087 0.295953
v 0.189026 0.048838 0.300908
v -0.021796 0.052391 0.244376
v 0.148810 0.043895 0.399071
v 0.144693 0.043687 0.401172
v 0.149689 0.043177 0.406440
v 0.286300 0.042750 0.329089
v 0.282042 0.043433 0.325755
v 0.280007 0.042898 0.332640
v 0.077630 0.047324 0.296845
v 0.076066 0.047920 0.305381
v 0.082147 0.047148 0.300709
v 0.272069 0.049182 0.251653
v 0.281803 0.045235 0.309435
v 0.286136 0.044967 0.306917
v 0.282814 0.045371 0.304839
v 0.227578 0.049954 0.260788
v -0.026186 0.051568 0.264669
v -0.032404 0.051291 0.272900
v 0.170581 0.045972 0.350836
v 0.172600 0.046263 0.343875
v 0.165826 0.046785 0.341432
v 0.299147 0.044275 0.301588
v 0.290893 0.044188 0.308813
v 0.156695 0.048360 0.317799
v 0.149405 0.048285 0.324191
v 0.158489 0.047715 0.327247
v -0.241297 0.055441 0.305953
v -0.247675 0.055663 0.301678
v -0.055183 0.053831 0.242222
v 0.256201 0.047269 0.299846
v -0.148047 0.052046 0.354557
v -0.147876 0.051735 0.362904
v -0.205337 0.051827 0.355874
v -0.193472 0.051879 0.351170
v 0.276325 0.043900 0.327832
v -0.145825 0.051568 0.369065
v 0.304175 0.044206 0.304349
v 0.015443 0.054269 0.084040
v 0.108966 0.043075 0.398501
v 0.102245 0.044808 0.398256
v 0.105659 0.044058 0.403329
v 0.110256 0.045331 0.354696
v 0.114470 0.045331 0.359568
v 0.237060 0.045987 0.326352
v 0.230707 0.046137 0.324672
v 0.101233 0.044795 0.348664
v 0.253541 0.047706 0.291564
v 0.253475 0.047245 0.296637
v -0.204003 0.053911 0.316641
v -0.214600 0.054008 0.319478
v 0.310138 0.044023 0.306822
v -0.268636 0.054567 0.341877
v -0.063616 0.053173 0.267130
v 0.132809 0.050937 0.214040
v 0.162927 0.049737 0.274389
v 0.157837 0.050022 0.266144
v 0.277549 0.044264 0.321538
v 0.027912 0.047297 0.402477
v -0.241221 0.053932 0.362625
v 0.261506 0.046712 0.311511
v 0.125055 0.044645 0.380616
v 0.154707 0.046737 0.340357
v 0.159349 0.047180 0.334529
v 0.151869 0.047366 0.331305
v 0.233113 0.049531 0.274042
v 0.232185 0.049946 0.267988
v -0.167530 0.052184 0.346920
v 0.153708 0.050367 0.257647
v 0.156318 0.050324 0.253778
v -0.147466 0.053061 0.324492
v -0.245431 0.054523 0.342236
v -0.226016 0.053691 0.333965
v -0.198730 0.053850 0.306491
v -0.187107 0.053449 0.309063
v -0.188520 0.053983 0.296329
v 0.160313 0.049555 0.282925
v 0.146508 0.049764 0.280879
v -0.156431 0.050561 0.381516
v 0.124630 0.042891 0.398491
v 0.127602 0.043360 0.397229
v 0.131438 0.043952 0.395568
v -0.264535 0.054293 0.350544
v 0.284941 0.044057 0.317863
v 0.289037 0.043154 0.323129
v 0.103898 0.046113 0.332716
v 0.099638 0.046158 0.327564
v 0.293606 0.047198 0.266989
v 0.093314 0.044556 0.344867
v 0.096507 0.044663 0.349473
v 0.164013 0.044927 0.377514
v 0.169614 0.045155 0.371745
v -0.264339 0.055010 0.324639
v -0.262698 0.055220 0.311907
v 0.146018 0.045852 0.353306
v 0.138151 0.046551 0.347151
v 0.140654 0.046078 0.351879
v 0.064058 0.049568 0.308198
v 0.067756 0.049082 0.319288
v 0.068803 0.049139 0.312367
v 0.289748 0.045785 0.290469
v 0.301157 0.045163 0.288593
v 0.301071 0.045814 0.281105
v 0.193152 0.048283 0.313994
v 0.187874 0.048077 0.316972
v 0.192048 0.047942 0.319770
v 0.293263 0.042659 0.327483
v 0.264752 0.049314 0.268408
v 0.256032 0.049405 0.272271
v 0.266086 0.048694 0.279141
v -0.201621 0.054359 0.295093
v 0.122441 0.042332 0.404682
v 0.243986 0.045154 0.341972
v 0.237225 0.045140 0.340452
v 0.266692 0.048170 0.286755
v -0.027876 0.051946 0.253986
v -0.053260 0.052165 0.280397
v -0.043554 0.051329 0.282478
v -0.048322 0.051858 0.272137
v -0.034415 0.054596 0.146443
v 0.148114 0.044691 0.388659
v 0.152629 0.044651 0.386147
v 0.148403 0.044810 0.385304
v -0.212460 0.051519 0.366877
v 0.265988 0.046229 0.313342
v 0.289517 0.045114 0.300507
v -0.205934 0.055150 0.287876
v -0.204084 0.055634 0.280921
v 0.005280 0.054629 0.108542
v 0.222274 0.044435 0.351928
v 0.212520 0.044291 0.356334
v 0.219245 0.044148 0.357929
v -0.040395 0.051872 0.266495
v -0.039197 0.052083 0.259594
v -0.142875 0.052911 0.334110
v 0.188328 0.045343 0.353194
v 0.182656 0.045235 0.355153
v 0.189030 0.044951 0.358562
v 0.199359 0.046644 0.334761
v 0.190971 0.046276 0.339728
v 0.226647 0.049571 0.139058
v 0.220049 0.049539 0.134977
v 0.217013 0.050362 0.149647
v 0.242013 0.045547 0.336473
v 0.018394 0.054185 0.103978
v 0.031307 0.054863 0.100527
v 0.279483 0.044922 0.314886
v 0.284687 0.044664 0.311282
v 0.234247 0.043676 0.355876
v 0.238128 0.043339 0.356886
v 0.237881 0.044031 0.351964
v 0.140587 0.043800 0.399898
v 0.142612 0.043123 0.405663
v 0.049392 0.055127 0.103938
v 0.049123 0.055724 0.087286
v 0.309981 0.043493 0.316577
v 0.144833 0.048727 0.317917
v 0.149460 0.049203 0.308430
v 0.138918 0.048965 0.312678
v 0.181250 0.043055 0.401070
v -0.093090 0.052553 0.251526
v -0.098275 0.052722 0.258617
v -0.086174 0.052550 0.259783
v 0.197393 0.044807 0.357208
v 0.192554 0.044881 0.354578
v 0.172218 0.045285 0.361402
v 0.168188 0.050800 0.155334
v 0.179524 0.051643 0.161044
v 0.175038 0.050189 0.147730
v 0.277371 0.049273 0.239882
v 0.284138 0.049114 0.242531
v 0.280366 0.049436 0.231053
v 0.281067 0.047434 0.284218
v 0.274893 0.047832 0.284849
v 0.281704 0.047164 0.287079
v 0.170042 0.049331 0.289890
v 0.178651 0.049675 0.285167
v 0.170441 0.049493 0.281620
v 0.113194 0.049784 0.295962
v 0.106925 0.049359 0.298602
v 0.040949 0.054547 0.114914
v -0.223671 0.052265 0.369718
v 0.199306 0.043029 0.375897
v 0.202421 0.043079 0.371930
v 0.194570 0.043824 0.370898
v -0.038041 0.051273 0.277283
v 0.145635 0.047948 0.329238
v 0.141254 0.048000 0.325929
v 0.140894 0.047603 0.331219
v -0.028817 0.055717 0.096860
v 0.249536 0.049424 0.259115
v 0.258168 0.049465 0.258783
v 0.251819 0.049329 0.253179
v -0.058007 0.051982 0.287305
v -0.050014 0.051713 0.287271
v 0.115081 0.044630 0.367410
v 0.107794 0.043990 0.368022
v 0.111629 0.043450 0.375530
v 0.106722 0.048264 0.316277
v 0.114717 0.048741 0.316537
v 0.123447 0.045243 0.370520
v 0.211623 0.049919 0.273433
v 0.204527 0.050284 0.266904
v 0.205175 0.049838 0.277360
v 0.152842 0.045634 0.359926
v 0.145087 0.045818 0.358825
v -0.007369 0.055572 0.096534
v -0.006298 0.054792 0.102890
v 0.248057 0.045198 0.338642
v 0.223889 0.049870 0.250994
v -0.168023 0.050946 0.371470
v 0.155589 0.043693 0.401241
v -0.152838 0.052470 0.346141
v -0.137407 0.052548 0.345888
v 0.119369 0.048051 0.326501
v 0.118238 0.047446 0.334590
v 0.124928 0.047810 0.332974
v 0.160977 0.045418 0.361476
v 0.155662 0.045344 0.364812
v 0.199137 0.050189 0.224994
v 0.191254 0.051003 0.220723
v 0.189794 0.050913 0.226555
v -0.081688 0.052698 0.235674
v -0.085807 0.052518 0.245791
v -0.076649 0.052826 0.242935
v 0.120902 0.051183 0.177279
v 0.110336 0.051326 0.180487
v 0.117631 0.051383 0.188129
v 0.134642 0.048523 0.321983
v 0.124781 0.048557 0.320933
v 0.113788 0.047118 0.340068
v 0.113689 0.046009 0.347581
v 0.195717 0.050496 0.233955
v 0.181811 0.051007 0.228645
v -0.042610 0.052490 0.252348
v 0.168404 0.054339 0.093829
v 0.164824 0.054068 0.097298
v 0.172520 0.054005 0.101232
v 0.123015 0.046461 0.349158
v -0.078028 0.053064 0.271235
v -0.087486 0.053007 0.279219
v -0.076342 0.053025 0.282203
v 0.220857 0.048389 0.290780
v 0.213964 0.049072 0.287568
v 0.181779 0.053822 0.101182
v 0.177618 0.054303 0.093880
v 0.123727 0.051610 0.241129
v -0.089600 0.055231 0.146730
v 0.074328 0.047718 0.334934
v 0.080860 0.046322 0.339365
v 0.081282 0.046084 0.332803
v 0.150651 0.053586 0.112484
v 0.156380 0.053517 0.110484
v 0.153101 0.053904 0.101100
v 0.154426 0.050808 0.196660
v 0.157833 0.050779 0.204968
v 0.160988 0.051144 0.197483
v 0.019484 0.054330 0.140266
v 0.025209 0.054026 0.147195
v 0.116947 0.050207 0.270748
v 0.124048 0.050122 0.274782
v 0.123708 0.050381 0.267429
v 0.192702 0.050256 0.269100
v 0.193713 0.050723 0.260760
v 0.181284 0.050211 0.266137
v 0.268962 0.049483 0.234048
v 0.180219 0.050840 0.237661
v 0.174314 0.050783 0.243169
v 0.172596 0.051464 0.134026
v 0.176774 0.052096 0.126868
v 0.209906 0.048747 0.294468
v 0.152271 0.051108 0.189994
v 0.158446 0.050094 0.260651
v 0.168989 0.050439 0.256983
v 0.115877 0.042399 0.409274
v 0.117389 0.042074 0.403156
v 0.034486 0.055340 0.086816
v 0.024750 0.054567 0.088490
v 0.085463 0.050869 0.237072
v 0.135108 0.049847 0.286113
v 0.134022 0.050022 0.277423
v 0.258210 0.044077 0.343988
v 0.033692 0.054339 0.140192
v 0.195435 0.050405 0.244683
v 0.194857 0.050438 0.252598
v -0.064072 0.052893 0.277918
v 0.225121 0.049008 0.205181
v 0.224779 0.049090 0.208517
v 0.232037 0.049813 0.204428
v 0.128065 0.051107 0.179744
v 0.132037 0.050832 0.167414
v 0.082860 0.050581 0.246333
v 0.093439 0.051157 0.246376
v 0.157809 0.045280 0.369563
v 0.188255 0.046735 0.336827
v 0.183538 0.046549 0.337901
v -0.069472 0.053273 0.251743
v -0.128430 0.051331 0.368870
v 0.250990 0.044791 0.342427
v 0.254801 0.044107 0.347185
v 0.253514 0.050627 0.209367
v 0.248347 0.050154 0.219818
v 0.253178 0.050473 0.216136
v 0.162775 0.053325 0.115934
v 0.205186 0.050347 0.255235
v 0.127350 0.046962 0.343607
v 0.119470 0.046741 0.344748
v 0.146028 0.050574 0.195332
v 0.145922 0.051218 0.185552
v 0.173141 0.051111 0.230393
v 0.030403 0.054265 0.115721
v -0.130507 0.051082 0.375659
v 0.164794 0.051883 0.165778
v 0.022312 0.054092 0.112720
v 0.012143 0.054331 0.147790
v 0.299307 0.044816 0.294253
v 0.166285 0.047272 0.332514
v 0.174506 0.046821 0.337844
v 0.172380 0.047179 0.331016
v 0.113851 0.051674 0.219487
v 0.120715 0.051569 0.215058
v 0.112145 0.051808 0.213855
v 0.207716 0.050275 0.246531
v 0.201168 0.050313 0.249444
v 0.161491 0.054295 0.091499
v 0.187530 0.054334 0.078735
v 0.176327 0.054589 0.075630
v 0.181399 0.054412 0.085221
v 0.141506 0.049745 0.158174
v 0.148553 0.049777 0.156729
v 0.146855 0.049805 0.152557
v 0.198852 0.047171 0.329660
v 0.167726 0.050092 0.267059
v 0.202081 0.045217 0.350262
v 0.203342 0.045979 0.343092
v 0.193938 0.045569 0.347831
v 0.202999 0.048199 0.308617
v 0.213773 0.047873 0.308658
v 0.212031 0.048180 0.302405
v -0.206642 0.053684 0.320723
v -0.067681 0.052720 0.289407
v 0.091980 0.044936 0.381752
v 0.015839 0.047161 0.404360
v 0.024780 0.047524 0.396363
v 0.115566 0.051937 0.237127
v 0.113095 0.051850 0.226705
v 0.107850 0.051892 0.236260
v 0.275584 0.047307 0.290985
v 0.123388 0.051156 0.185041
v 0.232827 0.049696 0.249284
v 0.198498 0.046198 0.340800
v 0.099704 0.046932 0.318614
v 0.092521 0.045395 0.322224
v -0.044239 0.052351 0.258272
v 0.225187 0.052401 0.106054
v 0.216105 0.052836 0.114294
v 0.222158 0.052187 0.118368
v 0.278002 0.046333 0.300372
v 0.134626 0.051353 0.238824
v 0.139935 0.051304 0.230193
v 0.123182 0.051197 0.192728
v 0.115671 0.051556 0.201486
v 0.175018 0.049925 0.275368
v 0.162273 0.053766 0.103865
v 0.157511 0.050933 0.235749
v 0.149014 0.051102 0.224657
v 0.144707 0.051075 0.237726
v 0.087101 0.050098 0.256064
v 0.248673 0.049560 0.230975
v 0.237644 0.049716 0.228406
v 0.237556 0.049447 0.242966
v 0.242200 0.049533 0.236552
v 0.234029 0.049656 0.235920
v -0.095148 0.052926 0.240045
v 0.297888 0.046849 0.271161
v 0.224372 0.048954 0.201537
v -0.101291 0.053060 0.247846
v 0.188816 0.050668 0.240265
v 0.183628 0.043108 0.396372
v 0.210321 0.049443 0.190711
v 0.199573 0.050726 0.188886
v 0.199524 0.050363 0.195982
v 0.148003 0.053511 0.106364
v 0.199235 0.048125 0.315480
v 0.106348 0.047342 0.326053
v 0.094620 0.051608 0.225678
v 0.100027 0.044609 0.393561
v 0.105041 0.043647 0.393699
v 0.101446 0.043738 0.388798
v 0.228087 0.049722 0.242096
v 0.225328 0.049521 0.232098
v 0.216801 0.049804 0.241723
v 0.155039 0.053206 0.119529
v 0.147368 0.053286 0.123527
v 0.154389 0.053057 0.126891
v 0.185563 0.045865 0.343432
v 0.178851 0.046046 0.345749
v 0.161776 0.052842 0.127126
v -0.046897 0.052365 0.266434
v 0.147748 0.045449 0.364895
v 0.155321 0.051647 0.183075
v 0.095063 0.051824 0.204330
v 0.102833 0.051926 0.210408
v 0.007743 0.054915 0.081360
v 0.098708 0.048609 0.295250
v 0.169495 0.051460 0.198622
v -0.048255 0.053336 0.244193
v 0.114243 0.050661 0.263656
v 0.110058 0.051232 0.255007
v 0.101943 0.050701 0.260723
v 0.167099 0.045548 0.357779
v 0.167200 0.045422 0.364259
v 0.242252 0.044419 0.348949
v 0.215888 0.045451 0.344775
v 0.216393 0.044652 0.348852
v 0.181561 0.048703 0.304078
v 0.107341 0.051784 0.222082
v 0.131778 0.050028 0.269832
v 0.181331 0.051767 0.188501
v 0.141766 0.044131 0.395743
v 0.279118 0.047880 0.280405
v -0.185328 0.050468 0.378826
v -0.179043 0.050969 0.369684
v 0.082326 0.046459 0.284283
v 0.088205 0.047218 0.282050
v 0.082267 0.046711 0.276135
v 0.123155 0.047061 0.339729
v 0.104281 0.052016 0.230004
v 0.098974 0.051670 0.237468
v 0.137432 0.050384 0.153291
v 0.134829 0.050083 0.158793
v 0.149782 0.046231 0.346698
v 0.150147 0.051613 0.173115
v 0.025499 0.054261 0.133205
v 0.144247 0.053568 0.112362
v -0.074534 0.053098 0.261228
v 0.184598 0.054457 0.073331
v 0.147549 0.050726 0.162329
v 0.254764 0.049873 0.226947
v 0.197495 0.049885 0.276122
v 0.309235 0.044360 0.295220
v 0.142651 0.050762 0.249810
v 0.131383 0.051057 0.249744
v 0.135727 0.050414 0.260484
v 0.154786 0.049748 0.275881
v 0.149158 0.049803 0.274022
v 0.136104 0.052198 0.141030
v 0.138155 0.052989 0.132385
v 0.192873 0.054492 0.072047
v -0.131088 0.049965 0.396034
v 0.208907 0.051115 0.162556
v 0.164776 0.050627 0.147246
v 0.111624 0.051604 0.189867
v 0.193214 0.050079 0.146878
v 0.185960 0.050689 0.152580
v 0.194936 0.050779 0.154018
v 0.219328 0.050924 0.162610
v 0.226501 0.050611 0.165973
v 0.230673 0.050403 0.155592
v -0.102866 0.049940 0.387814
v -0.106690 0.049697 0.395704
v -0.099346 0.049273 0.399034
v 0.101865 0.049406 0.276831
v 0.107896 0.050001 0.270370
v 0.094883 0.049340 0.267506
v 0.035008 0.048294 0.342326
v 0.176438 0.045450 0.354766
v -0.077011 0.051409 0.338673
v -0.072757 0.051546 0.324853
v -0.080792 0.051868 0.324979
v -0.053989 0.051011 0.312919
v -0.055305 0.050736 0.323095
v -0.143007 0.054288 0.276808
v -0.155923 0.054094 0.286841
v -0.147466 0.053959 0.284768
v -0.078875 0.052633 0.253481
v 0.156360 0.049966 0.154566
v 0.186757 0.053922 0.097287
v 0.163392 0.052103 0.135666
v 0.180849 0.043551 0.388833
v -0.102629 0.050498 0.374757
v -0.109079 0.050439 0.380900
v 0.203289 0.053946 0.076275
v 0.204058 0.049736 0.203904
v 0.046456 0.046050 0.407778
v 0.051337 0.045695 0.410142
v 0.048615 0.046185 0.402454
v -0.120264 0.052944 0.335159
v -0.122135 0.052715 0.343212
v -0.113861 0.052890 0.338665
v -0.027268 0.050298 0.314789
v 0.055511 0.046120 0.400987
v 0.058599 0.045631 0.407213
v 0.061959 0.045944 0.400601
v 0.226043 0.050487 0.174586
v 0.219708 0.050806 0.170373
v 0.215850 0.050583 0.178907
v -0.063210 0.050957 0.331180
v -0.065264 0.050754 0.342152
v 0.060815 0.047206 0.361256
v 0.048695 0.047555 0.359206
v 0.054222 0.047143 0.364795
v -0.148040 0.054784 0.264832
v -0.157816 0.054482 0.277057
v -0.092683 0.052644 0.309124
v -0.088863 0.052732 0.303564
v -0.096220 0.053004 0.303003
v 0.031982 0.046667 0.406457
v 0.039655 0.046297 0.408062
v 0.036721 0.046932 0.399733
v -0.049246 0.051105 0.303652
v 0.198443 0.049919 0.140041
v 0.202970 0.050256 0.147722
v 0.204096 0.049657 0.140692
v 0.271721 0.046058 0.308512
v 0.028742 0.048234 0.362416
v 0.028415 0.048177 0.372185
v 0.228016 0.046477 0.318451
v 0.229358 0.046841 0.312130
v -0.118613 0.053306 0.322769
v -0.132362 0.053078 0.323017
v -0.122720 0.053233 0.329006
v 0.077153 0.046876 0.352843
v 0.071925 0.046876 0.362819
v 0.083680 0.045995 0.360105
v 0.164716 0.049395 0.296761
v -0.109698 0.051061 0.364844
v -0.112925 0.051082 0.372376
v 0.095117 0.045606 0.396705
v 0.098261 0.045440 0.403676
v 0.094765 0.045213 0.389168
v 0.073938 0.045953 0.391140
v 0.084139 0.045745 0.387717
v 0.077011 0.046002 0.387030
v 0.034369 0.047784 0.379984
v 0.043367 0.047195 0.386643
v 0.044234 0.047331 0.378300
v -0.101899 0.052932 0.276957
v -0.111514 0.053029 0.278629
v -0.106250 0.052964 0.286890
v 0.232333 0.049791 0.144410
v -0.090873 0.050417 0.373446
v -0.086863 0.049841 0.385186
v -0.084756 0.050001 0.377554
v -0.076888 0.052845 0.291342
v -0.079315 0.052428 0.302638
v -0.069739 0.052359 0.298507
v 0.170516 0.054407 0.086522
v 0.091844 0.048228 0.276720
v 0.128610 0.051882 0.147609
v 0.140953 0.050950 0.146766
v 0.087719 0.045703 0.406002
v 0.092152 0.045898 0.401169
v 0.087181 0.045919 0.398888
v -0.123702 0.053258 0.308343
v -0.129125 0.053149 0.313586
v -0.123395 0.053242 0.316423
v 0.070893 0.045810 0.401803
v 0.078282 0.045909 0.397579
v 0.067198 0.045970 0.394676
v 0.082843 0.045807 0.402204
v 0.078396 0.045618 0.404949
v 0.034203 0.047459 0.390802
v 0.043229 0.046752 0.394393
v 0.080341 0.045917 0.384891
v 0.081194 0.045768 0.382012
v 0.116064 0.050639 0.166675
v 0.066132 0.046583 0.373155
v 0.061275 0.046719 0.376914
v 0.070010 0.046266 0.379204
v 0.153516 0.052328 0.135135
v 0.069315 0.048577 0.328867
v 0.064937 0.048639 0.334375
v -0.140447 0.053876 0.284526
v 0.062143 0.046469 0.385522
v 0.062306 0.048127 0.342890
v 0.053777 0.048011 0.347591
v 0.061371 0.047854 0.349521
v 0.223810 0.050001 0.183960
v 0.230875 0.050156 0.186816
v 0.046848 0.047211 0.372373
v 0.037601 0.047712 0.370616
v -0.093036 0.052811 0.269171
v -0.108534 0.053435 0.263200
v 0.264846 0.049305 0.245348
v 0.255010 0.049454 0.243188
v 0.258258 0.049301 0.250690
v 0.143945 0.051963 0.140642
v 0.100466 0.051130 0.253670
v 0.107244 0.051694 0.245780
v 0.258880 0.050151 0.219143
v 0.143463 0.050781 0.215346
v 0.140643 0.050341 0.204426
v -0.004068 0.055919 0.087653
v 0.136694 0.051159 0.180326
v -0.094952 0.050078 0.383377
v -0.094052 0.049670 0.391764
v 0.210973 0.048889 0.206473
v 0.215445 0.048620 0.202176
v 0.287252 0.046706 0.283497
v 0.121456 0.050538 0.161641
v 0.128525 0.050235 0.157557
v 0.079878 0.045575 0.408909
v 0.071741 0.045569 0.409326
v 0.193811 0.050797 0.201664
v 0.190077 0.051337 0.194570
v 0.185409 0.051420 0.206179
v 0.161549 0.051533 0.140429
v 0.234615 0.049261 0.133779
v 0.109493 0.044677 0.361658
v -0.130615 0.053221 0.308004
v 0.152735 0.044122 0.393163
v 0.187908 0.054290 0.091097
v 0.195369 0.053488 0.096257
v 0.189149 0.053701 0.102186
v 0.054485 0.049682 0.317972
v 0.047060 0.049712 0.311437
v 0.046718 0.049412 0.322557
v 0.275681 0.048763 0.267829
v 0.267743 0.049246 0.257661
v -0.083585 0.052685 0.307275
v -0.086895 0.052521 0.310275
v -0.097558 0.052712 0.331133
v -0.090188 0.052016 0.340558
v -0.088215 0.052289 0.329189
v -0.114322 0.053159 0.331052
v -0.106476 0.053223 0.322991
v 0.071202 0.045981 0.386255
v -0.154393 0.053302 0.306856
v -0.146947 0.053278 0.307058
v -0.096327 0.052946 0.322796
v -0.164273 0.053705 0.298046
v -0.175358 0.053599 0.303476
v 0.054775 0.048755 0.335763
v 0.052913 0.048346 0.342095
v 0.115780 0.051737 0.243587
v -0.066182 0.051511 0.313984
v -0.104568 0.052971 0.235800
v 0.085444 0.045440 0.377017
v 0.078359 0.046027 0.378043
v 0.060497 0.047595 0.355396
v 0.054677 0.047597 0.353189
v 0.038999 0.047889 0.362831
v 0.037715 0.047964 0.354910
v 0.058189 0.046375 0.391995
v -0.128996 0.053156 0.334268
v -0.091766 0.052958 0.291867
v -0.104536 0.053115 0.299409
v 0.041853 0.048989 0.328797
v 0.075844 0.046403 0.371195
v 0.066404 0.046879 0.368715
v 0.067651 0.046268 0.389954
v -0.079705 0.052271 0.314438
v -0.117164 0.053131 0.284056
v -0.119135 0.053146 0.276956
v 0.079661 0.046297 0.365179
v 0.086098 0.045603 0.368011
v 0.089162 0.045990 0.393490
v -0.107283 0.053509 0.253209
v -0.111656 0.053560 0.243741
v -0.110237 0.052255 0.346242
v -0.103700 0.052662 0.338419
v 0.056761 0.047004 0.370702
v 0.149862 0.050813 0.216188
v 0.061458 0.047145 0.365718
v -0.115383 0.053675 0.224129
v 0.115935 0.051643 0.248846
v -0.118938 0.055202 0.218854
v 0.081579 0.046600 0.350527
v 0.083303 0.046149 0.346128
v -0.088139 0.051001 0.359522
v -0.082153 0.050522 0.369141
v -0.045555 0.051227 0.295149
v 0.062244 0.049301 0.324184
v 0.055608 0.049246 0.327235
v 0.051708 0.046738 0.385579
v -0.156746 0.053624 0.299099
v -0.148029 0.053640 0.292523
v 0.184637 0.052048 0.179192
v 0.176362 0.052111 0.180861
v 0.072682 0.047622 0.343559
v -0.071105 0.052559 0.292980
v -0.120377 0.054290 0.225555
v -0.116228 0.053424 0.232562
v 0.060548 0.049655 0.315468
v 0.025830 0.047889 0.385431
v 0.182631 0.053408 0.108744
v 0.204596 0.053331 0.100702
v 0.206798 0.053357 0.086339
v -0.138154 0.053536 0.294048
v -0.128179 0.053358 0.298574
v -0.128852 0.053392 0.287037
v 0.027743 0.048270 0.352047
v 0.046098 0.047329 0.366827
v 0.084757 0.046000 0.351986
v -0.118091 0.053915 0.240659
v -0.134592 0.053161 0.312361
v -0.138113 0.053258 0.304840
v 0.068807 0.047720 0.351329
v 0.067259 0.047891 0.346917
v 0.067702 0.047508 0.357087
v 0.076668 0.045929 0.382757
v -0.083907 0.051317 0.349347
v -0.150368 0.053441 0.301034
v -0.077280 0.050751 0.355695
v -0.117311 0.053503 0.270999
v -0.126366 0.054346 0.260799
v -0.127319 0.052111 0.353919
v 0.049402 0.048947 0.329633
v -0.144686 0.053306 0.299555
v -0.119612 0.054083 0.250430
v 0.167680 0.051128 0.140842
v 0.204785 0.050746 0.132954
v 0.209890 0.052553 0.122191
v 0.202372 0.052396 0.122649
v 0.248184 0.049376 0.265811
v 0.255790 0.049553 0.265171
v 0.194322 0.053278 0.106324
v -0.069918 0.050849 0.349057
v 0.212993 0.048903 0.197655
v 0.149139 0.050437 0.202390
v 0.149095 0.050613 0.210005
v 0.157862 0.050969 0.144886
v 0.150663 0.050835 0.145751
v -0.090385 0.051498 0.350332
v 0.199540 0.053012 0.113135
v -0.100617 0.051194 0.362252
v -0.113830 0.051792 0.355192
v 0.113640 0.042206 0.394843
v 0.119306 0.042517 0.396191
v 0.116075 0.043091 0.385486
v -0.127108 0.055576 0.222923
v -0.123036 0.053831 0.229418
v 0.012328 0.054258 0.113267
v 0.075149 0.047596 0.327691
v 0.236437 0.049594 0.254085
v 0.209528 0.053072 0.109973
v 0.120204 0.051309 0.253643
v 0.047979 0.048420 0.338589
v 0.277085 0.045602 0.309214
v -0.115764 0.050564 0.379251
v 0.047076 0.047871 0.352231
v -0.124966 0.053704 0.236107
v 0.085042 0.046027 0.394330
v 0.043322 0.048142 0.345439
v 0.056121 0.049826 0.307926
v -0.116088 0.053152 0.314085
v 0.209193 0.049468 0.227676
v 0.046493 0.048805 0.333705
v 0.214410 0.050138 0.250108
v 0.181976 0.051286 0.131033
v 0.053231 0.046822 0.377890
v 0.051548 0.046574 0.394270
v 0.022427 0.048387 0.350396
v -0.195369 0.055057 0.284362
v -0.128340 0.054356 0.252733
v -0.089637 0.052756 0.317607
v -0.099606 0.052969 0.312549
v 0.181188 0.050018 0.140590
v 0.052964 0.049879 0.301137
v 0.059951 0.049626 0.299002
v -0.136673 0.054049 0.232753
v -0.052863 0.051539 0.294580
v -0.138191 0.054629 0.253778
v -0.131252 0.054278 0.245303
v -0.096478 0.051539 0.354529
v -0.104662 0.051657 0.353491
v 0.039515 0.048753 0.336656
v -0.138006 0.056621 0.219901
v -0.083112 0.052958 0.285572
v 0.190059 0.050169 0.136251
v 0.027673 0.048118 0.378164
v 0.198145 0.051233 0.131249
v -0.133296 0.053807 0.279569
v -0.127449 0.053697 0.274450
v 0.218770 0.052478 0.103282
v 0.242923 0.049540 0.250790
v 0.029962 0.054164 0.133198
v 0.104204 0.050105 0.265362
v -0.143015 0.054360 0.243257
v 0.189456 0.054137 0.084838
v 0.154420 0.051183 0.163654
v 0.156025 0.050974 0.215454
v -0.179356 0.054762 0.250556
v -0.177443 0.055310 0.258265
v -0.169979 0.055354 0.253862
v 0.218590 0.049180 0.221245
v 0.226237 0.049464 0.222843
v 0.228622 0.049568 0.213436
v 0.210324 0.049779 0.139965
v 0.212807 0.050902 0.130746
v -0.120863 0.051393 0.363210
v 0.261670 0.049652 0.228195
v 0.265978 0.049780 0.224796
v 0.250347 0.049294 0.238092
v 0.257864 0.049387 0.235344
v 0.181671 0.049855 0.147593
v -0.148800 0.053890 0.234091
v -0.151926 0.054519 0.241485
v -0.174669 0.054953 0.276129
v -0.184066 0.054788 0.283511
v -0.176517 0.054364 0.287587
v -0.059719 0.051627 0.300170
v -0.154423 0.057536 0.208907
v -0.148539 0.057143 0.216222
v -0.115669 0.053177 0.302164
v -0.108609 0.053182 0.310019
v -0.296643 0.055347 0.337660
v -0.120480 0.053297 0.292171
v -0.145041 0.055956 0.225232
v -0.157346 0.056632 0.224764
v 0.271519 0.047133 0.296197
v 0.273500 0.048689 0.274639
v -0.154454 0.054478 0.237406
v -0.157364 0.055131 0.233599
v 0.031124 0.047375 0.396857
v -0.170111 0.055305 0.237851
v -0.167131 0.056221 0.231934
v -0.177717 0.055516 0.235960
v 0.209240 0.049376 0.219802
v -0.142231 0.052966 0.314726
v -0.285734 0.054515 0.348877
v -0.132079 0.054212 0.268885
v -0.162091 0.055090 0.240265
v -0.156087 0.055155 0.251157
v -0.168553 0.054765 0.279150
v -0.167086 0.054168 0.288102
v -0.112917 0.053200 0.292513
v -0.029594 0.050265 0.312863
v -0.102110 0.051969 0.348536
v 0.167653 0.054838 0.068916
v 0.164071 0.054571 0.079522
v -0.164019 0.054910 0.271304
v 0.180071 0.051551 0.199538
v 0.017485 0.047664 0.393364
v -0.043943 0.051167 0.289316
v -0.158046 0.057634 0.215327
v 0.192341 0.051549 0.183856
v 0.168150 0.043786 0.400086
v 0.169020 0.044273 0.393875
v -0.125218 0.053338 0.279400
v 0.200997 0.048658 0.301695
v -0.096231 0.051901 0.347248
v 0.113852 0.050089 0.277225
v 0.117542 0.050621 0.161856
v -0.169427 0.055182 0.263708
v 0.244395 0.050503 0.213395
v 0.163236 0.051097 0.225392
v 0.186077 0.049939 0.145510
v 0.182435 0.051350 0.220044
v 0.172931 0.051286 0.221695
v -0.165460 0.050391 0.379458
v 0.152094 0.050747 0.245027
v -0.223584 0.055611 0.267869
v -0.167600 0.055063 0.247652
v -0.184621 0.055490 0.274053
v 0.204392 0.050906 0.180617
v -0.193028 0.055590 0.255271
v -0.186118 0.055725 0.259469
v -0.197552 0.056086 0.269829
v -0.172988 0.054521 0.242440
v -0.183352 0.055675 0.264789
v 0.212622 0.047450 0.314920
v 0.203000 0.047719 0.320162
v 0.212310 0.047244 0.321191
v 0.268615 0.049759 0.219427
v 0.236594 0.049891 0.217753
v 0.240228 0.050339 0.208789
v -0.180717 0.054440 0.243606
v 0.125773 0.050623 0.260692
v 0.177721 0.052359 0.172504
v -0.188983 0.055649 0.240731
v 0.251102 0.049285 0.247865
v -0.211771 0.055942 0.267389
v 0.187066 0.049800 0.277903
v 0.094081 0.046439 0.314302
v 0.087900 0.046042 0.315035
v 0.215521 0.052318 0.122930
v -0.176240 0.057051 0.226864
v -0.193852 0.055197 0.247544
v -0.202538 0.055052 0.250359
v -0.215424 0.055252 0.259618
v -0.186593 0.054619 0.247411
v -0.204800 0.055804 0.259799
v 0.193185 0.051001 0.208559
v 0.187873 0.051256 0.214514
v 0.199240 0.050291 0.215379
v 0.215887 0.052647 0.095289
v 0.138667 0.044794 0.387123
v -0.296314 0.054642 0.347268
v 0.243800 0.046009 0.330110
v 0.211961 0.049656 0.234319
v 0.268789 0.043289 0.344398
v 0.205251 0.044572 0.354617
v -0.276450 0.055315 0.322716
v 0.218506 0.049502 0.227513
v 0.084098 0.047876 0.270110
v 0.082035 0.048386 0.264454
v 0.224125 0.049786 0.266631
v 0.168385 0.050916 0.236357
v 0.145031 0.045017 0.383972
v 0.150327 0.045093 0.381414
v 0.157927 0.054756 0.070929
v 0.164625 0.050718 0.246203
v 0.301435 0.043237 0.320908
v 0.129372 0.050383 0.264754
v 0.210555 0.045729 0.343255
v 0.257470 0.050790 0.195446
v 0.242777 0.050557 0.200359
v 0.144921 0.043783 0.397511
v 0.084927 0.046742 0.307841
v 0.091314 0.046774 0.309100
v 0.091403 0.047459 0.299261
v -0.254431 0.055458 0.305698
v 0.174009 0.049120 0.299222
v 0.132217 0.044555 0.387574
v 0.247967 0.044381 0.347682
v 0.145785 0.047127 0.334906
v 0.142520 0.046968 0.339858
v 0.148243 0.046810 0.340515
v 0.246304 0.049450 0.243243
v 0.231339 0.049820 0.224434
v 0.176346 0.051500 0.210009
v 0.149594 0.050531 0.251418
v 0.199042 0.044148 0.362882
v 0.204023 0.044241 0.358966
v 0.166229 0.051228 0.212559
v 0.129958 0.047994 0.327974
v 0.141963 0.049956 0.288774
v 0.103896 0.044049 0.362651
v 0.101568 0.043789 0.368235
v 0.234355 0.050661 0.165494
v 0.244724 0.050631 0.167145
v 0.243984 0.050147 0.153236
v 0.237813 0.049894 0.147469
v 0.218746 0.051216 0.126989
v 0.259668 0.048337 0.284048
v 0.134129 0.049734 0.294935
v 0.272763 0.049605 0.224909
v 0.159607 0.048914 0.310368
v 0.210560 0.051152 0.171374
v 0.133523 0.049118 0.307715
v 0.140837 0.049373 0.303754
v 0.196121 0.053984 0.087892
v 0.130513 0.049390 0.302564
v 0.104472 0.043319 0.374889
v 0.235512 0.050464 0.178365
v 0.247861 0.050579 0.177288
v 0.181944 0.051503 0.212883
v -0.302257 0.055307 0.340887
v -0.060566 0.055889 0.118309
v 0.114780 0.049245 0.310228
v 0.201717 0.043573 0.367776
v 0.182791 0.048102 0.317567
v 0.173731 0.048702 0.309164
v 0.210307 0.045167 0.349500
v 0.089455 0.045113 0.343995
v 0.090051 0.044985 0.348830
v 0.067791 0.049062 0.300724
v 0.186891 0.049358 0.289539
v 0.218602 0.042746 0.375246
v 0.089598 0.044846 0.338451
v 0.210243 0.042986 0.371196
v 0.137211 0.044061 0.394431
v 0.156415 0.049403 0.295652
v 0.159670 0.049215 0.303380
v 0.267642 0.050051 0.212980
v 0.203204 0.042258 0.391290
v 0.195876 0.049051 0.294191
v 0.208256 0.042743 0.378685
v 0.210504 0.042265 0.382445
v -0.288198 0.055708 0.324572
v 0.072112 0.047924 0.295218
v 0.217907 0.043499 0.364372
v 0.140631 0.047357 0.334777
v 0.135186 0.047449 0.333864
v 0.137894 0.050995 0.243510
v 0.067308 0.049377 0.307197
v 0.070764 0.048766 0.308655
v 0.183080 0.050491 0.256473
v 0.202554 0.047191 0.326056
v 0.206506 0.047259 0.324110
v 0.075472 0.046821 0.288243
v 0.144407 0.045586 0.362630
v 0.263993 0.043603 0.345249
v 0.259578 0.050446 0.175132
v 0.254080 0.050695 0.184583
v 0.265844 0.050407 0.185020
v 0.204403 0.049432 0.286267
v 0.195089 0.049623 0.284571
v 0.082852 0.046616 0.292946
v -0.174583 0.050434 0.376993
v 0.142087 0.049674 0.295805
v 0.131121 0.048715 0.314875
v 0.112848 0.048117 0.325064
v 0.164864 0.048894 0.309133
v -0.271804 0.055230 0.315386
v 0.253553 0.050550 0.168154
v 0.075423 0.047808 0.317618
v 0.081126 0.047028 0.314037
v 0.179059 0.046499 0.340428
v 0.009398 0.048064 0.386968
v 0.088955 0.047088 0.289119
v 0.200517 0.049714 0.281116
v 0.267274 0.050241 0.204037
v 0.106344 0.044656 0.358289
v 0.205881 0.050080 0.240194
v 0.080650 0.046406 0.326079
v 0.084278 0.045910 0.321030
v 0.185932 0.045563 0.348430
v 0.087265 0.045149 0.328948
v 0.178806 0.045099 0.361578
v 0.184021 0.044922 0.361352
v 0.128682 0.045537 0.370062
v 0.181534 0.044244 0.379313
v 0.021061 0.048380 0.376069
v 0.244339 0.043839 0.352012
v 0.240898 0.044006 0.353828
v 0.242682 0.043425 0.358485
v 0.201462 0.042961 0.379627
v 0.161180 0.045881 0.350413
v 0.107931 0.046595 0.335531
v 0.212886 0.049541 0.280762
v 0.208345 0.046254 0.339977
v 0.205537 0.046366 0.337120
v 0.139670 0.045585 0.361393
v 0.165332 0.044359 0.389779
v 0.145632 0.044383 0.392582
v 0.226517 0.044045 0.355471
v 0.159879 0.044476 0.385932
v 0.254058 0.043465 0.352392
v 0.248166 0.043630 0.353858
v 0.135847 0.049533 0.300877
v 0.206914 0.042898 0.374658
v 0.207893 0.043680 0.363408
v 0.212452 0.043255 0.367391
v 0.196378 0.044967 0.352864
v 0.131299 0.045722 0.363820
v 0.220671 0.046993 0.310854
v 0.226767 0.042959 0.368263
v 0.231032 0.042948 0.366457
v 0.235845 0.043110 0.362716
v 0.230296 0.043344 0.358955
v 0.188889 0.046143 0.344870
v 0.225114 0.046314 0.322942
v 0.242954 0.044459 0.345415
v 0.223972 0.046280 0.319584
v 0.112234 0.047219 0.332282
v 0.149869 0.049522 0.298774
v 0.154449 0.045011 0.375751
v 0.159939 0.044937 0.375865
v 0.137883 0.046128 0.355423
v 0.160730 0.044909 0.380267
v 0.224643 0.043434 0.360704
v 0.188561 0.043892 0.375170
v 0.220848 0.046829 0.316716
v 0.207673 0.043244 0.367277
v 0.155066 0.045716 0.354715
v 0.008473 0.047382 0.399945
v 0.217230 0.042340 0.380927
v 0.212534 0.042644 0.375885
v 0.163974 0.045199 0.370150
v 0.206668 0.048124 0.313656
v 0.006863 0.046645 0.412360
v 0.011064 0.047804 0.391760
v 0.110132 0.043110 0.405114
v 0.108077 0.042707 0.382805
v 0.205716 0.048362 0.304236
v 0.109755 0.042653 0.390845
v 0.152861 0.045300 0.371885
v 0.103945 0.043020 0.384766
v 0.103570 0.042844 0.380134
v 0.156242 0.044929 0.380896
v 0.113979 0.042241 0.401294
v 0.117905 0.044311 0.375769
v 0.106132 0.042909 0.388392
v -0.312803 0.031306 -0.420202
v -0.356084 0.059288 0.006654
v -0.317086 0.032877 -0.396748
v -0.289076 0.033217 -0.369677
v -0.305381 0.030391 -0.432884
v -0.339599 0.032065 -0.405663
v -0.285584 0.033652 -0.392641
v -0.313729 0.033750 -0.381753
v -0.558613 0.054802 -0.012412
v -0.556426 0.055024 -0.015936
v -0.358101 0.058361 0.010222
vn 0.4242 0.3748 -0.8244
vn 0.9707 -0.0221 -0.2393
vn 0.9703 -0.0194 -0.2410
vn 0.9707 -0.0222 -0.2392
vn 0.9711 -0.0253 -0.2373
vn 0.2248 0.9628 0.1502
vn 0.3268 0.9292 0.1726
vn 0.5381 0.7484 0.3877
vn 0.0828 -0.9705 0.2266
vn 0.1972 -0.6013 0.7743
vn 0.1020 -0.9660 0.2377
vn 0.1711 0.3124 0.9344
vn 0.1676 0.3215 0.9319
vn 0.0613 -0.9971 0.0440
vn 0.2550 -0.6599 0.7068
vn 0.1480 0.3514 0.9244
vn -0.2193 0.4779 0.8506
vn 0.1564 0.7054 0.6913
vn -0.2113 0.8642 0.4566
vn 0.1157 0.9794 0.1656
vn 0.0322 0.9827 0.1822
vn -0.6215 0.2112 0.7544
vn -0.1136 0.1077 0.9877
vn -0.0930 0.9301 -0.3553
vn 0.0705 -0.9975 0.0038
vn -0.0056 -0.9926 -0.1211
vn -0.0406 -0.9722 -0.2305
vn 0.0524 -0.9946 0.0895
vn 0.0389 -0.9944 0.0980
vn -0.1804 -0.9564 -0.2295
vn -0.4484 -0.0276 -0.8934
vn -0.4600 0.3563 -0.8133
vn -0.3612 -0.5967 -0.7165
vn -0.3499 -0.5225 -0.7776
vn -0.4887 0.4170 -0.7663
vn -0.4301 0.6057 -0.6694
vn 0.0440 -0.9892 0.1396
vn -0.5844 0.1532 -0.7969
vn 0.3138 0.8979 0.3086
vn 0.1800 0.9732 0.1434
vn -0.0024 0.9928 0.1199
vn 0.2144 0.9742 0.0697
vn -0.5860 -0.7237 -0.3644
vn -0.3289 -0.9439 -0.0276
vn -0.3273 -0.9248 0.1939
vn -0.8571 -0.4107 -0.3110
vn -0.3484 -0.9268 0.1400
vn -0.5305 -0.3922 -0.7515
vn -0.3839 0.3424 -0.8576
vn -0.5845 -0.1641 -0.7946
vn -0.5724 0.2633 -0.7765
vn -0.6360 0.4932 -0.5935
vn -0.2758 0.6214 -0.7333
vn -0.2606 0.6204 -0.7397
vn -0.4448 0.3321 -0.8318
vn -0.0326 0.9300 -0.3661
vn -0.3599 0.4817 -0.7990
vn 0.3113 0.9497 0.0326
vn 0.8165 0.5272 -0.2353
vn 0.9065 0.4203 -0.0399
vn 0.9742 -0.0221 -0.2245
vn 0.3106 0.9478 -0.0727
vn 0.7502 0.5548 0.3598
vn 0.7083 0.6622 0.2447
vn 0.8979 0.3291 0.2924
vn 0.0500 0.9922 0.1142
vn 0.6930 0.6433 0.3255
vn 0.5226 0.7358 0.4306
vn 0.9780 0.0097 -0.2082
vn 0.9772 0.0026 -0.2122
vn 0.9743 -0.0237 -0.2241
vn 0.9412 0.3044 -0.1464
vn 0.9239 0.3822 -0.0191
vn -0.0505 -0.9727 0.2267
vn 0.0642 -0.8787 0.4731
vn 0.2792 -0.2757 0.9198
vn -0.1588 -0.9800 0.1202
vn 0.0123 -0.8178 0.5753
vn 0.3180 0.3808 0.8683
vn 0.2501 0.4061 0.8789
vn 0.3045 0.3516 0.8852
vn 0.2857 0.6951 0.6597
vn 0.2714 0.7061 0.6541
vn -0.1235 -0.9828 0.1371
vn 0.2276 0.8154 0.5323
vn -0.2468 -0.9544 -0.1678
vn 0.2602 0.6361 0.7264
vn -0.0592 -0.4750 0.8780
vn -0.3284 -0.8242 -0.4613
vn -0.4006 -0.1348 -0.9063
vn 0.2579 0.8914 0.3727
vn 0.0927 0.9939 0.0595
vn -0.0388 0.9844 -0.1714
vn -0.0681 0.9020 -0.4263
vn -0.1435 0.8633 -0.4839
vn 0.9599 -0.0351 -0.2780
vn 0.9603 -0.0367 -0.2766
vn 0.9616 -0.0477 -0.2702
vn 0.9598 0.1300 -0.2489
vn 0.7423 0.6426 -0.1901
vn 0.9653 0.0187 -0.2604
vn 0.4710 0.8715 -0.1365
vn 0.9266 0.2812 -0.2497
vn 0.2799 0.9436 -0.1771
vn 0.9628 -0.0435 -0.2666
vn 0.8758 0.4288 -0.2216
vn 0.9597 -0.0460 -0.2772
vn 0.9698 -0.0090 -0.2438
vn 0.2308 0.5837 0.7785
vn 0.2226 0.4145 0.8824
vn 0.1256 0.5457 0.8285
vn 0.1567 0.4589 0.8745
vn -0.0286 0.8099 0.5859
vn 0.2733 -0.3740 0.8862
vn 0.2740 -0.4148 0.8677
vn -0.2478 0.9454 -0.2115
vn -0.2028 0.9754 -0.0868
vn -0.2839 0.9174 -0.2790
vn -0.3029 0.8613 -0.4079
vn -0.3346 0.8481 -0.4108
vn -0.4612 0.5855 -0.6666
vn -0.1452 0.9808 -0.1304
vn 0.0171 0.9589 0.2832
vn -0.1488 0.9855 -0.0816
vn 0.1313 0.8094 0.5724
vn -0.1835 0.9788 0.0914
vn -0.0815 0.9491 0.3041
vn 0.0507 0.7521 0.6571
vn 0.2683 -0.0019 0.9633
vn 0.1252 -0.8208 0.5574
vn 0.2223 0.3179 0.9217
vn 0.1385 -0.9265 0.3498
vn -0.4358 0.6461 -0.6266
vn -0.5161 0.4388 -0.7356
vn -0.4021 0.6277 -0.6666
vn -0.4144 0.4007 -0.8171
vn -0.1065 0.9410 -0.3212
vn -0.2903 0.5533 -0.7807
vn -0.0539 0.0001 -0.9985
vn -0.3256 -0.0027 -0.9455
vn -0.2629 0.0026 -0.9648
vn -0.1178 0.0261 -0.9927
vn -0.2397 -0.0712 -0.9682
vn -0.1009 0.0179 -0.9947
vn -0.0356 0.0741 -0.9966
vn 0.3491 0.1077 -0.9309
vn 0.6322 0.5298 -0.5654
vn 0.4242 0.5934 -0.6841
vn 0.1101 -0.3762 -0.9200
vn 0.1092 -0.4604 -0.8810
vn -0.1671 -0.4177 -0.8931
vn 0.2657 -0.2259 -0.9372
vn -0.3333 -0.0396 -0.9420
vn -0.4589 -0.0122 -0.8884
vn -0.4311 -0.0637 -0.9000
vn -0.3570 0.0734 -0.9312
vn 0.3417 0.5367 -0.7715
vn -0.0950 0.3648 -0.9262
vn -0.0284 0.2390 -0.9706
vn 0.4032 0.0384 -0.9143
vn -0.4734 0.0166 -0.8807
vn -0.1993 -0.4192 -0.8858
vn -0.3720 -0.3235 -0.8701
vn -0.2731 -0.3223 -0.9064
vn -0.3017 -0.2359 -0.9238
vn 0.6606 0.1611 -0.7332
vn -0.2150 -0.0092 -0.9766
vn 0.1201 0.0177 -0.9926
vn -0.2774 -0.1182 -0.9535
vn 0.9668 -0.0191 -0.2547
vn 0.8864 0.0050 -0.4629
vn 0.7497 -0.0075 -0.6618
vn 0.8749 0.0082 -0.4842
vn 0.9640 -0.0049 -0.2660
vn 0.7657 0.0128 -0.6431
vn 0.0691 0.0072 -0.9976
vn 0.9515 -0.0147 -0.3073
vn -0.0013 0.0200 -0.9998
vn 0.9400 0.2090 -0.2698
vn -0.2305 0.1809 -0.9561
vn -0.2882 0.0251 -0.9572
vn -0.2390 -0.0244 -0.9707
vn -0.3927 -0.1939 -0.8990
vn 0.1120 0.0592 -0.9919
vn -0.2791 0.0005 -0.9603
vn -0.4518 -0.2569 -0.8543
vn -0.5734 -0.0930 -0.8140
vn -0.7407 0.2298 -0.6313
vn -0.4878 0.1020 -0.8670
vn -0.5267 -0.0597 -0.8479
vn -0.4698 -0.2369 -0.8504
vn -0.3508 -0.3452 -0.8705
vn -0.4034 -0.0184 -0.9149
vn -0.1834 -0.0317 -0.9825
vn -0.2628 0.0556 -0.9632
vn -0.5837 -0.0289 -0.8115
vn -0.6836 0.3915 -0.6160
vn -0.3966 0.1679 -0.9025
vn -0.6438 0.4922 -0.5859
vn -0.2785 0.4344 -0.8566
vn -0.7411 0.6209 -0.2554
vn -0.9126 0.3994 -0.0872
vn -0.6399 0.3421 -0.6881
vn -0.4670 0.2577 -0.8459
vn -0.9141 0.0355 -0.4040
vn -0.3664 -0.0493 -0.9292
vn -0.4597 -0.0530 -0.8865
vn -0.2641 0.0552 -0.9629
vn -0.2027 0.2656 -0.9425
vn -0.1985 0.5867 -0.7851
vn -0.2770 0.3378 -0.8995
vn -0.3252 -0.0844 -0.9419
vn -0.4666 0.0515 -0.8830
vn -0.8244 0.2930 -0.4843
vn -0.7998 -0.2903 -0.5255
vn -0.2206 -0.0712 -0.9727
vn -0.2402 -0.1163 -0.9637
vn -0.2318 -0.1663 -0.9584
vn -0.2515 0.6255 -0.7386
vn -0.2362 0.4458 -0.8634
vn -0.3704 -0.0023 -0.9289
vn -0.3408 -0.0454 -0.9390
vn -0.3594 0.0038 -0.9332
vn -0.9845 0.1387 0.1071
vn -0.9688 -0.1423 0.2030
vn -0.9387 -0.3245 0.1165
vn -0.7763 -0.1145 0.6199
vn -0.8077 -0.2588 0.5298
vn -0.8968 -0.0812 0.4350
vn -0.6379 -0.3107 0.7047
vn -0.9119 -0.3480 0.2177
vn -0.7795 -0.3636 0.5100
vn -0.6542 -0.2401 0.7172
vn -0.9392 -0.2977 -0.1714
vn -0.7029 -0.2932 0.6481
vn -0.8831 -0.4584 0.1004
vn -0.5482 -0.2800 0.7881
vn -0.9098 -0.3425 -0.2346
vn -0.3785 -0.0763 -0.9224
vn -0.5105 -0.0937 -0.8547
vn -0.5258 -0.0574 -0.8487
vn -0.8055 -0.3681 -0.4643
vn -0.8000 -0.2212 -0.5577
vn -0.8330 -0.5313 -0.1546
vn -0.3715 -0.1662 -0.9134
vn -0.4366 -0.1383 -0.8889
vn -0.5608 -0.1767 -0.8089
vn -0.7960 -0.6011 -0.0715
vn -0.5716 -0.1594 -0.8049
vn 0.1190 0.0165 0.9928
vn 0.1388 -0.3315 0.9332
vn 0.0368 0.2083 0.9774
vn 0.1555 -0.1751 0.9722
vn 0.2604 -0.8676 0.4235
vn 0.0644 0.2845 0.9565
vn 0.5418 -0.8284 -0.1419
vn 0.5667 -0.7160 -0.4076
vn 0.6048 -0.7348 -0.3072
vn 0.6006 -0.6209 -0.5038
vn 0.6968 -0.6223 -0.3566
vn 0.5203 -0.5040 -0.6894
vn 0.5984 -0.7914 -0.1250
vn 0.1136 -0.7412 0.6616
vn 0.0312 -0.9076 0.4186
vn -0.3634 -0.1783 0.9144
vn 0.2005 -0.7909 0.5782
vn 0.6910 -0.6942 -0.2015
vn 0.4958 -0.8206 -0.2844
vn 0.5710 -0.6632 -0.4839
vn -0.3375 -0.0072 0.9413
vn -0.5649 -0.3247 0.7585
vn -0.4496 -0.1269 0.8841
vn -0.7558 -0.4807 0.4447
vn 0.0339 0.0175 0.9993
vn -0.0389 -0.0714 0.9967
vn -0.2853 -0.0505 0.9571
vn -0.5537 -0.0990 0.8268
vn -0.5512 0.0665 0.8317
vn -0.4827 -0.0135 0.8757
vn -0.4058 -0.1493 0.9017
vn -0.5215 -0.2662 0.8106
vn -0.0563 -0.0473 0.9973
vn -0.1526 0.3203 0.9349
vn -0.2624 0.1977 0.9445
vn -0.1200 -0.1624 0.9794
vn -0.3200 -0.0684 0.9449
vn -0.2992 -0.2280 0.9265
vn -0.4032 0.0677 0.9126
vn -0.1908 0.0079 0.9816
vn 0.2412 -0.7899 0.5638
vn 0.2234 -0.6536 0.7231
vn 0.2538 -0.9464 -0.1999
vn 0.3603 -0.9295 0.0786
vn 0.3153 0.0371 -0.9483
vn 0.4424 -0.0596 -0.8948
vn 0.4146 -0.1594 -0.8959
vn 0.6227 -0.3620 -0.6936
vn 0.6206 -0.1049 -0.7771
vn 0.7081 -0.2438 -0.6627
vn 0.7336 -0.5450 -0.4059
vn 0.7064 -0.6722 -0.2215
vn 0.6793 -0.0828 -0.7292
vn -0.8534 -0.4850 0.1912
vn 0.4495 0.2583 -0.8551
vn 0.1751 0.4474 -0.8770
vn 0.2288 0.4747 -0.8499
vn -0.5426 0.7810 -0.3092
vn -0.4494 0.7690 -0.4547
vn -0.5442 0.7593 -0.3567
vn 0.5790 0.1863 -0.7938
vn 0.5794 0.1670 -0.7978
vn -0.9027 0.0977 0.4189
vn -0.9029 0.3851 0.1908
vn -0.8547 0.2498 0.4550
vn -0.7980 0.5932 -0.1064
vn -0.9092 0.3887 0.1496
vn -0.8608 0.3404 0.3783
vn -0.6129 0.6229 -0.4862
vn -0.6132 0.6187 -0.4912
vn -0.7504 0.5934 -0.2912
vn -0.2160 0.4686 -0.8566
vn 0.1091 0.3129 -0.9435
vn 0.1293 0.3064 -0.9431
vn -0.6657 0.7127 -0.2214
vn 0.2778 0.2413 -0.9298
vn 0.3920 0.1846 -0.9013
vn 0.4908 0.1305 -0.8614
vn -0.2033 0.6254 -0.7533
vn -0.3053 0.6162 -0.7260
vn -0.0877 0.6030 -0.7929
vn -0.3511 0.5912 -0.7261
vn -0.3690 0.5870 -0.7206
vn 0.3596 0.1443 -0.9219
vn 0.2613 0.2213 -0.9395
vn -0.7720 0.0855 0.6298
vn -0.7169 0.6510 -0.2494
vn -0.7328 0.6656 -0.1410
vn -0.5066 0.6858 -0.5225
vn -0.8550 0.5084 0.1026
vn -0.7732 0.6301 -0.0712
vn -0.2728 0.5389 -0.7970
vn -0.9490 0.2326 0.2129
vn -0.8503 0.5145 0.1110
vn -0.8154 0.5771 0.0448
vn -0.4958 0.7554 -0.4284
vn -0.3286 0.7124 -0.6200
vn -0.7450 0.0127 0.6670
vn -0.6140 -0.1321 0.7782
vn -0.0429 0.5700 -0.8205
vn -0.6723 0.7364 -0.0748
vn -0.4771 0.5782 -0.6619
vn -0.8881 0.4468 0.1083
vn -0.7770 0.6252 0.0733
vn -0.5453 0.3656 -0.7543
vn -0.4876 0.4039 -0.7740
vn -0.6094 0.6913 -0.3882
vn -0.8103 0.4519 -0.3731
vn -0.4629 0.6180 -0.6355
vn -0.5411 0.8361 -0.0906
vn -0.7413 0.6689 -0.0548
vn -0.4041 0.9127 -0.0603
vn -0.8514 0.5185 0.0799
vn -0.3984 0.0832 -0.9134
vn -0.5873 0.8088 0.0316
vn -0.4930 0.8369 -0.2377
vn -0.4667 0.8826 -0.0557
vn 0.2234 -0.1420 0.9643
vn 0.1997 -0.2794 0.9392
vn 0.1133 -0.2191 0.9691
vn 0.5013 -0.0723 0.8623
vn 0.4507 -0.0184 0.8925
vn 0.7782 -0.0711 0.6240
vn 0.4070 -0.2408 0.8811
vn 0.2043 -0.1398 0.9689
vn 0.6072 -0.2195 0.7636
vn 0.4966 0.0762 0.8646
vn 0.0432 0.1208 0.9917
vn 0.6790 -0.1966 0.7073
vn 0.0006 -0.7196 0.6944
vn 0.2306 -0.5755 0.7846
vn -0.1604 -0.6381 0.7531
vn 0.4123 -0.4727 0.7788
vn 0.5673 -0.4606 0.6827
vn 0.0794 -0.4493 0.8899
vn 0.7074 0.0713 0.7032
vn 0.6049 0.2417 0.7587
vn 0.3954 0.3393 0.8535
vn 0.6496 -0.1607 0.7431
vn 0.2134 -0.3490 0.9125
vn 0.2161 -0.2810 0.9351
vn -0.3856 0.2837 0.8780
vn -0.4245 0.3424 0.8382
vn 0.5371 0.1563 0.8289
vn 0.1346 -0.2642 0.9550
vn 0.0839 -0.0931 0.9921
vn 0.1481 -0.0810 0.9856
vn -0.1546 0.2185 0.9635
vn -0.2798 0.1877 0.9415
vn -0.3505 -0.1924 0.9166
vn 0.2841 -0.3091 0.9076
vn 0.4179 -0.0835 0.9047
vn 0.1185 -0.2839 0.9515
vn 0.1425 -0.3245 0.9351
vn 0.4786 0.0504 0.8766
vn -0.2157 -0.7256 0.6535
vn -0.1967 -0.4189 0.8865
vn 0.1574 -0.2497 0.9554
vn 0.1623 0.0519 0.9854
vn -0.2920 0.2689 0.9178
vn -0.3901 -0.5760 0.7184
vn -0.2896 -0.2183 0.9319
vn 0.3260 0.0585 0.9436
vn 0.1957 -0.0673 0.9784
vn -0.3506 -0.7223 0.5961
vn 0.2801 0.0283 0.9596
vn 0.2841 -0.0262 0.9584
vn 0.3297 -0.1011 0.9386
vn 0.2526 0.0928 0.9631
vn -0.4983 -0.7520 0.4315
vn 0.1508 0.1674 0.9743
vn 0.1707 0.1120 0.9789
vn 0.1688 0.1702 0.9709
vn 0.2401 0.0277 0.9704
vn 0.1650 0.1801 0.9697
vn 0.1345 0.0293 0.9905
vn 0.3769 -0.0820 0.9226
vn 0.3477 -0.1286 0.9288
vn 0.4632 -0.0381 0.8854
vn 0.5084 -0.0205 0.8609
vn 0.3789 -0.2076 0.9019
vn 0.1344 -0.0929 0.9866
vn 0.2254 -0.4051 0.8861
vn 0.2746 -0.4043 0.8724
vn 0.5074 -0.0140 0.8616
vn -0.4226 -0.7789 0.4633
vn -0.2662 0.1611 -0.9504
vn -0.0172 0.9282 -0.3717
vn -0.1649 0.7824 -0.6005
vn 0.0217 0.9537 -0.2999
vn -0.0223 0.4739 -0.8803
vn -0.1981 0.4030 -0.8935
vn -0.2733 0.2416 -0.9311
vn 0.1707 0.1826 -0.9683
vn -0.0236 0.9966 -0.0791
vn -0.1322 0.3584 -0.9242
vn -0.0685 0.3207 -0.9447
vn -0.4120 0.2207 -0.8840
vn -0.5066 0.5889 -0.6298
vn -0.1464 0.8391 -0.5239
vn -0.5330 0.5557 -0.6381
vn -0.4243 0.6934 -0.5824
vn 0.0172 0.9776 -0.2097
vn -0.0098 0.7204 -0.6935
vn -0.0787 0.8405 -0.5361
vn -0.2470 0.6656 -0.7042
vn -0.0224 0.3653 -0.9306
vn 0.0574 0.8410 -0.5380
vn -0.0633 0.8823 -0.4664
vn 0.0534 0.8829 -0.4665
vn -0.4640 0.2349 -0.8541
vn -0.3111 -0.0184 -0.9502
vn -0.2733 -0.2083 -0.9391
vn -0.5200 0.4548 -0.7230
vn -0.4459 0.2771 -0.8511
vn -0.4624 0.2677 -0.8453
vn -0.2596 -0.1563 -0.9530
vn 0.1555 -0.7787 -0.6078
vn -0.1428 -0.4038 -0.9036
vn -0.0761 -0.3363 -0.9387
vn -0.2479 -0.0138 -0.9687
vn 0.3474 -0.8307 -0.4351
vn 0.2276 -0.9413 -0.2495
vn 0.2626 -0.7072 -0.6565
vn -0.6163 0.6653 -0.4213
vn -0.0618 0.3813 0.9224
vn -0.3175 0.7491 0.5814
vn 0.0674 0.3156 0.9465
vn 0.0756 -0.8927 -0.4442
vn -0.0059 -0.7809 -0.6246
vn 0.0265 -0.3213 -0.9466
vn -0.4573 0.3814 -0.8034
vn -0.2309 0.1336 -0.9638
vn 0.0841 0.1967 0.9768
vn 0.1596 -0.9791 -0.1260
vn -0.2792 0.4656 0.8398
vn -0.0618 0.1970 0.9784
vn -0.1936 0.2912 0.9369
vn -0.6845 0.3747 0.6254
vn -0.6129 0.3796 0.6930
vn -0.4141 0.2090 0.8859
vn -0.2278 0.1903 0.9549
vn -0.4595 0.4715 0.7527
vn -0.1906 0.1253 0.9736
vn -0.5683 0.5893 -0.5742
vn -0.6641 0.6120 -0.4294
vn -0.7044 0.6859 -0.1826
vn -0.7753 0.6314 0.0151
vn -0.6651 0.6219 -0.4133
vn -0.5651 0.5542 -0.6112
vn -0.7169 0.6541 -0.2415
vn -0.7000 0.7110 -0.0666
vn -0.6881 0.6414 0.3392
vn -0.4712 0.5031 -0.7245
vn -0.5650 0.5990 -0.5675
vn -0.4151 0.5505 -0.7243
vn -0.3636 0.3897 -0.8461
vn -0.1527 0.2592 -0.9537
vn -0.2125 0.3168 -0.9244
vn -0.3182 0.3652 -0.8749
vn -0.4953 0.4498 -0.7432
vn -0.5574 0.4842 -0.6744
vn -0.0347 0.3305 -0.9432
vn 0.0663 0.0829 -0.9944
vn -0.6603 0.7047 0.2595
vn -0.5452 0.7010 -0.4598
vn -0.4082 0.4761 -0.7789
vn -0.5269 0.5898 0.6119
vn -0.4282 0.6533 -0.6243
vn -0.0810 0.1455 -0.9860
vn 0.1771 -0.1162 -0.9773
vn -0.7448 0.5215 0.4163
vn -0.7729 0.6104 0.1734
vn -0.7208 0.6910 0.0540
vn 0.2159 -0.0839 -0.9728
vn 0.1368 0.1512 -0.9790
vn -0.7199 0.6526 -0.2365
vn -0.2855 0.5339 -0.7959
vn -0.1162 0.4521 -0.8844
vn 0.0694 0.3593 -0.9306
vn 0.1682 -0.9767 -0.1336
vn 0.3066 -0.3050 -0.9017
vn 0.3687 -0.5788 -0.7274
vn -0.5920 0.5653 -0.5744
vn -0.7043 0.5919 -0.3919
vn -0.5626 0.8255 -0.0446
vn -0.5404 0.7233 -0.4299
vn -0.3659 0.9301 -0.0316
vn -0.4912 0.6717 0.5545
vn -0.6433 0.7449 -0.1771
vn -0.6005 0.7880 0.1358
vn -0.5695 0.7716 -0.2834
vn -0.4937 0.7251 -0.4801
vn 0.0244 0.1000 -0.9947
vn -0.0069 0.0155 -0.9999
vn 0.2195 -0.3224 -0.9208
vn -0.0506 -0.0762 -0.9958
vn -0.2388 0.0277 -0.9707
vn -0.2167 0.0418 -0.9753
vn -0.2000 0.0596 -0.9780
vn -0.4325 -0.0753 -0.8985
vn -0.3580 0.0453 -0.9326
vn -0.3242 0.0732 -0.9432
vn -0.2956 0.2606 -0.9191
vn -0.3513 0.0527 -0.9348
vn -0.4168 0.1339 -0.8991
vn -0.1589 0.1924 -0.9684
vn -0.2617 0.3519 -0.8987
vn -0.2282 0.1001 -0.9685
vn -0.5312 -0.4198 -0.7359
vn -0.6815 -0.5119 -0.5231
vn -0.4605 -0.3628 -0.8101
vn -0.4971 -0.4575 -0.7372
vn 0.1612 -0.6537 -0.7394
vn 0.0780 -0.4694 -0.8796
vn 0.5986 -0.6494 -0.4689
vn 0.2699 -0.8681 -0.4167
vn 0.6117 -0.7186 -0.3309
vn -0.3074 0.0964 -0.9467
vn -0.4876 -0.0125 -0.8730
vn -0.3755 0.0704 -0.9241
vn -0.1123 -0.1040 -0.9882
vn -0.1107 -0.0129 -0.9938
vn -0.1865 0.0089 -0.9824
vn -0.3654 0.0331 -0.9303
vn -0.1622 0.0738 -0.9840
vn -0.0705 -0.1275 -0.9893
vn -0.2303 -0.1671 -0.9587
vn -0.2519 -0.1200 -0.9603
vn -0.1568 -0.2979 -0.9416
vn -0.3578 0.4052 -0.8413
vn -0.2478 0.0122 -0.9687
vn -0.2739 -0.0085 -0.9617
vn -0.2746 -0.0596 -0.9597
vn -0.2305 0.0198 -0.9729
vn 0.5734 -0.4902 -0.6565
vn 0.4129 -0.6473 -0.6406
vn -0.2164 0.0664 -0.9740
vn -0.4081 -0.1610 -0.8986
vn 0.3441 -0.4052 -0.8470
vn 0.6406 -0.5289 -0.5567
vn 0.4109 -0.4698 -0.7813
vn 0.4507 -0.2625 -0.8532
vn -0.5903 -0.1540 -0.7924
vn -0.2901 0.0527 -0.9555
vn -0.0680 0.0727 -0.9950
vn 0.7662 -0.3000 -0.5682
vn 0.7425 -0.1313 -0.6569
vn 0.7924 -0.2822 -0.5408
vn -0.2468 0.0229 -0.9688
vn -0.2343 -0.0008 -0.9722
vn 0.7302 -0.5536 -0.4004
vn 0.7071 -0.6023 -0.3704
vn 0.7608 -0.4584 -0.4593
vn -0.2011 -0.0111 -0.9795
vn 0.6916 -0.5830 -0.4264
vn -0.2711 -0.3274 -0.9052
vn -0.2698 -0.2097 -0.9398
vn -0.2158 -0.3077 -0.9267
vn 0.1278 0.1319 -0.9830
vn 0.7427 -0.5092 -0.4350
vn 0.7652 -0.3578 -0.5352
vn -0.5237 -0.7689 -0.3667
vn -0.3462 -0.2610 -0.9011
vn -0.2663 -0.2364 -0.9344
vn -0.2272 -0.0282 -0.9734
vn -0.8748 -0.4801 -0.0646
vn -0.8237 -0.3963 -0.4056
vn 0.6124 -0.5313 -0.5854
vn -0.1662 0.0672 -0.9838
vn 0.2100 -0.1618 -0.9642
vn -0.0567 -0.2716 -0.9607
vn -0.0586 0.1496 -0.9870
vn -0.2982 -0.1853 -0.9364
vn -0.1971 -0.1599 -0.9673
vn -0.7772 -0.4692 -0.4193
vn -0.7854 -0.5691 -0.2434
vn -0.2270 0.0951 -0.9692
vn -0.4257 -0.0472 -0.9036
vn 0.0790 0.3910 -0.9170
vn -0.2263 -0.0173 -0.9739
vn -0.4069 0.4264 -0.8078
vn -0.2501 0.0543 -0.9667
vn 0.1417 0.4443 -0.8846
vn -0.2510 0.4849 -0.8378
vn -0.3572 -0.1542 -0.9212
vn 0.2485 0.2394 -0.9386
vn -0.0357 0.1360 -0.9901
vn -0.1958 0.1135 -0.9741
vn 0.7297 -0.3940 -0.5588
vn -0.2254 -0.0908 -0.9700
vn -0.2594 -0.0082 -0.9657
vn -0.1735 0.1270 -0.9766
vn -0.1898 0.0016 -0.9818
vn -0.2454 -0.0029 -0.9694
vn -0.2005 -0.0374 -0.9790
vn -0.2406 0.1284 -0.9621
vn -0.6219 -0.3439 -0.7036
vn -0.1186 -0.2134 -0.9697
vn 0.3454 -0.4809 -0.8059
vn -0.2833 0.1973 -0.9385
vn -0.1629 -0.6256 0.7630
vn 0.1604 -0.8157 0.5559
vn 0.1593 -0.6686 0.7264
vn 0.9522 0.3051 -0.0133
vn 0.9017 0.4320 0.0172
vn 0.8517 0.5239 -0.0070
vn -0.0965 -0.8801 0.4649
vn -0.4483 -0.6467 0.6171
vn -0.4360 -0.7744 0.4586
vn -0.7869 0.0583 0.6143
vn -0.8416 -0.1376 0.5223
vn -0.7722 -0.0388 0.6343
vn 0.4638 0.8510 0.2462
vn 0.6075 0.7620 0.2243
vn 0.4241 0.8691 0.2546
vn 0.7441 0.6581 0.1151
vn 0.4325 0.9008 0.0398
vn 0.5065 0.8621 -0.0149
vn 0.6691 0.7425 0.0326
vn 0.7592 0.6508 -0.0022
vn -0.4175 0.2603 0.8706
vn -0.5632 0.3413 0.7525
vn -0.6402 0.1299 0.7571
vn 0.8272 0.5145 0.2258
vn 0.6731 0.6469 0.3585
vn 0.8061 0.4774 0.3497
vn 0.9319 0.3406 0.1248
vn 0.9678 0.2387 0.0794
vn 0.8799 -0.4232 0.2161
vn 0.8907 -0.3025 0.3394
vn 0.9637 -0.1463 0.2234
vn 0.9465 0.0090 0.3227
vn 0.0949 -0.4059 0.9090
vn -0.5998 -0.2487 0.7605
vn -0.3923 -0.1190 0.9121
vn -0.0784 0.0051 0.9969
vn 0.7603 -0.1226 0.6379
vn 0.3816 -0.3781 0.8434
vn 0.5988 -0.5784 0.5540
vn 0.2442 -0.1174 0.9626
vn 0.0707 0.1915 0.9790
vn -0.7654 -0.3581 0.5346
vn 0.9645 0.2603 0.0457
vn 0.9921 -0.1166 -0.0461
vn 0.9960 -0.0835 0.0328
vn 0.9941 0.0961 -0.0503
vn -0.0810 -0.9071 0.4131
vn 0.4767 0.2858 0.8313
vn 0.7546 0.2497 0.6068
vn 0.7862 0.3662 0.4978
vn 0.9912 -0.1229 -0.0493
vn 0.9869 0.1506 -0.0583
vn 0.3142 -0.6551 0.6871
vn 0.1395 -0.8966 0.4204
vn 0.7868 0.6108 0.0889
vn 0.9023 0.4228 0.0841
vn 0.5129 0.0787 0.8548
vn 0.2761 0.7141 0.6432
vn 0.5646 0.5088 0.6498
vn 0.8733 0.4043 0.2719
vn 0.9014 0.2604 0.3458
vn 0.9986 -0.0364 0.0381
vn 0.7828 -0.5738 0.2406
vn 0.9919 0.0556 0.1140
vn 0.9949 0.0904 0.0458
vn 0.8734 -0.4745 0.1099
vn 0.9679 -0.2513 -0.0046
vn 0.8007 0.4832 0.3542
vn -0.4528 0.4082 0.7927
vn -0.5217 0.4370 0.7327
vn -0.2235 0.3582 0.9065
vn 0.1266 0.4321 0.8929
vn 0.9827 0.1231 0.1381
vn 0.9710 -0.2165 0.1011
vn 0.2879 0.9576 -0.0113
vn 0.6705 0.7419 0.0003
vn -0.4324 0.5273 0.7315
vn -0.2075 0.5491 0.8096
vn -0.8518 -0.2783 0.4438
vn -0.7867 -0.4423 0.4307
vn -0.0033 0.7899 0.6133
vn 0.2827 0.8641 0.4164
vn -0.1357 0.7613 0.6340
vn 0.3923 -0.7996 0.4547
vn 0.3610 0.8753 0.3217
vn 0.6541 0.7232 0.2218
vn 0.5933 0.8032 0.0528
vn -0.3317 0.6365 0.6963
vn 0.5275 0.8306 0.1783
vn 0.5169 0.8552 0.0389
vn 0.4063 0.8714 0.2749
vn -0.4282 0.5808 0.6923
vn 0.5031 -0.7691 0.3942
vn 0.9505 -0.0962 0.2956
vn 0.1070 -0.8706 0.4802
vn 0.5655 0.7856 0.2511
vn 0.4938 0.8278 0.2662
vn 0.4591 0.8716 0.1720
vn 0.9330 0.3137 0.1766
vn 0.1284 -0.8146 0.5657
vn 0.8135 0.5738 0.0943
vn 0.9050 0.4117 0.1072
vn 0.4688 0.8498 0.2409
vn 0.5546 -0.6462 0.5243
vn 0.9496 -0.0335 0.3117
vn 0.9425 0.0635 0.3281
vn 0.9811 -0.1475 0.1249
vn 0.2176 0.9760 -0.0105
vn 0.2741 0.9497 -0.1518
vn -0.0399 -0.0198 -0.9990
vn -0.3504 -0.1241 -0.9284
vn -0.0476 -0.0628 -0.9969
vn -0.0653 -0.4169 -0.9066
vn -0.1546 -0.5166 -0.8422
vn -0.0825 -0.6118 -0.7867
vn -0.0171 -0.4924 -0.8702
vn -0.2237 -0.5231 -0.8224
vn -0.1879 -0.1822 -0.9651
vn -0.1219 -0.1551 -0.9803
vn -0.1279 -0.2343 -0.9637
vn 0.1169 -0.3606 -0.9254
vn -0.9821 0.0015 -0.1884
vn -0.9950 -0.0850 -0.0522
vn -0.9993 -0.0351 0.0152
vn -0.3578 0.6347 -0.6850
vn -0.1851 0.8087 -0.5583
vn -0.1921 0.6525 -0.7330
vn -0.9511 -0.0391 -0.3063
vn -0.9201 -0.0100 -0.3916
vn -0.9279 -0.0487 -0.3695
vn -0.8083 0.0628 -0.5854
vn -0.8198 -0.0259 -0.5721
vn -0.8998 0.0342 -0.4350
vn -0.7384 0.0157 -0.6742
vn -0.8890 0.0317 -0.4569
vn -0.8313 0.0131 -0.5556
vn -0.9856 -0.1215 0.1172
vn -0.9156 -0.0425 -0.3997
vn -0.7538 -0.0246 -0.6567
vn -0.8423 -0.1185 -0.5258
vn -0.7996 -0.1909 -0.5693
vn -0.9069 -0.0921 -0.4111
vn -0.8195 -0.1777 -0.5448
vn -0.4249 -0.2488 -0.8704
vn -0.9828 -0.1533 0.1028
vn -0.9814 -0.1622 0.1025
vn -0.9880 -0.1496 -0.0386
vn -0.9542 -0.0258 -0.2981
vn -0.9663 -0.1668 0.1959
vn -0.9087 0.0078 -0.4174
vn -0.8222 0.0277 -0.5685
vn 0.0825 -0.5237 -0.8479
vn -0.1255 0.3461 -0.9298
vn -0.0276 0.3203 -0.9469
vn 0.0225 0.0786 -0.9967
vn -0.1460 -0.0346 -0.9887
vn -0.3022 -0.0342 -0.9526
vn -0.1734 -0.0140 -0.9848
vn -0.0125 -0.0253 -0.9996
vn -0.1144 0.0950 -0.9889
vn 0.0372 -0.3403 -0.9396
vn 0.1386 -0.2358 -0.9619
vn -0.1997 0.8616 -0.4665
vn -0.7434 0.3542 -0.5673
vn -0.8033 0.3579 -0.4760
vn -0.2646 -0.5841 -0.7674
vn -0.1423 -0.4546 -0.8793
vn 0.2306 -0.4184 -0.8785
vn -0.3916 -0.5625 -0.7281
vn 0.0777 -0.1295 -0.9885
vn -0.9366 0.0261 -0.3493
vn -0.4815 0.0409 -0.8755
vn -0.5794 0.0481 -0.8136
vn -0.2788 -0.0083 -0.9603
vn -0.1798 0.0283 -0.9833
vn -0.9590 -0.0051 -0.2834
vn -0.9766 -0.1082 -0.1857
vn -0.9765 -0.0923 -0.1947
vn -0.2611 0.2426 -0.9344
vn -0.0999 0.6118 -0.7847
vn -0.1713 0.8203 -0.5457
vn 0.2310 -0.1682 -0.9583
vn 0.3562 -0.2505 -0.9002
vn 0.4278 -0.1957 -0.8824
vn 0.2780 -0.0420 -0.9597
vn 0.4665 -0.0446 -0.8834
vn 0.4987 -0.1276 -0.8573
vn 0.3687 -0.0582 -0.9277
vn 0.4937 -0.1551 -0.8557
vn 0.1833 0.0767 -0.9801
vn 0.4940 -0.0626 -0.8672
vn 0.3976 0.0126 -0.9175
vn 0.4423 -0.0023 -0.8969
vn -0.0933 0.0393 -0.9949
vn 0.2879 0.0293 -0.9572
vn 0.1265 0.0283 -0.9916
vn 0.1013 -0.0142 -0.9948
vn 0.0007 0.1495 -0.9888
vn 0.4227 -0.0149 -0.9061
vn 0.3192 0.0129 -0.9476
vn -0.4224 -0.5032 -0.7539
vn -0.3742 -0.4634 -0.8032
vn -0.4818 -0.3470 -0.8046
vn -0.6595 -0.0780 -0.7476
vn -0.5851 -0.3747 -0.7192
vn -0.4327 -0.0122 -0.9014
vn -0.4890 -0.1399 -0.8610
vn -0.6383 -0.1932 -0.7452
vn -0.5770 -0.3844 -0.7206
vn -0.7150 -0.0845 -0.6940
vn -0.7016 -0.1706 -0.6918
vn 0.1434 -0.0165 -0.9895
vn 0.1841 0.0313 -0.9824
vn 0.1041 0.1560 -0.9823
vn 0.2430 0.0134 -0.9699
vn -0.8842 -0.1034 -0.4555
vn -0.5806 0.2663 -0.7694
vn -0.7040 -0.0801 -0.7056
vn -0.4326 0.1612 -0.8871
vn -0.2684 0.3888 -0.8813
vn -0.5704 -0.0614 -0.8191
vn -0.5746 -0.2278 -0.7861
vn -0.6802 -0.2408 -0.6924
vn -0.3649 0.4236 -0.8291
vn -0.4065 -0.0474 -0.9124
vn -0.6536 -0.1400 -0.7438
vn -0.6570 0.0878 -0.7488
vn -0.4763 0.7335 -0.4849
vn -0.4713 0.6123 -0.6347
vn -0.4926 0.0008 -0.8702
vn -0.4898 0.0588 -0.8699
vn -0.6159 0.0461 -0.7864
vn -0.7188 -0.2194 -0.6597
vn -0.6835 -0.2826 -0.6730
vn -0.1704 0.8922 -0.4183
vn -0.0732 0.8245 -0.5611
vn -0.5738 -0.0674 -0.8162
vn -0.7164 -0.2851 -0.6367
vn 0.1399 -0.0131 -0.9901
vn 0.1770 0.0380 -0.9835
vn -0.7120 0.0975 -0.6953
vn -0.6860 0.0536 -0.7256
vn 0.2282 0.0140 -0.9735
vn -0.6962 -0.1007 -0.7108
vn 0.9604 0.2712 -0.0636
vn 0.8881 0.4558 -0.0591
vn 0.7620 0.6420 0.0848
vn 0.7085 0.7052 -0.0266
vn 0.7229 0.6820 -0.1107
vn 0.6171 -0.3960 0.6799
vn 0.3233 -0.5808 0.7471
vn 0.4090 -0.3761 0.8314
vn 0.9241 0.2631 0.2770
vn 0.9532 0.2373 0.1874
vn 0.7651 0.5635 0.3116
vn 0.9385 -0.2644 0.2220
vn 0.7439 -0.5107 0.4311
vn 0.8264 -0.2811 0.4878
vn 0.7052 -0.5681 0.4242
vn 0.9017 -0.3197 0.2912
vn 0.8694 -0.3172 0.3788
vn 0.4754 -0.7087 0.5213
vn 0.4889 -0.6354 0.5977
vn 0.2773 -0.7305 0.6241
vn 0.2918 -0.7669 0.5715
vn 0.2294 -0.7649 0.6018
vn 0.9064 -0.2567 -0.3354
vn 0.9732 -0.1845 -0.1374
vn 0.8947 -0.0966 -0.4360
vn 0.9309 -0.2249 -0.2879
vn 0.8833 0.4574 -0.1029
vn 0.8707 0.0625 0.4878
vn 0.7491 -0.1163 0.6522
vn 0.8114 0.0205 0.5842
vn 0.6915 -0.0520 0.7205
vn 0.5000 -0.1950 0.8438
vn 0.9886 0.1302 0.0758
vn 0.9967 -0.0246 0.0775
vn 0.9764 0.0930 0.1951
vn 0.8330 0.4990 0.2390
vn 0.9746 0.1938 0.1120
vn 0.8403 0.4457 0.3087
vn 0.4176 0.8333 -0.3624
vn 0.7056 0.6345 -0.3153
vn 0.4276 0.6474 -0.6309
vn 0.8280 0.2471 -0.5034
vn 0.9779 -0.1806 0.1057
vn 0.9924 -0.1210 0.0225
vn 0.9661 -0.0899 0.2421
vn 0.8358 0.4853 0.2568
vn 0.9849 0.0611 0.1618
vn 0.9789 -0.1684 0.1158
vn 0.9839 -0.0769 0.1610
vn 0.9946 -0.1022 0.0165
vn 0.6917 0.4699 0.5484
vn 0.6896 0.5821 0.4309
vn 0.9177 -0.0048 0.3974
vn 0.9484 0.1802 0.2610
vn 0.8944 0.2306 0.3833
vn 0.6959 0.3529 -0.6255
vn 0.4942 0.4992 -0.7117
vn 0.5580 -0.6554 0.5090
vn 0.8978 0.1767 0.4034
vn 0.8660 0.0889 -0.4921
vn 0.8202 -0.1981 -0.5366
vn 0.7260 -0.1788 -0.6641
vn 0.8201 -0.2344 -0.5220
vn 0.8306 -0.0289 -0.5561
vn 0.8003 0.2499 -0.5451
vn 0.7633 0.1921 -0.6168
vn 0.8488 0.1105 -0.5170
vn 0.7600 -0.1995 -0.6185
vn 0.7248 0.0980 -0.6819
vn 0.9759 -0.2181 -0.0100
vn 0.9988 -0.0474 -0.0154
vn 0.1868 -0.7043 0.6849
vn 0.0423 -0.5409 0.8400
vn 0.1475 -0.5436 0.8263
vn 0.4611 0.4850 -0.7431
vn 0.4026 0.8983 0.1758
vn 0.3604 0.9246 -0.1231
vn 0.4937 0.8626 0.1108
vn 0.9483 0.2792 0.1507
vn 0.8966 0.4148 0.1552
vn 0.8933 0.2701 0.3593
vn 0.9820 -0.1885 0.0107
vn 0.9757 -0.1915 0.1067
vn 0.9987 0.0428 0.0293
vn 0.9023 0.4305 0.0239
vn 0.9264 0.3734 -0.0480
vn 0.7828 0.0132 0.6222
vn 0.8084 0.0571 0.5859
vn 0.8810 0.4186 0.2205
vn 0.9347 0.2316 0.2697
vn 0.7743 0.3547 0.5241
vn 0.9306 0.1008 -0.3518
vn 0.9983 -0.0575 -0.0106
vn 0.4013 0.8985 0.1781
vn 0.3497 0.9368 -0.0072
vn 0.8031 0.5465 0.2375
vn 0.9966 -0.0769 0.0303
vn 0.6841 0.5845 0.4364
vn 0.7556 0.4467 0.4790
vn 0.6813 0.2363 0.6928
vn 0.8227 0.1052 0.5586
vn 0.8245 0.5628 0.0581
vn 0.9810 -0.1539 0.1178
vn 0.2592 0.6833 -0.6826
vn 0.1977 0.7625 -0.6160
vn 0.7717 0.1810 0.6096
vn 0.7386 0.0738 0.6701
vn 0.9986 -0.0486 -0.0199
vn 0.9728 -0.2031 0.1118
vn 0.7289 0.4359 0.5279
vn 0.9206 0.3871 -0.0512
vn 0.7906 0.6079 -0.0731
vn 0.7115 0.6886 0.1397
vn 0.6005 0.7835 -0.1601
vn 0.6852 -0.0256 0.7279
vn 0.4844 0.7491 -0.4519
vn 0.6476 -0.1237 -0.7519
vn 0.4818 -0.1304 0.8665
vn -0.0010 -0.1758 0.9844
vn 0.0401 -0.2804 0.9590
vn 0.0419 -0.3225 0.9456
vn 0.2643 -0.1894 0.9457
vn 0.2027 -0.3373 0.9193
vn 0.0623 -0.4300 0.9007
vn 0.0754 -0.2044 0.9760
vn 0.1821 -0.1712 0.9683
vn 0.0346 -0.4150 0.9092
vn 0.7411 0.5749 -0.3469
vn 0.8456 0.4542 -0.2806
vn 0.1145 -0.3256 0.9386
vn 0.0672 -0.2072 0.9760
vn 0.7412 0.4356 0.5107
vn 0.3997 0.6671 -0.6286
vn -0.0151 -0.3785 0.9255
vn 0.7662 0.1018 0.6345
vn 0.0275 -0.1525 0.9879
vn 0.6226 0.7670 0.1552
vn 0.0635 -0.0987 0.9931
vn 0.9741 -0.2076 -0.0893
vn 0.9771 0.1307 0.1677
vn 0.9385 0.0245 0.3445
vn 0.8082 0.0102 0.5888
vn 0.9930 -0.0012 0.1185
vn 0.1353 -0.1587 0.9780
vn 0.9663 0.0089 0.2572
vn 0.1390 -0.0865 0.9865
vn 0.2244 -0.1630 0.9608
vn 0.1090 -0.0000 0.9940
vn -0.7013 -0.1788 -0.6900
vn -0.8709 -0.1900 -0.4531
vn -0.6711 -0.2536 -0.6967
vn -0.8042 -0.1488 -0.5755
vn -0.8378 -0.1822 -0.5146
vn -0.8483 -0.1493 -0.5080
vn -0.8678 -0.0691 -0.4920
vn -0.8087 0.0180 -0.5880
vn -0.8221 -0.0206 -0.5690
vn -0.8107 -0.2266 -0.5398
vn -0.8189 -0.1303 -0.5590
vn -0.8558 -0.0886 -0.5097
vn -0.0259 0.6096 0.7923
vn 0.0995 0.6677 0.7377
vn -0.0051 0.3467 0.9380
vn -0.2169 0.2129 0.9527
vn -0.2039 0.0175 0.9788
vn -0.1465 0.2505 0.9570
vn -0.2425 0.0591 0.9684
vn -0.8861 -0.0902 -0.4546
vn -0.7922 -0.2078 -0.5738
vn 0.0293 0.7626 0.6462
vn -0.7047 -0.0628 -0.7068
vn -0.8492 -0.1088 -0.5168
vn -0.0396 0.4851 0.8735
vn 0.1379 0.7267 0.6730
vn -0.0171 0.6305 0.7760
vn -0.3387 0.3218 0.8842
vn -0.2641 0.0398 0.9637
vn -0.2583 -0.0257 0.9657
vn -0.1431 0.0017 0.9897
vn -0.8176 -0.4302 0.3827
vn -0.4853 -0.2904 0.8247
vn -0.7254 -0.6800 0.1068
vn -0.8475 -0.4915 -0.2003
vn -0.4699 -0.0379 -0.8819
vn -0.6014 -0.0327 -0.7983
vn -0.5741 -0.1161 -0.8105
vn -0.4458 -0.0640 -0.8928
vn -0.5071 -0.0547 -0.8601
vn -0.9680 -0.1737 -0.1809
vn -0.8721 -0.1956 -0.4485
vn -0.4198 -0.0263 -0.9072
vn -0.4705 0.0439 -0.8813
vn -0.3874 0.0507 -0.9205
vn -0.2793 -0.0623 -0.9582
vn -0.5179 -0.0104 -0.8554
vn -0.7759 0.0666 0.6273
vn -0.9163 0.0472 -0.3977
vn -0.9492 0.2885 -0.1259
vn -0.3888 0.0463 -0.9202
vn -0.3588 0.1401 -0.9228
vn -0.7737 0.5543 0.3069
vn -0.3573 -0.0029 -0.9340
vn -0.2659 0.7492 0.6066
vn -0.4779 0.8022 0.3580
vn -0.3263 0.9186 0.2229
vn -0.1384 0.5034 0.8529
vn -0.2746 -0.0522 -0.9602
vn -0.7852 -0.5884 -0.1932
vn -0.6881 0.7211 0.0801
vn -0.9074 0.3751 -0.1896
vn -0.9130 0.0833 -0.3993
vn -0.1169 0.8484 0.5163
vn -0.2827 0.9272 0.2456
vn -0.8970 0.4364 0.0700
vn -0.3406 0.0810 -0.9367
vn -0.2404 -0.0820 -0.9672
vn -0.3571 0.5591 0.7483
vn -0.4981 0.7243 0.4768
vn -0.2519 0.8657 0.4325
vn -0.4395 0.7459 0.5004
vn -0.2480 -0.0806 -0.9654
vn -0.4725 0.5247 0.7081
vn -0.4236 0.5129 0.7466
vn -0.2796 0.3715 0.8853
vn -0.2030 0.5210 0.8291
vn -0.2140 0.7542 0.6208
vn -0.4430 0.4641 0.7670
vn -0.3302 0.3872 0.8609
vn -0.5172 0.3806 0.7666
vn -0.1670 0.5022 0.8485
vn -0.7467 -0.0230 -0.6648
vn -0.6813 0.1255 -0.7212
vn -0.4148 0.1044 -0.9039
vn -0.2229 0.2302 -0.9473
vn -0.1197 0.5154 -0.8486
vn -0.4479 0.1814 0.8755
vn -0.4823 0.0935 0.8710
vn -0.4934 0.1704 0.8529
vn -0.2349 0.1467 0.9609
vn -0.4449 0.0581 0.8937
vn -0.4870 0.0736 0.8703
vn 0.0120 0.1731 -0.9848
vn 0.1228 0.5213 -0.8445
vn -0.2274 -0.0428 -0.9729
vn -0.2464 -0.0912 -0.9649
vn -0.5448 0.1450 0.8259
vn -0.6571 0.1466 0.7394
vn -0.3977 0.2207 0.8906
vn -0.9965 -0.0468 -0.0698
vn -0.9734 0.2280 0.0204
vn -0.8732 -0.0830 -0.4802
vn -0.7825 -0.2144 -0.5846
vn -0.8099 -0.1486 -0.5674
vn -0.9811 -0.0080 -0.1931
vn -0.9959 -0.0024 0.0903
vn -0.4288 0.2125 0.8781
vn -0.2132 0.3415 0.9154
vn -0.6451 0.3196 0.6941
vn -0.4262 0.1074 0.8982
vn -0.1686 0.3882 0.9060
vn -0.4698 0.0864 0.8785
vn -0.3307 0.1628 0.9296
vn -0.5160 0.2903 0.8059
vn -0.6213 0.2258 0.7503
vn -0.9449 0.3275 0.0005
vn -0.8158 0.3968 0.4207
vn -0.4037 0.3159 0.8586
vn -0.5106 0.2823 0.8121
vn -0.3630 0.0632 0.9296
vn -0.3982 0.0165 0.9172
vn -0.8968 0.1662 0.4099
vn -0.8467 0.3014 -0.4384
vn -0.2471 -0.0080 0.9690
vn 0.0219 -0.0741 0.9970
vn -0.7603 -0.0271 -0.6490
vn -0.8370 -0.0361 -0.5460
vn -0.7898 -0.1180 -0.6019
vn -0.9456 0.1241 0.3007
vn -0.2678 -0.0118 0.9634
vn -0.3717 0.2129 -0.9036
vn -0.3909 0.3375 -0.8564
vn -0.4036 0.1083 -0.9085
vn -0.5579 -0.1618 -0.8140
vn -0.5702 0.1117 -0.8139
vn -0.7476 0.5781 -0.3269
vn -0.8176 0.5730 -0.0564
vn -0.5496 0.5149 -0.6579
vn -0.5372 0.4160 -0.7337
vn -0.7806 0.3929 -0.4860
vn -0.4823 0.1093 0.8692
vn -0.9245 0.0177 -0.3808
vn -0.8804 0.4664 -0.0864
vn -0.5238 0.2362 0.8184
vn -0.8423 0.5311 0.0922
vn -0.8903 0.3545 0.2859
vn -0.8265 -0.3337 -0.4534
vn -0.8259 0.2158 0.5209
vn -0.7556 0.1394 0.6400
vn -0.9283 0.0440 -0.3693
vn -0.9680 0.2499 -0.0211
vn -0.9711 0.1900 0.1443
vn 0.2827 -0.1515 0.9472
vn 0.1357 0.0031 0.9908
vn 0.1041 -0.1446 0.9840
vn -0.7637 0.3212 0.5600
vn -0.8113 0.4286 0.3975
vn -0.8163 0.4747 0.3291
vn -0.7259 0.3530 0.5902
vn -0.7298 0.4337 0.5284
vn -0.5846 0.4540 0.6724
vn -0.7463 0.5150 0.4218
vn -0.8356 0.5161 0.1884
vn -0.8436 0.4799 0.2411
vn -0.7692 -0.2286 -0.5967
vn -0.8403 -0.0725 -0.5372
vn -0.8399 0.5189 0.1589
vn 0.8504 0.2116 0.4817
vn 0.7481 0.4049 0.5257
vn 0.8665 0.2775 0.4149
vn 0.9808 0.0614 -0.1849
vn 0.9726 0.1713 -0.1572
vn 0.9764 0.1143 -0.1831
vn 0.8082 0.2799 0.5181
vn 0.8809 0.1678 0.4425
vn 0.8131 0.2054 0.5447
vn 0.8145 0.0685 0.5761
vn 0.7008 0.1690 -0.6930
vn 0.9012 0.0985 -0.4221
vn 0.9221 0.0844 -0.3776
vn 0.9973 -0.0712 0.0172
vn 0.9915 -0.1191 -0.0526
vn 0.9941 -0.0581 -0.0915
vn 0.8489 -0.1127 -0.5164
vn 0.6258 -0.0114 -0.7799
vn 0.8564 -0.0038 -0.5162
vn 0.5722 0.0325 -0.8195
vn 0.7009 0.0758 -0.7092
vn 0.1860 0.5244 -0.8309
vn 0.3203 0.4591 -0.8286
vn 0.1203 0.6383 -0.7603
vn -0.1442 0.9730 0.1800
vn -0.1243 0.9816 0.1450
vn -0.1393 0.9869 -0.0815
vn 0.0986 0.6608 -0.7441
vn 0.1308 0.7076 -0.6944
vn 0.7693 0.0725 -0.6348
vn 0.0171 0.8329 -0.5532
vn -0.0072 0.8395 -0.5433
vn -0.0321 0.8474 -0.5300
vn 0.4082 0.2222 -0.8854
vn 0.3540 0.1050 -0.9293
vn 0.3013 0.2483 -0.9206
vn 0.3649 0.0235 -0.9308
vn 0.4077 0.0461 -0.9120
vn 0.5150 0.0160 -0.8570
vn 0.2849 0.1371 -0.9487
vn 0.5376 0.0928 -0.8381
vn 0.4702 0.6650 0.5803
vn 0.6859 0.5889 0.4275
vn -0.1361 0.9302 -0.3410
vn -0.1549 0.9348 -0.3196
vn -0.1712 0.9173 -0.3595
vn 0.4240 0.1147 -0.8984
vn 0.3593 0.3532 -0.8638
vn 0.4839 0.2306 -0.8442
vn 0.9920 -0.1246 -0.0206
vn 0.9880 -0.1546 -0.0066
vn 0.9836 -0.1601 -0.0833
vn 0.0082 0.9983 -0.0570
vn -0.0674 0.9804 -0.1854
vn 0.8782 0.4543 -0.1499
vn 0.7648 0.3919 -0.5114
vn 0.2960 0.9074 -0.2982
vn -0.1800 0.8889 -0.4213
vn -0.1209 0.8626 -0.4912
vn -0.1487 0.8730 -0.4645
vn 0.9714 -0.0545 -0.2312
vn 0.7740 0.4949 0.3949
vn 0.7482 -0.1556 -0.6450
vn 0.6327 -0.0866 -0.7696
vn 0.3374 0.0481 -0.9401
vn 0.9553 -0.0007 0.2957
vn 0.9381 -0.0108 0.3463
vn 0.9535 -0.0218 0.3006
vn 0.5800 0.4913 0.6498
vn 0.8963 -0.0783 0.4365
vn 0.8685 -0.0255 0.4950
vn 0.9123 -0.0172 0.4090
vn 0.6789 0.1336 -0.7220
vn 0.9022 0.1422 0.4072
vn 0.9220 0.0900 0.3767
vn 0.9503 0.0902 0.2979
vn 0.8933 0.1861 0.4091
vn 0.9215 0.0743 0.3812
vn 0.6242 0.6863 0.3732
vn 0.9231 0.0909 -0.3737
vn 0.8341 0.1127 -0.5400
vn -0.1241 0.8886 -0.4417
vn -0.0850 0.8776 -0.4718
vn 0.3093 0.5449 -0.7793
vn 0.1941 0.6131 -0.7658
vn 0.1597 0.6917 -0.7043
vn 0.1175 0.9589 -0.2583
vn 0.2023 0.9581 -0.2030
vn 0.1512 0.9083 -0.3899
vn 0.4758 0.5784 -0.6626
vn 0.0337 0.8050 -0.5923
vn 0.9355 -0.0080 0.3533
vn 0.9782 0.0531 -0.2007
vn 0.9801 0.0953 -0.1743
vn -0.1827 0.8995 -0.3969
vn 0.9746 -0.1466 -0.1694
vn 0.9936 0.0750 0.0845
vn 0.9418 0.0447 0.3332
vn 0.7848 0.2429 0.5702
vn 0.9958 -0.0883 -0.0260
vn 0.9878 -0.0839 0.1314
vn 0.9607 -0.0280 0.2761
vn -0.0066 0.7913 -0.6114
vn 0.1462 0.7384 -0.6583
vn 0.2527 0.5783 -0.7757
vn 0.9865 -0.0595 0.1527
vn -0.0938 0.8032 -0.5883
vn 0.0828 0.7134 -0.6958
vn 0.9971 0.0015 -0.0767
vn 0.9987 0.0370 0.0360
vn 0.3974 0.3926 -0.8294
vn 0.4900 0.3687 -0.7899
vn 0.0847 0.7292 -0.6791
vn 0.8727 0.2395 0.4254
vn 0.9786 0.0032 -0.2058
vn 0.9963 0.0833 -0.0193
vn 0.4442 0.8957 -0.0195
vn 0.0288 0.9785 -0.2044
vn 0.0056 0.9040 -0.4276
vn -0.0433 0.7510 -0.6589
vn 0.1723 0.5084 -0.8437
vn 0.0648 0.6860 -0.7247
vn 0.1500 0.8698 -0.4701
vn 0.2341 0.9715 0.0358
vn 0.7495 0.4827 0.4530
vn 0.8324 0.4033 0.3801
vn 0.0624 0.6586 -0.7499
vn -0.0097 0.7927 -0.6095
vn 0.3127 0.3992 -0.8619
vn -0.1741 0.8784 -0.4452
vn 0.8834 -0.0891 0.4600
vn 0.8784 0.0966 0.4680
vn -0.1397 0.9415 0.3066
vn 0.0216 0.9079 0.4187
vn -0.0669 0.9106 0.4078
vn 0.5883 -0.1148 -0.8005
vn 0.5556 -0.0465 -0.8301
vn 0.9891 0.0588 0.1349
vn 0.2283 0.8289 0.5107
vn 0.9907 0.0173 -0.1348
vn 0.9913 0.0711 0.1110
vn 0.9902 0.0511 -0.1300
vn 0.9822 0.0836 -0.1685
vn 0.7858 0.0111 0.6184
vn 0.9851 0.1197 -0.1235
vn 0.4654 0.8060 0.3657
vn 0.3243 0.7679 0.5525
vn 0.6476 0.5490 0.5284
vn 0.9910 0.0433 0.1265
vn 0.9049 0.2015 0.3750
vn -0.0340 0.8207 -0.5703
vn 0.9838 0.0818 -0.1595
vn 0.8454 0.4872 0.2188
vn -0.1550 0.8883 -0.4323
vn 0.2721 0.8868 0.3736
vn 0.9855 0.0739 -0.1525
vn 0.9334 -0.1843 -0.3078
vn 0.0426 0.9861 0.1604
vn -0.1151 0.9697 0.2155
vn 0.2398 0.3320 -0.9123
vn 0.9389 -0.1404 0.3143
vn 0.8934 -0.1623 0.4190
vn 0.9321 -0.1145 0.3437
vn 0.4756 0.8391 0.2641
vn 0.9307 0.0416 0.3634
vn 0.7500 0.2556 0.6100
vn 0.7903 0.3052 0.5313
vn 0.9239 0.1839 0.3354
vn 0.0821 0.7746 -0.6271
vn 0.1388 0.4997 -0.8550
vn -0.3725 0.9130 0.1665
vn -0.2585 0.9660 -0.0008
vn -0.1848 0.9559 0.2281
vn 0.1893 0.9659 0.1766
vn 0.0882 0.9923 0.0872
vn 0.0638 0.9964 -0.0564
vn -0.8290 0.4040 -0.3867
vn -0.5177 0.7068 -0.4820
vn -0.8298 0.4229 -0.3640
vn 0.1704 0.9229 0.3453
vn 0.2296 0.8836 0.4081
vn 0.0178 0.9115 0.4108
vn -0.2931 0.8236 -0.4855
vn -0.3636 0.7657 -0.5306
vn -0.3220 0.8067 -0.4955
vn -0.2831 0.9176 -0.2789
vn -0.1807 0.8727 -0.4536
vn 0.0100 0.7383 0.6744
vn -0.9981 0.0441 0.0419
vn -0.9992 0.0105 0.0378
vn -0.9709 0.0158 0.2390
vn -0.3866 0.9092 0.1544
vn -0.5152 0.8469 0.1312
vn -0.5507 0.7863 0.2802
vn -0.2512 0.9338 0.2546
vn -0.4141 0.6372 0.6500
vn -0.1109 0.8721 0.4766
vn 0.2219 0.9391 0.2624
vn 0.2390 0.9440 0.2275
vn 0.0887 0.9826 0.1631
vn -0.0055 0.9611 -0.2763
vn 0.0512 0.9676 -0.2473
vn -0.1919 0.9737 -0.1230
vn -0.2842 0.9530 -0.1045
vn -0.1670 0.8538 -0.4932
vn -0.0197 0.9205 -0.3902
vn -0.0453 0.9224 -0.3837
vn -0.8244 0.1020 0.5568
vn -0.9150 0.0531 0.3998
vn -0.9363 0.1327 0.3251
vn -0.6019 -0.1054 0.7916
vn -0.6990 -0.1171 0.7055
vn -0.6477 0.0683 0.7588
vn -0.2641 0.6204 0.7385
vn -0.1802 0.5708 0.8011
vn 0.0804 0.8171 0.5709
vn -0.7065 0.4565 0.5407
vn -0.9912 0.0632 -0.1164
vn -0.9535 0.1816 -0.2405
vn -0.9640 0.1136 -0.2405
vn -0.9799 0.0358 -0.1964
vn -0.9945 0.0424 -0.0955
vn -0.9713 0.0285 -0.2362
vn -0.1652 0.9070 -0.3873
vn -0.1733 0.8643 -0.4721
vn -0.1513 0.8814 -0.4474
vn -0.0703 0.9923 0.1018
vn -0.7033 0.5116 -0.4937
vn -0.4491 0.6971 -0.5589
vn -0.1236 0.9011 -0.4156
vn -0.9380 -0.0022 0.3465
vn 0.0216 0.9906 0.1352
vn -0.0038 0.9965 0.0841
vn -0.2914 0.7965 -0.5298
vn -0.0642 0.9394 -0.3367
vn -0.1271 0.8870 -0.4439
vn -0.0976 0.8948 -0.4356
vn -0.9616 0.0175 -0.2739
vn -0.9922 0.1027 -0.0712
vn -0.9033 0.2919 -0.3143
vn -0.5048 0.6500 -0.5680
vn -0.9866 0.1014 0.1275
vn 0.2676 0.9128 0.3086
vn -0.1119 0.9901 -0.0850
vn 0.1546 0.9866 0.0523
vn -0.3160 0.5014 0.8055
vn -0.2155 0.7570 0.6169
vn -0.1980 0.8336 -0.5156
vn -0.1683 0.8896 -0.4247
vn -0.1762 0.8976 -0.4040
vn -0.1603 0.8938 -0.4188
vn -0.1058 0.9882 -0.1110
vn -0.1770 0.9295 -0.3236
vn -0.0724 0.9864 -0.1478
vn -0.1321 0.9347 -0.3301
vn -0.1153 0.8829 -0.4552
vn -0.6234 0.0079 0.7819
vn -0.6843 0.0245 0.7288
vn -0.6814 0.0068 0.7318
vn -0.7406 0.6619 0.1157
vn -0.2142 0.9114 -0.3514
vn -0.1818 0.9167 -0.3558
vn -0.2762 0.8812 -0.3837
vn -0.1010 0.9895 -0.1035
vn 0.0286 0.9749 -0.2208
vn -0.7135 0.0652 0.6976
vn -0.5543 -0.0877 0.8277
vn -0.9489 -0.0022 -0.3157
vn -0.0069 0.9816 -0.1911
vn -0.0512 0.9612 0.2710
vn -0.1009 0.9945 -0.0270
vn -0.9968 0.0794 -0.0008
vn -0.0375 0.9848 -0.1694
vn 0.0014 0.9996 -0.0282
vn -0.5037 0.2470 0.8278
vn -0.5001 0.4479 0.7411
vn -0.2113 0.8796 -0.4261
vn 0.1646 0.9830 -0.0811
vn 0.1009 0.9641 0.2457
vn -0.7127 0.1845 0.6767
vn -0.4024 0.8634 0.3043
vn 0.1320 0.9520 0.2760
vn 0.0848 0.9810 0.1747
vn -0.1627 0.9030 -0.3976
vn -0.9756 0.1375 0.1712
vn -0.2524 0.8864 0.3881
vn 0.0365 0.9951 -0.0923
vn 0.0631 0.9964 0.0561
vn -0.2429 0.8095 -0.5345
vn -0.2417 0.8723 -0.4250
vn -0.1065 0.9864 -0.1253
vn -0.0892 0.9916 -0.0942
vn -0.1212 0.9345 -0.3346
vn 0.1105 0.9730 -0.2025
vn 0.1070 0.9851 -0.1349
vn -0.7993 0.0141 0.6008
vn -0.1220 0.9497 -0.2884
vn -0.7323 0.5850 -0.3486
vn 0.0782 0.9841 0.1592
vn 0.0988 0.9609 0.2587
vn 0.0426 0.9811 0.1885
vn -0.5567 0.6880 0.4656
vn -0.4707 0.7410 -0.4789
vn -0.6975 0.5693 -0.4352
vn -0.3763 0.8139 -0.4427
vn -0.5473 0.7292 0.4107
vn -0.0081 0.9576 0.2881
vn 0.0707 0.9773 0.1998
vn -0.0222 0.9438 0.3298
vn -0.8796 0.1458 0.4529
vn -0.0729 0.8194 0.5686
vn -0.3565 0.8479 -0.3923
vn -0.8979 0.0598 0.4361
vn -0.9571 0.0588 0.2838
vn -0.4201 0.6319 0.6513
vn -0.8034 0.0760 0.5905
vn -0.7356 0.1397 0.6628
vn -0.8198 -0.1068 0.5626
vn 0.0735 0.9916 0.1065
vn -0.0198 0.9926 -0.1199
vn 0.0841 0.9735 0.2126
vn -0.9428 0.1422 -0.3014
vn -0.5209 0.2255 0.8233
vn -0.8664 -0.0133 0.4991
vn -0.0263 0.9593 0.2811
vn -0.4407 0.8047 -0.3977
vn 0.2179 0.9442 0.2469
vn 0.2202 0.9246 0.3110
vn -0.7647 -0.1979 0.6132
vn -0.6376 -0.2319 0.7346
vn -0.8539 -0.1472 0.4991
vn 0.0956 0.9665 0.2382
vn -0.7527 0.0107 0.6583
vn -0.8261 0.0089 0.5634
vn 0.2003 0.9442 0.2616
vn -0.1916 0.9061 -0.3772
vn -0.2033 0.8646 -0.4594
vn -0.0252 0.9867 0.1604
vn -0.4290 0.7403 0.5176
vn 0.0351 0.9943 0.1008
vn -0.1484 0.8426 -0.5178
vn -0.2992 0.8531 -0.4275
vn -0.5769 0.3444 0.7406
vn -0.6385 0.4781 0.6031
vn -0.2282 0.8806 -0.4152
vn -0.8751 -0.0896 0.4757
vn -0.7050 0.2374 0.6683
vn -0.7149 0.2841 0.6388
vn 0.1325 0.9805 0.1453
vn 0.1994 0.9382 0.2829
vn -0.1776 0.9183 -0.3539
vn -0.6416 0.3428 0.6862
vn 0.0745 0.9537 0.2915
vn -0.1312 0.8887 -0.4393
vn -0.1507 0.9130 -0.3790
vn -0.9772 0.2089 -0.0386
vn 0.1184 0.9662 0.2292
vn -0.5789 0.1219 0.8062
vn -0.2020 0.9062 -0.3716
vn -0.5163 -0.2098 0.8303
vn -0.1845 0.8880 -0.4213
vn 0.4171 0.8464 0.3309
vn -0.6351 0.5070 0.5828
vn -0.5769 0.4430 0.6862
vn -0.4869 0.6979 0.5252
vn -0.5431 0.5947 0.5928
vn -0.8103 -0.4148 0.4140
vn -0.7016 -0.6488 0.2946
vn -0.4497 -0.8504 0.2731
vn -0.6044 -0.6342 0.4822
vn -0.4372 -0.5926 0.6765
vn -0.4008 -0.5508 0.7321
vn 0.4892 0.8721 0.0133
vn 0.4169 0.8037 0.4246
vn 0.2090 0.9321 0.2957
vn 0.2032 0.6401 0.7410
vn 0.3390 0.3940 0.8543
vn -0.0023 0.2769 0.9609
vn 0.0392 -0.0561 0.9977
vn 0.0819 0.8333 0.5466
vn 0.5944 0.7969 -0.1079
vn 0.3243 0.9253 0.1968
vn -0.3049 0.6325 0.7121
vn -0.1527 -0.0176 0.9881
vn -0.4725 -0.8174 0.3294
vn -0.7850 -0.5190 0.3384
vn 0.6881 0.6848 0.2399
vn -0.4846 0.4353 0.7588
vn -0.0680 0.8805 0.4692
vn -0.6302 -0.1016 0.7698
vn -0.6839 0.0974 0.7230
vn -0.4751 -0.0475 0.8786
vn -0.3155 -0.2893 0.9037
vn -0.7073 -0.0370 0.7060
vn -0.1884 -0.0801 0.9788
vn 0.4657 0.1342 0.8747
vn -0.6005 -0.3687 0.7096
vn -0.5971 -0.4279 0.6785
vn -0.7262 -0.4143 0.5487
vn -0.5952 -0.2865 0.7508
vn -0.6885 -0.1373 0.7121
vn -0.1035 -0.0420 0.9937
vn -0.6874 -0.0394 0.7252
vn -0.5321 -0.4526 0.7156
vn -0.3870 -0.4638 0.7970
vn -0.7583 -0.4536 0.4682
vn -0.8257 -0.4186 0.3782
vn -0.3969 -0.3017 0.8669
vn -0.1346 0.4986 0.8563
vn -0.6296 0.1746 0.7570
vn -0.6769 0.0597 0.7337
vn -0.6987 -0.0736 0.7116
vn -0.4469 -0.2325 0.8638
vn -0.3085 -0.2982 0.9033
vn -0.4040 -0.4455 0.7990
vn 0.1801 -0.2705 0.9457
vn 0.0761 -0.2777 0.9577
vn 0.1095 -0.2072 0.9722
vn -0.0643 -0.5827 0.8101
vn -0.1934 -0.5325 0.8240
vn -0.0256 -0.3974 0.9173
vn -0.0326 -0.1693 0.9850
vn -0.1066 -0.0687 0.9919
vn 0.1118 -0.2989 0.9477
vn 0.1922 -0.2808 0.9403
vn -0.1112 -0.3550 0.9282
vn -0.2861 -0.6643 0.6905
vn -0.1207 -0.6996 0.7043
vn -0.2277 -0.0199 0.9735
vn -0.2564 -0.1302 0.9578
vn -0.1462 -0.1978 0.9693
vn 0.2138 -0.2520 0.9438
vn -0.9946 0.0216 0.1016
vn -0.9674 -0.0799 0.2401
vn -0.9409 0.0041 0.3386
vn -0.9088 -0.1064 0.4034
vn -0.9808 0.0612 0.1854
vn -0.9949 0.0464 -0.0891
vn -0.9848 0.0378 -0.1696
vn -0.8474 -0.1798 0.4996
vn -0.7747 -0.1146 0.6219
vn -0.9658 0.0489 -0.2547
vn -0.8968 0.0872 0.4338
vn -0.9338 -0.1868 0.3052
vn 0.3862 0.9118 -0.1392
vn 0.5194 0.7980 -0.3057
vn 0.6597 0.7143 -0.2336
vn 0.7329 0.6802 -0.0124
vn 0.7644 0.6043 0.2249
vn 0.1041 -0.2711 0.9569
vn 0.5902 0.2704 0.7606
vn -0.0652 -0.5152 0.8546
vn -0.1275 -0.7295 0.6720
vn -0.1742 -0.5437 0.8210
vn 0.2753 0.4567 0.8459
vn 0.4261 -0.4428 0.7889
vn 0.1626 -0.5219 0.8373
vn 0.2141 -0.3162 0.9242
vn -0.0030 -0.3006 0.9537
vn -0.1103 -0.1949 0.9746
vn -0.3743 -0.7550 0.5383
vn -0.0438 -0.3801 0.9239
vn 0.1716 0.9544 -0.2443
vn 0.0232 0.9883 0.1509
vn -0.0819 0.9887 -0.1258
vn -0.3229 0.6452 0.6924
vn 0.5355 0.8412 -0.0747
vn -0.0670 0.8335 0.5484
vn 0.0459 0.9661 0.2539
vn 0.2404 0.8949 -0.3760
vn -0.1128 0.9373 -0.3296
vn 0.2599 0.8714 -0.4160
vn -0.3485 0.9330 -0.0902
vn 0.1066 0.9928 -0.0547
vn 0.2306 0.9194 0.3185
vn 0.3776 0.8783 0.2933
vn -0.2021 0.9272 0.3153
vn 0.7428 0.4913 0.4548
vn 0.6546 0.6894 0.3103
vn 0.7561 0.5120 0.4078
vn 0.7431 0.5773 0.3384
vn 0.2356 0.6691 0.7049
vn 0.7445 0.4575 0.4862
vn -0.6434 0.6967 0.3172
vn 0.8030 0.5025 0.3205
vn 0.5840 0.6664 0.4635
vn 0.7856 0.5672 0.2472
vn 0.8600 0.4787 0.1769
vn 0.7696 0.4824 0.4183
vn 0.6892 0.5310 0.4930
vn 0.4437 0.7468 0.4954
vn -0.2997 -0.8753 0.3795
vn 0.6302 0.7196 0.2917
vn 0.5235 0.7640 0.3771
vn 0.7363 0.5723 0.3611
vn 0.7570 0.2546 0.6017
vn 0.7781 0.5154 0.3591
vn 0.8082 0.3517 0.4724
vn 0.8476 0.4674 0.2512
vn 0.7519 0.5819 0.3100
vn 0.7126 0.6349 0.2985
vn -0.0939 0.1375 0.9860
vn 0.9078 0.3127 0.2795
vn 0.9363 0.1631 0.3109
vn 0.8849 0.0282 0.4650
vn 0.6302 0.6302 0.4536
vn 0.7607 0.5950 0.2593
vn -0.3798 -0.5785 0.7219
vn -0.1702 -0.7127 0.6805
vn -0.2198 -0.4970 0.8394
vn 0.4868 -0.5426 0.6845
vn 0.1557 -0.7186 0.6778
vn 0.2169 -0.7289 0.6493
vn -0.0445 -0.7239 0.6884
vn -0.4215 -0.5912 0.6876
vn -0.4795 -0.5973 0.6430
vn 0.6760 0.4417 0.5898
vn 0.7513 0.2656 0.6042
vn 0.7912 0.2585 0.5542
vn 0.6613 0.3328 0.6722
vn 0.5799 0.4867 0.6534
vn 0.0006 -0.7006 0.7136
vn 0.1463 -0.3669 0.9187
vn 0.2339 0.9472 0.2193
vn 0.4604 -0.4022 0.7913
vn 0.5031 0.2479 0.8279
vn 0.7284 0.0266 0.6846
vn 0.2596 0.6725 0.6930
vn 0.0176 0.1572 0.9874
vn -0.3500 0.2598 0.9000
vn -0.1193 0.6304 0.7671
vn -0.0278 -0.7135 0.7001
vn 0.0110 -0.7382 0.6745
vn -0.4850 -0.0296 0.8740
vn -0.6180 0.2365 0.7497
vn 0.7795 -0.0390 0.6252
vn -0.2307 0.0211 0.9728
vn 0.8452 -0.0102 0.5344
vn -0.5840 -0.2218 0.7809
vn 0.8169 0.2444 0.5225
vn -0.6218 0.0269 0.7827
vn -0.7005 -0.0695 0.7103
vn -0.6577 0.0477 0.7518
vn -0.6765 0.0907 0.7309
vn -0.5777 0.0253 0.8158
vn -0.4420 -0.0330 0.8964
vn -0.6915 0.2756 0.6678
vn -0.6375 0.1878 0.7472
vn -0.7300 0.0941 0.6770
vn -0.6890 0.2994 0.6600
vn -0.2783 0.5496 0.7877
vn -0.3778 0.5801 0.7216
vn -0.7703 -0.0268 0.6372
vn -0.4542 -0.2969 0.8400
vn -0.5213 0.1295 0.8435
vn -0.3746 0.0275 0.9268
vn -0.4138 0.0742 0.9073
vn -0.7379 -0.0712 0.6711
vn -0.7652 -0.1570 0.6244
vn -0.8030 -0.0594 0.5930
vn -0.6729 0.2385 0.7002
vn -0.6375 0.1623 0.7532
vn -0.6893 -0.0301 0.7239
vn -0.7493 0.1277 0.6498
vn -0.8003 0.0484 0.5976
vn -0.3180 -0.1086 0.9419
vn -0.3903 0.0647 0.9184
vn -0.4844 0.3035 0.8205
vn -0.5349 0.1646 0.8288
vn -0.2457 0.1789 0.9527
vn 0.7108 -0.1613 0.6847
vn 0.6502 0.6177 0.4424
vn 0.7811 0.2938 0.5510
vn 0.8316 0.3136 0.4583
vn -0.6299 -0.3892 0.6721
vn -0.6188 -0.3976 0.6776
vn -0.7208 -0.0989 0.6860
vn -0.5829 0.7992 -0.1466
vn -0.6187 0.7854 -0.0161
vn -0.5390 0.2226 0.8123
vn -0.1284 0.9893 0.0695
vn -0.4700 0.8722 0.1355
vn -0.2383 -0.3489 0.9064
vn -0.7151 0.3294 0.6165
vn -0.6305 0.6291 0.4546
vn 0.0681 -0.0684 0.9953
vn -0.5447 0.0416 0.8376
vn -0.4425 0.8425 -0.3073
vn -0.3630 0.8769 -0.3151
vn 0.1203 0.7870 0.6051
vn -0.1194 -0.3545 0.9274
vn -0.3027 0.5542 0.7754
vn -0.4522 0.6307 0.6307
vn -0.0345 0.7423 0.6692
vn -0.6061 0.4406 0.6622
vn -0.5047 -0.2195 -0.8350
vn -0.2991 -0.2613 -0.9177
vn -0.4571 -0.1754 -0.8720
vn -0.1000 0.4860 0.8682
vn 0.1448 0.4939 0.8574
vn -0.0559 0.5475 0.8349
vn 0.0616 0.5973 0.7997
vn -0.0558 0.2578 0.9646
vn 0.0053 0.0867 0.9962
vn -0.2148 0.1604 0.9634
vn 0.4374 0.6685 0.6015
vn 0.3047 0.6150 0.7273
vn 0.3522 0.7177 0.6007
vn -0.2360 0.4172 0.8777
vn -0.2163 0.6559 0.7232
vn -0.0179 0.3787 0.9254
vn -0.5101 0.5177 0.6869
vn 0.1052 -0.1083 0.9885
vn 0.1321 -0.2618 0.9561
vn -0.0390 -0.3091 0.9502
vn 0.0970 0.2776 0.9558
vn 0.1894 0.8967 0.4000
vn 0.2311 0.7210 0.6532
vn 0.2988 0.7187 0.6279
vn -0.7438 -0.1451 -0.6525
vn -0.7321 -0.0854 -0.6758
vn 0.2551 0.2387 0.9370
vn 0.2015 0.3764 0.9043
vn 0.2233 0.4116 0.8836
vn 0.1999 0.7654 0.6117
vn -0.1322 -0.0755 0.9883
vn 0.2181 0.5194 0.8263
vn -0.0547 0.5812 0.8119
vn 0.1507 0.5490 0.8221
vn 0.2722 0.3447 0.8984
vn 0.2619 0.4042 0.8764
vn 0.3050 0.4526 0.8379
vn 0.1632 0.0929 0.9822
vn 0.3119 0.6058 0.7320
vn 0.3729 0.3984 0.8380
vn 0.2082 0.5190 0.8290
vn -0.3910 0.4192 0.8194
vn -0.9402 -0.0757 -0.3320
vn -0.8844 -0.0978 -0.4564
vn -0.7269 0.0272 -0.6862
vn -0.3208 0.0148 -0.9470
vn -0.9043 -0.0128 -0.4267
vn -0.9771 -0.1731 -0.1237
vn -0.9857 -0.0636 -0.1562
vn -0.6872 -0.0001 -0.7265
vn -0.9358 -0.2121 -0.2817
vn -0.3959 0.0564 -0.9165
vn -0.2055 0.1438 -0.9680
vn -0.2031 0.0512 -0.9778
vn -0.1442 0.1095 -0.9835
vn -0.4463 -0.4887 0.7496
vn -0.5138 -0.6463 0.5642
vn -0.6830 -0.5051 0.5276
vn -0.8620 -0.1056 -0.4958
vn -0.8802 -0.2189 -0.4211
vn -0.2537 0.0408 -0.9664
vn -0.1399 -0.1467 -0.9792
vn -0.2274 -0.1849 -0.9561
vn -0.0757 -0.1148 -0.9905
vn -0.8339 -0.0685 -0.5477
vn 0.3030 0.3848 0.8719
vn 0.3256 0.5456 0.7723
vn 0.0312 0.9207 -0.3890
vn -0.0464 0.3847 -0.9219
vn 0.0016 0.4499 -0.8931
vn -0.1421 0.0821 -0.9864
vn -0.1089 0.0561 -0.9925
vn 0.1343 0.7332 -0.6666
vn -0.0228 0.9907 -0.1343
vn -0.7527 0.3822 0.5360
vn -0.7050 0.5719 0.4194
vn 0.3314 0.7811 0.5293
vn -0.5287 0.5513 0.6454
vn 0.4670 0.6785 0.5670
vn -0.7596 0.4216 0.4953
vn 0.1334 0.8411 0.5242
vn 0.5846 0.2582 0.7692
vn 0.5799 0.4114 0.7032
vn 0.5547 0.1356 0.8209
vn -0.9948 -0.0953 0.0350
vn -0.9727 -0.2216 0.0682
vn -0.1989 0.3012 -0.9326
vn -0.2253 0.5321 -0.8162
vn -0.4649 0.3433 -0.8161
vn -0.8547 0.3699 0.3642
vn -0.8356 0.3225 0.4447
vn -0.3444 0.1264 -0.9303
vn -0.7746 0.1889 -0.6036
vn 0.0310 0.0879 -0.9956
vn -0.1725 0.0808 -0.9817
vn 0.5320 0.4648 0.7078
vn -0.9037 0.3239 0.2798
vn -0.9432 0.2378 0.2320
vn -0.8992 0.3871 0.2039
vn -0.8925 0.3199 -0.3179
vn -0.9904 0.1377 -0.0093
vn -0.6939 -0.0704 -0.7166
vn -0.9381 0.2031 0.2807
vn -0.9775 0.1093 0.1805
vn -0.9688 0.2420 0.0544
vn -0.9470 0.2809 0.1559
vn -0.2787 0.0574 -0.9587
vn -0.7224 0.0683 -0.6881
vn -0.8662 0.2083 0.4543
vn -0.8803 0.0810 -0.4675
vn -0.4628 0.1029 -0.8805
vn -0.9466 0.0988 0.3068
vn -0.9971 0.0603 0.0471
vn -0.2738 0.0924 -0.9573
vn -0.0474 0.4280 -0.9025
vn -0.4605 0.0567 -0.8858
vn -0.7548 0.6085 0.2450
vn -0.9872 0.0427 -0.1535
vn -0.9951 0.0057 0.0983
vn -0.7904 0.0906 -0.6058
vn -0.9510 -0.0184 0.3087
vn -0.9850 0.0038 -0.1723
vn -0.9837 -0.0564 0.1709
vn -0.9394 -0.3314 -0.0879
vn -0.9493 -0.1630 0.2689
vn -0.8647 -0.3877 -0.3194
vn -0.7356 -0.6534 0.1787
vn -0.8695 -0.4723 0.1445
vn -0.2016 0.2708 -0.9413
vn -0.9286 -0.3565 0.1028
vn -0.8437 -0.5137 -0.1555
vn -0.7707 -0.6061 -0.1965
vn -0.6784 -0.7283 0.0969
vn 0.2844 0.2229 0.9324
vn -0.7993 -0.4237 -0.4261
vn -0.1837 0.0183 -0.9828
vn -0.1355 0.2305 -0.9636
vn 0.4840 0.1786 0.8567
vn -0.5697 0.2741 0.7748
vn -0.0948 0.2392 -0.9663
vn -0.0304 0.2775 -0.9602
vn -0.0194 0.6261 -0.7795
vn 0.0735 0.5366 -0.8406
vn 0.0469 0.7796 -0.6245
vn 0.1611 0.7931 -0.5874
vn -0.0077 0.3197 -0.9475
vn 0.1058 0.7237 -0.6819
vn -0.1157 0.1084 -0.9874
vn -0.1112 0.0443 -0.9928
vn -0.1032 0.0747 -0.9919
vn -0.3419 -0.5104 0.7891
vn -0.2837 -0.0129 -0.9588
vn -0.1799 0.1013 -0.9784
vn 0.0464 0.6910 -0.7214
vn -0.1467 0.0831 -0.9857
vn -0.4647 -0.4159 0.7817
vn -0.1282 -0.4402 0.8887
vn -0.2287 0.2420 -0.9429
vn -0.2956 0.0308 -0.9548
vn -0.1728 0.0694 -0.9825
vn 0.5054 0.1017 0.8569
vn 0.2883 0.0126 0.9575
vn -0.4682 -0.8177 0.3348
vn -0.5198 0.0103 0.8542
vn -0.8480 0.0548 0.5271
vn -0.1838 0.0754 -0.9801
vn -0.9275 -0.3118 0.2062
vn -0.8045 -0.3348 0.4906
vn -0.8435 -0.1259 0.5221
vn -0.4752 -0.2340 0.8482
vn -0.1440 0.0792 -0.9864
vn -0.0858 0.0661 -0.9941
vn -0.2372 0.1951 -0.9517
vn 0.1042 0.9424 0.3178
vn -0.8714 -0.4048 0.2772
vn -0.0857 0.0886 -0.9924
vn 0.9955 -0.0528 -0.0782
vn 0.9868 0.1471 0.0680
vn 0.9312 -0.0420 -0.3620
vn 0.6241 0.1522 0.7664
vn 0.8016 0.3938 0.4498
vn 0.8425 0.0284 0.5380
vn 0.4454 0.0906 0.8907
vn 0.5426 0.0401 0.8390
vn 0.4596 0.1552 0.8745
vn 0.8528 0.1565 0.4982
vn 0.9313 0.3010 0.2053
vn 0.9458 0.2758 0.1715
vn 0.4744 0.1448 0.8683
vn 0.4238 0.0540 0.9042
vn 0.9781 0.1086 -0.1777
vn 0.9443 0.2690 -0.1894
vn 0.9803 0.1634 -0.1110
vn 0.5472 0.5258 0.6512
vn 0.9916 -0.1295 0.0006
vn 0.9165 0.3842 -0.1117
vn 0.9380 0.3315 -0.1015
vn 0.9512 0.2912 0.1021
vn 0.9735 -0.0899 0.2103
vn 0.4328 0.9014 -0.0081
vn 0.7063 0.7068 0.0412
vn 0.4975 0.7970 0.3425
vn 0.8205 0.5307 -0.2125
vn 0.8996 0.3305 -0.2854
vn 0.8616 0.3239 -0.3907
vn 0.7693 0.1150 0.6285
vn 0.3914 0.5783 0.7158
vn 0.3280 0.6201 0.7126
vn 0.6479 0.6914 -0.3198
vn 0.6270 0.7366 -0.2535
vn 0.5876 0.7939 -0.1561
vn 0.5398 -0.1615 0.8261
vn 0.4172 -0.3154 0.8523
vn 0.7458 0.4903 -0.4511
vn 0.9640 0.1611 0.2117
vn -0.6558 0.7548 -0.0136
vn -0.6830 0.6654 -0.3013
vn -0.5820 0.6275 -0.5172
vn 0.7795 -0.0293 0.6257
vn 0.8304 0.0406 0.5557
vn 0.7345 0.0312 0.6779
vn 0.4625 0.0244 0.8863
vn 0.4178 0.3032 0.8565
vn 0.3755 -0.0810 0.9233
vn 0.4252 0.0316 0.9046
vn 0.9813 0.0557 0.1844
vn -0.6603 0.6730 0.3332
vn -0.9442 0.2754 0.1809
vn 0.7726 0.5147 -0.3717
vn 0.7988 0.2209 -0.5596
vn 0.9530 0.2965 -0.0619
vn -0.2989 0.8517 -0.4304
vn -0.4199 0.4493 -0.7885
vn -0.3353 0.5375 -0.7737
vn 0.9868 0.1104 -0.1187
vn -0.4437 0.4377 -0.7820
vn -0.6412 0.3604 -0.6775
vn 0.4437 0.0858 0.8921
vn 0.3996 0.0719 0.9139
vn 0.7259 0.4020 0.5581
vn 0.8215 0.2258 -0.5236
vn 0.9734 0.1341 -0.1857
vn 0.5119 0.6894 0.5125
vn 0.6876 0.1798 0.7034
vn 0.5671 -0.0393 0.8227
vn 0.9738 -0.2257 0.0265
vn 0.6299 0.0793 0.7726
vn -0.6539 0.5324 -0.5376
vn 0.5091 -0.0555 0.8589
vn 0.3444 0.0528 0.9373
vn 0.3724 -0.2031 0.9056
vn 0.5336 -0.5082 0.6760
vn 0.9315 0.3082 -0.1930
vn 0.9200 0.2469 0.3043
vn 0.8682 0.1094 0.4840
vn 0.9226 0.3780 0.0776
vn 0.8952 0.4225 -0.1417
vn 0.1156 0.5137 -0.8502
vn 0.4586 0.7876 -0.4116
vn 0.2066 0.8613 -0.4641
vn 0.5900 0.6763 -0.4410
vn 0.6561 0.5637 -0.5018
vn 0.7646 0.4478 -0.4636
vn 0.7505 0.3341 -0.5702
vn 0.6045 0.5525 -0.5739
vn 0.5928 0.5501 -0.5882
vn -0.5747 0.7709 0.2744
vn -0.2399 0.9555 -0.1718
vn -0.3814 0.8426 -0.3802
vn 0.4579 0.5820 -0.6720
vn 0.3438 0.8145 -0.4674
vn -0.1729 0.0170 -0.9848
vn -0.1345 0.0684 -0.9885
vn -0.1723 0.0546 -0.9835
vn -0.1548 0.9098 -0.3850
vn -0.0541 0.9521 -0.3011
vn -0.5864 0.6464 0.4882
vn 0.2546 0.8137 -0.5225
vn 0.1212 0.8207 -0.5584
vn -0.2068 0.0301 -0.9779
vn -0.1853 0.0337 -0.9821
vn -0.1901 0.0722 -0.9791
vn 0.5733 0.7334 -0.3653
vn -0.8558 0.3240 0.4032
vn -0.9373 -0.0944 0.3356
vn -0.7018 0.7050 -0.1022
vn -0.1954 0.2103 -0.9579
vn -0.1671 0.7207 -0.6728
vn -0.2047 0.0533 -0.9774
vn -0.1958 0.0375 -0.9799
vn -0.2314 -0.0058 -0.9728
vn -0.2592 0.0137 -0.9657
vn -0.2383 0.0509 -0.9699
vn -0.2200 0.0127 -0.9754
vn -0.2181 0.0422 -0.9750
vn -0.1779 0.0415 -0.9832
vn -0.2221 0.0337 -0.9744
vn 0.2010 0.6740 -0.7109
vn 0.1222 0.9324 -0.3400
vn 0.2620 0.8651 -0.4278
vn -0.7205 0.6581 -0.2185
vn 0.1571 0.3002 -0.9409
vn -0.7261 0.6065 -0.3240
vn 0.6772 0.3177 -0.6636
vn 0.5397 0.3269 -0.7758
vn -0.1188 0.0107 -0.9929
vn -0.1076 0.0009 -0.9942
vn -0.1782 -0.0237 -0.9837
vn -0.2376 -0.2774 -0.9309
vn -0.1755 -0.2897 -0.9409
vn -0.1995 -0.0758 -0.9770
vn -0.2002 -0.0637 -0.9777
vn -0.1861 -0.2234 -0.9568
vn -0.1915 -0.0678 -0.9792
vn -0.2575 0.1022 -0.9609
vn -0.3132 0.0757 -0.9467
vn 0.0781 0.9727 -0.2186
vn 0.0071 0.9795 -0.2012
vn -0.0795 0.9825 -0.1684
vn -0.1852 -0.1896 -0.9642
vn -0.0882 0.8787 -0.4691
vn 0.0226 0.8452 -0.5339
vn 0.0182 0.8527 -0.5220
vn -0.1297 0.0792 -0.9884
vn -0.1404 0.2344 -0.9619
vn 0.0682 0.6839 -0.7264
vn -0.2000 0.0751 -0.9769
vn -0.2655 0.0116 -0.9640
vn -0.2324 0.0193 -0.9724
vn 0.1524 0.9439 -0.2930
vn -0.4617 0.6378 0.6165
vn -0.5190 0.7279 0.4482
vn -0.6182 0.6945 0.3680
vn -0.2104 0.0095 -0.9776
vn -0.2316 -0.0063 -0.9728
vn -0.2089 0.0386 -0.9772
vn -0.2407 -0.0100 -0.9705
vn -0.1834 0.0089 -0.9830
vn -0.2153 -0.0051 -0.9765
vn -0.2340 0.0360 -0.9716
vn -0.2075 -0.0012 -0.9782
vn -0.1863 -0.0081 -0.9825
vn -0.2409 0.0124 -0.9705
vn -0.2377 0.0614 -0.9694
vn -0.2266 0.0081 -0.9739
vn -0.7394 0.6612 0.1266
vn -0.2020 0.0317 -0.9789
vn -0.1808 0.0083 -0.9835
vn -0.8135 0.5384 -0.2197
vn -0.1587 0.0131 -0.9872
vn -0.2289 0.0427 -0.9725
vn -0.2117 0.7465 -0.6309
vn -0.6723 0.5192 -0.5277
vn -0.0744 0.7929 -0.6048
vn -0.2084 -0.0189 -0.9779
vn 0.7582 0.0115 0.6519
vn 0.7725 -0.0387 0.6338
vn 0.2828 0.5303 -0.7993
vn -0.1719 0.0095 -0.9851
vn -0.2101 -0.0159 -0.9775
vn -0.2627 -0.0532 -0.9634
vn -0.1041 -0.0214 -0.9943
vn 0.8254 0.1480 0.5448
vn 0.8411 0.0487 0.5387
vn 0.7979 0.0621 0.5995
vn -0.8801 -0.0252 0.4741
vn -0.9335 -0.1779 0.3113
vn -0.0665 0.9971 -0.0374
vn 0.8264 -0.0086 0.5629
vn -0.2042 -0.0167 -0.9788
vn -0.2124 0.0058 -0.9772
vn 0.0339 0.0951 -0.9949
vn -0.1690 -0.0029 -0.9856
vn 0.8197 0.0608 0.5696
vn -0.1936 0.0212 -0.9809
vn -0.2242 -0.0011 -0.9745
vn 0.3316 0.3569 0.8733
vn 0.8818 0.2560 0.3961
vn 0.4134 0.5606 0.7175
vn -0.0216 0.9438 -0.3299
vn 0.6405 0.4618 -0.6137
vn -0.1904 0.8614 -0.4709
vn -0.2444 0.0406 -0.9688
vn -0.2100 -0.0046 -0.9777
vn -0.3921 -0.0023 -0.9199
vn -0.1901 -0.0404 -0.9809
vn -0.4048 0.0013 -0.9144
vn -0.1953 -0.0097 -0.9807
vn -0.3775 0.0102 -0.9260
vn -0.2400 -0.0839 -0.9671
vn -0.2598 -0.4431 -0.8580
vn -0.2249 -0.0736 -0.9716
vn 0.4816 -0.8264 -0.2918
vn 0.2523 -0.9637 -0.0872
vn 0.4553 -0.6233 -0.6358
vn 0.1366 -0.1630 0.9771
vn 0.1740 -0.1898 0.9663
vn 0.1196 -0.2865 0.9506
vn 0.9900 -0.0273 0.1387
vn 0.6976 -0.0193 0.7162
vn 0.7833 0.1836 0.5939
vn -0.2232 -0.0258 -0.9744
vn -0.4067 0.0345 -0.9129
vn 0.5729 0.3226 0.7535
vn 0.8614 0.1041 0.4972
vn -0.3091 0.0952 -0.9463
vn -0.4361 0.1396 -0.8890
vn 0.1825 0.5091 0.8411
vn 0.8597 0.4055 0.3105
vn 0.9847 0.1690 0.0417
vn 0.6321 0.6322 0.4481
vn 0.7832 -0.3332 0.5249
vn 0.5285 -0.2632 0.8071
vn 0.9498 -0.2189 0.2233
vn 0.2277 -0.2881 0.9301
vn 0.2669 -0.3215 0.9085
vn 0.6391 -0.2176 0.7377
vn 0.9596 -0.2796 0.0312
vn 0.9462 -0.2814 -0.1599
vn 0.8337 -0.5453 0.0874
vn 0.0771 -0.8670 -0.4922
vn 0.1460 -0.8851 -0.4419
vn -0.2125 -0.0224 -0.9769
vn 0.2794 -0.0858 0.9563
vn 0.5445 -0.0110 0.8387
vn 0.7568 -0.2190 0.6159
vn -0.1467 0.0359 -0.9885
vn -0.2200 -0.0230 -0.9752
vn 0.3921 0.0695 -0.9173
vn 0.6095 -0.4518 -0.6514
vn 0.7309 -0.1952 -0.6539
vn 0.4506 -0.3287 -0.8300
vn 0.0383 0.2522 -0.9669
vn 0.0808 -0.0899 -0.9927
vn 0.0313 0.1389 -0.9898
vn -0.1076 0.0426 -0.9933
vn -0.1557 -0.0012 -0.9878
vn -0.2047 0.0137 -0.9787
vn -0.1843 -0.0317 -0.9824
vn 0.9424 -0.2995 0.1491
vn 0.8655 -0.3885 0.3162
vn 0.6351 -0.6954 0.3363
vn -0.2457 -0.1102 -0.9631
vn -0.2393 0.0999 -0.9658
vn -0.2571 -0.1386 -0.9564
vn -0.1501 0.1558 -0.9763
vn -0.0908 0.0894 -0.9918
vn 0.8420 0.1092 -0.5283
vn 0.6262 0.0246 -0.7793
vn 0.7230 -0.2142 -0.6568
vn 0.5757 0.0582 -0.8156
vn 0.6114 -0.0029 -0.7913
vn 0.8462 -0.0455 -0.5310
vn 0.6630 0.3361 -0.6690
vn 0.3069 0.4739 -0.8254
vn 0.4152 -0.1613 0.8953
vn -0.1680 0.0264 -0.9854
vn -0.1499 0.2176 -0.9645
vn 0.7507 0.1574 -0.6416
vn 0.8318 0.0260 -0.5544
vn 0.5981 -0.4872 0.6364
vn -0.1857 0.0249 -0.9823
vn 0.4884 -0.1506 -0.8595
vn 0.5787 -0.0545 -0.8137
vn 0.3926 -0.1931 -0.8992
vn -0.1216 0.3137 -0.9417
vn 0.4068 -0.0390 0.9127
vn 0.2872 -0.1284 0.9492
vn -0.1141 -0.0046 -0.9935
vn -0.2697 -0.1941 -0.9432
vn -0.2350 -0.1481 -0.9606
vn -0.1252 -0.0232 -0.9919
vn -0.8957 0.1016 -0.4330
vn -0.6907 0.1264 -0.7121
vn -0.7603 0.1318 -0.6360
vn 0.3462 0.0736 0.9353
vn 0.4847 0.1725 0.8575
vn 0.3380 -0.1503 0.9291
vn 0.3801 -0.2591 -0.8879
vn 0.1248 -0.1971 -0.9724
vn -0.0073 -0.1502 -0.9886
vn 0.0781 -0.1338 -0.9879
vn -0.1561 -0.2796 -0.9473
vn 0.1058 -0.3505 -0.9306
vn 0.3004 -0.2398 -0.9232
vn -0.0811 -0.1995 -0.9765
vn 0.0221 -0.2630 -0.9645
vn -0.0947 -0.1638 -0.9819
vn 0.1422 0.0089 -0.9898
vn 0.1128 0.0325 -0.9931
vn -0.0817 -0.1546 -0.9846
vn 0.1706 -0.3902 -0.9048
vn 0.1716 -0.6119 -0.7721
vn 0.9928 -0.1195 -0.0040
vn -0.1187 -0.1499 -0.9816
vn 0.0408 0.0200 -0.9990
vn 0.1125 0.0503 -0.9924
vn -0.3588 0.1267 -0.9248
vn 0.3039 0.0791 -0.9494
vn -0.1707 -0.3525 -0.9201
vn 0.2740 0.0005 -0.9617
vn -0.0358 -0.1906 -0.9810
vn -0.1966 -0.0604 -0.9786
vn 0.7617 -0.0627 -0.6449
vn -0.0075 0.7759 0.6308
vn -0.0795 0.5676 0.8195
vn 0.1734 0.5517 0.8158
vn -0.1171 0.0626 -0.9911
vn -0.0250 -0.2850 -0.9582
vn -0.0365 0.7071 0.7062
vn 0.5524 -0.0005 -0.8336
vn 0.5828 -0.3267 -0.7440
vn -0.0507 -0.5999 -0.7985
vn -0.4354 -0.0315 -0.8997
vn -0.1907 -0.2355 -0.9530
vn 0.1286 0.2138 0.9684
vn 0.7117 -0.2545 -0.6547
vn 0.0243 -0.2095 -0.9775
vn 0.2664 -0.2072 -0.9413
vn 0.0910 -0.1130 -0.9894
vn -0.1734 -0.2298 -0.9577
vn -0.6292 0.1542 -0.7618
vn 0.8588 -0.2792 -0.4296
vn -0.4130 0.2855 -0.8648
vn -0.4069 0.1933 -0.8928
vn 0.5002 0.0329 0.8653
vn 0.7767 -0.5610 -0.2863
vn 0.4548 0.0312 0.8901
vn 0.3514 -0.0825 0.9326
vn 0.3708 -0.0625 0.9266
vn 0.4775 -0.0043 0.8786
vn -0.1939 0.0537 -0.9795
vn 0.2329 -0.2879 -0.9289
vn -0.3023 -0.2707 -0.9140
vn -0.1542 -0.3995 -0.9037
vn 0.0309 0.1897 -0.9814
vn 0.3882 -0.2756 -0.8794
vn 0.1069 0.0840 -0.9907
vn 0.4456 -0.7521 -0.4856
vn 0.8243 -0.1441 -0.5476
vn -0.1130 -0.3969 -0.9109
vn -0.1728 -0.2837 -0.9432
vn 0.4955 -0.8681 0.0294
vn 0.3354 -0.8955 0.2926
vn 0.1589 0.8793 0.4489
vn 0.1293 0.7283 0.6729
vn 0.0555 0.9567 0.2856
vn 0.1619 0.5639 0.8098
vn 0.1529 0.2887 0.9451
vn 0.1537 0.2714 0.9501
vn -0.1240 -0.0302 -0.9918
vn 0.1748 0.3056 0.9360
vn 0.1034 0.7872 0.6080
vn 0.4843 0.4425 0.7548
vn 0.4913 0.6625 0.5655
vn 0.8072 0.2526 0.5335
vn 0.4088 0.7747 0.4825
vn 0.7034 0.1632 -0.6918
vn 0.8988 0.2222 0.3780
vn 0.7840 0.1966 0.5889
vn 0.1804 0.2832 0.9419
vn 0.1116 0.5992 0.7928
vn 0.1111 0.3842 0.9165
vn 0.1989 0.3697 0.9076
vn 0.6945 0.2654 0.6687
vn 0.7422 0.3090 0.5947
vn 0.0744 0.6748 0.7342
vn 0.1146 0.5745 0.8104
vn 0.2632 0.6199 0.7392
vn 0.2175 0.3888 0.8953
vn 0.5620 0.5950 0.5746
vn 0.6526 0.0784 0.7537
vn 0.2387 0.4130 0.8789
vn 0.0941 0.2615 0.9606
vn 0.5654 0.0541 0.8231
vn 0.6345 0.0665 0.7700
vn 0.1132 0.8452 0.5224
vn 0.2079 0.4744 0.8554
vn 0.7610 0.0449 0.6472
vn -0.0614 0.5150 0.8550
vn 0.2474 -0.0870 0.9650
vn 0.2062 -0.0098 0.9785
vn 0.2719 -0.1048 0.9566
vn 0.8082 0.0156 0.5887
vn -0.0153 0.2736 0.9617
vn 0.2367 -0.1265 0.9633
vn 0.2914 -0.1104 0.9502
vn -0.1499 0.2992 0.9424
vn 0.1667 -0.0631 0.9840
vn -0.1286 0.1621 0.9784
vn 0.2608 0.7929 0.5507
vn 0.4077 0.7698 0.4911
vn 0.7482 0.1089 0.6545
vn -0.0499 0.0781 0.9957
vn 0.0805 -0.0188 0.9966
vn 0.2940 0.0331 0.9552
vn 0.8076 0.2575 -0.5306
vn 0.9018 0.1319 -0.4116
vn 0.9298 0.3168 0.1875
vn 0.8887 0.4554 -0.0532
vn 0.8170 0.5178 -0.2538
vn 0.9278 0.3655 -0.0748
vn 0.8630 -0.0149 -0.5050
vn 0.4187 -0.1252 -0.8995
vn 0.2194 -0.0015 -0.9756
vn 0.1809 -0.0292 -0.9831
vn 0.1121 -0.1482 -0.9826
vn 0.2954 -0.0178 -0.9552
vn 0.7701 0.4164 -0.4833
vn 0.3012 0.4686 -0.8305
vn 0.5765 0.5428 -0.6108
vn 0.4351 -0.1659 -0.8850
vn 0.3545 -0.2479 -0.9016
vn 0.8431 -0.0797 -0.5318
vn 0.4303 -0.0309 -0.9022
vn 0.1907 -0.1522 -0.9698
vn 0.2241 -0.0920 -0.9702
vn 0.0879 -0.0928 -0.9918
vn 0.1477 -0.1349 -0.9798
vn 0.4183 -0.0414 -0.9074
vn 0.1319 -0.2347 -0.9631
vn 0.2796 -0.1038 -0.9545
vn 0.4045 -0.0147 -0.9144
vn 0.5469 0.2436 -0.8010
vn 0.3620 0.2092 -0.9084
vn 0.3992 -0.1860 -0.8978
vn 0.8690 0.4165 -0.2670
vn 0.8668 0.1646 -0.4706
vn 0.8390 -0.1447 -0.5245
vn 0.9119 0.1589 0.3783
vn 0.9129 0.1542 0.3779
vn 0.5509 0.0742 -0.8313
vn 0.4913 -0.6947 0.5253
vn 0.8602 0.1197 -0.4957
vn 0.5509 -0.8342 -0.0264
vn 0.8063 0.5559 -0.2021
vn 0.7479 0.5105 -0.4243
vn 0.7785 0.5506 -0.3012
vn 0.6615 0.6287 -0.4089
vn 0.4485 0.6672 -0.5948
vn 0.3216 0.6377 -0.6999
vn 0.1437 0.6368 -0.7575
vn 0.6776 0.6114 -0.4086
vn 0.0532 0.6282 -0.7762
vn -0.2972 -0.1307 -0.9458
vn -0.7336 0.0947 -0.6730
vn 0.0800 -0.0860 0.9931
vn -0.8322 0.0131 -0.5544
vn -0.0322 -0.0714 0.9969
vn 0.0731 -0.2132 0.9743
vn 0.3028 0.2920 0.9072
vn 0.2624 -0.1137 0.9582
vn 0.1635 -0.2344 0.9583
vn 0.1119 -0.3217 0.9402
vn 0.0235 -0.2235 0.9744
vn 0.4689 -0.7604 0.4494
vn 0.2247 -0.2648 0.9378
vn 0.2513 -0.3212 0.9131
vn 0.2632 -0.1835 0.9471
vn 0.9904 0.0829 -0.1109
vn 0.9894 0.0975 -0.1077
vn -0.9468 0.1661 -0.2756
vn 0.3589 0.1845 0.9150
vn 0.5407 0.2002 0.8170
vn 0.5618 -0.0117 0.8272
vn 0.0883 0.8903 -0.4467
vn 0.0607 0.9206 -0.3857
vn -0.9647 0.0527 -0.2580
vn 0.2777 -0.1654 0.9463
vn 0.0406 0.9593 -0.2794
vn -0.9150 -0.0453 -0.4010
vn 0.2105 -0.3054 0.9287
vn 0.0880 -0.3421 0.9355
vn 0.3321 -0.2936 0.8964
vn 0.6722 -0.0048 0.7403
vn 0.4543 -0.0911 0.8862
vn 0.6583 0.0056 0.7527
vn 0.2774 -0.4085 0.8696
vn 0.1986 -0.4361 0.8777
vn 0.1839 0.1363 0.9734
vn 0.9855 0.0082 0.1698
vn 0.2904 0.0203 0.9567
vn 0.6101 0.0134 0.7922
vn 0.9882 0.0306 -0.1503
vn 0.9723 -0.0699 -0.2232
vn 0.9991 0.0199 -0.0386
vn 0.9848 -0.0348 -0.1699
vn 0.9734 -0.0246 -0.2279
vn 0.9757 -0.0202 -0.2184
vn 0.9779 0.0145 -0.2088
vn 0.9658 -0.0305 -0.2574
vn 0.8822 -0.0322 0.4697
vn 0.0513 0.0214 0.9985
vn 0.1202 0.0795 0.9896
vn 0.1039 0.0245 0.9943
vn 0.4161 -0.0632 0.9071
vn 0.2277 -0.4088 0.8838
vn 0.1955 -0.3352 0.9217
vn 0.2469 -0.1821 0.9518
vn 0.4950 0.5659 0.6594
vn 0.3841 0.7384 0.5543
vn 0.1966 0.5817 0.7893
vn 0.2253 -0.0873 0.9704
vn 0.4365 0.4545 0.7765
vn 0.2844 -0.0393 0.9579
vn 0.1444 0.0032 0.9895
vn 0.7921 0.1129 0.5999
vn 0.9749 -0.0386 0.2193
vn 0.9815 -0.0113 0.1910
vn 0.3400 -0.1174 0.9331
vn 0.0565 0.0774 0.9954
vn 0.1573 -0.1243 0.9797
vn -0.7819 0.2170 -0.5845
vn -0.7326 0.2958 -0.6131
vn -0.5185 0.3061 -0.7984
vn -0.5016 0.3085 -0.8082
vn -0.3042 0.3677 -0.8788
vn -0.4100 0.4026 -0.8184
vn -0.3345 0.3367 -0.8802
vn 0.1740 0.9527 0.2491
vn -0.4008 0.3667 -0.8396
vn -0.5216 0.3585 -0.7742
vn -0.8192 0.2339 -0.5237
vn -0.9072 0.2150 -0.3616
vn -0.7649 0.4370 -0.4733
vn -0.6319 0.4333 -0.6426
vn 0.2497 -0.1286 0.9597
vn -0.4482 0.4314 -0.7830
vn 0.0438 -0.0992 0.9941
vn 0.2631 0.8255 0.4994
vn 0.0546 -0.0572 0.9969
vn 0.1969 0.0682 0.9780
vn 0.5086 0.4033 0.7607
vn -0.9587 0.2310 -0.1658
vn 0.9958 0.0596 0.0701
vn 0.1945 0.8167 0.5433
vn 0.4455 -0.1016 0.8895
vn -0.6112 0.3644 0.7025
vn -0.7372 0.3816 0.5577
vn -0.5586 0.4905 0.6688
vn -0.5632 0.3673 0.7402
vn -0.5802 0.3052 0.7551
vn -0.4317 0.4615 0.7750
vn -0.8962 -0.1826 0.4043
vn 0.3027 0.8785 0.3696
vn 0.2128 -0.2778 0.9368
vn 0.9152 0.0054 -0.4030
vn 0.9526 -0.0393 -0.3016
vn 0.7541 0.0863 -0.6510
vn 0.9303 -0.1186 -0.3471
vn 0.2244 0.9376 0.2655
vn -0.9996 0.0286 -0.0010
vn 0.0121 0.6131 -0.7899
vn -0.2972 0.6769 -0.6734
vn 0.9684 0.2337 -0.0869
vn 0.9710 -0.1821 0.1547
vn 0.9194 0.1735 0.3529
vn 0.3141 0.1443 -0.9384
vn 0.2960 0.3668 -0.8819
vn -0.1219 0.2183 -0.9682
vn -0.0955 0.0694 -0.9930
vn -0.1392 0.2962 -0.9449
vn 0.6332 0.3882 -0.6695
vn 0.3278 0.5261 -0.7847
vn 0.0610 0.5005 -0.8636
vn 0.0818 0.5797 -0.8107
vn -0.0539 0.4408 -0.8960
vt 0.994313 0.745649
vt 0.993575 0.742768
vt 0.996341 0.742788
vt 0.999726 0.767260
vt 0.998639 0.770375
vt 0.996730 0.767184
vt 0.998295 0.764376
vt 0.995910 0.855190
vt 0.997117 0.858244
vt 0.995041 0.858194
vt 0.993555 0.809476
vt 0.997216 0.807794
vt 0.999899 0.811920
vt 0.998862 0.807599
vt 0.997657 0.805476
vt 0.995808 0.814312
vt 0.999903 0.809166
vt 0.999601 0.806495
vt 0.995954 0.786169
vt 0.993619 0.783697
vt 0.997622 0.784543
vt 0.993544 0.781179
vt 0.995829 0.782735
vt 0.998007 0.787640
vt 0.993639 0.787448
vt 0.996888 0.781346
vt 0.377151 0.942561
vt 0.372704 0.946310
vt 0.373212 0.941703
vt 0.377151 0.948340
vt 0.370018 0.951738
vt 0.369011 0.948535
vt 0.369849 0.944994
vt 0.369595 0.942337
vt 0.371269 0.942750
vt 0.369500 0.946666
vt 0.367968 0.944502
vt 0.367604 0.941913
vt 0.373271 0.952818
vt 0.367193 0.947703
vt 0.989857 0.093641
vt 0.988933 0.092030
vt 0.991332 0.091119
vt 0.987267 0.092297
vt 0.740796 0.932278
vt 0.737250 0.933628
vt 0.739689 0.931055
vt 0.742574 0.930006
vt 0.738158 0.929189
vt 0.739896 0.934735
vt 0.740890 0.937549
vt 0.737078 0.937936
vt 0.742420 0.933573
vt 0.744418 0.932131
vt 0.743798 0.935388
vt 0.742858 0.938507
vt 0.737434 0.941735
vt 0.745342 0.937316
vt 0.740853 0.941893
vt 0.176866 0.058030
vt 0.175369 0.055217
vt 0.178075 0.056252
vt 0.177201 0.054265
vt 0.174208 0.056374
vt 0.181209 0.055926
vt 0.180735 0.058539
vt 0.180415 0.056153
vt 0.179318 0.060778
vt 0.182426 0.055641
vt 0.182586 0.054782
vt 0.997183 0.937450
vt 0.996102 0.935830
vt 0.998333 0.932154
vt 0.995422 0.938720
vt 0.996540 0.939626
vt 0.984298 0.070300
vt 0.980744 0.069257
vt 0.984028 0.067627
vt 0.989223 0.073213
vt 0.986708 0.068260
vt 0.985700 0.066893
vt 0.987578 0.066774
vt 0.981401 0.067473
vt 0.984807 0.064946
vt 0.979932 0.065758
vt 0.980935 0.072163
vt 0.981731 0.063467
vt 0.984942 0.075350
vt 0.989431 0.065547
vt 0.990087 0.068312
vt 0.980114 0.075028
vt 0.981775 0.077050
vt 0.987489 0.063075
vt 0.984295 0.062243
vt 0.981023 0.061611
vt 0.986405 0.060851
vt 0.983121 0.060045
vt 0.968603 0.979470
vt 0.965710 0.977319
vt 0.966762 0.974138
vt 0.967794 0.970870
vt 0.970391 0.970721
vt 0.970841 0.974036
vt 0.968198 0.968036
vt 0.966168 0.967808
vt 0.967002 0.966187
vt 0.965540 0.970770
vt 0.973429 0.972745
vt 0.964903 0.980518
vt 0.964974 0.969560
vt 0.352834 0.032826
vt 0.356194 0.031982
vt 0.355386 0.033857
vt 0.358878 0.033603
vt 0.358569 0.036050
vt 0.357715 0.030629
vt 0.354396 0.030329
vt 0.355278 0.039994
vt 0.359280 0.040341
vt 0.357057 0.041718
vt 0.351909 0.039283
vt 0.354697 0.042280
vt 0.351531 0.041906
vt 0.349988 0.036939
vt 0.351911 0.036208
vt 0.352929 0.037658
vt 0.350230 0.034716
vt 0.355323 0.037559
vt 0.353368 0.036434
vt 0.353628 0.035462
vt 0.352150 0.030899
vt 0.352652 0.028758
vt 0.359659 0.032027
vt 0.358036 0.028126
vt 0.347760 0.038703
vt 0.347618 0.042466
vt 0.004209 0.926788
vt 0.003920 0.928052
vt 0.003393 0.926964
vt 0.002232 0.928638
vt 0.009351 0.927656
vt 0.009545 0.929696
vt 0.008106 0.928195
vt 0.010583 0.928373
vt 0.010583 0.931651
vt 0.008142 0.930957
vt 0.007905 0.926870
vt 0.006556 0.934829
vt 0.004713 0.935666
vt 0.003661 0.934044
vt 0.008409 0.934700
vt 0.010472 0.935388
vt 0.009676 0.936476
vt 0.009738 0.933232
vt 0.006390 0.929203
vt 0.005215 0.927388
vt 0.006652 0.927764
vt 0.004573 0.929333
vt 0.005444 0.932539
vt 0.003245 0.931708
vt 0.005926 0.931043
vt 0.007408 0.932676
vt 0.007800 0.929204
vt 0.008425 0.936712
vt 0.368949 0.047918
vt 0.367542 0.048422
vt 0.367299 0.045837
vt 0.375996 0.039139
vt 0.376070 0.041968
vt 0.373575 0.040603
vt 0.366118 0.046538
vt 0.369972 0.035877
vt 0.373981 0.038340
vt 0.370361 0.039320
vt 0.366145 0.038900
vt 0.363225 0.035907
vt 0.361216 0.039736
vt 0.364316 0.041289
vt 0.367286 0.032818
vt 0.361863 0.041364
vt 0.376628 0.036716
vt 0.364444 0.044752
vt 0.362864 0.043293
vt 0.365745 0.043835
vt 0.368470 0.044447
vt 0.367470 0.040697
vt 0.366879 0.042250
vt 0.371098 0.047076
vt 0.370727 0.043722
vt 0.372370 0.044017
vt 0.373163 0.043108
vt 0.372600 0.047749
vt 0.371894 0.049227
vt 0.370739 0.049765
vt 0.368752 0.042316
vt 0.365459 0.045516
vt 0.370753 0.041611
vt 0.372335 0.045364
vt 0.373214 0.044818
vt 0.358333 0.066315
vt 0.357421 0.068517
vt 0.356446 0.066763
vt 0.359508 0.068519
vt 0.358194 0.070076
vt 0.359366 0.067548
vt 0.355369 0.067948
vt 0.355900 0.070584
vt 0.349438 0.065123
vt 0.348823 0.061082
vt 0.352074 0.063873
vt 0.354280 0.065940
vt 0.354201 0.063818
vt 0.355927 0.063824
vt 0.352786 0.068627
vt 0.361080 0.066387
vt 0.360745 0.067754
vt 0.353901 0.071643
vt 0.349353 0.067915
vt 0.349497 0.070724
vt 0.347599 0.069166
vt 0.353108 0.062650
vt 0.354528 0.062122
vt 0.359309 0.063705
vt 0.362445 0.061431
vt 0.361982 0.064330
vt 0.357743 0.071984
vt 0.356642 0.072827
vt 0.355453 0.073500
vt 0.357885 0.077077
vt 0.356602 0.075240
vt 0.358019 0.074463
vt 0.354957 0.078838
vt 0.353078 0.077904
vt 0.355155 0.076545
vt 0.356972 0.078586
vt 0.353279 0.074561
vt 0.353651 0.080919
vt 0.350377 0.079913
vt 0.355600 0.080112
vt 0.350834 0.076968
vt 0.347044 0.067000
vt 0.347548 0.062852
vt 0.347012 0.064217
vt 0.349081 0.076695
vt 0.350654 0.074468
vt 0.349386 0.078577
vt 0.348237 0.073057
vt 0.349997 0.072825
vt 0.349263 0.074571
vt 0.348446 0.080890
vt 0.352039 0.072079
vt 0.353469 0.047460
vt 0.355411 0.049529
vt 0.353639 0.049685
vt 0.349503 0.045545
vt 0.353079 0.045077
vt 0.351185 0.047472
vt 0.360492 0.052671
vt 0.362456 0.052254
vt 0.361804 0.054792
vt 0.363081 0.054463
vt 0.362934 0.056507
vt 0.363737 0.053313
vt 0.359960 0.055792
vt 0.358888 0.056242
vt 0.359338 0.058005
vt 0.357846 0.056031
vt 0.358581 0.054625
vt 0.361341 0.056423
vt 0.362593 0.049250
vt 0.364274 0.050139
vt 0.357333 0.053889
vt 0.357025 0.057638
vt 0.356193 0.055936
vt 0.356618 0.059233
vt 0.352310 0.050030
vt 0.353409 0.051320
vt 0.355278 0.053845
vt 0.351111 0.059502
vt 0.349744 0.057621
vt 0.351597 0.057077
vt 0.353105 0.058029
vt 0.354960 0.058086
vt 0.354543 0.051918
vt 0.354982 0.050600
vt 0.356023 0.051893
vt 0.353848 0.053558
vt 0.352794 0.055568
vt 0.354382 0.056114
vt 0.351084 0.054794
vt 0.352544 0.053008
vt 0.358090 0.053195
vt 0.357295 0.051754
vt 0.360037 0.043469
vt 0.358450 0.048319
vt 0.368404 0.055197
vt 0.366373 0.057594
vt 0.366678 0.053933
vt 0.364634 0.056699
vt 0.367033 0.059272
vt 0.365025 0.059802
vt 0.363557 0.058629
vt 0.361727 0.058288
vt 0.367117 0.061465
vt 0.358325 0.059776
vt 0.251921 0.063102
vt 0.249914 0.059899
vt 0.253892 0.060457
vt 0.250465 0.049062
vt 0.250374 0.051300
vt 0.248373 0.050300
vt 0.254396 0.064539
vt 0.253513 0.066754
vt 0.244921 0.044875
vt 0.247080 0.045587
vt 0.243538 0.047457
vt 0.240856 0.051017
vt 0.238593 0.050490
vt 0.241230 0.049204
vt 0.242467 0.052576
vt 0.238541 0.053667
vt 0.239702 0.051815
vt 0.243282 0.060346
vt 0.245927 0.060994
vt 0.243976 0.062319
vt 0.248523 0.049214
vt 0.248117 0.062965
vt 0.249796 0.063937
vt 0.249646 0.065310
vt 0.247631 0.058555
vt 0.247954 0.055862
vt 0.254508 0.056018
vt 0.240506 0.058997
vt 0.244190 0.057463
vt 0.246395 0.065309
vt 0.243602 0.064272
vt 0.239133 0.048240
vt 0.244305 0.050949
vt 0.246656 0.049690
vt 0.247029 0.052593
vt 0.245875 0.048061
vt 0.248092 0.047781
vt 0.244705 0.059640
vt 0.247279 0.043000
vt 0.249178 0.043384
vt 0.243185 0.049676
vt 0.252624 0.050843
vt 0.252215 0.053306
vt 0.242478 0.046142
vt 0.240361 0.045419
vt 0.247310 0.059813
vt 0.250417 0.046047
vt 0.244288 0.054985
vt 0.248729 0.040790
vt 0.250237 0.041170
vt 0.251577 0.037445
vt 0.253973 0.038206
vt 0.253018 0.040127
vt 0.251034 0.038909
vt 0.240079 0.056143
vt 0.252048 0.041294
vt 0.251034 0.040024
vt 0.253174 0.042787
vt 0.249972 0.039427
vt 0.252476 0.035726
vt 0.251425 0.043035
vt 0.253618 0.047969
vt 0.252681 0.045044
vt 0.309885 0.031643
vt 0.307794 0.034533
vt 0.306813 0.031498
vt 0.311764 0.026953
vt 0.312321 0.025445
vt 0.313790 0.025942
vt 0.311731 0.030142
vt 0.310036 0.028641
vt 0.312988 0.028207
vt 0.317419 0.024583
vt 0.318943 0.026637
vt 0.316464 0.027411
vt 0.315971 0.030632
vt 0.317349 0.029161
vt 0.318086 0.030330
vt 0.314209 0.029761
vt 0.315122 0.028694
vt 0.312477 0.031493
vt 0.314565 0.023498
vt 0.316225 0.021886
vt 0.317094 0.022852
vt 0.313199 0.024834
vt 0.303189 0.036372
vt 0.305881 0.038781
vt 0.320023 0.027667
vt 0.321437 0.027185
vt 0.314682 0.021156
vt 0.301932 0.030502
vt 0.305721 0.026179
vt 0.310168 0.025267
vt 0.321108 0.023002
vt 0.320326 0.025462
vt 0.319790 0.029403
vt 0.303621 0.040247
vt 0.312509 0.023682
vt 0.310280 0.033632
vt 0.309396 0.035910
vt 0.313839 0.021597
vt 0.314024 0.032954
vt 0.311790 0.033833
vt 0.318452 0.028049
vt 0.307644 0.019390
vt 0.323159 0.029420
vt 0.322825 0.032574
vt 0.320734 0.030831
vt 0.314553 0.017991
vt 0.310702 0.022566
vt 0.318693 0.031697
vt 0.313641 0.012374
vt 0.306167 0.007323
vt 0.311256 0.005573
vt 0.308100 0.013062
vt 0.319468 0.033258
vt 0.300208 0.015164
vt 0.304880 0.011980
vt 0.305372 0.015247
vt 0.311616 0.019694
vt 0.303902 0.017789
vt 0.299064 0.020315
vt 0.303912 0.045099
vt 0.303613 0.041749
vt 0.299770 0.047055
vt 0.297765 0.046593
vt 0.300486 0.042442
vt 0.295265 0.025007
vt 0.297590 0.034222
vt 0.299724 0.039281
vt 0.297023 0.049483
vt 0.316886 0.033155
vt 0.011223 0.633026
vt 0.012564 0.630393
vt 0.012741 0.632690
vt 0.014248 0.635960
vt 0.013313 0.637334
vt 0.012595 0.634842
vt 0.011185 0.636479
vt 0.010579 0.631076
vt 0.014031 0.634124
vt 0.013569 0.639058
vt 0.012226 0.639282
vt 0.009143 0.635530
vt 0.009343 0.637143
vt 0.009633 0.640029
vt 0.008326 0.638392
vt 0.009520 0.638380
vt 0.015925 0.638199
vt 0.011495 0.638985
vt 0.010574 0.639120
vt 0.010363 0.637750
vt 0.012550 0.641370
vt 0.010527 0.640965
vt 0.015402 0.641172
vt 0.009132 0.641677
vt 0.243987 0.014684
vt 0.241484 0.017676
vt 0.241350 0.014525
vt 0.244242 0.017123
vt 0.242920 0.019611
vt 0.244457 0.011959
vt 0.241985 0.011732
vt 0.237725 0.017848
vt 0.239599 0.016968
vt 0.238753 0.019351
vt 0.240153 0.021100
vt 0.232837 0.023058
vt 0.234129 0.017211
vt 0.235773 0.021417
vt 0.244787 0.018924
vt 0.252506 0.019229
vt 0.252483 0.015170
vt 0.255045 0.016277
vt 0.238894 0.014980
vt 0.240841 0.012402
vt 0.237724 0.021919
vt 0.242630 0.022251
vt 0.240191 0.024667
vt 0.255067 0.019970
vt 0.237653 0.010206
vt 0.251395 0.022076
vt 0.253108 0.023708
vt 0.251603 0.024833
vt 0.251018 0.033911
vt 0.249961 0.030140
vt 0.251443 0.029964
vt 0.252084 0.026838
vt 0.250198 0.026952
vt 0.253621 0.027949
vt 0.244438 0.028549
vt 0.245564 0.025948
vt 0.246396 0.028489
vt 0.247148 0.031188
vt 0.245342 0.030976
vt 0.244361 0.024291
vt 0.246518 0.023499
vt 0.247372 0.026160
vt 0.248230 0.028370
vt 0.243175 0.031115
vt 0.244492 0.033095
vt 0.242408 0.034532
vt 0.240994 0.026352
vt 0.239624 0.027961
vt 0.238405 0.033724
vt 0.240259 0.031033
vt 0.242485 0.025126
vt 0.243797 0.026388
vt 0.236629 0.036000
vt 0.236039 0.033112
vt 0.248874 0.025019
vt 0.245956 0.035683
vt 0.242131 0.028194
vt 0.250590 0.023941
vt 0.243741 0.037758
vt 0.237582 0.030483
vt 0.235780 0.029845
vt 0.248931 0.031714
vt 0.248754 0.034449
vt 0.248862 0.021492
vt 0.233561 0.033172
vt 0.233953 0.036206
vt 0.246579 0.033186
vt 0.239807 0.036787
vt 0.237730 0.039126
vt 0.235460 0.038141
vt 0.232532 0.013373
vt 0.233625 0.029295
vt 0.234142 0.025059
vt 0.244667 0.022672
vt 0.245502 0.020742
vt 0.249125 0.014870
vt 0.246756 0.013639
vt 0.248208 0.012861
vt 0.251425 0.019885
vt 0.246964 0.018154
vt 0.250373 0.017870
vt 0.246031 0.015665
vt 0.247511 0.010731
vt 0.236942 0.029183
vt 0.237547 0.027333
vt 0.235905 0.025289
vt 0.238055 0.023976
vt 0.056037 0.015841
vt 0.056065 0.013853
vt 0.057588 0.013637
vt 0.041263 0.021836
vt 0.043490 0.021466
vt 0.042207 0.023846
vt 0.050963 0.008403
vt 0.048099 0.007347
vt 0.049234 0.005554
vt 0.049061 0.013209
vt 0.050167 0.010555
vt 0.051819 0.012182
vt 0.038322 0.021874
vt 0.039230 0.020434
vt 0.039715 0.021851
vt 0.044326 0.017664
vt 0.044308 0.016402
vt 0.045215 0.016571
vt 0.041475 0.013795
vt 0.041101 0.016094
vt 0.039505 0.013756
vt 0.053692 0.023515
vt 0.052298 0.022249
vt 0.053566 0.021549
vt 0.054936 0.018745
vt 0.054881 0.020345
vt 0.053347 0.018936
vt 0.052092 0.020936
vt 0.053254 0.020131
vt 0.046320 0.015560
vt 0.046101 0.018047
vt 0.055292 0.017033
vt 0.055832 0.017342
vt 0.049602 0.009062
vt 0.048807 0.018566
vt 0.048482 0.021155
vt 0.047215 0.019510
vt 0.053359 0.016257
vt 0.043470 0.013384
vt 0.043261 0.015444
vt 0.051543 0.018689
vt 0.044439 0.019189
vt 0.044969 0.014905
vt 0.042191 0.011236
vt 0.043205 0.010475
vt 0.044743 0.012852
vt 0.042863 0.019280
vt 0.050731 0.020108
vt 0.051910 0.019990
vt 0.037943 0.009631
vt 0.036089 0.008480
vt 0.037451 0.007333
vt 0.050391 0.015146
vt 0.050293 0.016668
vt 0.037888 0.012719
vt 0.039696 0.012450
vt 0.038674 0.009241
vt 0.048197 0.015862
vt 0.040406 0.011234
vt 0.038081 0.023364
vt 0.039576 0.023786
vt 0.037832 0.025445
vt 0.046319 0.013374
vt 0.038762 0.011079
vt 0.036533 0.010926
vt 0.043182 0.016863
vt 0.035915 0.026880
vt 0.036808 0.024762
vt 0.045638 0.020997
vt 0.041183 0.017809
vt 0.042686 0.018115
vt 0.041218 0.009393
vt 0.047369 0.014213
vt 0.045341 0.011033
vt 0.045192 0.008276
vt 0.047407 0.010333
vt 0.035524 0.025860
vt 0.035473 0.024311
vt 0.041097 0.019158
vt 0.039859 0.019097
vt 0.043901 0.023558
vt 0.051029 0.021567
vt 0.047687 0.012613
vt 0.054623 0.012054
vt 0.048832 0.009367
vt 0.050918 0.022813
vt 0.048393 0.011735
vt 0.049015 0.010657
vt 0.046093 0.005904
vt 0.058558 0.007369
vt 0.057775 0.009194
vt 0.054553 0.008572
vt 0.040340 0.007411
vt 0.040395 0.025902
vt 0.057069 0.011185
vt 0.052373 0.024212
vt 0.044689 0.024450
vt 0.049250 0.023178
vt 0.046905 0.023644
vt 0.050727 0.024499
vt 0.040643 0.020346
vt 0.038385 0.026046
vt 0.042235 0.007170
vt 0.051691 0.005719
vt 0.729402 0.963345
vt 0.730412 0.969219
vt 0.728398 0.965252
vt 0.714273 0.977657
vt 0.710532 0.982703
vt 0.709768 0.978576
vt 0.731553 0.967724
vt 0.731379 0.962773
vt 0.734669 0.963437
vt 0.728333 0.956747
vt 0.730359 0.958394
vt 0.728552 0.958207
vt 0.709848 0.966614
vt 0.710521 0.969589
vt 0.708281 0.968094
vt 0.706780 0.983774
vt 0.704918 0.985178
vt 0.705309 0.980481
vt 0.706840 0.976628
vt 0.707876 0.980690
vt 0.720271 0.958244
vt 0.718942 0.952434
vt 0.723923 0.955891
vt 0.713340 0.970843
vt 0.712232 0.967307
vt 0.714332 0.967619
vt 0.716061 0.972873
vt 0.718627 0.974083
vt 0.728197 0.980908
vt 0.730538 0.982181
vt 0.729544 0.983169
vt 0.731544 0.983825
vt 0.726536 0.963559
vt 0.728688 0.959682
vt 0.725761 0.959749
vt 0.723707 0.960907
vt 0.722362 0.968764
vt 0.724492 0.966611
vt 0.725391 0.970766
vt 0.723157 0.963288
vt 0.720065 0.962262
vt 0.730867 0.960235
vt 0.715516 0.982407
vt 0.723316 0.980011
vt 0.722390 0.982565
vt 0.719404 0.979841
vt 0.732442 0.971155
vt 0.717934 0.965091
vt 0.718923 0.966992
vt 0.716628 0.967620
vt 0.722623 0.977693
vt 0.719504 0.976820
vt 0.728028 0.967721
vt 0.731481 0.972645
vt 0.710363 0.974301
vt 0.713444 0.973920
vt 0.721059 0.965908
vt 0.711940 0.964244
vt 0.714681 0.965322
vt 0.716016 0.970058
vt 0.719221 0.969503
vt 0.721563 0.975004
vt 0.724961 0.975244
vt 0.720792 0.984728
vt 0.719215 0.983342
vt 0.725782 0.979027
vt 0.725335 0.981805
vt 0.715336 0.968885
vt 0.716091 0.958123
vt 0.713556 0.957458
vt 0.717111 0.960411
vt 0.716002 0.962752
vt 0.717212 0.985081
vt 0.726672 0.984438
vt 0.703332 0.987576
vt 0.707783 0.987876
vt 0.712033 0.959589
vt 0.712966 0.961396
vt 0.731958 0.958798
vt 0.733253 0.960646
vt 0.709272 0.962775
vt 0.707626 0.964580
vt 0.706617 0.961328
vt 0.728188 0.972558
vt 0.705148 0.964064
vt 0.707984 0.966104
vt 0.708439 0.966004
vt 0.709931 0.960670
vt 0.706071 0.971394
vt 0.703850 0.975553
vt 0.709211 0.965019
vt 0.709839 0.958809
vt 0.729288 0.976683
vt 0.722210 0.972723
vt 0.731575 0.974572
vt 0.706586 0.965576
vt 0.705999 0.967269
vt 0.701690 0.970199
vt 0.714526 0.987155
vt 0.733314 0.975721
vt 0.707719 0.985453
vt 0.710625 0.985878
vt 0.708654 0.970865
vt 0.731574 0.980020
vt 0.729559 0.986820
vt 0.732916 0.985213
vt 0.722739 0.985463
vt 0.701919 0.981499
vt 0.703671 0.979016
vt 0.952314 0.635467
vt 0.950933 0.641554
vt 0.948410 0.638182
vt 0.973769 0.631633
vt 0.973592 0.634428
vt 0.971900 0.634156
vt 0.969229 0.633824
vt 0.970303 0.636281
vt 0.975785 0.628911
vt 0.973864 0.628493
vt 0.965786 0.635123
vt 0.966687 0.631366
vt 0.964810 0.662346
vt 0.970067 0.660091
vt 0.965706 0.664417
vt 0.940276 0.649205
vt 0.937148 0.649792
vt 0.938709 0.645072
vt 0.970831 0.655722
vt 0.969869 0.654846
vt 0.972653 0.652875
vt 0.963336 0.654088
vt 0.970331 0.650664
vt 0.965533 0.657334
vt 0.966775 0.648525
vt 0.960698 0.658369
vt 0.958088 0.657486
vt 0.970853 0.663095
vt 0.955656 0.664142
vt 0.957490 0.653173
vt 0.954837 0.657400
vt 0.952898 0.654688
vt 0.951209 0.657716
vt 0.949131 0.653239
vt 0.968060 0.639242
vt 0.976674 0.659691
vt 0.973715 0.659911
vt 0.974634 0.657459
vt 0.949759 0.663829
vt 0.974528 0.661390
vt 0.945436 0.660669
vt 0.945137 0.654329
vt 0.970354 0.631696
vt 0.941974 0.640614
vt 0.941589 0.636827
vt 0.944802 0.637201
vt 0.960483 0.634981
vt 0.962931 0.637718
vt 0.975432 0.626640
vt 0.972604 0.626215
vt 0.975377 0.624806
vt 0.971563 0.629083
vt 0.970090 0.627349
vt 0.934443 0.646513
vt 0.943053 0.655235
vt 0.942491 0.658206
vt 0.973590 0.636816
vt 0.974925 0.634402
vt 0.968870 0.629334
vt 0.971901 0.639173
vt 0.962887 0.632118
vt 0.961157 0.661593
vt 0.964177 0.639654
vt 0.964314 0.642046
vt 0.956748 0.638266
vt 0.945755 0.640740
vt 0.968173 0.658825
vt 0.974420 0.654546
vt 0.972354 0.656100
vt 0.942874 0.644036
vt 0.938889 0.638299
vt 0.935323 0.642111
vt 0.963873 0.629919
vt 0.965490 0.628249
vt 0.967444 0.626716
vt 0.970048 0.625755
vt 0.968414 0.623698
vt 0.963189 0.624297
vt 0.959376 0.627936
vt 0.963729 0.626602
vt 0.971455 0.624132
vt 0.956632 0.623127
vt 0.955098 0.627246
vt 0.956106 0.625609
vt 0.956871 0.634753
vt 0.955246 0.629487
vt 0.955728 0.632051
vt 0.959122 0.632491
vt 0.974458 0.623852
vt 0.952120 0.624485
vt 0.951770 0.628304
vt 0.973751 0.640957
vt 0.976456 0.639675
vt 0.975329 0.643551
vt 0.967772 0.643976
vt 0.971255 0.642107
vt 0.976730 0.646056
vt 0.975102 0.646258
vt 0.973431 0.646159
vt 0.973095 0.643831
vt 0.974369 0.648315
vt 0.970869 0.645708
vt 0.948198 0.634672
vt 0.945136 0.634330
vt 0.942887 0.635249
vt 0.945738 0.631998
vt 0.973276 0.650833
vt 0.942765 0.650849
vt 0.946068 0.651156
vt 0.943667 0.647041
vt 0.941872 0.645810
vt 0.946023 0.648422
vt 0.949503 0.646259
vt 0.948467 0.649542
vt 0.941250 0.647256
vt 0.946290 0.644623
vt 0.953983 0.645800
vt 0.963448 0.645977
vt 0.941684 0.655703
vt 0.940189 0.652785
vt 0.957849 0.640673
vt 0.960906 0.640145
vt 0.959057 0.643541
vt 0.952731 0.650920
vt 0.950973 0.648572
vt 0.930329 0.641052
vt 0.934564 0.638451
vt 0.955262 0.641559
vt 0.950461 0.650471
vt 0.950722 0.632983
vt 0.952415 0.631495
vt 0.962222 0.650158
vt 0.958708 0.648221
vt 0.949182 0.630714
vt 0.955503 0.649705
vt 0.276282 0.071309
vt 0.276712 0.069250
vt 0.278120 0.070859
vt 0.276732 0.066860
vt 0.277648 0.068824
vt 0.269693 0.051037
vt 0.267877 0.048072
vt 0.271383 0.048503
vt 0.256465 0.058937
vt 0.258700 0.061559
vt 0.256606 0.061872
vt 0.265243 0.056248
vt 0.264707 0.052937
vt 0.269579 0.054238
vt 0.259805 0.052799
vt 0.260506 0.055379
vt 0.257477 0.053970
vt 0.261914 0.050672
vt 0.265170 0.050291
vt 0.262745 0.048221
vt 0.259880 0.049134
vt 0.259648 0.046753
vt 0.274371 0.076140
vt 0.273811 0.073787
vt 0.276828 0.076372
vt 0.272157 0.077783
vt 0.275382 0.068613
vt 0.276358 0.055402
vt 0.274818 0.052537
vt 0.280169 0.053843
vt 0.280008 0.050148
vt 0.275069 0.048500
vt 0.270435 0.062394
vt 0.267765 0.058944
vt 0.271905 0.058906
vt 0.257162 0.065547
vt 0.259693 0.064084
vt 0.258321 0.067271
vt 0.280766 0.072488
vt 0.278284 0.073118
vt 0.279941 0.074981
vt 0.278287 0.075441
vt 0.261481 0.057536
vt 0.263495 0.058984
vt 0.269702 0.056599
vt 0.257371 0.063579
vt 0.261159 0.067974
vt 0.264864 0.068322
vt 0.263132 0.070883
vt 0.263378 0.064757
vt 0.257259 0.068893
vt 0.256878 0.067766
vt 0.272965 0.056140
vt 0.259501 0.070027
vt 0.258868 0.069162
vt 0.279388 0.076382
vt 0.280717 0.076990
vt 0.256866 0.051091
vt 0.275595 0.058397
vt 0.279228 0.077564
vt 0.276599 0.078046
vt 0.275540 0.079374
vt 0.274945 0.077657
vt 0.277911 0.079460
vt 0.281221 0.078768
vt 0.282326 0.080035
vt 0.280005 0.079867
vt 0.273030 0.080699
vt 0.283004 0.081439
vt 0.270352 0.071096
vt 0.273575 0.069851
vt 0.264040 0.045072
vt 0.266073 0.042013
vt 0.268234 0.044811
vt 0.282379 0.078641
vt 0.279057 0.069472
vt 0.278492 0.068078
vt 0.280827 0.068841
vt 0.286672 0.066587
vt 0.284313 0.067035
vt 0.283843 0.064355
vt 0.267032 0.073576
vt 0.266490 0.070905
vt 0.271726 0.067019
vt 0.274102 0.066572
vt 0.274172 0.067797
vt 0.286591 0.052378
vt 0.286107 0.056835
vt 0.274785 0.064313
vt 0.273798 0.061188
vt 0.276691 0.061266
vt 0.276996 0.073733
vt 0.261625 0.061529
vt 0.279862 0.070559
vt 0.281045 0.070464
vt 0.282255 0.065746
vt 0.267546 0.065536
vt 0.278149 0.063867
vt 0.281014 0.063911
vt 0.279728 0.061656
vt 0.279312 0.057052
vt 0.275039 0.066659
vt 0.263680 0.073937
vt 0.282762 0.075679
vt 0.282501 0.073647
vt 0.278418 0.059624
vt 0.282192 0.059684
vt 0.265916 0.061835
vt 0.268503 0.068585
vt 0.255493 0.068786
vt 0.286010 0.068632
vt 0.283876 0.069375
vt 0.282093 0.067459
vt 0.282412 0.070855
vt 0.284431 0.047963
vt 0.283143 0.072547
vt 0.275426 0.082582
vt 0.281212 0.046467
vt 0.276912 0.034117
vt 0.273413 0.039380
vt 0.271068 0.034614
vt 0.277746 0.044573
vt 0.272326 0.044723
vt 0.270138 0.040460
vt 0.277871 0.040225
vt 0.284838 0.042435
vt 0.264319 0.034266
vt 0.284959 0.072159
vt 0.286889 0.070747
vt 0.265777 0.026119
vt 0.273891 0.029619
vt 0.257748 0.068669
vt 0.284666 0.074203
vt 0.271232 0.038444
vt 0.281936 0.062429
vt 0.283441 0.035910
vt 0.279975 0.066163
vt 0.281828 0.026977
vt 0.268778 0.075705
vt 0.260639 0.071076
vt 0.256356 0.056678
vt 0.284884 0.062357
vt 0.259969 0.059382
vt 0.272088 0.024056
vt 0.258714 0.057564
vt 0.275945 0.018535
vt 0.270776 0.019446
vt 0.280713 0.019039
vt 0.019241 0.389672
vt 0.021826 0.387802
vt 0.021409 0.391116
vt 0.017020 0.385968
vt 0.016419 0.381952
vt 0.019985 0.382870
vt 0.009119 0.378789
vt 0.013048 0.376613
vt 0.014406 0.378005
vt 0.009381 0.374413
vt 0.011234 0.376238
vt 0.011997 0.383579
vt 0.034506 0.371084
vt 0.034266 0.368975
vt 0.036091 0.370407
vt 0.026022 0.365797
vt 0.027040 0.362933
vt 0.029373 0.364746
vt 0.029179 0.361757
vt 0.013700 0.380469
vt 0.016335 0.379377
vt 0.031920 0.370396
vt 0.016089 0.389241
vt 0.007858 0.382564
vt 0.031786 0.365657
vt 0.032686 0.367625
vt 0.030330 0.367916
vt 0.023397 0.366823
vt 0.022766 0.363657
vt 0.027333 0.360647
vt 0.023828 0.360925
vt 0.018285 0.366163
vt 0.018302 0.362257
vt 0.015139 0.366532
vt 0.015098 0.368984
vt 0.014827 0.393393
vt 0.014889 0.390926
vt 0.018369 0.392503
vt 0.020093 0.395372
vt 0.017448 0.395406
vt 0.018185 0.369104
vt 0.015984 0.371454
vt 0.013196 0.391762
vt 0.016039 0.396052
vt 0.017111 0.396955
vt 0.010006 0.392866
vt 0.012637 0.390225
vt 0.020065 0.366882
vt 0.018815 0.371636
vt 0.020249 0.369647
vt 0.018878 0.396905
vt 0.019154 0.399182
vt 0.022044 0.368388
vt 0.015006 0.397213
vt 0.025679 0.369001
vt 0.023312 0.369209
vt 0.024450 0.371337
vt 0.028054 0.367554
vt 0.012386 0.399791
vt 0.012614 0.369203
vt 0.022334 0.371496
vt 0.020675 0.372131
vt 0.019617 0.374622
vt 0.028516 0.370023
vt 0.026930 0.371845
vt 0.022187 0.375606
vt 0.015960 0.400737
vt 0.007280 0.398422
vt 0.026021 0.375201
vt 0.024052 0.374325
vt 0.025692 0.373370
vt 0.027880 0.373323
vt 0.005768 0.395638
vt 0.025669 0.376549
vt 0.027322 0.374709
vt 0.035214 0.372224
vt 0.033692 0.373888
vt 0.029947 0.372702
vt 0.028987 0.375516
vt 0.030446 0.377838
vt 0.027446 0.377811
vt 0.031364 0.375507
vt 0.012662 0.387435
vt 0.008690 0.386644
vt 0.010595 0.389109
vt 0.008356 0.389302
vt 0.005728 0.388730
vt 0.044793 0.390945
vt 0.044512 0.385739
vt 0.048887 0.390038
vt 0.037907 0.374077
vt 0.040051 0.386758
vt 0.038617 0.382120
vt 0.007435 0.390009
vt 0.006183 0.390184
vt 0.006865 0.390887
vt 0.005740 0.392507
vt 0.034141 0.387579
vt 0.030107 0.384916
vt 0.031505 0.381855
vt 0.025233 0.390329
vt 0.026839 0.393400
vt 0.023472 0.392345
vt 0.018460 0.380025
vt 0.014041 0.374215
vt 0.022606 0.384164
vt 0.024953 0.387063
vt 0.035693 0.377542
vt 0.032700 0.378433
vt 0.028474 0.381806
vt 0.039433 0.389790
vt 0.033384 0.376162
vt 0.040914 0.379609
vt 0.034721 0.380856
vt 0.040868 0.393856
vt 0.037347 0.391079
vt 0.022642 0.378678
vt 0.025079 0.379309
vt 0.045268 0.394727
vt 0.048528 0.394795
vt 0.036595 0.384231
vt 0.037357 0.387145
vt 0.027521 0.385332
vt 0.025721 0.395684
vt 0.045490 0.381600
vt 0.043800 0.376701
vt 0.015309 0.375869
vt 0.017028 0.374012
vt 0.017645 0.377163
vt 0.027720 0.389782
vt 0.049471 0.386054
vt 0.021524 0.398094
vt 0.023056 0.401393
vt 0.019916 0.397147
vt 0.021554 0.393140
vt 0.022957 0.395527
vt 0.029077 0.399470
vt 0.032658 0.401179
vt 0.028806 0.402503
vt 0.025399 0.398197
vt 0.028080 0.398320
vt 0.049883 0.388465
vt 0.020673 0.378738
vt 0.028434 0.396626
vt 0.050846 0.393730
vt 0.031381 0.397220
vt 0.030320 0.393488
vt 0.013084 0.371721
vt 0.030896 0.389214
vt 0.030868 0.386834
vt 0.021738 0.381855
vt 0.022852 0.381098
vt 0.024567 0.383416
vt 0.048024 0.374246
vt 0.041999 0.368264
vt 0.050964 0.381186
vt 0.034226 0.392488
vt 0.035423 0.395724
vt 0.032932 0.395386
vt 0.037273 0.393872
vt 0.038501 0.396676
vt 0.042527 0.397461
vt 0.038877 0.399935
vt 0.033776 0.397650
vt 0.035919 0.398968
vt 0.005906 0.383602
vt 0.007904 0.384565
vt 0.036512 0.401654
vt 0.991457 0.927011
vt 0.995390 0.926431
vt 0.996133 0.930717
vt 0.975921 0.928410
vt 0.976464 0.926933
vt 0.977983 0.927088
vt 0.981681 0.941159
vt 0.980178 0.940197
vt 0.981010 0.939032
vt 0.983196 0.938495
vt 0.980325 0.917752
vt 0.984402 0.918494
vt 0.979849 0.921563
vt 0.977178 0.932727
vt 0.974107 0.934798
vt 0.975568 0.931317
vt 0.969210 0.932292
vt 0.969582 0.927549
vt 0.972165 0.928705
vt 0.970755 0.923534
vt 0.973540 0.923515
vt 0.982081 0.913685
vt 0.978769 0.913730
vt 0.980850 0.911770
vt 0.997034 0.910433
vt 0.993832 0.911383
vt 0.991976 0.906570
vt 0.982964 0.911996
vt 0.984114 0.913493
vt 0.972917 0.926296
vt 0.974848 0.905845
vt 0.973652 0.904378
vt 0.976455 0.903932
vt 0.972178 0.913911
vt 0.968799 0.914276
vt 0.970293 0.911405
vt 0.965406 0.921610
vt 0.968179 0.920032
vt 0.967485 0.923882
vt 0.968102 0.912129
vt 0.972037 0.920432
vt 0.997602 0.924542
vt 0.998415 0.926338
vt 0.971495 0.897909
vt 0.972575 0.895981
vt 0.975303 0.897992
vt 0.970500 0.917206
vt 0.980151 0.915356
vt 0.975788 0.916267
vt 0.973903 0.937620
vt 0.972500 0.940273
vt 0.970856 0.938218
vt 0.990880 0.914206
vt 0.988620 0.911898
vt 0.987454 0.917783
vt 0.985935 0.916649
vt 0.986540 0.915906
vt 0.986434 0.904114
vt 0.981044 0.903203
vt 0.986073 0.900287
vt 0.973212 0.931276
vt 0.998271 0.928723
vt 0.965015 0.935020
vt 0.966142 0.931457
vt 0.966318 0.917296
vt 0.977643 0.940333
vt 0.978977 0.941124
vt 0.976653 0.941873
vt 0.995069 0.923998
vt 0.987248 0.934066
vt 0.983676 0.934411
vt 0.987267 0.932282
vt 0.976762 0.919659
vt 0.988013 0.923853
vt 0.987755 0.929028
vt 0.987243 0.925932
vt 0.991897 0.929929
vt 0.989092 0.931712
vt 0.999863 0.926242
vt 0.975610 0.925811
vt 0.976637 0.922101
vt 0.976921 0.900897
vt 0.971808 0.900290
vt 0.975677 0.911438
vt 0.972994 0.909470
vt 0.975936 0.909674
vt 0.987384 0.913116
vt 0.987883 0.914994
vt 0.985998 0.914044
vt 0.984933 0.915640
vt 0.975125 0.906906
vt 0.979448 0.937930
vt 0.982128 0.923198
vt 0.979857 0.924444
vt 0.986421 0.909128
vt 0.970786 0.934839
vt 0.982571 0.928073
vt 0.982984 0.930925
vt 0.991238 0.923471
vt 0.974628 0.936182
vt 0.976339 0.935917
vt 0.979885 0.933224
vt 0.977857 0.906610
vt 0.974214 0.908557
vt 0.977536 0.911957
vt 0.975452 0.939451
vt 0.982378 0.907398
vt 0.977884 0.909892
vt 0.977401 0.930614
vt 0.979459 0.930274
vt 0.975281 0.913119
vt 0.983011 0.915775
vt 0.971651 0.906252
vt 0.980097 0.941881
vt 0.984348 0.921550
vt 0.986439 0.920696
vt 0.988787 0.917058
vt 0.989191 0.913283
vt 0.985998 0.911686
vt 0.983692 0.910651
vt 0.968772 0.908277
vt 0.967166 0.905864
vt 0.985236 0.912377
vt 0.989861 0.916224
vt 0.981660 0.942848
vt 0.980729 0.942902
vt 0.962896 0.905432
vt 0.969427 0.903300
vt 0.972868 0.911469
vt 0.981432 0.898351
vt 0.984950 0.937131
vt 0.986035 0.941485
vt 0.999602 0.915586
vt 0.996669 0.917532
vt 0.999999 0.919759
vt 0.962389 0.933052
vt 0.965265 0.928122
vt 0.981309 0.930751
vt 0.998630 0.922407
vt 0.985232 0.923508
vt 0.986736 0.924306
vt 0.983267 0.924786
vt 0.981171 0.925769
vt 0.982181 0.937850
vt 0.980014 0.927973
vt 0.990578 0.918453
vt 0.994858 0.921209
vt 0.990905 0.920586
vt 0.985085 0.925627
vt 0.989417 0.921787
vt 0.967444 0.901241
vt 0.978295 0.929052
vt 0.989204 0.919241
vt 0.968412 0.896313
vt 0.993429 0.918308
vt 0.976904 0.929399
vt 0.967113 0.937055
vt 0.992784 0.916314
vt 0.992268 0.914597
vt 0.963643 0.910413
vt 0.988402 0.938450
vt 0.986758 0.935911
vt 0.988678 0.934532
vt 0.989681 0.918012
vt 0.992209 0.935163
vt 0.984102 0.943485
vt 0.982457 0.942887
vt 0.993179 0.932343
vt 0.984247 0.911752
vt 0.963502 0.908942
vt 0.825649 0.031888
vt 0.826267 0.030529
vt 0.827946 0.032582
vt 0.841195 0.037756
vt 0.845649 0.033847
vt 0.845977 0.037518
vt 0.849553 0.056178
vt 0.853433 0.054361
vt 0.853165 0.057856
vt 0.834145 0.038033
vt 0.834688 0.039653
vt 0.832134 0.037749
vt 0.856432 0.050404
vt 0.853818 0.050890
vt 0.844881 0.049469
vt 0.842933 0.047908
vt 0.844781 0.048180
vt 0.832682 0.040294
vt 0.840897 0.055427
vt 0.839198 0.059730
vt 0.837271 0.057673
vt 0.821097 0.027711
vt 0.823392 0.030333
vt 0.821819 0.030220
vt 0.838573 0.045594
vt 0.836576 0.045848
vt 0.836956 0.043774
vt 0.837527 0.041809
vt 0.839128 0.041397
vt 0.838947 0.043428
vt 0.849294 0.038110
vt 0.847871 0.040764
vt 0.826967 0.028099
vt 0.824039 0.028672
vt 0.850109 0.045578
vt 0.847696 0.043288
vt 0.850561 0.040481
vt 0.830068 0.058055
vt 0.834060 0.056536
vt 0.831280 0.061812
vt 0.823066 0.049038
vt 0.820067 0.043894
vt 0.823879 0.043542
vt 0.834974 0.044324
vt 0.833602 0.042542
vt 0.835333 0.042011
vt 0.837565 0.047678
vt 0.842989 0.058649
vt 0.845742 0.056241
vt 0.847562 0.059928
vt 0.838614 0.066156
vt 0.841790 0.062248
vt 0.846188 0.066642
vt 0.862250 0.045642
vt 0.858060 0.045506
vt 0.859889 0.041808
vt 0.829567 0.029954
vt 0.848538 0.053787
vt 0.852225 0.052581
vt 0.845921 0.045536
vt 0.837173 0.053912
vt 0.833808 0.031148
vt 0.832860 0.027068
vt 0.851514 0.049517
vt 0.852943 0.035961
vt 0.857620 0.037468
vt 0.854090 0.040285
vt 0.832047 0.073236
vt 0.832584 0.068312
vt 0.844753 0.053448
vt 0.847458 0.051149
vt 0.834894 0.061623
vt 0.836892 0.040884
vt 0.841530 0.044705
vt 0.841414 0.042066
vt 0.830078 0.041224
vt 0.829024 0.038629
vt 0.854276 0.045626
vt 0.861476 0.034140
vt 0.860413 0.029674
vt 0.863963 0.032658
vt 0.853593 0.022691
vt 0.857657 0.025664
vt 0.852597 0.025982
vt 0.856407 0.031249
vt 0.852473 0.042021
vt 0.826509 0.046695
vt 0.829350 0.047688
vt 0.827454 0.052860
vt 0.840298 0.048895
vt 0.862786 0.048905
vt 0.864403 0.048432
vt 0.861791 0.051417
vt 0.820866 0.023305
vt 0.844317 0.043581
vt 0.824299 0.062074
vt 0.820518 0.058604
vt 0.838617 0.070170
vt 0.850127 0.035060
vt 0.831057 0.033947
vt 0.829146 0.026755
vt 0.837134 0.063314
vt 0.826250 0.024779
vt 0.831841 0.023180
vt 0.832368 0.045103
vt 0.835092 0.045516
vt 0.859952 0.048657
vt 0.843973 0.040151
vt 0.834760 0.035223
vt 0.835181 0.047756
vt 0.817656 0.023898
vt 0.841008 0.033010
vt 0.844111 0.029610
vt 0.868540 0.046518
vt 0.828980 0.067601
vt 0.828519 0.035630
vt 0.830626 0.019478
vt 0.834687 0.019686
vt 0.846802 0.048554
vt 0.844564 0.047191
vt 0.854645 0.020483
vt 0.854236 0.015642
vt 0.859150 0.019580
vt 0.824115 0.021852
vt 0.826149 0.021920
vt 0.831270 0.052580
vt 0.843739 0.045946
vt 0.843474 0.050469
vt 0.837616 0.023473
vt 0.840793 0.026744
vt 0.837241 0.028413
vt 0.819741 0.029846
vt 0.859430 0.056828
vt 0.857853 0.057400
vt 0.859123 0.054624
vt 0.823725 0.033216
vt 0.843401 0.017083
vt 0.839640 0.018045
vt 0.842738 0.015755
vt 0.825938 0.065970
vt 0.830522 0.038480
vt 0.861748 0.055936
vt 0.836929 0.050348
vt 0.839322 0.052088
vt 0.826695 0.039054
vt 0.814619 0.038965
vt 0.820014 0.039901
vt 0.816634 0.041555
vt 0.847630 0.025734
vt 0.850271 0.030715
vt 0.845032 0.020875
vt 0.855157 0.062460
vt 0.828047 0.043962
vt 0.834355 0.052261
vt 0.844787 0.014358
vt 0.856353 0.055061
vt 0.838278 0.039974
vt 0.836462 0.038221
vt 0.816771 0.045115
vt 0.818283 0.047871
vt 0.813946 0.043265
vt 0.837467 0.032212
vt 0.832730 0.048905
vt 0.834811 0.050127
vt 0.838250 0.035250
vt 0.863546 0.039717
vt 0.860333 0.038348
vt 0.849672 0.018203
vt 0.826171 0.036904
vt 0.850504 0.022346
vt 0.856480 0.041620
vt 0.858227 0.052387
vt 0.825342 0.040644
vt 0.821832 0.036805
vt 0.866490 0.050606
vt 0.813264 0.040434
vt 0.810119 0.036563
vt 0.815775 0.036168
vt 0.834554 0.015566
vt 0.840016 0.014003
vt 0.859704 0.022966
vt 0.813044 0.032985
vt 0.840187 0.029906
vt 0.866735 0.030954
vt 0.866349 0.035163
vt 0.841564 0.051957
vt 0.843183 0.025134
vt 0.827887 0.045648
vt 0.867782 0.038809
vt 0.817529 0.052203
vt 0.863234 0.026507
vt 0.836431 0.013163
vt 0.818256 0.032795
vt 0.813079 0.030336
vt 0.816869 0.027490
vt 0.815672 0.029681
vt 0.944028 0.126773
vt 0.945179 0.126575
vt 0.945479 0.128572
vt 0.947019 0.123101
vt 0.948107 0.121189
vt 0.949234 0.122627
vt 0.957727 0.118409
vt 0.956731 0.118092
vt 0.958434 0.117935
vt 0.954894 0.117410
vt 0.955624 0.119298
vt 0.953379 0.118653
vt 0.954236 0.122290
vt 0.955948 0.116751
vt 0.959101 0.119012
vt 0.961630 0.119815
vt 0.959250 0.116653
vt 0.951400 0.120759
vt 0.946435 0.126410
vt 0.945221 0.124926
vt 0.957730 0.119595
vt 0.964902 0.118955
vt 0.964837 0.121771
vt 0.968243 0.108574
vt 0.968351 0.104863
vt 0.971163 0.105495
vt 0.949081 0.120054
vt 0.965729 0.106191
vt 0.950850 0.123213
vt 0.956757 0.121784
vt 0.941976 0.120056
vt 0.944940 0.120612
vt 0.942437 0.122376
vt 0.971131 0.112051
vt 0.968697 0.113626
vt 0.952341 0.123706
vt 0.964002 0.110056
vt 0.947236 0.120471
vt 0.951103 0.125151
vt 0.944277 0.123245
vt 0.943016 0.125514
vt 0.947441 0.118127
vt 0.953405 0.115593
vt 0.959818 0.113745
vt 0.966364 0.115851
vt 0.961611 0.105155
vt 0.971747 0.109104
vt 0.974444 0.108679
vt 0.974562 0.111733
vt 0.985115 0.099053
vt 0.981761 0.102725
vt 0.982421 0.096928
vt 0.982829 0.112815
vt 0.978734 0.111397
vt 0.982891 0.107283
vt 0.977768 0.102572
vt 0.979591 0.096762
vt 0.988791 0.103825
vt 0.990065 0.096599
vt 0.977230 0.107948
vt 0.978091 0.113194
vt 0.979747 0.113637
vt 0.975838 0.100523
vt 0.973848 0.105982
vt 0.975848 0.106848
vt 0.985922 0.094638
vt 0.946971 0.098270
vt 0.951966 0.095967
vt 0.946976 0.101461
vt 0.953050 0.098823
vt 0.940492 0.102144
vt 0.941058 0.098937
vt 0.947024 0.095745
vt 0.958041 0.097004
vt 0.954807 0.100594
vt 0.942618 0.094951
vt 0.939932 0.105318
vt 0.956850 0.095068
vt 0.963711 0.122768
vt 0.961137 0.123293
vt 0.959500 0.120668
vt 0.958706 0.122594
vt 0.958314 0.120930
vt 0.955692 0.126476
vt 0.957601 0.124183
vt 0.954648 0.134158
vt 0.951670 0.133158
vt 0.952375 0.128908
vt 0.958272 0.127140
vt 0.954381 0.137034
vt 0.954519 0.135440
vt 0.957485 0.135456
vt 0.953410 0.126826
vt 0.952145 0.126449
vt 0.949178 0.126822
vt 0.956148 0.131364
vt 0.963773 0.124621
vt 0.966455 0.124276
vt 0.965210 0.126820
vt 0.968857 0.122778
vt 0.959468 0.124947
vt 0.968953 0.125443
vt 0.968006 0.127831
vt 0.962050 0.125008
vt 0.962484 0.126662
vt 0.961161 0.125560
vt 0.963624 0.129479
vt 0.960233 0.127618
vt 0.966286 0.132963
vt 0.964879 0.134714
vt 0.963776 0.133930
vt 0.965928 0.135085
vt 0.963718 0.134846
vt 0.971255 0.133505
vt 0.969227 0.134845
vt 0.961772 0.135994
vt 0.962500 0.137378
vt 0.962241 0.134515
vt 0.964332 0.135956
vt 0.965102 0.137130
vt 0.966128 0.136599
vt 0.965488 0.135658
vt 0.967519 0.135477
vt 0.963215 0.138952
vt 0.969226 0.130538
vt 0.948401 0.130223
vt 0.967863 0.136520
vt 0.967142 0.137257
vt 0.971236 0.135445
vt 0.959813 0.136767
vt 0.961623 0.137518
vt 0.962088 0.137921
vt 0.961043 0.138906
vt 0.962281 0.138529
vt 0.962695 0.140496
vt 0.960283 0.135118
vt 0.960552 0.140848
vt 0.959402 0.139476
vt 0.958436 0.138150
vt 0.964884 0.138021
vt 0.961488 0.140683
vt 0.974571 0.118544
vt 0.977711 0.116714
vt 0.976020 0.121383
vt 0.983109 0.130595
vt 0.979996 0.125057
vt 0.983623 0.124012
vt 0.982581 0.116575
vt 0.975832 0.114372
vt 0.974690 0.116473
vt 0.972148 0.131430
vt 0.974014 0.131451
vt 0.973230 0.132306
vt 0.974111 0.130575
vt 0.972693 0.130345
vt 0.977872 0.123670
vt 0.977608 0.125602
vt 0.967802 0.129466
vt 0.978101 0.127724
vt 0.974741 0.128424
vt 0.976246 0.130358
vt 0.971680 0.127805
vt 0.974562 0.125411
vt 0.972516 0.123078
vt 0.971554 0.125276
vt 0.978926 0.121636
vt 0.980447 0.120964
vt 0.973205 0.121342
vt 0.970010 0.120381
vt 0.976226 0.131607
vt 0.950531 0.116920
vt 0.977598 0.133418
vt 0.972654 0.119794
vt 0.974356 0.133298
vt 0.951689 0.106256
vt 0.956749 0.103433
vt 0.956890 0.108721
vt 0.939616 0.108956
vt 0.945687 0.108177
vt 0.939762 0.113642
vt 0.969993 0.099137
vt 0.970651 0.101504
vt 0.966559 0.101236
vt 0.969423 0.096975
vt 0.952844 0.113303
vt 0.956128 0.114761
vt 0.949949 0.103252
vt 0.944121 0.117055
vt 0.974091 0.099080
vt 0.973130 0.102331
vt 0.977731 0.096917
vt 0.962142 0.100292
vt 0.958653 0.099609
vt 0.961278 0.096694
vt 0.972466 0.096788
vt 0.976129 0.095592
vt 0.952946 0.103314
vt 0.965596 0.094942
vt 0.944214 0.105394
vt 0.947478 0.114578
vt 0.949027 0.110698
vt 0.953504 0.111762
vt 0.952383 0.108986
vt 0.950991 0.113511
vt 0.957872 0.136343
vt 0.970443 0.137072
vt 0.974599 0.132310
vt 0.974309 0.135436
vt 0.972724 0.117232
vt 0.972435 0.114896
vt 0.970674 0.117234
vt 0.962616 0.131184
vt 0.963141 0.132251
vt 0.960603 0.133084
vt 0.966375 0.129455
vt 0.964080 0.132567
vt 0.959055 0.133396
vt 0.959878 0.134049
vt 0.960811 0.131802
vt 0.958426 0.130021
vt 0.960159 0.134602
vt 0.960733 0.129609
vt 0.961883 0.128989
vt 0.960304 0.130192
vt 0.957875 0.134242
vt 0.060093 0.825064
vt 0.058560 0.826972
vt 0.059157 0.823389
vt 0.061355 0.826521
vt 0.087917 0.825067
vt 0.087997 0.826521
vt 0.085345 0.828502
vt 0.060864 0.824529
vt 0.066763 0.821214
vt 0.066535 0.824771
vt 0.064576 0.822991
vt 0.068818 0.825864
vt 0.069716 0.824521
vt 0.069562 0.827744
vt 0.065587 0.813950
vt 0.064250 0.815832
vt 0.063845 0.812541
vt 0.067383 0.827119
vt 0.065085 0.826328
vt 0.067687 0.824505
vt 0.065056 0.828573
vt 0.070882 0.823864
vt 0.071969 0.822101
vt 0.071238 0.825907
vt 0.068458 0.822755
vt 0.058285 0.815805
vt 0.059127 0.812882
vt 0.059493 0.817752
vt 0.085748 0.825185
vt 0.082775 0.828038
vt 0.061128 0.815246
vt 0.062824 0.816826
vt 0.062521 0.819868
vt 0.059171 0.820204
vt 0.070845 0.826667
vt 0.062788 0.822542
vt 0.062825 0.824709
vt 0.064490 0.819034
vt 0.060558 0.811205
vt 0.060153 0.814041
vt 0.060342 0.817041
vt 0.069769 0.821898
vt 0.066215 0.817229
vt 0.067902 0.817164
vt 0.060962 0.821507
vt 0.061732 0.825495
vt 0.078310 0.830052
vt 0.080272 0.826900
vt 0.079230 0.831274
vt 0.081950 0.832207
vt 0.077457 0.833131
vt 0.076710 0.830900
vt 0.076182 0.834361
vt 0.076329 0.836620
vt 0.078786 0.826345
vt 0.078173 0.834933
vt 0.082523 0.837811
vt 0.081469 0.839612
vt 0.081449 0.836218
vt 0.073005 0.822978
vt 0.074978 0.820430
vt 0.074153 0.824334
vt 0.083157 0.821939
vt 0.080785 0.821912
vt 0.077140 0.838887
vt 0.083029 0.831367
vt 0.085236 0.830481
vt 0.083952 0.832277
vt 0.087179 0.822468
vt 0.062478 0.813951
vt 0.061611 0.809338
vt 0.080166 0.858887
vt 0.080780 0.856888
vt 0.082639 0.857291
vt 0.081002 0.854940
vt 0.081698 0.855552
vt 0.082134 0.858773
vt 0.082005 0.859621
vt 0.062060 0.828666
vt 0.060681 0.829404
vt 0.062908 0.809028
vt 0.062422 0.826945
vt 0.065369 0.810472
vt 0.062904 0.828983
vt 0.060057 0.804753
vt 0.068657 0.811763
vt 0.067208 0.809577
vt 0.070128 0.810031
vt 0.075428 0.834449
vt 0.074965 0.831208
vt 0.071632 0.848788
vt 0.069872 0.850618
vt 0.069297 0.848288
vt 0.062520 0.831096
vt 0.064014 0.831147
vt 0.071486 0.846032
vt 0.069229 0.846285
vt 0.082801 0.834105
vt 0.073622 0.846926
vt 0.067329 0.813713
vt 0.063798 0.833967
vt 0.064854 0.836905
vt 0.063834 0.836908
vt 0.067466 0.846510
vt 0.068736 0.842927
vt 0.087914 0.823106
vt 0.065180 0.834153
vt 0.068499 0.836508
vt 0.066575 0.843551
vt 0.065191 0.840100
vt 0.073609 0.843887
vt 0.071754 0.843291
vt 0.067031 0.831919
vt 0.070254 0.844350
vt 0.073573 0.841690
vt 0.068467 0.833363
vt 0.070434 0.841536
vt 0.075400 0.841916
vt 0.072057 0.851656
vt 0.075150 0.839539
vt 0.062176 0.834707
vt 0.072348 0.840791
vt 0.071119 0.838346
vt 0.073312 0.840617
vt 0.071504 0.833613
vt 0.074722 0.837909
vt 0.072842 0.833886
vt 0.077816 0.825951
vt 0.073034 0.830929
vt 0.080197 0.822293
vt 0.078412 0.821966
vt 0.076473 0.825805
vt 0.082882 0.836789
vt 0.075806 0.828122
vt 0.078996 0.822627
vt 0.080467 0.819369
vt 0.080778 0.817069
vt 0.068825 0.819574
vt 0.081948 0.818049
vt 0.074569 0.844834
vt 0.083061 0.835453
vt 0.069826 0.814659
vt 0.067723 0.830048
vt 0.073367 0.849644
vt 0.076212 0.851630
vt 0.070862 0.852952
vt 0.074637 0.853883
vt 0.071251 0.854748
vt 0.074467 0.855932
vt 0.079329 0.854693
vt 0.077078 0.856223
vt 0.076317 0.849136
vt 0.079200 0.846319
vt 0.083994 0.834138
vt 0.073485 0.821318
vt 0.080865 0.853285
vt 0.080132 0.854054
vt 0.079246 0.856994
vt 0.078986 0.853072
vt 0.072173 0.825583
vt 0.072510 0.823594
vt 0.084440 0.835650
vt 0.080852 0.851003
vt 0.080977 0.848608
vt 0.072304 0.814310
vt 0.070805 0.818962
vt 0.079403 0.818875
vt 0.070507 0.829166
vt 0.070110 0.831710
vt 0.079026 0.841388
vt 0.074551 0.828916
vt 0.073569 0.827738
vt 0.071459 0.830971
vt 0.072084 0.827782
vt 0.078145 0.843517
vt 0.081698 0.843149
vt 0.083393 0.837689
vt 0.057918 0.810810
vt 0.075057 0.826904
vt 0.081603 0.846371
vt 0.909750 0.501514
vt 0.907634 0.504233
vt 0.905751 0.503178
vt 0.914064 0.506065
vt 0.912201 0.506728
vt 0.912919 0.504654
vt 0.911167 0.517607
vt 0.908809 0.517221
vt 0.911702 0.514788
vt 0.920833 0.494737
vt 0.918415 0.494083
vt 0.919327 0.492908
vt 0.907593 0.517206
vt 0.908965 0.515793
vt 0.910358 0.498930
vt 0.913023 0.494717
vt 0.914661 0.497002
vt 0.912915 0.508711
vt 0.910896 0.502994
vt 0.910313 0.503701
vt 0.917742 0.492247
vt 0.911619 0.504575
vt 0.912640 0.503217
vt 0.910283 0.509612
vt 0.911019 0.506912
vt 0.911748 0.509001
vt 0.909000 0.505638
vt 0.904877 0.505384
vt 0.904725 0.507746
vt 0.914706 0.502483
vt 0.912597 0.511885
vt 0.910571 0.511566
vt 0.909012 0.509887
vt 0.909577 0.508226
vt 0.909460 0.510143
vt 0.905136 0.517812
vt 0.905446 0.516804
vt 0.907961 0.508533
vt 0.914206 0.499561
vt 0.879904 0.449699
vt 0.880800 0.451681
vt 0.879039 0.452436
vt 0.926629 0.497930
vt 0.927730 0.501813
vt 0.922972 0.501592
vt 0.910520 0.513885
vt 0.911749 0.513334
vt 0.909472 0.513376
vt 0.910282 0.512563
vt 0.912733 0.501061
vt 0.879266 0.447533
vt 0.884160 0.447213
vt 0.908704 0.510695
vt 0.906109 0.510650
vt 0.918985 0.491044
vt 0.882474 0.483837
vt 0.882213 0.481273
vt 0.883475 0.483258
vt 0.908240 0.512116
vt 0.877509 0.454671
vt 0.880166 0.454710
vt 0.908914 0.519307
vt 0.910097 0.519641
vt 0.909330 0.511687
vt 0.905456 0.512357
vt 0.907362 0.512623
vt 0.910083 0.511106
vt 0.908842 0.512431
vt 0.908656 0.513885
vt 0.905626 0.514687
vt 0.907432 0.514839
vt 0.876018 0.453243
vt 0.906033 0.519055
vt 0.907435 0.519944
vt 0.904496 0.520831
vt 0.902835 0.519293
vt 0.917850 0.490060
vt 0.921973 0.492077
vt 0.924057 0.492186
vt 0.920493 0.490487
vt 0.919192 0.488696
vt 0.886490 0.489524
vt 0.886376 0.490635
vt 0.885494 0.490224
vt 0.885669 0.492535
vt 0.886660 0.493257
vt 0.886170 0.494428
vt 0.885274 0.495414
vt 0.884138 0.493770
vt 0.885261 0.493206
vt 0.878293 0.447496
vt 0.880426 0.482872
vt 0.881255 0.481367
vt 0.882960 0.492618
vt 0.884295 0.491759
vt 0.882173 0.474771
vt 0.880668 0.472489
vt 0.882158 0.473161
vt 0.883516 0.486141
vt 0.883106 0.486646
vt 0.878267 0.444713
vt 0.884845 0.491515
vt 0.885686 0.488199
vt 0.887529 0.483697
vt 0.888515 0.485378
vt 0.887371 0.486446
vt 0.886349 0.491614
vt 0.879585 0.445541
vt 0.881815 0.444921
vt 0.877944 0.450166
vt 0.885039 0.484651
vt 0.884250 0.485509
vt 0.882829 0.474750
vt 0.877441 0.473979
vt 0.881422 0.476775
vt 0.885066 0.477083
vt 0.883911 0.477625
vt 0.883653 0.474329
vt 0.895753 0.485044
vt 0.896330 0.487545
vt 0.894343 0.487028
vt 0.880805 0.491339
vt 0.881721 0.489841
vt 0.882635 0.491029
vt 0.881888 0.450424
vt 0.887359 0.491688
vt 0.876458 0.451703
vt 0.883563 0.494644
vt 0.882572 0.493677
vt 0.890920 0.481202
vt 0.889861 0.482796
vt 0.887997 0.482081
vt 0.893749 0.468286
vt 0.895881 0.469732
vt 0.893219 0.470927
vt 0.896564 0.473845
vt 0.899764 0.471074
vt 0.900423 0.474624
vt 0.883254 0.480754
vt 0.880143 0.478808
vt 0.881936 0.488080
vt 0.880819 0.486230
vt 0.881899 0.485509
vt 0.896140 0.471450
vt 0.883908 0.487606
vt 0.884635 0.487712
vt 0.884608 0.489067
vt 0.888278 0.489168
vt 0.886252 0.487440
vt 0.885229 0.486579
vt 0.889213 0.475705
vt 0.887742 0.476289
vt 0.887977 0.472165
vt 0.883394 0.489588
vt 0.873793 0.442880
vt 0.876807 0.445449
vt 0.875918 0.446341
vt 0.897670 0.476280
vt 0.900724 0.477184
vt 0.885041 0.481439
vt 0.885767 0.479663
vt 0.898866 0.486909
vt 0.897098 0.481701
vt 0.891924 0.485016
vt 0.890384 0.483829
vt 0.891316 0.483053
vt 0.885758 0.473429
vt 0.884913 0.478799
vt 0.891640 0.488190
vt 0.876403 0.448529
vt 0.893743 0.482380
vt 0.889788 0.478904
vt 0.873941 0.451255
vt 0.895435 0.490048
vt 0.883372 0.478234
vt 0.883880 0.486133
vt 0.881039 0.453048
vt 0.879992 0.489294
vt 0.898212 0.478479
vt 0.923898 0.495896
vt 0.933854 0.492574
vt 0.879370 0.493617
vt 0.892907 0.478205
vt 0.900790 0.480172
vt 0.901893 0.477031
vt 0.902850 0.479213
vt 0.920502 0.509033
vt 0.924793 0.505077
vt 0.925757 0.509104
vt 0.880416 0.444065
vt 0.883586 0.442801
vt 0.880516 0.484622
vt 0.930073 0.498838
vt 0.884861 0.474930
vt 0.900098 0.484959
vt 0.902824 0.481903
vt 0.900492 0.482724
vt 0.933529 0.502894
vt 0.892668 0.474411
vt 0.894682 0.475912
vt 0.881597 0.541876
vt 0.880824 0.538307
vt 0.883179 0.538846
vt 0.881043 0.488208
vt 0.886948 0.494978
vt 0.880178 0.487064
vt 0.880469 0.469073
vt 0.883031 0.470458
vt 0.885618 0.460896
vt 0.885458 0.464243
vt 0.883010 0.462313
vt 0.883914 0.468069
vt 0.887952 0.459382
vt 0.888645 0.463029
vt 0.895380 0.467441
vt 0.889114 0.467532
vt 0.902429 0.513546
vt 0.900810 0.514318
vt 0.901298 0.512163
vt 0.894403 0.534006
vt 0.894138 0.529971
vt 0.897069 0.530661
vt 0.886779 0.529152
vt 0.887910 0.531036
vt 0.885849 0.532580
vt 0.883345 0.464680
vt 0.881148 0.463449
vt 0.880026 0.541062
vt 0.879768 0.539963
vt 0.877730 0.468615
vt 0.878762 0.463955
vt 0.883778 0.543193
vt 0.882799 0.536054
vt 0.884470 0.532436
vt 0.884144 0.534393
vt 0.896249 0.523219
vt 0.893663 0.525920
vt 0.893683 0.523806
vt 0.897498 0.525585
vt 0.895152 0.526393
vt 0.898108 0.522547
vt 0.894883 0.521596
vt 0.892606 0.519323
vt 0.896171 0.518752
vt 0.899754 0.512928
vt 0.898237 0.513585
vt 0.882140 0.466688
vt 0.900346 0.523650
vt 0.900026 0.521995
vt 0.899673 0.521268
vt 0.888638 0.511340
vt 0.889179 0.508783
vt 0.890321 0.510703
vt 0.894893 0.513916
vt 0.893078 0.513196
vt 0.894914 0.510528
vt 0.888238 0.494645
vt 0.888459 0.499660
vt 0.888527 0.497634
vt 0.890618 0.499669
vt 0.889692 0.492400
vt 0.889184 0.489232
vt 0.891513 0.491961
vt 0.896186 0.520815
vt 0.897899 0.520608
vt 0.899815 0.518893
vt 0.901079 0.487827
vt 0.901823 0.486529
vt 0.902059 0.488166
vt 0.891756 0.497774
vt 0.892688 0.499614
vt 0.886200 0.497433
vt 0.887193 0.498027
vt 0.886685 0.498819
vt 0.888091 0.515381
vt 0.889643 0.513170
vt 0.890087 0.515428
vt 0.887158 0.496802
vt 0.887737 0.496140
vt 0.901798 0.521818
vt 0.891178 0.495456
vt 0.889668 0.497079
vt 0.883920 0.495905
vt 0.884829 0.497728
vt 0.901085 0.520443
vt 0.882185 0.471466
vt 0.893864 0.508463
vt 0.892293 0.510067
vt 0.892797 0.507113
vt 0.888449 0.496652
vt 0.903075 0.522542
vt 0.904696 0.524106
vt 0.892576 0.496302
vt 0.892523 0.465014
vt 0.892446 0.467804
vt 0.894889 0.493409
vt 0.886020 0.454446
vt 0.887321 0.456473
vt 0.885256 0.457436
vt 0.912095 0.518626
vt 0.913125 0.516618
vt 0.905202 0.522337
vt 0.893465 0.504819
vt 0.891217 0.504809
vt 0.900688 0.495657
vt 0.900062 0.492645
vt 0.902366 0.493045
vt 0.886483 0.503165
vt 0.887253 0.500823
vt 0.888545 0.502955
vt 0.904759 0.494685
vt 0.904129 0.490931
vt 0.896214 0.495709
vt 0.897314 0.492757
vt 0.890599 0.501899
vt 0.897227 0.509955
vt 0.897109 0.512257
vt 0.892227 0.522635
vt 0.900956 0.489545
vt 0.898555 0.490745
vt 0.887896 0.513289
vt 0.887163 0.511974
vt 0.898705 0.494697
vt 0.887610 0.505052
vt 0.891072 0.507878
vt 0.889542 0.506708
vt 0.900294 0.487069
vt 0.891170 0.512994
vt 0.889156 0.549415
vt 0.890589 0.547271
vt 0.891401 0.553610
vt 0.898058 0.488854
vt 0.902848 0.496897
vt 0.887597 0.546562
vt 0.901781 0.509397
vt 0.901238 0.511189
vt 0.899531 0.511459
vt 0.887584 0.509910
vt 0.902119 0.489976
vt 0.892777 0.549571
vt 0.885619 0.500360
vt 0.898515 0.507996
vt 0.897793 0.505249
vt 0.899425 0.505265
vt 0.888993 0.505255
vt 0.879633 0.461316
vt 0.893109 0.516143
vt 0.877411 0.461881
vt 0.875910 0.466062
vt 0.912837 0.519076
vt 0.895223 0.516352
vt 0.911060 0.520806
vt 0.911920 0.523346
vt 0.907636 0.520883
vt 0.914224 0.520214
vt 0.903434 0.487932
vt 0.896866 0.508082
vt 0.887789 0.507245
vt 0.886446 0.505827
vt 0.906525 0.488494
vt 0.894874 0.506727
vt 0.885855 0.514920
vt 0.896720 0.514686
vt 0.891691 0.515099
vt 0.898364 0.510358
vt 0.899569 0.509340
vt 0.898468 0.516398
vt 0.902313 0.516356
vt 0.879076 0.551264
vt 0.881524 0.553044
vt 0.880121 0.555709
vt 0.880076 0.548609
vt 0.880338 0.544734
vt 0.881696 0.545950
vt 0.900394 0.507555
vt 0.881951 0.549939
vt 0.885764 0.561243
vt 0.878599 0.542931
vt 0.877501 0.542962
vt 0.878044 0.541828
vt 0.883594 0.536354
vt 0.883109 0.495634
vt 0.922358 0.510376
vt 0.921738 0.512235
vt 0.883120 0.548279
vt 0.885099 0.547130
vt 0.884390 0.549673
vt 0.884405 0.554120
vt 0.916656 0.507924
vt 0.916491 0.512632
vt 0.886013 0.550746
vt 0.886624 0.542153
vt 0.885274 0.538990
vt 0.890470 0.562739
vt 0.914473 0.510510
vt 0.917457 0.505204
vt 0.887408 0.537181
vt 0.889773 0.538903
vt 0.916476 0.517358
vt 0.919866 0.515372
vt 0.888241 0.551475
vt 0.888370 0.555816
vt 0.921279 0.505118
vt 0.888804 0.543473
vt 0.924212 0.530848
vt 0.925553 0.540636
vt 0.919746 0.533424
vt 0.927011 0.492223
vt 0.889820 0.541685
vt 0.926965 0.525438
vt 0.919786 0.526400
vt 0.890310 0.543489
vt 0.929153 0.530208
vt 0.891979 0.545964
vt 0.889575 0.552045
vt 0.888292 0.552870
vt 0.918293 0.500013
vt 0.892041 0.542668
vt 0.893133 0.538352
vt 0.893849 0.553842
vt 0.909535 0.493468
vt 0.909514 0.494871
vt 0.924390 0.488976
vt 0.921156 0.487569
vt 0.921174 0.484624
vt 0.924218 0.485260
vt 0.908634 0.497043
vt 0.906990 0.494682
vt 0.894277 0.499671
vt 0.895177 0.497990
vt 0.900526 0.498868
vt 0.898077 0.497687
vt 0.910591 0.490880
vt 0.909404 0.487979
vt 0.911924 0.487905
vt 0.904261 0.501406
vt 0.905385 0.497997
vt 0.907199 0.500138
vt 0.902892 0.504237
vt 0.900382 0.502163
vt 0.897937 0.500270
vt 0.905687 0.492330
vt 0.892647 0.502102
vt 0.895789 0.499235
vt 0.902797 0.499837
vt 0.896799 0.501963
vt 0.895615 0.500700
vt 0.901924 0.506502
vt 0.908139 0.491348
vt 0.895191 0.503239
vt 0.915980 0.487970
vt 0.904011 0.511259
vt 0.903412 0.512605
vt 0.927255 0.490189
vt 0.925525 0.490728
vt 0.894973 0.498996
vt 0.904055 0.515887
vt 0.905354 0.513627
vt 0.903597 0.514787
vt 0.919648 0.484959
vt 0.921169 0.481508
vt 0.920321 0.483103
vt 0.919202 0.481919
vt 0.919331 0.479509
vt 0.912130 0.484641
vt 0.913916 0.479982
vt 0.917393 0.484300
vt 0.910104 0.483322
vt 0.891507 0.460759
vt 0.881788 0.459383
vt 0.895463 0.548290
vt 0.886812 0.454176
vt 0.894469 0.542281
vt 0.896065 0.537502
vt 0.879987 0.542962
vt 0.911889 0.526738
vt 0.902681 0.528917
vt 0.899417 0.534566
vt 0.896550 0.543572
vt 0.901933 0.517381
vt 0.915119 0.545611
vt 0.911644 0.542067
vt 0.917020 0.540180
vt 0.881800 0.536502
vt 0.882853 0.535227
vt 0.884401 0.454733
vt 0.887686 0.534102
vt 0.886248 0.533866
vt 0.925466 0.514346
vt 0.884243 0.490272
vt 0.883663 0.488677
vt 0.885117 0.452159
vt 0.897207 0.554878
vt 0.882724 0.487858
vt 0.886104 0.451855
vt 0.900307 0.548223
vt 0.898918 0.540219
vt 0.902559 0.554801
vt 0.933649 0.507561
vt 0.932399 0.512566
vt 0.928185 0.510741
vt 0.907276 0.552240
vt 0.901813 0.541980
vt 0.889780 0.534157
vt 0.885724 0.530676
vt 0.889322 0.531477
vt 0.889867 0.528693
vt 0.883062 0.531685
vt 0.890091 0.522271
vt 0.890470 0.524840
vt 0.884888 0.529312
vt 0.883553 0.529403
vt 0.887938 0.525886
vt 0.882401 0.534258
vt 0.885233 0.526865
vt 0.891407 0.525648
vt 0.939924 0.533866
vt 0.934313 0.544308
vt 0.932082 0.535984
vt 0.919756 0.520034
vt 0.907119 0.544095
vt 0.904257 0.536315
vt 0.912082 0.531377
vt 0.884590 0.535071
vt 0.884298 0.536958
vt 0.879033 0.545387
vt 0.922633 0.554662
vt 0.885670 0.536123
vt 0.891610 0.529770
vt 0.892128 0.534187
vt 0.879249 0.540877
vt 0.879159 0.540167
vt 0.888999 0.527409
vt 0.928694 0.519249
vt 0.939924 0.541401
vt 0.933521 0.522924
vt 0.879205 0.459511
vt 0.878917 0.457897
vt 0.877453 0.458270
vt 0.877890 0.460225
vt 0.875667 0.457895
vt 0.875211 0.456193
vt 0.873787 0.460383
vt 0.876088 0.550435
vt 0.877653 0.456713
vt 0.878822 0.456261
vt 0.880696 0.456797
vt 0.882287 0.455652
vt 0.881623 0.454079
vt 0.873535 0.454725
vt 0.939843 0.515128
vt 0.875075 0.454678
vt 0.939917 0.524201
vt 0.877095 0.546339
vt 0.934518 0.528889
vt 0.931412 0.553926
vt 0.913995 0.513167
vt 0.882691 0.452214
vt 0.880445 0.538036
vt 0.878147 0.548399
vt 0.937190 0.508866
vt 0.880646 0.435898
vt 0.879261 0.441478
vt 0.876979 0.440878
vt 0.876293 0.438243
vt 0.875515 0.435898
vt 0.875292 0.439687
vt 0.880624 0.441143
vt 0.876258 0.544890
vt 0.913287 0.550490
vt 0.888417 0.517842
vt 0.887247 0.522326
vt 0.886183 0.518662
vt 0.890962 0.518142
vt 0.872634 0.546176
vt 0.886823 0.448063
vt 0.877958 0.490190
vt 0.878953 0.486638
vt 0.917553 0.494341
vt 0.912425 0.501909
vt 0.918274 0.496508
vt 0.904794 0.479407
vt 0.905775 0.482021
vt 0.903452 0.484338
vt 0.901466 0.484208
vt 0.904744 0.485731
vt 0.907009 0.479404
vt 0.908755 0.480485
vt 0.907948 0.485041
vt 0.908252 0.482453
vt 0.906002 0.483797
s 1
usemtl Material.001
f 5/1/1 6/2/1 7/3/1
f 26/4/2 27/5/3 28/6/4
f 28/6/4 29/7/5 26/4/2
f 39/8/6 38/9/7 41/10/8
f 55/11/9 56/12/10 57/13/11
f 58/14/12 56/12/10 59/15/13
f 60/16/14 55/11/9 57/13/11
f 61/17/15 57/13/11 56/12/10
f 59/15/13 62/18/16 58/14/12
f 56/12/10 58/14/12 61/17/15
f 70/19/17 71/20/18 72/21/19
f 73/22/20 74/23/21 71/20/18
f 72/21/19 75/24/22 70/19/17
f 72/21/19 71/20/18 74/23/21
f 70/19/17 75/24/22 76/25/23
f 70/19/17 76/25/23 71/20/18
f 74/23/21 73/22/20 77/26/24
f 74/23/21 77/26/24 72/21/19
f 103/27/25 104/28/26 105/29/27
f 106/30/28 104/28/26 103/27/25
f 107/31/29 108/32/30 104/28/26
f 109/33/31 110/34/32 111/35/33
f 109/33/31 104/28/26 112/36/34
f 113/37/35 114/38/36 110/34/32
f 115/39/37 107/31/29 106/30/28
f 107/31/29 104/28/26 106/30/28
f 113/37/35 110/34/32 109/33/31
f 111/35/33 105/29/27 104/28/26
f 104/28/26 109/33/31 111/35/33
f 104/28/26 108/32/30 112/36/34
f 113/37/35 109/33/31 116/40/38
f 108/32/30 116/40/38 112/36/34
f 109/33/31 112/36/34 116/40/38
f 120/41/39 118/42/40 121/43/41
f 120/41/39 119/44/42 118/42/40
f 145/45/43 146/46/44 147/47/45
f 148/48/46 147/47/45 149/49/47
f 150/50/48 151/51/49 152/52/50
f 153/53/51 154/54/52 155/55/53
f 155/55/53 156/56/54 151/51/49
f 152/52/50 146/46/44 150/50/48
f 152/52/50 151/51/49 157/57/55
f 151/51/49 150/50/48 153/53/51
f 145/45/43 153/53/51 150/50/48
f 148/48/46 145/45/43 147/47/45
f 155/55/53 158/58/56 156/56/54
f 151/51/49 156/56/54 159/59/57
f 150/50/48 146/46/44 145/45/43
f 157/57/55 151/51/49 159/59/57
f 155/55/53 151/51/49 153/53/51
f 148/48/46 153/53/51 145/45/43
f 154/54/52 153/53/51 148/48/46
f 146/46/44 149/49/47 147/47/45
f 191/60/58 197/61/59 198/62/60
f 198/62/60 197/61/59 199/63/61
f 197/61/59 191/60/58 202/64/62
f 203/65/63 204/66/64 205/67/65
f 198/62/60 204/66/64 191/60/58
f 198/62/60 205/67/65 204/66/64
f 191/60/58 204/66/64 192/68/66
f 206/69/67 203/65/63 207/70/68
f 203/65/63 206/69/67 204/66/64
f 219/71/69 220/72/70 221/73/71
f 217/74/72 220/72/70 219/71/69
f 218/75/73 217/74/72 219/71/69
f 244/76/74 245/77/75 246/78/76
f 247/79/77 244/76/74 248/80/78
f 248/80/78 249/81/79 250/82/80
f 251/83/81 252/84/82 246/78/76
f 251/83/81 253/85/83 252/84/82
f 246/78/76 245/77/75 251/83/81
f 245/77/75 244/76/74 254/86/84
f 252/84/82 253/85/83 255/87/85
f 254/86/84 247/79/77 256/88/86
f 250/82/80 252/84/82 257/89/87
f 257/89/87 258/90/88 250/82/80
f 259/91/89 256/88/86 260/92/90
f 261/93/91 252/84/82 262/94/92
f 250/82/80 258/90/88 248/80/78
f 255/87/85 262/94/92 252/84/82
f 263/95/93 262/94/92 255/87/85
f 246/78/76 249/81/79 248/80/78
f 247/79/77 248/80/78 258/90/88
f 264/96/94 261/93/91 262/94/92
f 250/82/80 249/81/79 252/84/82
f 265/97/95 262/94/92 263/95/93
f 256/88/86 259/91/89 254/86/84
f 257/89/87 252/84/82 261/93/91
f 265/97/95 264/96/94 262/94/92
f 247/79/77 254/86/84 244/76/74
f 252/84/82 249/81/79 246/78/76
f 248/80/78 244/76/74 246/78/76
f 293/98/96 294/99/97 295/100/98
f 296/101/99 297/102/100 298/103/101
f 299/104/102 304/105/103 305/106/104
f 304/105/103 299/104/102 296/101/99
f 304/105/103 296/101/99 306/107/105
f 295/100/98 306/107/105 296/101/99
f 298/103/101 297/102/100 307/108/106
f 296/101/99 298/103/101 295/100/98
f 308/109/107 294/99/97 293/98/96
f 298/103/101 293/98/96 295/100/98
f 297/102/100 296/101/99 299/104/102
f 309/110/108 304/105/103 306/107/105
f 342/111/109 343/112/110 344/113/111
f 344/113/111 345/114/112 346/115/113
f 347/116/114 343/112/110 348/117/115
f 349/118/116 350/119/117 351/120/118
f 352/121/119 353/122/120 354/123/121
f 344/113/111 343/112/110 345/114/112
f 351/120/118 353/122/120 349/118/116
f 355/124/122 356/125/123 357/126/124
f 356/125/123 355/124/122 358/127/125
f 359/128/126 360/129/127 361/130/128
f 358/127/125 342/111/109 361/130/128
f 359/128/126 346/115/113 350/119/117
f 356/125/123 360/129/127 357/126/124
f 362/131/129 363/132/130 348/117/115
f 343/112/110 347/116/114 364/133/131
f 342/111/109 348/117/115 343/112/110
f 342/111/109 362/131/129 348/117/115
f 346/115/113 361/130/128 344/113/111
f 363/132/130 365/134/132 348/117/115
f 348/117/115 365/134/132 347/116/114
f 346/115/113 359/128/126 361/130/128
f 361/130/128 342/111/109 344/113/111
f 361/130/128 356/125/123 358/127/125
f 345/114/112 343/112/110 364/133/131
f 357/126/124 359/128/126 349/118/116
f 352/121/119 354/123/121 366/135/133
f 366/135/133 355/124/122 352/121/119
f 360/129/127 359/128/126 357/126/124
f 349/118/116 359/128/126 350/119/117
f 349/118/116 352/121/119 357/126/124
f 355/124/122 357/126/124 352/121/119
f 367/136/134 366/135/133 354/123/121
f 349/118/116 353/122/120 352/121/119
f 356/125/123 361/130/128 360/129/127
f 495/137/135 496/138/136 497/139/137
f 498/140/138 497/139/137 496/138/136
f 499/141/139 500/142/140 501/143/141
f 499/141/139 502/144/142 500/142/140
f 503/145/143 504/146/144 500/142/140
f 505/147/145 499/141/139 501/143/141
f 506/148/146 507/149/147 508/150/148
f 509/151/149 510/152/150 511/153/151
f 510/152/150 509/151/149 512/154/152
f 513/155/153 514/156/154 515/157/155
f 496/138/136 495/137/135 514/156/154
f 498/140/138 496/138/136 516/158/156
f 517/159/157 518/160/158 519/161/159
f 517/159/157 520/162/160 506/148/146
f 514/156/154 513/155/153 516/158/156
f 520/162/160 504/146/144 512/154/152
f 521/163/161 515/157/155 501/143/141
f 503/145/143 512/154/152 504/146/144
f 501/143/141 500/142/140 521/163/161
f 520/162/160 512/154/152 509/151/149
f 509/151/149 511/153/151 522/164/162
f 515/157/155 505/147/145 501/143/141
f 517/159/157 508/150/148 518/160/158
f 500/142/140 504/146/144 521/163/161
f 515/157/155 521/163/161 513/155/153
f 516/158/156 513/155/153 519/161/159
f 516/158/156 496/138/136 514/156/154
f 509/151/149 522/164/162 506/148/146
f 513/155/153 521/163/161 504/146/144
f 518/160/158 516/158/156 519/161/159
f 513/155/153 504/146/144 519/161/159
f 520/162/160 519/161/159 504/146/144
f 517/159/157 519/161/159 520/162/160
f 508/150/148 517/159/157 506/148/146
f 498/140/138 516/158/156 518/160/158
f 506/148/146 520/162/160 509/151/149
f 781/165/163 782/166/164 783/167/165
f 784/168/166 785/169/167 786/170/168
f 783/167/165 782/166/164 787/171/169
f 788/172/170 789/173/171 790/174/172
f 791/175/173 792/176/174 788/172/170
f 793/177/175 791/175/173 794/178/176
f 795/179/177 788/172/170 792/176/174
f 789/173/171 786/170/168 790/174/172
f 792/176/174 791/175/173 793/177/175
f 794/178/176 797/180/178 793/177/175
f 788/172/170 790/174/172 791/175/173
f 784/168/166 789/173/171 796/181/179
f 786/170/168 789/173/171 784/168/166
f 798/182/180 799/183/181 800/184/182
f 801/185/183 781/165/163 783/167/165
f 802/186/184 803/187/185 794/178/176
f 804/188/186 801/185/183 805/189/187
f 801/185/183 783/167/165 800/184/182
f 800/184/182 803/187/185 801/185/183
f 806/190/188 805/189/187 807/191/189
f 804/188/186 808/192/190 809/193/191
f 804/188/186 810/194/192 781/165/163
f 801/185/183 803/187/185 811/195/193
f 812/196/194 800/184/182 783/167/165
f 790/174/172 802/186/184 791/175/173
f 811/195/193 802/186/184 813/197/195
f 791/175/173 802/186/184 794/178/176
f 800/184/182 812/196/194 798/182/180
f 813/197/195 805/189/187 811/195/193
f 803/187/185 800/184/182 794/178/176
f 797/180/178 794/178/176 799/183/181
f 794/178/176 800/184/182 799/183/181
f 798/182/180 812/196/194 787/171/169
f 802/186/184 811/195/193 803/187/185
f 787/171/169 812/196/194 783/167/165
f 790/174/172 813/197/195 802/186/184
f 813/197/195 790/174/172 786/170/168
f 805/189/187 801/185/183 811/195/193
f 807/191/189 805/189/187 813/197/195
f 813/197/195 786/170/168 807/191/189
f 801/185/183 804/188/186 781/165/163
f 807/191/189 786/170/168 785/169/167
f 805/189/187 814/198/196 804/188/186
f 815/199/197 806/190/188 807/191/189
f 810/194/192 804/188/186 809/193/191
f 808/192/190 804/188/186 814/198/196
f 815/199/197 814/198/196 806/190/188
f 805/189/187 806/190/188 814/198/196
f 1263/200/198 1264/201/199 1265/202/200
f 1266/203/201 1267/204/202 1264/201/199
f 1263/200/198 1268/205/203 1264/201/199
f 1269/206/204 1265/202/200 1264/201/199
f 1267/204/202 1270/207/205 1264/201/199
f 1271/208/206 1272/209/207 1273/210/208
f 1274/211/209 1273/210/208 1275/212/210
f 1276/213/211 1274/211/209 1275/212/210
f 1274/211/209 1277/214/212 1273/210/208
f 1274/211/209 1265/202/200 1269/206/204
f 1278/215/213 1279/216/214 1268/205/203
f 1279/216/214 1266/203/201 1268/205/203
f 1273/210/208 1277/214/212 1271/208/206
f 1277/214/212 1274/211/209 1269/206/204
f 1264/201/199 1268/205/203 1266/203/201
f 1278/215/213 1268/205/203 1263/200/198
f 1269/206/204 1270/207/205 1277/214/212
f 1265/202/200 1274/211/209 1276/213/211
f 1270/207/205 1280/217/215 1277/214/212
f 1281/218/216 1282/219/217 1283/220/218
f 1284/221/219 1275/212/210 1273/210/208
f 1282/219/217 1281/218/216 1277/214/212
f 1285/222/220 1275/212/210 1284/221/219
f 1286/223/221 1287/224/222 1288/225/223
f 1269/206/204 1264/201/199 1270/207/205
f 1286/223/221 1278/215/213 1263/200/198
f 1275/212/210 1285/222/220 1276/213/211
f 1278/215/213 1286/223/221 1288/225/223
f 1286/223/221 1263/200/198 1276/213/211
f 1265/202/200 1276/213/211 1263/200/198
f 1270/207/205 1289/226/224 1290/227/225
f 1267/204/202 1289/226/224 1270/207/205
f 1270/207/205 1290/227/225 1291/228/226
f 1270/207/205 1291/228/226 1280/217/215
f 1292/229/227 1293/230/228 1294/231/229
f 1294/231/229 1293/230/228 1290/227/225
f 1295/232/230 1296/233/231 1297/234/232
f 1290/227/225 1293/230/228 1291/228/226
f 1297/234/232 1293/230/228 1298/235/233
f 1297/234/232 1299/236/234 1291/228/226
f 1300/237/235 1301/238/236 1296/233/231
f 1289/226/224 1294/231/229 1290/227/225
f 1297/234/232 1302/239/237 1295/232/230
f 1280/217/215 1291/228/226 1299/236/234
f 1296/233/231 1299/236/234 1297/234/232
f 1291/228/226 1293/230/228 1297/234/232
f 1293/230/228 1292/229/227 1298/235/233
f 1299/236/234 1296/233/231 1303/240/238
f 1300/237/235 1295/232/230 1302/239/237
f 1295/232/230 1300/237/235 1296/233/231
f 1298/235/233 1302/239/237 1297/234/232
f 1281/218/216 1283/220/218 1304/241/239
f 1305/242/240 1272/209/207 1271/208/206
f 1304/241/239 1306/243/241 1271/208/206
f 1281/218/216 1304/241/239 1271/208/206
f 1271/208/206 1277/214/212 1281/218/216
f 1305/242/240 1271/208/206 1306/243/241
f 1307/244/242 1308/245/243 1303/240/238
f 1301/238/236 1303/240/238 1296/233/231
f 1309/246/244 1307/244/242 1303/240/238
f 1310/247/245 1311/248/246 1312/249/247
f 1309/246/244 1301/238/236 1313/250/248
f 1277/214/212 1280/217/215 1314/251/249
f 1308/245/243 1312/249/247 1311/248/246
f 1308/245/243 1311/248/246 1314/251/249
f 1314/251/249 1282/219/217 1277/214/212
f 1303/240/238 1308/245/243 1299/236/234
f 1303/240/238 1301/238/236 1309/246/244
f 1310/247/245 1282/219/217 1311/248/246
f 1282/219/217 1314/251/249 1311/248/246
f 1299/236/234 1314/251/249 1280/217/215
f 1307/244/242 1312/249/247 1308/245/243
f 1314/251/249 1299/236/234 1308/245/243
f 1315/252/250 1316/253/251 1317/254/252
f 1318/255/253 1319/256/254 1315/252/250
f 1315/252/250 1320/257/255 1318/255/253
f 1321/258/256 1322/259/257 1323/260/258
f 1324/261/259 1323/260/258 1322/259/257
f 1324/261/259 1325/262/260 1323/260/258
f 1322/259/257 1326/263/261 1324/261/259
f 1321/258/256 1323/260/258 1327/264/262
f 1328/265/263 1327/264/262 1329/266/264
f 1329/266/264 1330/267/265 1328/265/263
f 1328/265/263 1331/268/266 1327/264/262
f 1327/264/262 1332/269/267 1329/266/264
f 1322/259/257 1321/258/256 1333/270/268
f 1323/260/258 1325/262/260 1332/269/267
f 1326/263/261 1322/259/257 1334/271/269
f 1331/268/266 1330/267/265 1335/272/270
f 1323/260/258 1332/269/267 1327/264/262
f 1333/270/268 1334/271/269 1322/259/257
f 1330/267/265 1336/273/271 1337/274/272
f 1336/273/271 1329/266/264 1338/275/273
f 1339/276/274 1317/254/252 1340/277/275
f 1337/274/272 1341/278/276 1335/272/270
f 1342/279/277 1343/280/278 1344/281/279
f 1342/279/277 1344/281/279 1345/282/280
f 1337/274/272 1336/273/271 1346/283/281
f 1347/284/282 1348/285/283 1349/286/284
f 1340/277/275 1347/284/282 1350/287/285
f 1351/288/286 1352/289/287 1345/282/280
f 1351/288/286 1344/281/279 1353/290/288
f 1345/282/280 1344/281/279 1351/288/286
f 1345/282/280 1352/289/287 1346/283/281
f 1350/287/285 1351/288/286 1354/291/289
f 1352/289/287 1337/274/272 1346/283/281
f 1344/281/279 1343/280/278 1353/290/288
f 1353/290/288 1354/291/289 1351/288/286
f 1338/275/273 1346/283/281 1336/273/271
f 1350/287/285 1341/278/276 1352/289/287
f 1341/278/276 1337/274/272 1352/289/287
f 1315/252/250 1317/254/252 1320/257/255
f 1351/288/286 1350/287/285 1352/289/287
f 1336/273/271 1330/267/265 1329/266/264
f 1339/276/274 1340/277/275 1354/291/289
f 1335/272/270 1330/267/265 1337/274/272
f 1354/291/289 1340/277/275 1350/287/285
f 1347/284/282 1340/277/275 1317/254/252
f 1350/287/285 1347/284/282 1341/278/276
f 1330/267/265 1331/268/266 1328/265/263
f 1341/278/276 1349/286/284 1335/272/270
f 1349/286/284 1341/278/276 1347/284/282
f 1317/254/252 1348/285/283 1347/284/282
f 1317/254/252 1339/276/274 1320/257/255
f 1331/268/266 1335/272/270 1355/292/290
f 1349/286/284 1356/293/291 1335/272/270
f 1319/256/254 1316/253/251 1315/252/250
f 1319/256/254 1357/294/292 1358/295/293
f 1357/294/292 1333/270/268 1358/295/293
f 1316/253/251 1356/293/291 1349/286/284
f 1356/293/291 1321/258/256 1355/292/290
f 1331/268/266 1321/258/256 1327/264/262
f 1316/253/251 1348/285/283 1317/254/252
f 1333/270/268 1321/258/256 1358/295/293
f 1319/256/254 1358/295/293 1316/253/251
f 1355/292/290 1335/272/270 1356/293/291
f 1355/292/290 1321/258/256 1331/268/266
f 1356/293/291 1358/295/293 1321/258/256
f 1356/293/291 1316/253/251 1358/295/293
f 1349/286/284 1348/285/283 1316/253/251
f 1359/296/294 1360/297/295 1361/298/296
f 1362/299/297 1360/297/295 1363/300/298
f 1362/299/297 1361/298/296 1360/297/295
f 1324/261/259 1326/263/261 1362/299/297
f 1325/262/260 1324/261/259 1362/299/297
f 1364/301/299 1362/299/297 1363/300/298
f 1362/299/297 1364/301/299 1365/302/300
f 1366/303/301 1329/266/264 1332/269/267
f 1325/262/260 1365/302/300 1366/303/301
f 1362/299/297 1365/302/300 1325/262/260
f 1364/301/299 1363/300/298 1367/304/302
f 1366/303/301 1332/269/267 1325/262/260
f 1362/299/297 1326/263/261 1361/298/296
f 1368/305/303 1338/275/273 1329/266/264
f 1722/306/304 1723/307/305 1724/308/306
f 1725/309/307 1726/310/308 1727/311/309
f 1728/312/310 1729/313/311 1722/306/304
f 1730/314/312 1731/315/313 1732/316/314
f 1733/317/315 1734/318/316 1735/319/317
f 1736/320/318 1737/321/319 1738/322/320
f 1739/323/321 1740/324/322 1741/325/323
f 1727/311/309 1742/326/324 1725/309/307
f 1740/324/322 1743/327/325 1741/325/323
f 1744/328/326 1745/329/327 1743/327/325
f 1746/330/328 1747/331/329 1748/332/330
f 1749/333/331 1750/334/332 1739/323/321
f 1751/335/333 1743/327/325 1745/329/327
f 1751/335/333 1752/336/334 1743/327/325
f 1735/319/317 1734/318/316 1753/337/335
f 1754/338/336 1755/339/337 1756/340/338
f 1737/321/319 1734/318/316 1738/322/320
f 1727/311/309 1726/310/308 1756/340/338
f 1757/341/339 1731/315/313 1758/342/340
f 1759/343/341 1750/334/332 1746/330/328
f 1758/342/340 1725/309/307 1742/326/324
f 1760/344/342 1761/345/343 1731/315/313
f 1762/346/344 1732/316/314 1757/341/339
f 1763/347/345 1764/348/346 1726/310/308
f 1755/339/337 1727/311/309 1756/340/338
f 1747/331/329 1764/348/346 1748/332/330
f 1762/346/344 1757/341/339 1755/339/337
f 1758/342/340 1742/326/324 1755/339/337
f 1732/316/314 1765/349/347 1730/314/312
f 1732/316/314 1753/337/335 1765/349/347
f 1765/349/347 1753/337/335 1766/350/348
f 1752/336/334 1741/325/323 1743/327/325
f 1755/339/337 1757/341/339 1758/342/340
f 1764/348/346 1756/340/338 1726/310/308
f 1756/340/338 1764/348/346 1747/331/329
f 1759/343/341 1746/330/328 1767/351/349
f 1723/307/305 1743/327/325 1740/324/322
f 1731/315/313 1768/352/350 1758/342/340
f 1762/346/344 1755/339/337 1754/338/336
f 1722/306/304 1743/327/325 1723/307/305
f 1759/343/341 1767/351/349 1740/324/322
f 1762/346/344 1735/319/317 1732/316/314
f 1736/320/318 1762/346/344 1754/338/336
f 1753/337/335 1732/316/314 1735/319/317
f 1736/320/318 1756/340/338 1769/353/351
f 1748/332/330 1724/308/306 1723/307/305
f 1747/331/329 1746/330/328 1750/334/332
f 1723/307/305 1740/324/322 1767/351/349
f 1761/345/343 1768/352/350 1731/315/313
f 1739/323/321 1759/343/341 1740/324/322
f 1770/354/352 1771/355/353 1761/345/343
f 1731/315/313 1730/314/312 1760/344/342
f 1772/356/354 1773/357/355 1774/358/356
f 1727/311/309 1755/339/337 1742/326/324
f 1726/310/308 1725/309/307 1763/347/345
f 1722/306/304 1729/313/311 1745/329/327
f 1775/359/357 1772/356/354 1774/358/356
f 1737/321/319 1736/320/318 1776/360/358
f 1776/360/358 1750/334/332 1749/333/331
f 1777/361/359 1778/362/360 1774/358/356
f 1731/315/313 1757/341/339 1732/316/314
f 1736/320/318 1754/338/336 1756/340/338
f 1779/363/361 1777/361/359 1774/358/356
f 1770/354/352 1780/364/362 1771/355/353
f 1762/346/344 1733/317/315 1735/319/317
f 1771/355/353 1780/364/362 1778/362/360
f 1746/330/328 1723/307/305 1767/351/349
f 1736/320/318 1733/317/315 1762/346/344
f 1775/359/357 1778/362/360 1780/364/362
f 1777/361/359 1771/355/353 1778/362/360
f 1733/317/315 1736/320/318 1738/322/320
f 1760/344/342 1770/354/352 1761/345/343
f 1746/330/328 1748/332/330 1723/307/305
f 1778/362/360 1775/359/357 1774/358/356
f 1772/356/354 1781/365/363 1773/357/355
f 1782/366/364 1777/361/359 1779/363/361
f 1782/366/364 1771/355/353 1777/361/359
f 1725/309/307 1758/342/340 1768/352/350
f 1738/322/320 1734/318/316 1733/317/315
f 1761/345/343 1771/355/353 1782/366/364
f 1783/367/365 1763/347/345 1725/309/307
f 1784/368/366 1782/366/364 1779/363/361
f 1761/345/343 1782/366/364 1768/352/350
f 1783/367/365 1725/309/307 1768/352/350
f 1782/366/364 1784/368/366 1768/352/350
f 1784/368/366 1783/367/365 1768/352/350
f 1747/331/329 1769/353/351 1756/340/338
f 1769/353/351 1750/334/332 1776/360/358
f 1769/353/351 1776/360/358 1736/320/318
f 1750/334/332 1759/343/341 1739/323/321
f 1722/306/304 1745/329/327 1744/328/326
f 1747/331/329 1750/334/332 1769/353/351
f 1743/327/325 1722/306/304 1744/328/326
f 1851/369/367 1852/370/368 1853/371/369
f 1854/372/370 1855/373/371 1856/374/372
f 1857/375/373 1858/376/374 1859/377/375
f 1860/378/376 1861/379/377 1862/380/378
f 1862/380/378 1856/374/372 1860/378/376
f 1863/381/379 1864/382/380 1865/383/381
f 1866/384/382 1864/382/380 1863/381/379
f 1862/380/378 1864/382/380 1867/385/383
f 1856/374/372 1862/380/378 1859/377/375
f 1859/377/375 1867/385/383 1866/384/382
f 1867/385/383 1859/377/375 1862/380/378
f 1866/384/382 1863/381/379 1868/386/384
f 1867/385/383 1864/382/380 1866/384/382
f 1869/387/385 1870/388/386 1871/389/387
f 1855/373/371 1872/390/388 1856/374/372
f 1873/391/389 1852/370/368 1874/392/390
f 1875/393/391 1861/379/377 1876/394/392
f 1877/395/393 1870/388/386 1869/387/385
f 1878/396/394 1879/397/395 1853/371/369
f 1880/398/396 1855/373/371 1854/372/370
f 1881/399/397 1882/400/398 1860/378/376
f 1864/382/380 1883/401/399 1865/383/381
f 1882/400/398 1861/379/377 1860/378/376
f 1881/399/397 1860/378/376 1871/389/387
f 1880/398/396 1858/376/374 1879/397/395
f 1884/402/400 1873/391/389 1874/392/390
f 1858/376/374 1853/371/369 1879/397/395
f 1869/387/385 1872/390/388 1885/403/401
f 1851/369/367 1858/376/374 1857/375/373
f 1869/387/385 1871/389/387 1860/378/376
f 1886/404/402 1887/405/403 1852/370/368
f 1852/370/368 1873/391/389 1853/371/369
f 1885/403/401 1888/406/404 1869/387/385
f 1854/372/370 1856/374/372 1859/377/375
f 1872/390/388 1855/373/371 1885/403/401
f 1852/370/368 1851/369/367 1886/404/402
f 1868/386/384 1889/407/405 1890/408/406
f 1853/371/369 1873/391/389 1878/396/394
f 1858/376/374 1851/369/367 1853/371/369
f 1880/398/396 1854/372/370 1858/376/374
f 1875/393/391 1891/409/407 1861/379/377
f 1858/376/374 1854/372/370 1859/377/375
f 1890/408/406 1886/404/402 1868/386/384
f 1880/398/396 1879/397/395 1892/410/408
f 1874/392/390 1852/370/368 1887/405/403
f 1883/401/399 1864/382/380 1891/409/407
f 1891/409/407 1862/380/378 1861/379/377
f 1893/411/409 1894/412/410 1895/413/411
f 1896/414/412 1877/395/393 1888/406/404
f 1882/400/398 1876/394/392 1861/379/377
f 1891/409/407 1864/382/380 1862/380/378
f 1877/395/393 1869/387/385 1888/406/404
f 1891/409/407 1875/393/391 1883/401/399
f 1886/404/402 1851/369/367 1868/386/384
f 1886/404/402 1890/408/406 1887/405/403
f 1880/398/396 1892/410/408 1897/415/413
f 1857/375/373 1868/386/384 1851/369/367
f 1856/374/372 1869/387/385 1860/378/376
f 1866/384/382 1857/375/373 1859/377/375
f 1856/374/372 1872/390/388 1869/387/385
f 1868/386/384 1857/375/373 1866/384/382
f 1880/398/396 1885/403/401 1855/373/371
f 1883/401/399 1875/393/391 1876/394/392
f 1885/403/401 1880/398/396 1897/415/413
f 1876/394/392 1893/411/409 1883/401/399
f 1863/381/379 1898/416/414 1889/407/405
f 1893/411/409 1895/413/411 1883/401/399
f 1899/417/415 1900/418/416 1901/419/417
f 1895/413/411 1898/416/414 1883/401/399
f 1892/410/408 1902/420/418 1899/417/415
f 1898/416/414 1865/383/381 1883/401/399
f 1894/412/410 1898/416/414 1895/413/411
f 1903/421/419 1898/416/414 1894/412/410
f 1904/422/420 1905/423/421 1906/424/422
f 1896/414/412 1907/425/423 1899/417/415
f 1906/424/422 1908/426/424 1904/422/420
f 1907/425/423 1885/403/401 1897/415/413
f 1896/414/412 1888/406/404 1907/425/423
f 1908/426/424 1909/427/425 1904/422/420
f 1892/410/408 1906/424/422 1902/420/418
f 1910/428/426 1911/429/427 1874/392/390
f 1908/426/424 1892/410/408 1909/427/425
f 1905/423/421 1902/420/418 1906/424/422
f 1899/417/415 1902/420/418 1900/418/416
f 1912/430/428 1913/431/429 1914/432/430
f 1879/397/395 1909/427/425 1892/410/408
f 1878/396/394 1915/433/431 1879/397/395
f 1906/424/422 1892/410/408 1908/426/424
f 1905/423/421 1900/418/416 1902/420/418
f 1914/432/430 1884/402/400 1911/429/427
f 1916/434/432 1878/396/394 1873/391/389
f 1917/435/433 1916/434/432 1873/391/389
f 1899/417/415 1907/425/423 1892/410/408
f 1873/391/389 1914/432/430 1917/435/433
f 1874/392/390 1911/429/427 1884/402/400
f 1884/402/400 1914/432/430 1873/391/389
f 1885/403/401 1907/425/423 1888/406/404
f 1910/428/426 1914/432/430 1911/429/427
f 1914/432/430 1910/428/426 1912/430/428
f 1879/397/395 1915/433/431 1909/427/425
f 1912/430/428 1918/436/434 1913/431/429
f 1898/416/414 1919/437/435 1889/407/405
f 1907/425/423 1897/415/413 1892/410/408
f 1898/416/414 1903/421/419 1919/437/435
f 1865/383/381 1898/416/414 1863/381/379
f 1889/407/405 1868/386/384 1863/381/379
f 1999/438/436 1997/439/437 2000/440/438
f 2001/441/439 2004/442/440 2005/443/441
f 2004/442/440 2006/444/442 2005/443/441
f 2000/440/438 2005/443/441 1999/438/436
f 1999/438/436 2008/445/443 1997/439/437
f 2000/440/438 2002/446/444 2005/443/441
f 1999/438/436 2005/443/441 2006/444/442
f 2009/447/445 2010/448/446 2006/444/442
f 2001/441/439 2005/443/441 2002/446/444
f 2011/449/447 2006/444/442 2012/450/448
f 2004/442/440 2009/447/445 2006/444/442
f 2013/451/449 2014/452/450 2015/453/451
f 2015/453/451 2014/452/450 2012/450/448
f 2004/442/440 2001/441/439 2003/454/452
f 2016/455/453 2017/456/454 2018/457/455
f 2015/453/451 2017/456/454 2013/451/449
f 2019/458/456 2016/455/453 2010/448/446
f 2011/449/447 1999/438/436 2006/444/442
f 2012/450/448 2018/457/455 2015/453/451
f 2017/456/454 2020/459/457 2013/451/449
f 2017/456/454 2016/455/453 2020/459/457
f 2016/455/453 2019/458/456 2020/459/457
f 2018/457/455 2012/450/448 2006/444/442
f 2019/458/456 2009/447/445 1992/460/458
f 2009/447/445 2019/458/456 2010/448/446
f 2013/451/449 2020/459/457 2021/461/459
f 2015/453/451 2018/457/455 2017/456/454
f 2009/447/445 2003/454/452 1992/460/458
f 2006/444/442 2016/455/453 2018/457/455
f 2016/455/453 2006/444/442 2010/448/446
f 2004/442/440 2003/454/452 2009/447/445
f 2212/462/460 2213/463/461 2214/464/462
f 2213/463/461 2215/465/463 2216/466/464
f 2217/467/465 2214/464/462 2218/468/466
f 2219/469/467 2220/470/468 2221/471/469
f 2220/470/468 2214/464/462 2213/463/461
f 2222/472/470 2213/463/461 2216/466/464
f 2223/473/471 2224/474/472 2225/475/473
f 2215/465/463 2226/476/474 2216/466/464
f 2222/472/470 2221/471/469 2213/463/461
f 2227/477/475 2228/478/476 2229/479/477
f 2230/480/478 2231/481/479 2214/464/462
f 2212/462/460 2215/465/463 2213/463/461
f 2232/482/480 2221/471/469 2222/472/470
f 2233/483/481 2222/472/470 2216/466/464
f 2214/464/462 2231/481/479 2218/468/466
f 2213/463/461 2221/471/469 2220/470/468
f 2222/472/470 2233/483/481 2234/484/482
f 2214/464/462 2217/467/465 2212/462/460
f 2230/480/478 2214/464/462 2220/470/468
f 2225/475/473 2221/471/469 2232/482/480
f 2221/471/469 2225/475/473 2219/469/467
f 2229/479/477 2235/485/483 2227/477/475
f 2224/474/472 2236/486/484 2230/480/478
f 2237/487/485 2238/488/486 2239/489/487
f 2230/480/478 2236/486/484 2231/481/479
f 2227/477/475 2235/485/483 2238/488/486
f 2240/490/488 2241/491/489 2242/492/490
f 2243/493/491 2239/489/487 2238/488/486
f 2244/494/492 2242/492/490 2241/491/489
f 2242/492/490 2244/494/492 2243/493/491
f 2242/492/490 2243/493/491 2245/495/493
f 2243/493/491 2244/494/492 2239/489/487
f 2238/488/486 2245/495/493 2243/493/491
f 2238/488/486 2237/487/485 2227/477/475
f 2246/496/494 2247/497/495 2248/498/496
f 2248/498/496 2249/499/497 2250/500/498
f 2247/497/495 2251/501/499 2252/502/500
f 2248/498/496 2253/503/501 2254/504/502
f 2255/505/503 2256/506/504 2257/507/505
f 2234/484/482 2258/508/506 2259/509/507
f 2257/507/505 2260/510/508 2261/511/509
f 2262/512/510 2233/483/481 2251/501/499
f 2262/512/510 2251/501/499 2263/513/511
f 2264/514/512 2265/515/513 2260/510/508
f 2250/500/498 2256/506/504 2255/505/503
f 2254/504/502 2266/516/514 2244/494/492
f 2257/507/505 2256/506/504 2267/517/515
f 2246/496/494 2268/518/516 2263/513/511
f 2246/496/494 2263/513/511 2247/497/495
f 2239/489/487 2269/519/517 2237/487/485
f 2249/499/497 2248/498/496 2254/504/502
f 2266/516/514 2269/519/517 2244/494/492
f 2270/520/518 2257/507/505 2267/517/515
f 2271/521/519 2265/515/513 2272/522/520
f 2273/523/521 2241/491/489 2240/490/488
f 2274/524/522 2273/523/521 2240/490/488
f 2275/525/523 2237/487/485 2269/519/517
f 2273/523/521 2274/524/522 2249/499/497
f 2276/526/524 2265/515/513 2277/527/525
f 2267/517/515 2278/528/526 2274/524/522
f 2279/529/527 2260/510/508 2257/507/505
f 2280/530/528 2264/514/512 2279/529/527
f 2270/520/518 2279/529/527 2257/507/505
f 2274/524/522 2278/528/526 2249/499/497
f 2264/514/512 2280/530/528 2281/531/529
f 2262/512/510 2258/508/506 2234/484/482
f 2279/529/527 2264/514/512 2260/510/508
f 2236/486/484 2224/474/472 2282/532/530
f 2230/480/478 2219/469/467 2224/474/472
f 2256/506/504 2278/528/526 2267/517/515
f 2277/527/525 2264/514/512 2281/531/529
f 2266/516/514 2275/525/523 2269/519/517
f 2264/514/512 2277/527/525 2265/515/513
f 2219/469/467 2230/480/478 2220/470/468
f 2283/533/531 2272/522/520 2276/526/524
f 2249/499/497 2254/504/502 2273/523/521
f 2254/504/502 2241/491/489 2273/523/521
f 2223/473/471 2225/475/473 2284/534/532
f 2278/528/526 2250/500/498 2249/499/497
f 2241/491/489 2254/504/502 2244/494/492
f 2250/500/498 2278/528/526 2256/506/504
f 2255/505/503 2257/507/505 2261/511/509
f 2260/510/508 2265/515/513 2271/521/519
f 2225/475/473 2224/474/472 2219/469/467
f 2265/515/513 2276/526/524 2272/522/520
f 2260/510/508 2271/521/519 2261/511/509
f 2268/518/516 2255/505/503 2261/511/509
f 2250/500/498 2255/505/503 2246/496/494
f 2246/496/494 2248/498/496 2250/500/498
f 2255/505/503 2268/518/516 2246/496/494
f 2248/498/496 2247/497/495 2253/503/501
f 2266/516/514 2254/504/502 2253/503/501
f 2271/521/519 2259/509/507 2261/511/509
f 2261/511/509 2259/509/507 2268/518/516
f 2263/513/511 2268/518/516 2262/512/510
f 2263/513/511 2251/501/499 2247/497/495
f 2247/497/495 2252/502/500 2253/503/501
f 2239/489/487 2244/494/492 2269/519/517
f 2268/518/516 2259/509/507 2258/508/506
f 2233/483/481 2285/535/533 2251/501/499
f 2253/503/501 2252/502/500 2266/516/514
f 2226/476/474 2286/536/534 2216/466/464
f 2287/537/535 2288/538/536 2289/539/537
f 2217/467/465 2288/538/536 2212/462/460
f 2268/518/516 2258/508/506 2262/512/510
f 2290/540/538 2237/487/485 2275/525/523
f 2252/502/500 2275/525/523 2266/516/514
f 2233/483/481 2262/512/510 2234/484/482
f 2275/525/523 2291/541/539 2292/542/540
f 2285/535/533 2252/502/500 2251/501/499
f 2216/466/464 2286/536/534 2233/483/481
f 2288/538/536 2293/543/541 2212/462/460
f 2290/540/538 2227/477/475 2237/487/485
f 2275/525/523 2286/536/534 2291/541/539
f 2287/537/535 2228/478/476 2292/542/540
f 2291/541/539 2286/536/534 2226/476/474
f 2290/540/538 2292/542/540 2227/477/475
f 2228/478/476 2227/477/475 2292/542/540
f 2294/544/542 2288/538/536 2217/467/465
f 2287/537/535 2292/542/540 2291/541/539
f 2289/539/537 2288/538/536 2294/544/542
f 2291/541/539 2293/543/541 2287/537/535
f 2285/535/533 2286/536/534 2252/502/500
f 2275/525/523 2292/542/540 2290/540/538
f 2288/538/536 2287/537/535 2293/543/541
f 2233/483/481 2286/536/534 2285/535/533
f 2215/465/463 2293/543/541 2291/541/539
f 2293/543/541 2215/465/463 2212/462/460
f 2215/465/463 2291/541/539 2226/476/474
f 2275/525/523 2252/502/500 2286/536/534
f 2295/545/543 2272/522/520 2296/546/544
f 2297/547/545 2298/548/546 2296/546/544
f 2225/475/473 2232/482/480 2297/547/545
f 2295/545/543 2271/521/519 2272/522/520
f 2297/547/545 2283/533/531 2284/534/532
f 2234/484/482 2296/546/544 2298/548/546
f 2232/482/480 2222/472/470 2298/548/546
f 2298/548/546 2222/472/470 2234/484/482
f 2298/548/546 2297/547/545 2232/482/480
f 2225/475/473 2297/547/545 2284/534/532
f 2296/546/544 2259/509/507 2271/521/519
f 2296/546/544 2234/484/482 2259/509/507
f 2296/546/544 2272/522/520 2297/547/545
f 2296/546/544 2271/521/519 2295/545/543
f 2283/533/531 2297/547/545 2272/522/520
f 2314/549/547 2315/550/548 2316/551/549
f 2317/552/550 2318/553/551 2319/554/552
f 2320/555/553 2321/556/554 2322/557/555
f 2323/558/556 2324/559/557 2325/560/558
f 2326/561/559 2327/562/560 2328/563/561
f 2329/564/562 2330/565/563 2331/566/564
f 2332/567/565 2333/568/566 2334/569/567
f 2335/570/568 2336/571/569 2337/572/570
f 2338/573/571 2339/574/572 2340/575/573
f 2337/572/570 2336/571/569 2341/576/574
f 2339/574/572 2342/577/575 2340/575/573
f 2331/566/564 2343/578/576 2344/579/577
f 2345/580/578 2346/581/579 2338/573/571
f 2321/556/554 2320/555/553 2347/582/580
f 2339/574/572 2337/572/570 2342/577/575
f 2348/583/581 2349/584/582 2350/585/583
f 2351/586/584 2338/573/571 2340/575/573
f 2352/587/585 2353/588/586 2332/567/565
f 2354/589/587 2351/586/584 2340/575/573
f 2355/590/588 2329/564/562 2344/579/577
f 2356/591/589 2343/578/576 2331/566/564
f 2357/592/590 2358/593/591 2352/587/585
f 2352/587/585 2359/594/592 2356/591/589
f 2317/552/550 2360/595/593 2318/553/551
f 2361/596/594 2354/589/587 2362/597/595
f 2344/579/577 2348/583/581 2350/585/583
f 2363/598/596 2364/599/597 2365/600/598
f 2354/589/587 2361/596/594 2348/583/581
f 2366/601/599 2351/586/584 2367/602/600
f 2334/569/567 2368/603/601 2369/604/602
f 2365/600/598 2370/605/603 2363/598/596
f 2367/602/600 2354/589/587 2348/583/581
f 2371/606/604 2367/602/600 2348/583/581
f 2357/592/590 2332/567/565 2372/607/605
f 2373/608/606 2374/609/607 2375/610/608
f 2376/611/609 2356/591/589 2359/594/592
f 2351/586/584 2366/601/599 2325/560/558
f 2363/598/596 2377/612/610 2378/613/611
f 2317/552/550 2374/609/607 2328/563/561
f 2331/566/564 2344/579/577 2329/564/562
f 2330/565/563 2329/564/562 2379/614/612
f 2375/610/608 2380/615/613 2381/616/614
f 2353/588/586 2379/614/612 2333/568/566
f 2325/560/558 2366/601/599 2323/558/556
f 2377/612/610 2372/607/605 2369/604/602
f 2367/602/600 2371/606/604 2366/601/599
f 2355/590/588 2344/579/577 2382/617/615
f 2363/598/596 2378/613/611 2364/599/597
f 2315/550/548 2314/549/547 2351/586/584
f 2369/604/602 2332/567/565 2334/569/567
f 2353/588/586 2356/591/589 2330/565/563
f 2371/606/604 2323/558/556 2366/601/599
f 2383/618/616 2333/568/566 2379/614/612
f 2356/591/589 2331/566/564 2330/565/563
f 2338/573/571 2351/586/584 2345/580/578
f 2379/614/612 2384/619/617 2383/618/616
f 2370/605/603 2385/620/618 2372/607/605
f 2379/614/612 2353/588/586 2330/565/563
f 2371/606/604 2343/578/576 2386/621/619
f 2318/553/551 2355/590/588 2382/617/615
f 2372/607/605 2332/567/565 2369/604/602
f 2387/622/620 2388/623/621 2389/624/622
f 2343/578/576 2371/606/604 2344/579/577
f 2350/585/583 2349/584/582 2382/617/615
f 2370/605/603 2377/612/610 2363/598/596
f 2386/621/619 2323/558/556 2371/606/604
f 2374/609/607 2317/552/550 2319/554/552
f 2342/577/575 2354/589/587 2340/575/573
f 2381/616/614 2390/625/623 2391/626/624
f 2385/620/618 2357/592/590 2372/607/605
f 2348/583/581 2344/579/577 2371/606/604
f 2351/586/584 2354/589/587 2367/602/600
f 2357/592/590 2352/587/585 2332/567/565
f 2392/627/625 2393/628/626 2383/618/616
f 2394/629/627 2319/554/552 2318/553/551
f 2318/553/551 2382/617/615 2394/629/627
f 2328/563/561 2373/608/606 2326/561/559
f 2388/623/621 2321/556/554 2389/624/622
f 2395/630/628 2361/596/594 2341/576/574
f 2391/626/624 2373/608/606 2381/616/614
f 2376/611/609 2389/624/622 2396/631/629
f 2376/611/609 2396/631/629 2386/621/619
f 2397/632/630 2315/550/548 2351/586/584
f 2356/591/589 2376/611/609 2343/578/576
f 2389/624/622 2321/556/554 2398/633/631
f 2378/613/611 2377/612/610 2368/603/601
f 2318/553/551 2360/595/593 2355/590/588
f 2358/593/591 2357/592/590 2385/620/618
f 2358/593/591 2359/594/592 2352/587/585
f 2341/576/574 2361/596/594 2362/597/595
f 2370/605/603 2372/607/605 2377/612/610
f 2333/568/566 2332/567/565 2353/588/586
f 2336/571/569 2395/630/628 2341/576/574
f 2358/593/591 2387/622/620 2359/594/592
f 2369/604/602 2368/603/601 2377/612/610
f 2395/630/628 2336/571/569 2399/634/632
f 2400/635/633 2396/631/629 2389/624/622
f 2342/577/575 2337/572/570 2341/576/574
f 2389/624/622 2401/636/634 2400/635/633
f 2389/624/622 2376/611/609 2387/622/620
f 2354/589/587 2342/577/575 2362/597/595
f 2353/588/586 2352/587/585 2356/591/589
f 2323/558/556 2386/621/619 2396/631/629
f 2396/631/629 2400/635/633 2323/558/556
f 2402/637/635 2321/556/554 2388/623/621
f 2345/580/578 2314/549/547 2346/581/579
f 2386/621/619 2343/578/576 2376/611/609
f 2376/611/609 2359/594/592 2387/622/620
f 2402/637/635 2322/557/555 2321/556/554
f 2388/623/621 2387/622/620 2358/593/591
f 2362/597/595 2342/577/575 2341/576/574
f 2403/638/636 2404/639/637 2405/640/638
f 2385/620/618 2370/605/603 2406/641/639
f 2398/633/631 2401/636/634 2389/624/622
f 2348/583/581 2361/596/594 2349/584/582
f 2407/642/640 2374/609/607 2319/554/552
f 2316/551/549 2315/550/548 2408/643/641
f 2323/558/556 2400/635/633 2401/636/634
f 2347/582/580 2324/559/557 2401/636/634
f 2399/634/632 2335/570/568 2409/644/642
f 2325/560/558 2320/555/553 2405/640/638
f 2335/570/568 2399/634/632 2336/571/569
f 2349/584/582 2361/596/594 2395/630/628
f 2394/629/627 2382/617/615 2410/645/643
f 2325/560/558 2397/632/630 2351/586/584
f 2384/619/617 2392/627/625 2383/618/616
f 2384/619/617 2329/564/562 2360/595/593
f 2408/643/641 2315/550/548 2397/632/630
f 2349/584/582 2411/646/644 2412/647/645
f 2413/648/646 2411/646/644 2399/634/632
f 2397/632/630 2405/640/638 2408/643/641
f 2382/617/615 2349/584/582 2412/647/645
f 2324/559/557 2323/558/556 2401/636/634
f 2360/595/593 2392/627/625 2384/619/617
f 2373/608/606 2328/563/561 2374/609/607
f 2412/647/645 2410/645/643 2382/617/615
f 2393/628/626 2392/627/625 2327/562/560
f 2328/563/561 2414/649/647 2317/552/550
f 2375/610/608 2374/609/607 2415/650/648
f 2374/609/607 2407/642/640 2415/650/648
f 2329/564/562 2355/590/588 2360/595/593
f 2399/634/632 2349/584/582 2395/630/628
f 2406/641/639 2370/605/603 2365/600/598
f 2399/634/632 2409/644/642 2413/648/646
f 2399/634/632 2411/646/644 2349/584/582
f 2329/564/562 2384/619/617 2379/614/612
f 2392/627/625 2360/595/593 2414/649/647
f 2344/579/577 2350/585/583 2382/617/615
f 2397/632/630 2325/560/558 2405/640/638
f 2414/649/647 2360/595/593 2317/552/550
f 2398/633/631 2321/556/554 2347/582/580
f 2358/593/591 2385/620/618 2416/651/649
f 2405/640/638 2320/555/553 2417/652/650
f 2358/593/591 2416/651/649 2388/623/621
f 2401/636/634 2398/633/631 2347/582/580
f 2390/625/623 2381/616/614 2380/615/613
f 2404/639/637 2408/643/641 2405/640/638
f 2373/608/606 2375/610/608 2381/616/614
f 2320/555/553 2325/560/558 2324/559/557
f 2328/563/561 2327/562/560 2414/649/647
f 2320/555/553 2322/557/555 2417/652/650
f 2347/582/580 2320/555/553 2324/559/557
f 2314/549/547 2345/580/578 2351/586/584
f 2385/620/618 2406/641/639 2416/651/649
f 2414/649/647 2327/562/560 2392/627/625
f 2603/653/651 2604/654/652 2605/655/653
f 2606/656/654 2607/657/655 2608/658/656
f 2609/659/657 2610/660/658 2611/661/659
f 2612/662/660 2613/663/661 2614/664/662
f 2615/665/663 2616/666/664 2617/667/665
f 2618/668/666 2619/669/667 2620/670/668
f 2621/671/669 2608/658/656 2622/672/670
f 2623/673/671 2624/674/672 2625/675/673
f 2626/676/674 2627/677/675 2628/678/676
f 2629/679/677 2630/680/678 2606/656/654
f 2631/681/679 2632/682/680 2633/683/681
f 2634/684/682 2633/683/681 2632/682/680
f 2605/655/653 2635/685/683 2603/653/651
f 2616/666/664 2627/677/675 2626/676/674
f 2636/686/684 2637/687/685 2625/675/673
f 2637/687/685 2635/685/683 2638/688/686
f 2639/689/687 2640/690/688 2641/691/689
f 2627/677/675 2616/666/664 2615/665/663
f 2642/692/690 2643/693/691 2638/688/686
f 2644/694/692 2611/661/659 2610/660/658
f 2643/693/691 2623/673/671 2638/688/686
f 2645/695/693 2607/657/655 2606/656/654
f 2646/696/694 2647/697/695 2648/698/696
f 2611/661/659 2649/699/697 2609/659/657
f 2650/700/698 2651/701/699 2652/702/700
f 2653/703/701 2648/698/696 2654/704/702
f 2655/705/703 2640/690/688 2635/685/683
f 2609/659/657 2649/699/697 2656/706/704
f 2657/707/705 2626/676/674 2658/708/706
f 2659/709/707 2651/701/699 2650/700/698
f 2627/677/675 2660/710/708 2661/711/709
f 2662/712/710 2663/713/711 2629/679/677
f 2625/675/673 2637/687/685 2623/673/671
f 2664/714/712 2665/715/713 2653/703/701
f 2666/716/714 2667/717/715 2647/697/695
f 2668/718/716 2669/719/717 2646/696/694
f 2670/720/718 2662/712/710 2626/676/674
f 2624/674/672 2671/721/719 2672/722/720
f 2637/687/685 2638/688/686 2623/673/671
f 2671/721/719 2623/673/671 2673/723/721
f 2661/711/709 2674/724/722 2650/700/698
f 2651/701/699 2663/713/711 2652/702/700
f 2659/709/707 2650/700/698 2643/693/691
f 2653/703/701 2646/696/694 2648/698/696
f 2620/670/668 2621/671/669 2622/672/670
f 2660/710/708 2627/677/675 2615/665/663
f 2675/725/723 2645/695/693 2667/717/715
f 2609/659/657 2603/653/651 2610/660/658
f 2631/681/679 2633/683/681 2676/726/724
f 2626/676/674 2657/707/705 2616/666/664
f 2652/702/700 2661/711/709 2650/700/698
f 2628/678/676 2652/702/700 2670/720/718
f 2623/673/671 2671/721/719 2624/674/672
f 2628/678/676 2670/720/718 2626/676/674
f 2643/693/691 2674/724/722 2673/723/721
f 2677/727/725 2619/669/667 2678/728/726
f 2672/722/720 2671/721/719 2679/729/727
f 2648/698/696 2645/695/693 2606/656/654
f 2664/714/712 2653/703/701 2654/704/702
f 2673/723/721 2674/724/722 2680/730/728
f 2643/693/691 2642/692/690 2659/709/707
f 2681/731/729 2682/732/730 2644/694/692
f 2683/733/731 2684/734/732 2685/735/733
f 2641/691/689 2686/736/734 2665/715/713
f 2680/730/728 2674/724/722 2660/710/708
f 2653/703/701 2668/718/716 2646/696/694
f 2628/678/676 2627/677/675 2661/711/709
f 2665/715/713 2668/718/716 2653/703/701
f 2638/688/686 2635/685/683 2642/692/690
f 2684/734/732 2687/737/735 2685/735/733
f 2671/721/719 2673/723/721 2680/730/728
f 2617/667/665 2688/738/736 2689/739/737
f 2680/730/728 2660/710/708 2683/733/731
f 2680/730/728 2690/740/738 2679/729/727
f 2644/694/692 2613/663/661 2681/731/729
f 2691/741/739 2621/671/669 2692/742/740
f 2690/740/738 2680/730/728 2683/733/731
f 2618/668/666 2622/672/670 2607/657/655
f 2684/734/732 2693/743/741 2689/739/737
f 2688/738/736 2684/734/732 2689/739/737
f 2694/744/742 2679/729/727 2690/740/738
f 2686/736/734 2656/706/704 2695/745/743
f 2685/735/733 2690/740/738 2683/733/731
f 2693/743/741 2615/665/663 2617/667/665
f 2611/661/659 2644/694/692 2682/732/730
f 2693/743/741 2683/733/731 2660/710/708
f 2612/662/660 2614/664/662 2625/675/673
f 2669/719/717 2647/697/695 2646/696/694
f 2690/740/738 2685/735/733 2694/744/742
f 2663/713/711 2639/689/687 2696/746/744
f 2656/706/704 2649/699/697 2697/747/745
f 2644/694/692 2636/686/684 2614/664/662
f 2614/664/662 2636/686/684 2625/675/673
f 2617/667/665 2689/739/737 2693/743/741
f 2676/726/724 2669/719/717 2631/681/679
f 2606/656/654 2654/704/702 2648/698/696
f 2693/743/741 2684/734/732 2683/733/731
f 2609/659/657 2656/706/704 2604/654/652
f 2622/672/670 2618/668/666 2620/670/668
f 2692/742/740 2621/671/669 2620/670/668
f 2672/722/720 2679/729/727 2694/744/742
f 2698/748/746 2684/734/732 2688/738/736
f 2656/706/704 2697/747/745 2695/745/743
f 2699/749/747 2691/741/739 2700/750/748
f 2675/725/723 2701/751/749 2645/695/693
f 2697/747/745 2649/699/697 2702/752/750
f 2667/717/715 2645/695/693 2648/698/696
f 2687/737/735 2684/734/732 2698/748/746
f 2640/690/688 2642/692/690 2635/685/683
f 2644/694/692 2614/664/662 2613/663/661
f 2630/680/678 2629/679/677 2663/713/711
f 2630/680/678 2663/713/711 2696/746/744
f 2703/753/751 2618/668/666 2607/657/655
f 2607/657/655 2622/672/670 2608/658/656
f 2668/718/716 2631/681/679 2669/719/717
f 2607/657/655 2704/754/752 2703/753/751
f 2686/736/734 2604/654/652 2656/706/704
f 2659/709/707 2639/689/687 2663/713/711
f 2659/709/707 2642/692/690 2640/690/688
f 2700/750/748 2687/737/735 2699/749/747
f 2701/751/749 2704/754/752 2645/695/693
f 2621/671/669 2657/707/705 2608/658/656
f 2700/750/748 2691/741/739 2692/742/740
f 2657/707/705 2621/671/669 2691/741/739
f 2647/697/695 2667/717/715 2648/698/696
f 2697/747/745 2702/752/750 2695/745/743
f 2705/755/753 2691/741/739 2617/667/665
f 2655/705/703 2686/736/734 2641/691/689
f 2680/730/728 2679/729/727 2671/721/719
f 2637/687/685 2603/653/651 2635/685/683
f 2687/737/735 2698/748/746 2699/749/747
f 2635/685/683 2605/655/653 2655/705/703
f 2678/728/726 2703/753/751 2704/754/752
f 2667/717/715 2666/716/714 2675/725/723
f 2691/741/739 2699/749/747 2617/667/665
f 2688/738/736 2617/667/665 2699/749/747
f 2691/741/739 2705/755/753 2657/707/705
f 2640/690/688 2639/689/687 2659/709/707
f 2665/715/713 2695/745/743 2668/718/716
f 2652/702/700 2628/678/676 2661/711/709
f 2607/657/655 2645/695/693 2704/754/752
f 2641/691/689 2696/746/744 2639/689/687
f 2629/679/677 2626/676/674 2662/712/710
f 2658/708/706 2606/656/654 2657/707/705
f 2654/704/702 2606/656/654 2630/680/678
f 2652/702/700 2663/713/711 2662/712/710
f 2658/708/706 2629/679/677 2606/656/654
f 2605/655/653 2604/654/652 2655/705/703
f 2696/746/744 2665/715/713 2664/714/712
f 2688/738/736 2699/749/747 2698/748/746
f 2702/752/750 2706/756/754 2695/745/743
f 2654/704/702 2630/680/678 2664/714/712
f 2641/691/689 2640/690/688 2655/705/703
f 2678/728/726 2619/669/667 2703/753/751
f 2610/660/658 2603/653/651 2636/686/684
f 2703/753/751 2619/669/667 2618/668/666
f 2604/654/652 2686/736/734 2655/705/703
f 2669/719/717 2676/726/724 2647/697/695
f 2707/757/755 2634/684/682 2708/758/756
f 2616/666/664 2657/707/705 2705/755/753
f 2631/681/679 2668/718/716 2695/745/743
f 2647/697/695 2709/759/757 2666/716/714
f 2650/700/698 2674/724/722 2643/693/691
f 2629/679/677 2658/708/706 2626/676/674
f 2616/666/664 2705/755/753 2617/667/665
f 2609/659/657 2604/654/652 2603/653/651
f 2695/745/743 2706/756/754 2631/681/679
f 2660/710/708 2674/724/722 2661/711/709
f 2620/670/668 2710/760/758 2711/761/759
f 2637/687/685 2636/686/684 2603/653/651
f 2644/694/692 2610/660/658 2636/686/684
f 2677/727/725 2710/760/758 2619/669/667
f 2615/665/663 2693/743/741 2660/710/708
f 2676/726/724 2633/683/681 2707/757/755
f 2676/726/724 2709/759/757 2647/697/695
f 2659/709/707 2663/713/711 2651/701/699
f 2620/670/668 2711/761/759 2692/742/740
f 2630/680/678 2696/746/744 2664/714/712
f 2696/746/744 2641/691/689 2665/715/713
f 2686/736/734 2695/745/743 2665/715/713
f 2623/673/671 2643/693/691 2673/723/721
f 2608/658/656 2657/707/705 2606/656/654
f 2652/702/700 2662/712/710 2670/720/718
f 2634/684/682 2707/757/755 2633/683/681
f 2620/670/668 2619/669/667 2710/760/758
f 2631/681/679 2706/756/754 2632/682/680
f 2849/762/760 2850/763/761 2851/764/762
f 2852/765/763 2853/766/764 2854/767/765
f 2855/768/766 2854/767/765 2856/769/767
f 2857/770/768 2852/765/763 2858/771/769
f 2859/772/770 2860/773/771 2855/768/766
f 2856/769/767 2859/772/770 2855/768/766
f 2861/774/772 2862/775/773 2863/776/774
f 2864/777/775 2865/778/776 2866/779/777
f 2867/780/778 2868/781/779 2869/782/780
f 2870/783/781 2871/784/782 2872/785/783
f 2873/786/784 2871/784/782 2870/783/781
f 2874/787/785 2870/783/781 2872/785/783
f 2875/788/786 2870/783/781 2874/787/785
f 2863/776/774 2862/775/773 2876/789/787
f 2875/788/786 2874/787/785 2877/790/788
f 2878/791/789 2875/788/786 2879/792/790
f 2869/782/780 2868/781/779 2871/784/782
f 2880/793/791 2881/794/792 2882/795/793
f 2883/796/794 2859/772/770 2856/769/767
f 2872/785/783 2871/784/782 2868/781/779
f 2877/790/788 2881/794/792 2879/792/790
f 2884/797/795 2885/798/796 2886/799/797
f 2875/788/786 2877/790/788 2879/792/790
f 2881/794/792 2877/790/788 2887/800/798
f 2888/801/799 2885/798/796 2884/797/795
f 2880/793/791 2878/791/789 2879/792/790
f 2889/802/800 2890/803/801 2882/795/793
f 2887/800/798 2889/802/800 2881/794/792
f 2855/768/766 2860/773/771 2891/804/802
f 2892/805/803 2893/806/804 2894/807/805
f 2895/808/806 2859/772/770 2896/809/807
f 2858/771/769 2897/810/808 2857/770/768
f 2897/810/808 2898/811/809 2899/812/810
f 2900/813/811 2901/814/812 2898/811/809
f 2858/771/769 2852/765/763 2900/813/811
f 2865/778/776 2902/815/813 2866/779/777
f 2903/816/814 2889/802/800 2904/817/815
f 2870/783/781 2875/788/786 2878/791/789
f 2905/818/816 2853/766/764 2906/819/817
f 2900/813/811 2852/765/763 2891/804/802
f 2901/814/812 2900/813/811 2907/820/818
f 2907/820/818 2900/813/811 2891/804/802
f 2879/792/790 2881/794/792 2880/793/791
f 2854/767/765 2905/818/816 2856/769/767
f 2852/765/763 2854/767/765 2891/804/802
f 2855/768/766 2891/804/802 2854/767/765
f 2908/821/819 2856/769/767 2905/818/816
f 2909/822/820 2860/773/771 2859/772/770
f 2883/796/794 2896/809/807 2859/772/770
f 2910/823/821 2874/787/785 2872/785/783
f 2911/824/822 2883/796/794 2912/825/823
f 2889/802/800 2903/816/814 2890/803/801
f 2874/787/785 2910/823/821 2877/790/788
f 2911/824/822 2896/809/807 2883/796/794
f 2895/808/806 2909/822/820 2859/772/770
f 2896/809/807 2913/826/824 2895/808/806
f 2881/794/792 2889/802/800 2882/795/793
f 2850/763/761 2849/762/760 2913/826/824
f 2851/764/762 2850/763/761 2914/827/825
f 2861/774/772 2910/823/821 2915/828/826
f 2914/827/825 2894/807/805 2851/764/762
f 2916/829/827 2917/830/828 2869/782/780
f 2915/828/826 2910/823/821 2872/785/783
f 2862/775/773 2861/774/772 2915/828/826
f 2915/828/826 2872/785/783 2868/781/779
f 2892/805/803 2914/827/825 2918/831/829
f 2892/805/803 2894/807/805 2914/827/825
f 2915/828/826 2917/830/828 2862/775/773
f 2919/832/830 2866/779/777 2920/833/831
f 2893/806/804 2892/805/803 2919/832/830
f 2885/798/796 2876/789/787 2862/775/773
f 2862/775/773 2886/799/797 2885/798/796
f 2867/780/778 2915/828/826 2868/781/779
f 2886/799/797 2862/775/773 2917/830/828
f 2917/830/828 2915/828/826 2867/780/778
f 2885/798/796 2888/801/799 2876/789/787
f 2917/830/828 2867/780/778 2869/782/780
f 2916/829/827 2886/799/797 2917/830/828
f 2860/773/771 2921/834/832 2922/835/833
f 2923/836/834 2924/837/835 2901/814/812
f 2925/838/836 2923/836/834 2926/839/837
f 2922/835/833 2927/840/838 2928/841/839
f 2925/838/836 2924/837/835 2923/836/834
f 2928/841/839 2926/839/837 2923/836/834
f 2922/835/833 2921/834/832 2927/840/838
f 2925/838/836 2929/842/840 2924/837/835
f 2866/779/777 2892/805/803 2918/831/829
f 2923/836/834 2922/835/833 2928/841/839
f 2928/841/839 2927/840/838 2926/839/837
f 2930/843/841 2926/839/837 2927/840/838
f 2927/840/838 2931/844/842 2932/845/843
f 2933/846/844 2913/826/824 2849/762/760
f 2907/820/818 2922/835/833 2923/836/834
f 2860/773/771 2922/835/833 2907/820/818
f 2930/843/841 2927/840/838 2932/845/843
f 2924/837/835 2929/842/840 2898/811/809
f 2934/847/845 2931/844/842 2927/840/838
f 2860/773/771 2909/822/820 2921/834/832
f 2923/836/834 2901/814/812 2907/820/818
f 2927/840/838 2921/834/832 2909/822/820
f 2891/804/802 2860/773/771 2907/820/818
f 2898/811/809 2901/814/812 2924/837/835
f 2934/847/845 2927/840/838 2935/848/846
f 2927/840/838 2936/849/847 2935/848/846
f 2927/840/838 2909/822/820 2936/849/847
f 2898/811/809 2929/842/840 2937/850/848
f 2898/811/809 2937/850/848 2899/812/810
f 2932/845/843 2938/851/849 2930/843/841
f 2931/844/842 2939/852/850 2938/851/849
f 2938/851/849 2932/845/843 2931/844/842
f 2940/853/851 2941/854/852 2942/855/853
f 2912/825/823 2883/796/794 2943/856/854
f 2940/853/851 2944/857/855 2908/821/819
f 2942/855/853 2945/858/856 2946/859/857
f 2942/855/853 2947/860/858 2948/861/859
f 2942/855/853 2948/861/859 2940/853/851
f 2944/857/855 2940/853/851 2948/861/859
f 2945/858/856 2949/862/860 2946/859/857
f 2950/863/861 2943/856/854 2944/857/855
f 2947/860/858 2942/855/853 2946/859/857
f 2951/864/862 2894/807/805 2952/865/863
f 2941/854/852 2940/853/851 2905/818/816
f 2953/866/864 2952/865/863 2894/807/805
f 2908/821/819 2905/818/816 2940/853/851
f 2946/859/857 2949/862/860 2947/860/858
f 2950/863/861 2944/857/855 2948/861/859
f 2944/857/855 2883/796/794 2908/821/819
f 2883/796/794 2856/769/767 2908/821/819
f 2950/863/861 2948/861/859 2947/860/858
f 2949/862/860 2871/784/782 2947/860/858
f 2952/865/863 2954/867/865 2951/864/862
f 2871/784/782 2949/862/860 2955/868/866
f 2943/856/854 2883/796/794 2944/857/855
f 2890/803/801 2956/869/867 2957/870/868
f 2958/871/869 2959/872/870 2918/831/829
f 2960/873/871 2956/869/867 2958/871/869
f 2961/874/872 2962/875/873 2960/873/871
f 2963/876/874 2864/777/775 2866/779/777
f 2964/877/875 2850/763/761 2961/874/872
f 2850/763/761 2965/878/876 2961/874/872
f 2966/879/877 2912/825/823 2943/856/854
f 2893/806/804 2953/866/864 2894/807/805
f 2947/860/858 2871/784/782 2950/863/861
f 2964/877/875 2960/873/871 2958/871/869
f 2904/817/815 2967/880/878 2903/816/814
f 2869/782/780 2871/784/782 2955/868/866
f 2950/863/861 2873/786/784 2943/856/854
f 2903/816/814 2968/881/879 2956/869/867
f 2959/872/870 2958/871/869 2963/876/874
f 2969/882/880 2970/883/881 2971/884/882
f 2972/885/883 2973/886/884 2965/878/876
f 2960/873/871 2962/875/873 2957/870/868
f 2866/779/777 2919/832/830 2892/805/803
f 2964/877/875 2918/831/829 2914/827/825
f 2873/786/784 2950/863/861 2871/784/782
f 2974/887/885 2975/888/886 2920/833/831
f 2913/826/824 2969/882/880 2976/889/887
f 2864/777/775 2956/869/867 2968/881/879
f 2866/779/777 2902/815/813 2920/833/831
f 2972/885/883 2977/890/888 2973/886/884
f 2873/786/784 2966/879/877 2943/856/854
f 2858/771/769 2898/811/809 2897/810/808
f 2905/818/816 2854/767/765 2853/766/764
f 2920/833/831 2975/888/886 2919/832/830
f 2918/831/829 2964/877/875 2958/871/869
f 2935/848/846 2933/846/844 2849/762/760
f 2936/849/847 2895/808/806 2933/846/844
f 2968/881/879 2865/778/776 2864/777/775
f 2978/891/889 2979/892/890 2849/762/760
f 2956/869/867 2864/777/775 2963/876/874
f 2933/846/844 2935/848/846 2936/849/847
f 2980/893/891 2870/783/781 2878/791/789
f 2934/847/845 2935/848/846 2979/892/890
f 2849/762/760 2979/892/890 2935/848/846
f 2968/881/879 2903/816/814 2967/880/878
f 2909/822/820 2895/808/806 2936/849/847
f 2973/886/884 2961/874/872 2965/878/876
f 2971/884/882 2966/879/877 2981/894/892
f 2866/779/777 2959/872/870 2963/876/874
f 2882/795/793 2977/890/888 2972/885/883
f 2882/795/793 2890/803/801 2957/870/868
f 2849/762/760 2851/764/762 2951/864/862
f 2850/763/761 2964/877/875 2914/827/825
f 2951/864/862 2982/895/893 2978/891/889
f 2977/890/888 2882/795/793 2962/875/873
f 2870/783/781 2980/893/891 2873/786/784
f 2957/870/868 2962/875/873 2882/795/793
f 2954/867/865 2982/895/893 2951/864/862
f 2982/895/893 2979/892/890 2978/891/889
f 2878/791/789 2981/894/892 2980/893/891
f 2978/891/889 2849/762/760 2951/864/862
f 2970/883/881 2896/809/807 2911/824/822
f 2939/852/850 2979/892/890 2982/895/893
f 2939/852/850 2931/844/842 2934/847/845
f 2961/874/872 2973/886/884 2962/875/873
f 2890/803/801 2903/816/814 2956/869/867
f 2934/847/845 2979/892/890 2939/852/850
f 2895/808/806 2913/826/824 2933/846/844
f 2858/771/769 2900/813/811 2898/811/809
f 2851/764/762 2894/807/805 2951/864/862
f 2873/786/784 2980/893/891 2966/879/877
f 2963/876/874 2958/871/869 2956/869/867
f 2977/890/888 2962/875/873 2973/886/884
f 2850/763/761 2976/889/887 2965/878/876
f 2976/889/887 2850/763/761 2913/826/824
f 2960/873/871 2964/877/875 2961/874/872
f 2981/894/892 2966/879/877 2980/893/891
f 2882/795/793 2972/885/883 2880/793/791
f 2956/869/867 2960/873/871 2957/870/868
f 2971/884/882 2965/878/876 2976/889/887
f 2972/885/883 2965/878/876 2983/896/894
f 2971/884/882 2976/889/887 2969/882/880
f 2965/878/876 2971/884/882 2981/894/892
f 2981/894/892 2983/896/894 2965/878/876
f 2971/884/882 2912/825/823 2966/879/877
f 2983/896/894 2878/791/789 2972/885/883
f 2852/765/763 2906/819/817 2853/766/764
f 2920/833/831 2902/815/813 2974/887/885
f 2971/884/882 2970/883/881 2912/825/823
f 2878/791/789 2880/793/791 2972/885/883
f 2912/825/823 2970/883/881 2911/824/822
f 2981/894/892 2878/791/789 2983/896/894
f 2959/872/870 2866/779/777 2918/831/829
f 2970/883/881 2913/826/824 2896/809/807
f 2969/882/880 2913/826/824 2970/883/881
f 3123/897/895 3124/898/896 3125/899/897
f 3124/898/896 3126/900/898 3127/901/899
f 3128/902/900 3129/903/901 3130/904/902
f 3131/905/903 3132/906/904 3133/907/905
f 3134/908/906 3135/909/907 3136/910/908
f 3137/911/909 3138/912/910 3139/913/911
f 3135/909/907 3140/914/912 3141/915/913
f 3142/916/914 3143/917/915 3144/918/916
f 3145/919/917 3146/920/918 3147/921/919
f 3148/922/920 3146/920/918 3145/919/917
f 3123/897/895 3149/923/921 3124/898/896
f 3150/924/922 3151/925/923 3152/926/924
f 3140/914/912 3143/917/915 3142/916/914
f 3153/927/925 3151/925/923 3154/928/926
f 3155/929/927 3156/930/928 3157/931/929
f 3158/932/930 3159/933/931 3160/934/932
f 3125/899/897 3161/935/933 3162/936/934
f 3162/936/934 3163/937/935 3164/938/936
f 3142/916/914 3129/903/901 3141/915/913
f 3165/939/937 3134/908/906 3166/940/938
f 3136/910/908 3167/941/939 3134/908/906
f 3132/906/904 3159/933/931 3168/942/940
f 3134/908/906 3165/939/937 3138/912/910
f 3169/943/941 3170/944/942 3171/945/943
f 3172/946/944 3170/944/942 3169/943/941
f 3160/934/932 3173/947/945 3174/948/946
f 3157/931/929 3167/941/939 3175/949/947
f 3176/950/948 3177/951/949 3169/943/941
f 3178/952/950 3163/937/935 3179/953/951
f 3154/928/926 3128/902/900 3130/904/902
f 3139/913/911 3180/954/952 3137/911/909
f 3175/949/947 3150/924/922 3181/955/953
f 3178/952/950 3179/953/951 3182/956/954
f 3183/957/955 3184/958/956 3185/959/957
f 3147/921/919 3186/960/958 3183/957/955
f 3187/961/959 3188/962/960 3189/963/961
f 3182/956/954 3189/963/961 3186/960/958
f 3186/960/958 3184/958/956 3183/957/955
f 3190/964/962 3185/959/957 3184/958/956
f 3188/962/960 3191/965/963 3189/963/961
f 3146/920/918 3192/966/964 3193/967/965
f 3141/915/913 3128/902/900 3135/909/907
f 3194/968/966 3195/969/967 3196/970/968
f 3187/961/959 3197/971/969 3188/962/960
f 3198/972/970 3199/973/971 3200/974/972
f 3179/953/951 3197/971/969 3187/961/959
f 3201/975/973 3202/976/974 3203/977/975
f 3152/926/924 3151/925/923 3153/927/925
f 3159/933/931 3158/932/930 3168/942/940
f 3172/946/944 3169/943/941 3159/933/931
f 3163/937/935 3178/952/950 3164/938/936
f 3204/978/976 3205/979/977 3192/966/964
f 3206/980/978 3207/981/979 3208/982/980
f 3152/926/924 3209/983/981 3210/984/982
f 3211/985/983 3212/986/984 3213/987/985
f 3214/988/986 3147/921/919 3146/920/918
f 3172/946/944 3159/933/931 3215/989/987
f 3164/938/936 3182/956/954 3147/921/919
f 3134/908/906 3156/930/928 3166/940/938
f 3129/903/901 3142/916/914 3194/968/966
f 3167/941/939 3156/930/928 3134/908/906
f 3161/935/933 3163/937/935 3162/936/934
f 3161/935/933 3216/990/988 3217/991/989
f 3157/931/929 3212/986/984 3155/929/927
f 3211/985/983 3155/929/927 3212/986/984
f 3164/938/936 3147/921/919 3214/988/986
f 3171/945/943 3170/944/942 3205/979/977
f 3218/992/990 3203/977/975 3202/976/974
f 3155/929/927 3206/980/978 3219/993/991
f 3211/985/983 3220/994/992 3126/900/898
f 3221/995/993 3220/994/992 3222/996/994
f 3181/955/953 3150/924/922 3223/997/995
f 3207/981/979 3211/985/983 3224/998/996
f 3225/999/997 3171/945/943 3205/979/977
f 3164/938/936 3178/952/950 3182/956/954
f 3207/981/979 3206/980/978 3211/985/983
f 3226/1000/998 3161/935/933 3227/1001/999
f 3222/996/994 3228/1002/1000 3229/1003/1001
f 3230/1004/1002 3215/989/987 3166/940/938
f 3193/967/965 3206/980/978 3208/982/980
f 3231/1005/1003 3206/980/978 3192/966/964
f 3124/898/896 3149/923/921 3126/900/898
f 3157/931/929 3156/930/928 3167/941/939
f 3206/980/978 3155/929/927 3211/985/983
f 3231/1005/1003 3205/979/977 3170/944/942
f 3232/1006/1004 3174/948/946 3173/947/945
f 3219/993/991 3231/1005/1003 3170/944/942
f 3224/998/996 3208/982/980 3207/981/979
f 3192/966/964 3205/979/977 3231/1005/1003
f 3193/967/965 3192/966/964 3206/980/978
f 3149/923/921 3224/998/996 3126/900/898
f 3208/982/980 3149/923/921 3193/967/965
f 3220/994/992 3211/985/983 3213/987/985
f 3224/998/996 3149/923/921 3208/982/980
f 3137/911/909 3135/909/907 3138/912/910
f 3185/959/957 3147/921/919 3183/957/955
f 3123/897/895 3193/967/965 3149/923/921
f 3179/953/951 3226/1000/998 3197/971/969
f 3125/899/897 3216/990/988 3161/935/933
f 3142/916/914 3144/918/916 3194/968/966
f 3179/953/951 3187/961/959 3182/956/954
f 3200/974/972 3217/991/989 3216/990/988
f 3233/1007/1005 3234/1008/1006 3202/976/974
f 3234/1008/1006 3235/1009/1007 3202/976/974
f 3236/1010/1008 3200/974/972 3234/1008/1006
f 3153/927/925 3237/1011/1009 3209/983/981
f 3222/996/994 3220/994/992 3213/987/985
f 3238/1012/1010 3161/935/933 3236/1010/1008
f 3184/958/956 3186/960/958 3239/1013/1011
f 3219/993/991 3230/1004/1002 3155/929/927
f 3240/1014/1012 3153/927/925 3154/928/926
f 3224/998/996 3211/985/983 3126/900/898
f 3155/929/927 3230/1004/1002 3156/930/928
f 3241/1015/1013 3242/1016/1014 3243/1017/1015
f 3154/928/926 3244/1018/1016 3240/1014/1012
f 3156/930/928 3230/1004/1002 3166/940/938
f 3129/903/901 3128/902/900 3141/915/913
f 3123/897/895 3125/899/897 3162/936/934
f 3154/928/926 3245/1019/1017 3244/1018/1016
f 3148/922/920 3185/959/957 3190/964/962
f 3245/1019/1017 3130/904/902 3129/903/901
f 3157/931/929 3175/949/947 3181/955/953
f 3196/970/968 3195/969/967 3246/1020/1018
f 3244/1018/1016 3247/1021/1019 3248/1022/1020
f 3249/1023/1021 3246/1020/1018 3195/969/967
f 3137/911/909 3140/914/912 3135/909/907
f 3193/967/965 3123/897/895 3146/920/918
f 3250/1024/1022 3234/1008/1006 3251/1025/1023
f 3229/1003/1001 3228/1002/1000 3223/997/995
f 3217/991/989 3236/1010/1008 3161/935/933
f 3243/1017/1015 3252/1026/1024 3253/1027/1025
f 3160/934/932 3254/1028/1026 3173/947/945
f 3214/988/986 3146/920/918 3123/897/895
f 3245/1019/1017 3246/1020/1018 3242/1016/1014
f 3227/1001/999 3255/1029/1027 3226/1000/998
f 3143/917/915 3140/914/912 3180/954/952
f 3147/921/919 3185/959/957 3145/919/917
f 3242/1016/1014 3247/1021/1019 3245/1019/1017
f 3243/1017/1015 3256/1030/1028 3246/1020/1018
f 3136/910/908 3135/909/907 3128/902/900
f 3203/977/975 3221/995/993 3257/1031/1029
f 3180/954/952 3140/914/912 3137/911/909
f 3258/1032/1030 3247/1021/1019 3241/1015/1013
f 3248/1022/1020 3247/1021/1019 3258/1032/1030
f 3204/978/976 3225/999/997 3205/979/977
f 3198/972/970 3216/990/988 3125/899/897
f 3154/928/926 3151/925/923 3128/902/900
f 3255/1029/1027 3238/1012/1010 3250/1024/1022
f 3215/989/987 3159/933/931 3132/906/904
f 3167/941/939 3136/910/908 3175/949/947
f 3259/1033/1031 3126/900/898 3220/994/992
f 3177/951/949 3160/934/932 3169/943/941
f 3200/974/972 3236/1010/1008 3217/991/989
f 3245/1019/1017 3129/903/901 3196/970/968
f 3150/924/922 3152/926/924 3223/997/995
f 3158/932/930 3160/934/932 3174/948/946
f 3141/915/913 3140/914/912 3142/916/914
f 3212/986/984 3181/955/953 3213/987/985
f 3250/1024/1022 3238/1012/1010 3236/1010/1008
f 3209/983/981 3152/926/924 3153/927/925
f 3181/955/953 3228/1002/1000 3213/987/985
f 3258/1032/1030 3241/1015/1013 3260/1034/1032
f 3219/993/991 3206/980/978 3231/1005/1003
f 3213/987/985 3228/1002/1000 3222/996/994
f 3200/974/972 3216/990/988 3198/972/970
f 3169/943/941 3160/934/932 3159/933/931
f 3177/951/949 3254/1028/1026 3160/934/932
f 3223/997/995 3152/926/924 3210/984/982
f 3181/955/953 3212/986/984 3157/931/929
f 3128/902/900 3151/925/923 3136/910/908
f 3242/1016/1014 3241/1015/1013 3247/1021/1019
f 3201/975/973 3233/1007/1005 3202/976/974
f 3234/1008/1006 3200/974/972 3235/1009/1007
f 3170/944/942 3172/946/944 3219/993/991
f 3237/1011/1009 3153/927/925 3240/1014/1012
f 3151/925/923 3150/924/922 3175/949/947
f 3198/972/970 3125/899/897 3127/901/899
f 3192/966/964 3261/1035/1033 3204/978/976
f 3192/966/964 3146/920/918 3261/1035/1033
f 3182/956/954 3186/960/958 3147/921/919
f 3246/1020/1018 3249/1023/1021 3243/1017/1015
f 3129/903/901 3194/968/966 3196/970/968
f 3175/949/947 3136/910/908 3151/925/923
f 3223/997/995 3210/984/982 3229/1003/1001
f 3259/1033/1031 3199/973/971 3126/900/898
f 3247/1021/1019 3244/1018/1016 3245/1019/1017
f 3148/922/920 3261/1035/1033 3146/920/918
f 3221/995/993 3259/1033/1031 3220/994/992
f 3250/1024/1022 3236/1010/1008 3234/1008/1006
f 3148/922/920 3145/919/917 3185/959/957
f 3162/936/934 3214/988/986 3123/897/895
f 3241/1015/1013 3253/1027/1025 3260/1034/1032
f 3257/1031/1029 3221/995/993 3222/996/994
f 3230/1004/1002 3172/946/944 3215/989/987
f 3259/1033/1031 3200/974/972 3199/973/971
f 3221/995/993 3218/992/990 3259/1033/1031
f 3262/1036/1034 3169/943/941 3171/945/943
f 3198/972/970 3127/901/899 3199/973/971
f 3226/1000/998 3163/937/935 3161/935/933
f 3235/1009/1007 3200/974/972 3259/1033/1031
f 3219/993/991 3172/946/944 3230/1004/1002
f 3245/1019/1017 3196/970/968 3246/1020/1018
f 3222/996/994 3229/1003/1001 3257/1031/1029
f 3127/901/899 3126/900/898 3199/973/971
f 3235/1009/1007 3259/1033/1031 3218/992/990
f 3262/1036/1034 3176/950/948 3169/943/941
f 3263/1037/1035 3139/913/911 3138/912/910
f 3190/964/962 3184/958/956 3239/1013/1011
f 3241/1015/1013 3243/1017/1015 3253/1027/1025
f 3229/1003/1001 3264/1038/1036 3257/1031/1029
f 3132/906/904 3131/905/903 3265/1039/1037
f 3266/1040/1038 3253/1027/1025 3252/1026/1024
f 3223/997/995 3228/1002/1000 3181/955/953
f 3246/1020/1018 3256/1030/1028 3242/1016/1014
f 3265/1039/1037 3131/905/903 3267/1041/1039
f 3165/939/937 3267/1041/1039 3138/912/910
f 3131/905/903 3263/1037/1035 3267/1041/1039
f 3161/935/933 3238/1012/1010 3227/1001/999
f 3248/1022/1020 3240/1014/1012 3244/1018/1016
f 3251/1025/1023 3234/1008/1006 3233/1007/1005
f 3133/907/905 3132/906/904 3168/942/940
f 3265/1039/1037 3267/1041/1039 3165/939/937
f 3138/912/910 3267/1041/1039 3263/1037/1035
f 3130/904/902 3245/1019/1017 3154/928/926
f 3264/1038/1036 3203/977/975 3257/1031/1029
f 3265/1039/1037 3166/940/938 3215/989/987
f 3238/1012/1010 3255/1029/1027 3227/1001/999
f 3138/912/910 3135/909/907 3134/908/906
f 3215/989/987 3132/906/904 3265/1039/1037
f 3221/995/993 3203/977/975 3218/992/990
f 3218/992/990 3202/976/974 3235/1009/1007
f 3189/963/961 3182/956/954 3187/961/959
f 3260/1034/1032 3266/1040/1038 3268/1042/1040
f 3214/988/986 3162/936/934 3164/938/936
f 3243/1017/1015 3249/1023/1021 3252/1026/1024
f 3166/940/938 3265/1039/1037 3165/939/937
f 3125/899/897 3124/898/896 3127/901/899
f 3242/1016/1014 3256/1030/1028 3243/1017/1015
f 3179/953/951 3163/937/935 3226/1000/998
f 3268/1042/1040 3266/1040/1038 3269/1043/1041
f 3260/1034/1032 3253/1027/1025 3266/1040/1038
f 3270/1044/1042 3260/1034/1032 3268/1042/1040
f 3829/1045/1043 3830/1046/1044 3831/1047/1045
f 3832/1048/1046 3833/1049/1047 3834/1050/1048
f 3835/1051/1049 3836/1052/1050 3837/1053/1051
f 3838/1054/1052 3839/1055/1053 3835/1051/1049
f 3836/1052/1050 3835/1051/1049 3839/1055/1053
f 3833/1049/1047 3832/1048/1046 3840/1056/1054
f 3841/1057/1055 3842/1058/1056 3843/1059/1057
f 3844/1060/1058 3845/1061/1059 3846/1062/1060
f 3847/1063/1061 3846/1062/1060 3845/1061/1059
f 3848/1064/1062 3837/1053/1051 3849/1065/1063
f 3850/1066/1064 3842/1058/1056 3841/1057/1055
f 3833/1049/1047 3840/1056/1054 3848/1064/1062
f 3851/1067/1065 3832/1048/1046 3829/1045/1043
f 3840/1056/1054 3852/1068/1066 3835/1051/1049
f 3830/1046/1044 3832/1048/1046 3834/1050/1048
f 3848/1064/1062 3840/1056/1054 3835/1051/1049
f 3848/1064/1062 3835/1051/1049 3837/1053/1051
f 3849/1065/1063 3833/1049/1047 3848/1064/1062
f 3832/1048/1046 3830/1046/1044 3829/1045/1043
f 3853/1069/1067 3854/1070/1068 3855/1071/1069
f 3855/1071/1069 3854/1070/1068 3850/1066/1064
f 3844/1060/1058 3856/1072/1070 3857/1073/1071
f 3858/1074/1072 3845/1061/1059 3859/1075/1073
f 3855/1071/1069 3846/1062/1060 3853/1069/1067
f 3860/1076/1074 3861/1077/1075 3857/1073/1071
f 3862/1078/1076 3860/1076/1074 3863/1079/1077
f 3864/1080/1078 3865/1081/1079 3866/1082/1080
f 3867/1083/1081 3868/1084/1082 3866/1082/1080
f 3863/1079/1077 3860/1076/1074 3869/1085/1083
f 3870/1086/1084 3863/1079/1077 3869/1085/1083
f 3862/1078/1076 3861/1077/1075 3860/1076/1074
f 3868/1084/1082 3864/1080/1078 3866/1082/1080
f 3864/1080/1078 3871/1087/1085 3865/1081/1079
f 3872/1088/1086 3868/1084/1082 3873/1089/1087
f 3874/1090/1088 3875/1091/1089 3871/1087/1085
f 3857/1073/1071 3876/1092/1090 3860/1076/1074
f 3860/1076/1074 3876/1092/1090 3869/1085/1083
f 3856/1072/1070 3876/1092/1090 3857/1073/1071
f 3869/1085/1083 3877/1093/1091 3870/1086/1084
f 3876/1092/1090 3878/1094/1092 3869/1085/1083
f 3873/1089/1087 3879/1095/1093 3880/1096/1094
f 3876/1092/1090 3856/1072/1070 3881/1097/1095
f 3876/1092/1090 3881/1097/1095 3878/1094/1092
f 3872/1088/1086 3882/1098/1096 3864/1080/1078
f 3864/1080/1078 3874/1090/1088 3871/1087/1085
f 3856/1072/1070 3844/1060/1058 3883/1099/1097
f 3873/1089/1087 3882/1098/1096 3872/1088/1086
f 3884/1100/1098 3856/1072/1070 3883/1099/1097
f 3875/1091/1089 3865/1081/1079 3871/1087/1085
f 3885/1101/1099 3884/1100/1098 3883/1099/1097
f 3883/1099/1097 3844/1060/1058 3886/1102/1100
f 3882/1098/1096 3887/1103/1101 3874/1090/1088
f 3879/1095/1093 3873/1089/1087 3868/1084/1082
f 3888/1104/1102 3862/1078/1076 3863/1079/1077
f 3889/1105/1103 3890/1106/1104 3878/1094/1092
f 3891/1107/1105 3877/1093/1091 3890/1106/1104
f 3873/1089/1087 3880/1096/1094 3882/1098/1096
f 3890/1106/1104 3877/1093/1091 3878/1094/1092
f 3886/1102/1100 3892/1108/1106 3883/1099/1097
f 3883/1099/1097 3892/1108/1106 3893/1109/1107
f 3893/1109/1107 3885/1101/1099 3883/1099/1097
f 3890/1106/1104 3894/1110/1108 3891/1107/1105
f 3880/1096/1094 3895/1111/1109 3882/1098/1096
f 3895/1111/1109 3887/1103/1101 3882/1098/1096
f 3889/1105/1103 3894/1110/1108 3890/1106/1104
f 3864/1080/1078 3868/1084/1082 3872/1088/1086
f 3874/1090/1088 3887/1103/1101 3896/1112/1110
f 3897/1113/1111 3898/1114/1112 3899/1115/1113
f 3881/1097/1095 3889/1105/1103 3878/1094/1092
f 3893/1109/1107 3900/1116/1114 3899/1115/1113
f 3901/1117/1115 3874/1090/1088 3896/1112/1110
f 3886/1102/1100 3855/1071/1069 3892/1108/1106
f 3889/1105/1103 3898/1114/1112 3894/1110/1108
f 3897/1113/1111 3902/1118/1116 3898/1114/1112
f 3899/1115/1113 3900/1116/1114 3903/1119/1117
f 3904/1120/1118 3905/1121/1119 3841/1057/1055
f 3900/1116/1114 3906/1122/1120 3907/1123/1121
f 3864/1080/1078 3882/1098/1096 3874/1090/1088
f 3907/1123/1121 3908/1124/1122 3909/1125/1123
f 3893/1109/1107 3892/1108/1106 3906/1122/1120
f 3867/1083/1081 3879/1095/1093 3868/1084/1082
f 3906/1122/1120 3910/1126/1124 3907/1123/1121
f 3909/1125/1123 3903/1119/1117 3907/1123/1121
f 3866/1082/1080 3865/1081/1079 3851/1067/1065
f 3911/1127/1125 3832/1048/1046 3851/1067/1065
f 3910/1126/1124 3908/1124/1122 3907/1123/1121
f 3875/1091/1089 3851/1067/1065 3865/1081/1079
f 3851/1067/1065 3875/1091/1089 3911/1127/1125
f 3911/1127/1125 3912/1128/1126 3840/1056/1054
f 3913/1129/1127 3912/1128/1126 3911/1127/1125
f 3910/1126/1124 3906/1122/1120 3905/1121/1119
f 3911/1127/1125 3875/1091/1089 3913/1129/1127
f 3909/1125/1123 3897/1113/1111 3903/1119/1117
f 3912/1128/1126 3913/1129/1127 3914/1130/1128
f 3850/1066/1064 3841/1057/1055 3905/1121/1119
f 3914/1130/1128 3915/1131/1129 3912/1128/1126
f 3916/1132/1130 3917/1133/1131 3918/1134/1132
f 3904/1120/1118 3843/1059/1057 3919/1135/1133
f 3917/1133/1131 3920/1136/1134 3921/1137/1135
f 3922/1138/1136 3915/1131/1129 3914/1130/1128
f 3915/1131/1129 3922/1138/1136 3923/1139/1137
f 3914/1130/1128 3874/1090/1088 3922/1138/1136
f 3850/1066/1064 3906/1122/1120 3892/1108/1106
f 3923/1139/1137 3922/1138/1136 3924/1140/1138
f 3913/1129/1127 3874/1090/1088 3914/1130/1128
f 3925/1141/1139 3924/1140/1138 3874/1090/1088
f 3926/1142/1140 3927/1143/1141 3928/1144/1142
f 3911/1127/1125 3840/1056/1054 3832/1048/1046
f 3922/1138/1136 3874/1090/1088 3924/1140/1138
f 3874/1090/1088 3901/1117/1115 3925/1141/1139
f 3913/1129/1127 3875/1091/1089 3874/1090/1088
f 3908/1124/1122 3928/1144/1142 3909/1125/1123
f 3929/1145/1143 3930/1146/1144 3931/1147/1145
f 3932/1148/1146 3834/1050/1048 3833/1049/1047
f 3838/1054/1052 3933/1149/1147 3839/1055/1053
f 3934/1150/1148 3935/1151/1149 3830/1046/1044
f 3936/1152/1150 3905/1121/1119 3919/1135/1133
f 3906/1122/1120 3850/1066/1064 3905/1121/1119
f 3937/1153/1151 3908/1124/1122 3910/1126/1124
f 3938/1154/1152 3909/1125/1123 3928/1144/1142
f 3905/1121/1119 3904/1120/1118 3919/1135/1133
f 3928/1144/1142 3908/1124/1122 3937/1153/1151
f 3920/1136/1134 3916/1132/1130 3939/1155/1153
f 3881/1097/1095 3856/1072/1070 3884/1100/1098
f 3936/1152/1150 3937/1153/1151 3940/1156/1154
f 3899/1115/1113 3885/1101/1099 3893/1109/1107
f 3941/1157/1155 3936/1152/1150 3919/1135/1133
f 3936/1152/1150 3941/1157/1155 3921/1137/1135
f 3942/1158/1156 3937/1153/1151 3936/1152/1150
f 3943/1159/1157 3944/1160/1158 3939/1155/1153
f 3927/1143/1141 3938/1154/1152 3928/1144/1142
f 3940/1156/1154 3905/1121/1119 3936/1152/1150
f 3945/1161/1159 3894/1110/1108 3946/1162/1160
f 3947/1163/1161 3916/1132/1130 3948/1164/1162
f 3897/1113/1111 3899/1115/1113 3903/1119/1117
f 3898/1114/1112 3885/1101/1099 3899/1115/1113
f 3949/1165/1163 3950/1166/1164 3926/1142/1140
f 3941/1157/1155 3917/1133/1131 3921/1137/1135
f 3936/1152/1150 3921/1137/1135 3942/1158/1156
f 3889/1105/1103 3881/1097/1095 3884/1100/1098
f 3938/1154/1152 3951/1167/1165 3946/1162/1160
f 3884/1100/1098 3885/1101/1099 3889/1105/1103
f 3900/1116/1114 3893/1109/1107 3906/1122/1120
f 3928/1144/1142 3937/1153/1151 3942/1158/1156
f 3931/1147/1145 3930/1146/1144 3952/1168/1166
f 3843/1059/1057 3904/1120/1118 3841/1057/1055
f 3897/1113/1111 3909/1125/1123 3902/1118/1116
f 3953/1169/1167 3941/1157/1155 3954/1170/1168
f 3955/1171/1169 3933/1149/1147 3956/1172/1170
f 3877/1093/1091 3956/1172/1170 3870/1086/1084
f 3931/1147/1145 3831/1047/1045 3830/1046/1044
f 3957/1173/1171 3955/1171/1169 3956/1172/1170
f 3930/1146/1144 3929/1145/1143 3958/1174/1172
f 3959/1175/1173 3917/1133/1131 3953/1169/1167
f 3960/1176/1174 3961/1177/1175 3880/1096/1094
f 3880/1096/1094 3962/1178/1176 3960/1176/1174
f 3902/1118/1116 3946/1162/1160 3898/1114/1112
f 3829/1045/1043 3831/1047/1045 3866/1082/1080
f 3877/1093/1091 3869/1085/1083 3878/1094/1092
f 3866/1082/1080 3963/1179/1177 3867/1083/1081
f 3964/1180/1178 3867/1083/1081 3963/1179/1177
f 3965/1181/1179 3966/1182/1180 3967/1183/1181
f 3968/1184/1182 3969/1185/1183 3965/1181/1179
f 3960/1176/1174 3962/1178/1176 3867/1083/1081
f 3917/1133/1131 3959/1175/1173 3970/1186/1184
f 3961/1177/1175 3960/1176/1174 3968/1184/1182
f 3968/1184/1182 3964/1180/1178 3952/1168/1166
f 3949/1165/1163 3928/1144/1142 3942/1158/1156
f 3968/1184/1182 3967/1183/1181 3961/1177/1175
f 3945/1161/1159 3971/1187/1185 3894/1110/1108
f 3867/1083/1081 3964/1180/1178 3960/1176/1174
f 3962/1178/1176 3879/1095/1093 3867/1083/1081
f 3964/1180/1178 3968/1184/1182 3960/1176/1174
f 3967/1183/1181 3968/1184/1182 3965/1181/1179
f 3879/1095/1093 3962/1178/1176 3880/1096/1094
f 3969/1185/1183 3968/1184/1182 3972/1188/1186
f 3972/1188/1186 3968/1184/1182 3952/1168/1166
f 3963/1179/1177 3866/1082/1080 3831/1047/1045
f 3973/1189/1187 3948/1164/1162 3916/1132/1130
f 3974/1190/1188 3966/1182/1180 3965/1181/1179
f 3829/1045/1043 3866/1082/1080 3851/1067/1065
f 3930/1146/1144 3958/1174/1172 3975/1191/1189
f 3933/1149/1147 3838/1054/1052 3976/1192/1190
f 3958/1174/1172 3977/1193/1191 3975/1191/1189
f 3977/1193/1191 3951/1167/1165 3978/1194/1192
f 3976/1192/1190 3888/1104/1102 3863/1079/1077
f 3971/1187/1185 3979/1195/1193 3834/1050/1048
f 3933/1149/1147 3976/1192/1190 3870/1086/1084
f 3976/1192/1190 3863/1079/1077 3870/1086/1084
f 3957/1173/1171 3837/1053/1051 3955/1171/1169
f 3933/1149/1147 3870/1086/1084 3956/1172/1170
f 3971/1187/1185 3945/1161/1159 3980/1196/1194
f 3877/1093/1091 3891/1107/1105 3956/1172/1170
f 3891/1107/1105 3971/1187/1185 3957/1173/1171
f 3955/1171/1169 3837/1053/1051 3836/1052/1050
f 3837/1053/1051 3957/1173/1171 3849/1065/1063
f 3949/1165/1163 3921/1137/1135 3920/1136/1134
f 3928/1144/1142 3949/1165/1163 3926/1142/1140
f 3956/1172/1170 3891/1107/1105 3957/1173/1171
f 3894/1110/1108 3971/1187/1185 3891/1107/1105
f 3933/1149/1147 3955/1171/1169 3836/1052/1050
f 3980/1196/1194 3945/1161/1159 3946/1162/1160
f 3833/1049/1047 3849/1065/1063 3932/1148/1146
f 3952/1168/1166 3964/1180/1178 3931/1147/1145
f 3978/1194/1192 3951/1167/1165 3927/1143/1141
f 3971/1187/1185 3932/1148/1146 3957/1173/1171
f 3920/1136/1134 3950/1166/1164 3949/1165/1163
f 3958/1174/1172 3935/1151/1149 3951/1167/1165
f 3971/1187/1185 3980/1196/1194 3979/1195/1193
f 3980/1196/1194 3946/1162/1160 3981/1197/1195
f 3932/1148/1146 3971/1187/1185 3834/1050/1048
f 3918/1134/1132 3973/1189/1187 3916/1132/1130
f 3980/1196/1194 3934/1150/1148 3979/1195/1193
f 3981/1197/1195 3934/1150/1148 3980/1196/1194
f 3951/1167/1165 3981/1197/1195 3946/1162/1160
f 3849/1065/1063 3957/1173/1171 3932/1148/1146
f 3834/1050/1048 3979/1195/1193 3934/1150/1148
f 3934/1150/1148 3830/1046/1044 3834/1050/1048
f 3951/1167/1165 3935/1151/1149 3981/1197/1195
f 3958/1174/1172 3951/1167/1165 3977/1193/1191
f 3963/1179/1177 3931/1147/1145 3964/1180/1178
f 3933/1149/1147 3836/1052/1050 3839/1055/1053
f 3929/1145/1143 3931/1147/1145 3830/1046/1044
f 3981/1197/1195 3935/1151/1149 3934/1150/1148
f 3935/1151/1149 3958/1174/1172 3929/1145/1143
f 3909/1125/1123 3938/1154/1152 3946/1162/1160
f 3831/1047/1045 3931/1147/1145 3963/1179/1177
f 3935/1151/1149 3929/1145/1143 3830/1046/1044
f 3938/1154/1152 3927/1143/1141 3951/1167/1165
f 3918/1134/1132 3917/1133/1131 3970/1186/1184
f 3954/1170/1168 3941/1157/1155 3919/1135/1133
f 3982/1198/1196 3954/1170/1168 3983/1199/1197
f 3983/1199/1197 3954/1170/1168 3919/1135/1133
f 3983/1199/1197 3919/1135/1133 3843/1059/1057
f 3959/1175/1173 3953/1169/1167 3984/1200/1198
f 3910/1126/1124 3905/1121/1119 3940/1156/1154
f 3984/1200/1198 3954/1170/1168 3982/1198/1196
f 3946/1162/1160 3902/1118/1116 3909/1125/1123
f 3861/1077/1075 3859/1075/1073 3857/1073/1071
f 3857/1073/1071 3859/1075/1073 3845/1061/1059
f 3846/1062/1060 3886/1102/1100 3844/1060/1058
f 3844/1060/1058 3857/1073/1071 3845/1061/1059
f 3954/1170/1168 3984/1200/1198 3953/1169/1167
f 3858/1074/1072 3847/1063/1061 3845/1061/1059
f 3855/1071/1069 3886/1102/1100 3846/1062/1060
f 3842/1058/1056 3850/1066/1064 3854/1070/1068
f 3985/1201/1199 3986/1202/1200 3987/1203/1201
f 3939/1155/1153 3944/1160/1158 3926/1142/1140
f 3987/1203/1201 3975/1191/1189 3985/1201/1199
f 3985/1201/1199 3944/1160/1158 3988/1204/1202
f 3921/1137/1135 3949/1165/1163 3942/1158/1156
f 3926/1142/1140 3978/1194/1192 3927/1143/1141
f 3986/1202/1200 3985/1201/1199 3988/1204/1202
f 3989/1205/1203 3990/1206/1204 3991/1207/1205
f 3943/1159/1157 3990/1206/1204 3989/1205/1203
f 3974/1190/1188 3987/1203/1201 3992/1208/1206
f 3944/1160/1158 3985/1201/1199 3926/1142/1140
f 3926/1142/1140 3977/1193/1191 3978/1194/1192
f 3985/1201/1199 3977/1193/1191 3926/1142/1140
f 3992/1208/1206 3987/1203/1201 3986/1202/1200
f 3989/1205/1203 3986/1202/1200 3988/1204/1202
f 3975/1191/1189 3977/1193/1191 3985/1201/1199
f 3900/1116/1114 3907/1123/1121 3903/1119/1117
f 3989/1205/1203 3988/1204/1202 3943/1159/1157
f 3986/1202/1200 3993/1209/1207 3992/1208/1206
f 3994/1210/1208 3852/1068/1066 3995/1211/1209
f 3944/1160/1158 3943/1159/1157 3988/1204/1202
f 3989/1205/1203 3993/1209/1207 3986/1202/1200
f 3852/1068/1066 3840/1056/1054 3995/1211/1209
f 3840/1056/1054 3912/1128/1126 3995/1211/1209
f 3972/1188/1186 3975/1191/1189 3974/1190/1188
f 3993/1209/1207 3989/1205/1203 3991/1207/1205
f 3972/1188/1186 3930/1146/1144 3975/1191/1189
f 3972/1188/1186 3974/1190/1188 3965/1181/1179
f 3952/1168/1166 3930/1146/1144 3972/1188/1186
f 3996/1212/1210 3966/1182/1180 3993/1209/1207
f 3898/1114/1112 3946/1162/1160 3894/1110/1108
f 3917/1133/1131 3916/1132/1130 3920/1136/1134
f 3987/1203/1201 3974/1190/1188 3975/1191/1189
f 3965/1181/1179 3969/1185/1183 3972/1188/1186
f 3996/1212/1210 3993/1209/1207 3991/1207/1205
f 3953/1169/1167 3917/1133/1131 3941/1157/1155
f 3966/1182/1180 3974/1190/1188 3992/1208/1206
f 3992/1208/1206 3993/1209/1207 3966/1182/1180
f 3947/1163/1161 3943/1159/1157 3916/1132/1130
f 3947/1163/1161 3990/1206/1204 3943/1159/1157
f 3892/1108/1106 3855/1071/1069 3850/1066/1064
f 3940/1156/1154 3937/1153/1151 3910/1126/1124
f 3939/1155/1153 3916/1132/1130 3943/1159/1157
f 3898/1114/1112 3889/1105/1103 3885/1101/1099
f 3939/1155/1153 3950/1166/1164 3920/1136/1134
f 3950/1166/1164 3939/1155/1153 3926/1142/1140
f 3997/1213/1211 3998/1214/1212 3999/1215/1213
f 4000/1216/1214 4001/1217/1215 4002/1218/1216
f 4003/1219/1217 4004/1220/1218 4005/1221/1219
f 4003/1219/1217 4005/1221/1219 4006/1222/1220
f 4007/1223/1221 4008/1224/1222 4009/1225/1223
f 4010/1226/1224 4011/1227/1225 4012/1228/1226
f 4013/1229/1227 4014/1230/1228 4015/1231/1229
f 4014/1230/1228 4016/1232/1230 4017/1233/1231
f 4018/1234/1232 4019/1235/1233 4020/1236/1234
f 4021/1237/1235 4022/1238/1236 4023/1239/1237
f 4024/1240/1238 4025/1241/1239 4018/1234/1232
f 4017/1233/1231 4026/1242/1240 4014/1230/1228
f 4027/1243/1241 4028/1244/1242 4029/1245/1243
f 4030/1246/1244 4031/1247/1245 4032/1248/1246
f 4033/1249/1247 4034/1250/1248 4035/1251/1249
f 4032/1248/1246 4031/1247/1245 4036/1252/1250
f 4037/1253/1251 4016/1232/1230 4035/1251/1249
f 3998/1214/1212 4038/1254/1252 4039/1255/1253
f 4040/1256/1254 4041/1257/1255 4042/1258/1256
f 4043/1259/1257 4031/1247/1245 4030/1246/1244
f 4019/1235/1233 4044/1260/1258 4045/1261/1259
f 4046/1262/1260 4047/1263/1261 4048/1264/1262
f 4023/1239/1237 4049/1265/1263 4050/1266/1264
f 4051/1267/1265 4052/1268/1266 4053/1269/1267
f 4054/1270/1268 4055/1271/1269 4056/1272/1270
f 4013/1229/1227 4015/1231/1229 4057/1273/1271
f 3998/1214/1212 4039/1255/1253 4058/1274/1272
f 4059/1275/1273 4060/1276/1274 4013/1229/1227
f 4037/1253/1251 4034/1250/1248 4043/1259/1257
f 4034/1250/1248 4061/1277/1275 4043/1259/1257
f 3999/1215/1213 3998/1214/1212 4058/1274/1272
f 4062/1278/1276 4063/1279/1277 4064/1280/1278
f 3998/1214/1212 4065/1281/1279 4038/1254/1252
f 4066/1282/1280 4067/1283/1281 4068/1284/1282
f 4037/1253/1251 4045/1261/1259 4069/1285/1283
f 4070/1286/1284 4071/1287/1285 4072/1288/1286
f 4073/1289/1287 4074/1290/1288 4071/1287/1285
f 4039/1255/1253 4075/1291/1289 4058/1274/1272
f 4076/1292/1290 4017/1233/1231 4077/1293/1291
f 4078/1294/1292 4079/1295/1293 4042/1258/1256
f 4080/1296/1294 4081/1297/1295 4082/1298/1296
f 4083/1299/1297 4049/1265/1263 4084/1300/1298
f 4043/1259/1257 4030/1246/1244 4045/1261/1259
f 4071/1287/1285 3997/1213/1211 4073/1289/1287
f 4025/1241/1239 4085/1301/1299 4086/1302/1300
f 4027/1243/1241 4029/1245/1243 4087/1303/1301
f 4088/1304/1302 4004/1220/1218 4063/1279/1277
f 4079/1295/1293 4078/1294/1292 4028/1244/1242
f 4007/1223/1221 4009/1225/1223 4069/1285/1283
f 4009/1225/1223 4089/1305/1303 4090/1306/1304
f 4023/1239/1237 4050/1266/1264 4091/1307/1305
f 4057/1273/1271 4011/1227/1225 4092/1308/1306
f 4093/1309/1307 4071/1287/1285 4094/1310/1308
f 4009/1225/1223 4077/1293/1291 4069/1285/1283
f 4044/1260/1258 4007/1223/1221 4045/1261/1259
f 4061/1277/1275 4031/1247/1245 4043/1259/1257
f 4026/1242/1240 4015/1231/1229 4014/1230/1228
f 4095/1311/1309 4065/1281/1279 3998/1214/1212
f 4096/1312/1310 4046/1262/1260 4011/1227/1225
f 4097/1313/1311 4098/1314/1312 4088/1304/1302
f 4099/1315/1313 4082/1298/1296 4100/1316/1314
f 4019/1235/1233 4101/1317/1315 4020/1236/1234
f 4016/1232/1230 4014/1230/1228 4035/1251/1249
f 4062/1278/1276 4102/1318/1316 4088/1304/1302
f 4085/1301/1299 4053/1269/1267 4086/1302/1300
f 4103/1319/1317 4104/1320/1318 4099/1315/1313
f 4010/1226/1224 4105/1321/1319 4106/1322/1320
f 4049/1265/1263 4023/1239/1237 4022/1238/1236
f 4075/1291/1289 4039/1255/1253 4038/1254/1252
f 4080/1296/1294 4082/1298/1296 4101/1317/1315
f 4101/1317/1315 4107/1323/1321 4080/1296/1294
f 4108/1324/1322 4007/1223/1221 4044/1260/1258
f 4109/1325/1323 4100/1316/1314 4081/1297/1295
f 4110/1326/1324 4004/1220/1218 4003/1219/1217
f 4034/1250/1248 4037/1253/1251 4035/1251/1249
f 4076/1292/1290 4026/1242/1240 4017/1233/1231
f 4088/1304/1302 4005/1221/1219 4004/1220/1218
f 4111/1327/1325 4009/1225/1223 4008/1224/1222
f 4112/1328/1326 4008/1224/1222 4051/1267/1265
f 4107/1323/1321 4101/1317/1315 4019/1235/1233
f 4084/1300/1298 4113/1329/1327 4051/1267/1265
f 4088/1304/1302 4098/1314/1312 4067/1283/1281
f 4111/1327/1325 4089/1305/1303 4009/1225/1223
f 4004/1220/1218 4110/1326/1324 4063/1279/1277
f 4108/1324/1322 4044/1260/1258 4018/1234/1232
f 4051/1267/1265 4008/1224/1222 4052/1268/1266
f 4049/1265/1263 4083/1299/1297 4114/1330/1328
f 4083/1299/1297 4084/1300/1298 4085/1301/1299
f 4061/1277/1275 4034/1250/1248 4033/1249/1247
f 4018/1234/1232 4025/1241/1239 4108/1324/1322
f 4091/1307/1305 4115/1331/1329 4116/1332/1330
f 4052/1268/1266 4008/1224/1222 4086/1302/1300
f 4104/1320/1318 4020/1236/1234 4101/1317/1315
f 4020/1236/1234 4024/1240/1238 4018/1234/1232
f 4117/1333/1331 4118/1334/1332 4109/1325/1323
f 4101/1317/1315 4082/1298/1296 4104/1320/1318
f 4008/1224/1222 4112/1328/1326 4111/1327/1325
f 4086/1302/1300 4053/1269/1267 4052/1268/1266
f 4018/1234/1232 4044/1260/1258 4019/1235/1233
f 4084/1300/1298 4051/1267/1265 4053/1269/1267
f 4085/1301/1299 4119/1335/1333 4083/1299/1297
f 4008/1224/1222 4108/1324/1322 4086/1302/1300
f 4085/1301/1299 4084/1300/1298 4053/1269/1267
f 4108/1324/1322 4025/1241/1239 4086/1302/1300
f 4113/1329/1327 4084/1300/1298 4120/1336/1334
f 4103/1319/1317 4020/1236/1234 4104/1320/1318
f 4054/1270/1268 4023/1239/1237 4091/1307/1305
f 4121/1337/1335 4122/1338/1336 4003/1219/1217
f 4118/1334/1332 4123/1339/1337 4124/1340/1338
f 4116/1332/1330 4020/1236/1234 4103/1319/1317
f 4100/1316/1314 4087/1303/1301 4099/1315/1313
f 4080/1296/1294 4107/1323/1321 4125/1341/1339
f 4078/1294/1292 4042/1258/1256 4126/1342/1340
f 4027/1243/1241 4087/1303/1301 4109/1325/1323
f 4003/1219/1217 4122/1338/1336 4110/1326/1324
f 4029/1245/1243 4028/1244/1242 4078/1294/1292
f 4055/1271/1269 4054/1270/1268 4103/1319/1317
f 4030/1246/1244 4107/1323/1321 4045/1261/1259
f 4099/1315/1313 4087/1303/1301 4029/1245/1243
f 4116/1332/1330 4103/1319/1317 4091/1307/1305
f 4127/1343/1341 4128/1344/1342 4006/1222/1220
f 4067/1283/1281 4127/1343/1341 4006/1222/1220
f 4091/1307/1305 4103/1319/1317 4054/1270/1268
f 4081/1297/1295 4100/1316/1314 4082/1298/1296
f 4010/1226/1224 4106/1322/1320 4098/1314/1312
f 4021/1237/1235 4129/1345/1343 4022/1238/1236
f 4103/1319/1317 4099/1315/1313 4055/1271/1269
f 4037/1253/1251 4017/1233/1231 4016/1232/1230
f 4118/1334/1332 4124/1340/1338 4109/1325/1323
f 4130/1346/1344 4129/1345/1343 4131/1347/1345
f 4123/1339/1337 4118/1334/1332 4117/1333/1331
f 4060/1276/1274 4014/1230/1228 4013/1229/1227
f 4109/1325/1323 4124/1340/1338 4028/1244/1242
f 4060/1276/1274 4132/1348/1346 4133/1349/1347
f 4094/1310/1308 4067/1283/1281 4098/1314/1312
f 4100/1316/1314 4109/1325/1323 4087/1303/1301
f 4106/1322/1320 4134/1350/1348 4098/1314/1312
f 4135/1351/1349 4075/1291/1289 4038/1254/1252
f 4028/1244/1242 4124/1340/1338 4079/1295/1293
f 4069/1285/1283 4017/1233/1231 4037/1253/1251
f 4135/1351/1349 4130/1346/1344 4131/1347/1345
f 4045/1261/1259 4007/1223/1221 4069/1285/1283
f 4126/1342/1340 4056/1272/1270 4055/1271/1269
f 4136/1352/1350 4112/1328/1326 4137/1353/1351
f 4001/1217/1215 4076/1292/1290 4002/1218/1216
f 4089/1305/1303 4111/1327/1325 4136/1352/1350
f 4072/1288/1286 4137/1353/1351 4070/1286/1284
f 4098/1314/1312 4134/1350/1348 4094/1310/1308
f 4089/1305/1303 4136/1352/1350 4138/1354/1352
f 4139/1355/1353 4090/1306/1304 4089/1305/1303
f 4090/1306/1304 4139/1355/1353 4002/1218/1216
f 4081/1297/1295 4117/1333/1331 4109/1325/1323
f 4006/1222/1220 4140/1356/1354 4067/1283/1281
f 4136/1352/1350 4111/1327/1325 4112/1328/1326
f 4139/1355/1353 4141/1357/1355 4002/1218/1216
f 4005/1221/1219 4140/1356/1354 4006/1222/1220
f 4138/1354/1352 4093/1309/1307 4139/1355/1353
f 4142/1358/1356 4143/1359/1357 4144/1360/1358
f 4074/1290/1288 4066/1282/1280 4068/1284/1282
f 4093/1309/1307 4106/1322/1320 4141/1357/1355
f 4095/1311/1309 4144/1360/1358 4065/1281/1279
f 4072/1288/1286 4145/1361/1359 4137/1353/1351
f 4002/1218/1216 4076/1292/1290 4090/1306/1304
f 4138/1354/1352 4145/1361/1359 4093/1309/1307
f 4089/1305/1303 4138/1354/1352 4139/1355/1353
f 4009/1225/1223 4090/1306/1304 4076/1292/1290
f 4093/1309/1307 4141/1357/1355 4139/1355/1353
f 4136/1352/1350 4145/1361/1359 4138/1354/1352
f 4093/1309/1307 4134/1350/1348 4106/1322/1320
f 4146/1362/1360 4070/1286/1284 4112/1328/1326
f 4072/1288/1286 4071/1287/1285 4145/1361/1359
f 4079/1295/1293 4124/1340/1338 4147/1363/1361
f 4071/1287/1285 4093/1309/1307 4145/1361/1359
f 4079/1295/1293 4040/1256/1254 4042/1258/1256
f 4002/1218/1216 4141/1357/1355 4148/1364/1362
f 4112/1328/1326 4051/1267/1265 4149/1365/1363
f 4078/1294/1292 4126/1342/1340 4055/1271/1269
f 4115/1331/1329 4091/1307/1305 4050/1266/1264
f 4077/1293/1291 4009/1225/1223 4076/1292/1290
f 4150/1366/1364 4079/1295/1293 4147/1363/1361
f 4038/1254/1252 4065/1281/1279 4143/1359/1357
f 4141/1357/1355 4106/1322/1320 4148/1364/1362
f 4112/1328/1326 4070/1286/1284 4137/1353/1351
f 4112/1328/1326 4149/1365/1363 4146/1362/1360
f 4146/1362/1360 4144/1360/1358 4095/1311/1309
f 4093/1309/1307 4094/1310/1308 4134/1350/1348
f 4113/1329/1327 4149/1365/1363 4051/1267/1265
f 4146/1362/1360 4095/1311/1309 4070/1286/1284
f 4146/1362/1360 4149/1365/1363 4144/1360/1358
f 4104/1320/1318 4082/1298/1296 4099/1315/1313
f 4041/1257/1255 4040/1256/1254 4150/1366/1364
f 4060/1276/1274 4133/1349/1347 4014/1230/1228
f 4032/1248/1246 4117/1333/1331 4125/1341/1339
f 4145/1361/1359 4136/1352/1350 4137/1353/1351
f 4147/1363/1361 4124/1340/1338 4123/1339/1337
f 4125/1341/1339 4081/1297/1295 4080/1296/1294
f 4130/1346/1344 4143/1359/1357 4151/1367/1365
f 4105/1321/1319 4152/1368/1366 4148/1364/1362
f 4153/1369/1367 4092/1308/1306 4048/1264/1262
f 4011/1227/1225 4048/1264/1262 4092/1308/1306
f 4025/1241/1239 4119/1335/1333 4085/1301/1299
f 4002/1218/1216 4152/1368/1366 4000/1216/1214
f 4020/1236/1234 4116/1332/1330 4024/1240/1238
f 4130/1346/1344 4154/1370/1368 4155/1371/1369
f 4032/1248/1246 4156/1372/1370 4117/1333/1331
f 4152/1368/1366 4105/1321/1319 4012/1228/1226
f 4106/1322/1320 4105/1321/1319 4148/1364/1362
f 4154/1370/1368 4151/1367/1365 4120/1336/1334
f 4012/1228/1226 4057/1273/1271 4000/1216/1214
f 4157/1373/1371 4158/1374/1372 4159/1375/1373
f 4157/1373/1371 4128/1344/1342 4127/1343/1341
f 4160/1376/1374 4149/1365/1363 4113/1329/1327
f 4067/1283/1281 4158/1374/1372 4127/1343/1341
f 4158/1374/1372 4157/1373/1371 4127/1343/1341
f 4074/1290/1288 4161/1377/1375 4159/1375/1373
f 4012/1228/1226 4105/1321/1319 4010/1226/1224
f 4162/1378/1376 4163/1379/1377 4128/1344/1342
f 4073/1289/1287 4164/1380/1378 4074/1290/1288
f 4003/1219/1217 4128/1344/1342 4163/1379/1377
f 4067/1283/1281 4066/1282/1280 4158/1374/1372
f 4149/1365/1363 4142/1358/1356 4144/1360/1358
f 4164/1380/1378 4161/1377/1375 4074/1290/1288
f 3999/1215/1213 4164/1380/1378 4073/1289/1287
f 4159/1375/1373 4066/1282/1280 4074/1290/1288
f 4128/1344/1342 4003/1219/1217 4006/1222/1220
f 4160/1376/1374 4142/1358/1356 4149/1365/1363
f 4160/1376/1374 4113/1329/1327 4120/1336/1334
f 4065/1281/1279 4144/1360/1358 4143/1359/1357
f 4142/1358/1356 4160/1376/1374 4120/1336/1334
f 4057/1273/1271 4015/1231/1229 4076/1292/1290
f 4151/1367/1365 4142/1358/1356 4120/1336/1334
f 4159/1375/1373 4158/1374/1372 4066/1282/1280
f 4143/1359/1357 4142/1358/1356 4151/1367/1365
f 4038/1254/1252 4143/1359/1357 4135/1351/1349
f 4151/1367/1365 4154/1370/1368 4130/1346/1344
f 4011/1227/1225 4097/1313/1311 4096/1312/1310
f 4097/1313/1311 4011/1227/1225 4010/1226/1224
f 4098/1314/1312 4097/1313/1311 4010/1226/1224
f 4046/1262/1260 4096/1312/1310 4097/1313/1311
f 4116/1332/1330 4165/1381/1379 4024/1240/1238
f 4048/1264/1262 4011/1227/1225 4046/1262/1260
f 4067/1283/1281 4140/1356/1354 4088/1304/1302
f 4032/1248/1246 4125/1341/1339 4030/1246/1244
f 4117/1333/1331 4156/1372/1370 4166/1382/1380
f 4057/1273/1271 4076/1292/1290 4000/1216/1214
f 4046/1262/1260 4102/1318/1316 4047/1263/1261
f 4024/1240/1238 4165/1381/1379 4025/1241/1239
f 4067/1283/1281 4094/1310/1308 4071/1287/1285
f 4088/1304/1302 4102/1318/1316 4097/1313/1311
f 4116/1332/1330 4115/1331/1329 4165/1381/1379
f 4119/1335/1333 4115/1331/1329 4083/1299/1297
f 4165/1381/1379 4115/1331/1329 4119/1335/1333
f 4015/1231/1229 4026/1242/1240 4076/1292/1290
f 4097/1313/1311 4102/1318/1316 4046/1262/1260
f 4001/1217/1215 4000/1216/1214 4076/1292/1290
f 4007/1223/1221 4108/1324/1322 4008/1224/1222
f 4119/1335/1333 4025/1241/1239 4165/1381/1379
f 4099/1315/1313 4029/1245/1243 4055/1271/1269
f 4037/1253/1251 4043/1259/1257 4045/1261/1259
f 4153/1369/1367 4059/1275/1273 4013/1229/1227
f 4071/1287/1285 4068/1284/1282 4067/1283/1281
f 4140/1356/1354 4005/1221/1219 4088/1304/1302
f 4152/1368/1366 4002/1218/1216 4148/1364/1362
f 4092/1308/1306 4153/1369/1367 4013/1229/1227
f 4050/1266/1264 4049/1265/1263 4114/1330/1328
f 4117/1333/1331 4081/1297/1295 4125/1341/1339
f 4114/1330/1328 4083/1299/1297 4050/1266/1264
f 4115/1331/1329 4050/1266/1264 4083/1299/1297
f 4155/1371/1369 4154/1370/1368 4049/1265/1263
f 4074/1290/1288 4068/1284/1282 4071/1287/1285
f 4049/1265/1263 4022/1238/1236 4155/1371/1369
f 4071/1287/1285 4070/1286/1284 3997/1213/1211
f 4049/1265/1263 4154/1370/1368 4120/1336/1334
f 4084/1300/1298 4049/1265/1263 4120/1336/1334
f 4152/1368/1366 4012/1228/1226 4000/1216/1214
f 4013/1229/1227 4057/1273/1271 4092/1308/1306
f 4057/1273/1271 4012/1228/1226 4011/1227/1225
f 4017/1233/1231 4069/1285/1283 4077/1293/1291
f 3997/1213/1211 3999/1215/1213 4073/1289/1287
f 4135/1351/1349 4143/1359/1357 4130/1346/1344
f 4132/1348/1346 4060/1276/1274 4059/1275/1273
f 4062/1278/1276 4088/1304/1302 4063/1279/1277
f 4107/1323/1321 4030/1246/1244 4125/1341/1339
f 4156/1372/1370 4032/1248/1246 4036/1252/1250
f 4078/1294/1292 4055/1271/1269 4029/1245/1243
f 4133/1349/1347 4035/1251/1249 4014/1230/1228
f 4107/1323/1321 4019/1235/1233 4045/1261/1259
f 4155/1371/1369 4022/1238/1236 4129/1345/1343
f 4109/1325/1323 4028/1244/1242 4027/1243/1241
f 4129/1345/1343 4130/1346/1344 4155/1371/1369
f 4150/1366/1364 4040/1256/1254 4079/1295/1293
f 4095/1311/1309 3997/1213/1211 4070/1286/1284
f 4123/1339/1337 4117/1333/1331 4166/1382/1380
f 4064/1280/1278 4102/1318/1316 4062/1278/1276
f 4163/1379/1377 4121/1337/1335 4003/1219/1217
f 3997/1213/1211 4095/1311/1309 3998/1214/1212
f 4606/1383/1381 4607/1384/1382 4608/1385/1383
f 4609/1386/1384 4610/1387/1385 4611/1388/1386
f 4612/1389/1387 4613/1390/1388 4614/1391/1389
f 4615/1392/1390 4616/1393/1391 4617/1394/1392
f 4618/1395/1393 4613/1390/1388 4619/1396/1394
f 4620/1397/1395 4621/1398/1396 4622/1399/1397
f 4617/1394/1392 4616/1393/1391 4623/1400/1398
f 4624/1401/1399 4625/1402/1400 4626/1403/1401
f 4627/1404/1402 4628/1405/1403 4629/1406/1404
f 4630/1407/1405 4631/1408/1406 4632/1409/1407
f 4633/1410/1408 4634/1411/1409 4635/1412/1410
f 4636/1413/1411 4637/1414/1412 4611/1388/1386
f 4638/1415/1413 4607/1384/1382 4639/1416/1414
f 4640/1417/1415 4641/1418/1416 4642/1419/1417
f 4643/1420/1418 4644/1421/1419 4645/1422/1420
f 4646/1423/1421 4647/1424/1422 4648/1425/1423
f 4649/1426/1424 4650/1427/1425 4651/1428/1426
f 4630/1407/1405 4652/1429/1427 4631/1408/1406
f 4653/1430/1428 4654/1431/1429 4655/1432/1430
f 4656/1433/1431 4657/1434/1432 4658/1435/1433
f 4659/1436/1434 4660/1437/1435 4661/1438/1436
f 4662/1439/1437 4607/1384/1382 4638/1415/1413
f 4663/1440/1438 4664/1441/1439 4613/1390/1388
f 4640/1417/1415 4665/1442/1440 4641/1418/1416
f 4626/1403/1401 4666/1443/1441 4624/1401/1399
f 4667/1444/1442 4662/1439/1437 4668/1445/1443
f 4664/1441/1439 4669/1446/1444 4619/1396/1394
f 4670/1447/1445 4671/1448/1446 4672/1449/1447
f 4673/1450/1448 4674/1451/1449 4656/1433/1431
f 4675/1452/1450 4676/1453/1451 4663/1440/1438
f 4663/1440/1438 4613/1390/1388 4612/1389/1387
f 4677/1454/1452 4626/1403/1401 4625/1402/1400
f 4670/1447/1445 4642/1419/1417 4636/1413/1411
f 4651/1428/1426 4678/1455/1453 4633/1410/1408
f 4679/1456/1454 4635/1412/1410 4680/1457/1455
f 4623/1400/1398 4681/1458/1456 4682/1459/1457
f 4683/1460/1458 4660/1437/1435 4618/1395/1393
f 4684/1461/1459 4685/1462/1460 4686/1463/1461
f 4632/1409/1407 4631/1408/1406 4649/1426/1424
f 4687/1464/1462 4688/1465/1463 4689/1466/1464
f 4690/1467/1465 4688/1465/1463 4685/1462/1460
f 4691/1468/1466 4642/1419/1417 4672/1449/1447
f 4692/1469/1467 4693/1470/1468 4694/1471/1469
f 4679/1456/1454 4621/1398/1396 4695/1472/1470
f 4655/1432/1430 4657/1434/1432 4653/1430/1428
f 4696/1473/1471 4697/1474/1472 4698/1475/1473
f 4627/1404/1402 4699/1476/1474 4639/1416/1414
f 4650/1427/1425 4623/1400/1398 4651/1428/1426
f 4641/1418/1416 4700/1477/1475 4637/1414/1412
f 4636/1413/1411 4642/1419/1417 4637/1414/1412
f 4701/1478/1476 4702/1479/1477 4694/1471/1469
f 4703/1480/1478 4673/1450/1448 4656/1433/1431
f 4611/1388/1386 4610/1387/1385 4704/1481/1479
f 4654/1431/1429 4612/1389/1387 4655/1432/1430
f 4703/1480/1478 4656/1433/1431 4658/1435/1433
f 4608/1385/1383 4662/1439/1437 4705/1482/1480
f 4679/1456/1454 4630/1407/1405 4635/1412/1410
f 4662/1439/1437 4638/1415/1413 4706/1483/1481
f 4677/1454/1452 4625/1402/1400 4707/1484/1482
f 4708/1485/1483 4709/1486/1484 4706/1483/1481
f 4706/1483/1481 4638/1415/1413 4708/1485/1483
f 4710/1487/1485 4649/1426/1424 4711/1488/1486
f 4628/1405/1403 4627/1404/1402 4639/1416/1414
f 4709/1486/1484 4668/1445/1443 4706/1483/1481
f 4659/1436/1434 4696/1473/1471 4712/1489/1487
f 4713/1490/1488 4700/1477/1475 4680/1457/1455
f 4714/1491/1489 4705/1482/1480 4667/1444/1442
f 4712/1489/1487 4660/1437/1435 4659/1436/1434
f 4711/1488/1486 4715/1492/1490 4710/1487/1485
f 4642/1419/1417 4641/1418/1416 4637/1414/1412
f 4636/1413/1411 4704/1481/1479 4670/1447/1445
f 4606/1383/1381 4628/1405/1403 4639/1416/1414
f 4699/1476/1474 4627/1404/1402 4716/1493/1491
f 4679/1456/1454 4680/1457/1455 4700/1477/1475
f 4690/1467/1465 4685/1462/1460 4684/1461/1459
f 4610/1387/1385 4717/1494/1492 4718/1495/1493
f 4697/1474/1472 4659/1436/1434 4719/1496/1494
f 4645/1422/1420 4677/1454/1452 4720/1497/1495
f 4617/1394/1392 4721/1498/1496 4705/1482/1480
f 4639/1416/1414 4607/1384/1382 4606/1383/1381
f 4634/1411/1409 4633/1410/1408 4678/1455/1453
f 4618/1395/1393 4619/1396/1394 4683/1460/1458
f 4709/1486/1484 4722/1499/1497 4723/1500/1498
f 4676/1453/1451 4620/1397/1395 4724/1501/1499
f 4724/1501/1499 4725/1502/1500 4665/1442/1440
f 4726/1503/1501 4727/1504/1502 4728/1505/1503
f 4656/1433/1431 4674/1451/1449 4707/1484/1482
f 4708/1485/1483 4729/1506/1504 4730/1507/1505
f 4731/1508/1506 4644/1421/1419 4643/1420/1418
f 4725/1502/1500 4621/1398/1396 4732/1509/1507
f 4733/1510/1508 4695/1472/1470 4621/1398/1396
f 4630/1407/1405 4679/1456/1454 4695/1472/1470
f 4734/1511/1509 4735/1512/1510 4736/1513/1511
f 4732/1509/1507 4621/1398/1396 4679/1456/1454
f 4716/1493/1491 4627/1404/1402 4737/1514/1512
f 4738/1515/1513 4739/1516/1514 4740/1517/1515
f 4720/1497/1495 4677/1454/1452 4674/1451/1449
f 4679/1456/1454 4700/1477/1475 4732/1509/1507
f 4741/1518/1516 4628/1405/1403 4606/1383/1381
f 4742/1519/1517 4743/1520/1518 4744/1521/1519
f 4669/1446/1444 4676/1453/1451 4724/1501/1499
f 4741/1518/1516 4606/1383/1381 4721/1498/1496
f 4645/1422/1420 4720/1497/1495 4745/1522/1520
f 4654/1431/1429 4624/1401/1399 4675/1452/1450
f 4627/1404/1402 4629/1406/1404 4737/1514/1512
f 4708/1485/1483 4730/1507/1505 4722/1499/1497
f 4629/1406/1404 4628/1405/1403 4741/1518/1516
f 4667/1444/1442 4705/1482/1480 4662/1439/1437
f 4746/1523/1521 4617/1394/1392 4623/1400/1398
f 4657/1434/1432 4707/1484/1482 4625/1402/1400
f 4740/1517/1515 4698/1475/1473 4747/1524/1522
f 4689/1466/1464 4688/1465/1463 4690/1467/1465
f 4738/1515/1513 4740/1517/1515 4747/1524/1522
f 4665/1442/1440 4725/1502/1500 4732/1509/1507
f 4621/1398/1396 4725/1502/1500 4622/1399/1397
f 4691/1468/1466 4672/1449/1447 4683/1460/1458
f 4748/1525/1523 4652/1429/1427 4695/1472/1470
f 4666/1443/1441 4749/1526/1524 4624/1401/1399
f 4750/1527/1525 4682/1459/1457 4681/1458/1456
f 4680/1457/1455 4635/1412/1410 4634/1411/1409
f 4751/1528/1526 4752/1529/1527 4753/1530/1528
f 4617/1394/1392 4714/1491/1489 4615/1392/1390
f 4681/1458/1456 4623/1400/1398 4650/1427/1425
f 4754/1531/1529 4689/1466/1464 4755/1532/1530
f 4756/1533/1531 4743/1520/1518 4742/1519/1517
f 4625/1402/1400 4653/1430/1428 4657/1434/1432
f 4710/1487/1485 4681/1458/1456 4650/1427/1425
f 4733/1510/1508 4621/1398/1396 4620/1397/1395
f 4655/1432/1430 4757/1534/1532 4658/1435/1433
f 4682/1459/1457 4746/1523/1521 4623/1400/1398
f 4688/1465/1463 4687/1464/1462 4726/1503/1501
f 4758/1535/1533 4681/1458/1456 4710/1487/1485
f 4644/1421/1419 4759/1536/1534 4666/1443/1441
f 4644/1421/1419 4666/1443/1441 4626/1403/1401
f 4760/1537/1535 4742/1519/1517 4744/1521/1519
f 4723/1500/1498 4743/1520/1518 4734/1511/1509
f 4740/1517/1515 4739/1516/1514 4761/1538/1536
f 4678/1455/1453 4762/1539/1537 4634/1411/1409
f 4659/1436/1434 4697/1474/1472 4696/1473/1471
f 4763/1540/1538 4762/1539/1537 4678/1455/1453
f 4649/1426/1424 4710/1487/1485 4650/1427/1425
f 4623/1400/1398 4616/1393/1391 4651/1428/1426
f 4613/1390/1388 4664/1441/1439 4619/1396/1394
f 4764/1541/1539 4647/1424/1422 4765/1542/1540
f 4766/1543/1541 4753/1530/1528 4764/1541/1539
f 4767/1544/1542 4714/1491/1489 4667/1444/1442
f 4668/1445/1443 4662/1439/1437 4706/1483/1481
f 4640/1417/1415 4683/1460/1458 4669/1446/1444
f 4713/1490/1488 4637/1414/1412 4700/1477/1475
f 4759/1536/1534 4768/1545/1543 4769/1546/1544
f 4753/1530/1528 4647/1424/1422 4764/1541/1539
f 4770/1547/1545 4763/1540/1538 4714/1491/1489
f 4653/1430/1428 4624/1401/1399 4654/1431/1429
f 4771/1548/1546 4661/1438/1436 4772/1549/1547
f 4634/1411/1409 4762/1539/1537 4609/1386/1384
f 4726/1503/1501 4773/1550/1548 4727/1504/1502
f 4657/1434/1432 4655/1432/1430 4658/1435/1433
f 4651/1428/1426 4633/1410/1408 4632/1409/1407
f 4611/1388/1386 4637/1414/1412 4713/1490/1488
f 4682/1459/1457 4750/1527/1525 4774/1551/1549
f 4712/1489/1487 4618/1395/1393 4660/1437/1435
f 4736/1513/1511 4667/1444/1442 4668/1445/1443
f 4734/1511/1509 4668/1445/1443 4709/1486/1484
f 4687/1464/1462 4689/1466/1464 4775/1552/1550
f 4660/1437/1435 4683/1460/1458 4776/1553/1551
f 4712/1489/1487 4698/1475/1473 4777/1554/1552
f 4635/1412/1410 4630/1407/1405 4632/1409/1407
f 4731/1508/1506 4759/1536/1534 4644/1421/1419
f 4750/1527/1525 4778/1555/1553 4779/1556/1554
f 4704/1481/1479 4636/1413/1411 4611/1388/1386
f 4698/1475/1473 4780/1557/1555 4747/1524/1522
f 4657/1434/1432 4656/1433/1431 4707/1484/1482
f 4640/1417/1415 4724/1501/1499 4665/1442/1440
f 4781/1558/1556 4753/1530/1528 4766/1543/1541
f 4734/1511/1509 4743/1520/1518 4756/1533/1531
f 4632/1409/1407 4649/1426/1424 4651/1428/1426
f 4751/1528/1526 4753/1530/1528 4781/1558/1556
f 4778/1555/1553 4750/1527/1525 4681/1458/1456
f 4664/1441/1439 4676/1453/1451 4669/1446/1444
f 4774/1551/1549 4750/1527/1525 4779/1556/1554
f 4680/1457/1455 4634/1411/1409 4609/1386/1384
f 4677/1454/1452 4645/1422/1420 4644/1421/1419
f 4751/1528/1526 4782/1559/1557 4783/1560/1558
f 4711/1488/1486 4649/1426/1424 4631/1408/1406
f 4715/1492/1490 4631/1408/1406 4652/1429/1427
f 4778/1555/1553 4681/1458/1456 4758/1535/1533
f 4721/1498/1496 4617/1394/1392 4746/1523/1521
f 4715/1492/1490 4769/1546/1544 4768/1545/1543
f 4773/1550/1548 4756/1533/1531 4760/1537/1535
f 4739/1516/1514 4614/1391/1389 4761/1538/1536
f 4687/1464/1462 4775/1552/1550 4726/1503/1501
f 4773/1550/1548 4726/1503/1501 4775/1552/1550
f 4777/1554/1552 4761/1538/1536 4618/1395/1393
f 4674/1451/1449 4677/1454/1452 4707/1484/1482
f 4611/1388/1386 4713/1490/1488 4609/1386/1384
f 4777/1554/1552 4740/1517/1515 4761/1538/1536
f 4676/1453/1451 4664/1441/1439 4663/1440/1438
f 4757/1534/1532 4655/1432/1430 4614/1391/1389
f 4743/1520/1518 4784/1561/1559 4785/1562/1560
f 4743/1520/1518 4723/1500/1498 4784/1561/1559
f 4725/1502/1500 4724/1501/1499 4622/1399/1397
f 4715/1492/1490 4711/1488/1486 4631/1408/1406
f 4733/1510/1508 4620/1397/1395 4676/1453/1451
f 4617/1394/1392 4705/1482/1480 4714/1491/1489
f 4675/1452/1450 4733/1510/1508 4676/1453/1451
f 4754/1531/1529 4775/1552/1550 4689/1466/1464
f 4660/1437/1435 4776/1553/1551 4661/1438/1436
f 4786/1563/1561 4688/1465/1463 4726/1503/1501
f 4723/1500/1498 4722/1499/1497 4784/1561/1559
f 4782/1559/1557 4787/1564/1562 4783/1560/1558
f 4744/1521/1519 4743/1520/1518 4785/1562/1560
f 4786/1563/1561 4726/1503/1501 4728/1505/1503
f 4721/1498/1496 4746/1523/1521 4682/1459/1457
f 4755/1532/1530 4718/1495/1493 4754/1531/1529
f 4735/1512/1510 4718/1495/1493 4788/1565/1563
f 4721/1498/1496 4682/1459/1457 4774/1551/1549
f 4608/1385/1383 4705/1482/1480 4721/1498/1496
f 4686/1463/1461 4789/1566/1564 4790/1567/1565
f 4733/1510/1508 4791/1568/1566 4695/1472/1470
f 4613/1390/1388 4618/1395/1393 4761/1538/1536
f 4754/1531/1529 4756/1533/1531 4775/1552/1550
f 4712/1489/1487 4696/1473/1471 4698/1475/1473
f 4700/1477/1475 4665/1442/1440 4732/1509/1507
f 4742/1519/1517 4760/1537/1535 4756/1533/1531
f 4684/1461/1459 4671/1448/1446 4690/1467/1465
f 4788/1565/1563 4717/1494/1492 4767/1544/1542
f 4654/1431/1429 4663/1440/1438 4612/1389/1387
f 4767/1544/1542 4736/1513/1511 4788/1565/1563
f 4690/1467/1465 4755/1532/1530 4689/1466/1464
f 4778/1555/1553 4758/1535/1533 4648/1425/1423
f 4678/1455/1453 4616/1393/1391 4763/1540/1538
f 4622/1399/1397 4724/1501/1499 4620/1397/1395
f 4612/1389/1387 4614/1391/1389 4655/1432/1430
f 4748/1525/1523 4759/1536/1534 4769/1546/1544
f 4642/1419/1417 4691/1468/1466 4640/1417/1415
f 4624/1401/1399 4791/1568/1566 4675/1452/1450
f 4792/1569/1567 4734/1511/1509 4756/1533/1531
f 4722/1499/1497 4709/1486/1484 4708/1485/1483
f 4790/1567/1565 4771/1548/1546 4686/1463/1461
f 4735/1512/1510 4788/1565/1563 4736/1513/1511
f 4671/1448/1446 4776/1553/1551 4672/1449/1447
f 4613/1390/1388 4761/1538/1536 4614/1391/1389
f 4773/1550/1548 4775/1552/1550 4756/1533/1531
f 4644/1421/1419 4626/1403/1401 4677/1454/1452
f 4686/1463/1461 4771/1548/1546 4684/1461/1459
f 4768/1545/1543 4710/1487/1485 4715/1492/1490
f 4793/1570/1568 4693/1470/1468 4692/1469/1467
f 4792/1569/1567 4735/1512/1510 4734/1511/1509
f 4670/1447/1445 4704/1481/1479 4755/1532/1530
f 4615/1392/1390 4714/1491/1489 4763/1540/1538
f 4749/1526/1524 4666/1443/1441 4748/1525/1523
f 4675/1452/1450 4663/1440/1438 4654/1431/1429
f 4791/1568/1566 4733/1510/1508 4675/1452/1450
f 4661/1438/1436 4771/1548/1546 4659/1436/1434
f 4709/1486/1484 4723/1500/1498 4734/1511/1509
f 4790/1567/1565 4794/1571/1569 4771/1548/1546
f 4702/1479/1477 4795/1572/1570 4646/1423/1421
f 4641/1418/1416 4665/1442/1440 4700/1477/1475
f 4791/1568/1566 4624/1401/1399 4749/1526/1524
f 4668/1445/1443 4734/1511/1509 4736/1513/1511
f 4642/1419/1417 4670/1447/1445 4672/1449/1447
f 4767/1544/1542 4717/1494/1492 4770/1547/1545
f 4748/1525/1523 4695/1472/1470 4749/1526/1524
f 4791/1568/1566 4749/1526/1524 4695/1472/1470
f 4609/1386/1384 4763/1540/1538 4770/1547/1545
f 4708/1485/1483 4638/1415/1413 4639/1416/1414
f 4652/1429/1427 4748/1525/1523 4715/1492/1490
f 4765/1542/1540 4647/1424/1422 4646/1423/1421
f 4691/1468/1466 4683/1460/1458 4640/1417/1415
f 4771/1548/1546 4772/1549/1547 4684/1461/1459
f 4768/1545/1543 4693/1470/1468 4710/1487/1485
f 4753/1530/1528 4752/1529/1527 4647/1424/1422
f 4670/1447/1445 4755/1532/1530 4690/1467/1465
f 4685/1462/1460 4796/1573/1571 4686/1463/1461
f 4615/1392/1390 4763/1540/1538 4616/1393/1391
f 4752/1529/1527 4778/1555/1553 4648/1425/1423
f 4688/1465/1463 4796/1573/1571 4685/1462/1460
f 4718/1495/1493 4755/1532/1530 4610/1387/1385
f 4639/1416/1414 4699/1476/1474 4708/1485/1483
f 4776/1553/1551 4683/1460/1458 4672/1449/1447
f 4614/1391/1389 4739/1516/1514 4757/1534/1532
f 4712/1489/1487 4777/1554/1552 4618/1395/1393
f 4684/1461/1459 4772/1549/1547 4671/1448/1446
f 4607/1384/1382 4662/1439/1437 4608/1385/1383
f 4630/1407/1405 4695/1472/1470 4652/1429/1427
f 4661/1438/1436 4776/1553/1551 4671/1448/1446
f 4721/1498/1496 4606/1383/1381 4608/1385/1383
f 4784/1561/1559 4797/1574/1572 4785/1562/1560
f 4688/1465/1463 4786/1563/1561 4796/1573/1571
f 4718/1495/1493 4735/1512/1510 4792/1569/1567
f 4671/1448/1446 4772/1549/1547 4661/1438/1436
f 4769/1546/1544 4715/1492/1490 4748/1525/1523
f 4762/1539/1537 4763/1540/1538 4609/1386/1384
f 4699/1476/1474 4729/1506/1504 4708/1485/1483
f 4693/1470/1468 4758/1535/1533 4710/1487/1485
f 4719/1496/1494 4780/1557/1555 4697/1474/1472
f 4717/1494/1492 4788/1565/1563 4718/1495/1493
f 4758/1535/1533 4793/1570/1568 4692/1469/1467
f 4767/1544/1542 4770/1547/1545 4714/1491/1489
f 4659/1436/1434 4771/1548/1546 4719/1496/1494
f 4653/1430/1428 4625/1402/1400 4624/1401/1399
f 4767/1544/1542 4667/1444/1442 4736/1513/1511
f 4758/1535/1533 4693/1470/1468 4793/1570/1568
f 4670/1447/1445 4690/1467/1465 4671/1448/1446
f 4740/1517/1515 4777/1554/1552 4698/1475/1473
f 4759/1536/1534 4731/1508/1506 4768/1545/1543
f 4693/1470/1468 4768/1545/1543 4731/1508/1506
f 4646/1423/1421 4648/1425/1423 4692/1469/1467
f 4752/1529/1527 4648/1425/1423 4647/1424/1422
f 4792/1569/1567 4754/1531/1529 4718/1495/1493
f 4686/1463/1461 4796/1573/1571 4789/1566/1564
f 4646/1423/1421 4795/1572/1570 4765/1542/1540
f 4779/1556/1554 4783/1560/1558 4798/1575/1573
f 4731/1508/1506 4643/1420/1418 4694/1471/1469
f 4694/1471/1469 4693/1470/1468 4731/1508/1506
f 4780/1557/1555 4698/1475/1473 4697/1474/1472
f 4632/1409/1407 4633/1410/1408 4635/1412/1410
f 4702/1479/1477 4646/1423/1421 4694/1471/1469
f 4799/1576/1574 4798/1575/1573 4787/1564/1562
f 4800/1577/1575 4737/1514/1512 4801/1578/1576
f 4759/1536/1534 4748/1525/1523 4666/1443/1441
f 4643/1420/1418 4701/1478/1476 4694/1471/1469
f 4680/1457/1455 4609/1386/1384 4713/1490/1488
f 4741/1518/1516 4721/1498/1496 4774/1551/1549
f 4678/1455/1453 4651/1428/1426 4616/1393/1391
f 4741/1518/1516 4779/1556/1554 4798/1575/1573
f 4754/1531/1529 4792/1569/1567 4756/1533/1531
f 4741/1518/1516 4798/1575/1573 4737/1514/1512
f 4755/1532/1530 4704/1481/1479 4610/1387/1385
f 4801/1578/1576 4798/1575/1573 4799/1576/1574
f 4669/1446/1444 4683/1460/1458 4619/1396/1394
f 4783/1560/1558 4752/1529/1527 4751/1528/1526
f 4719/1496/1494 4771/1548/1546 4794/1571/1569
f 4629/1406/1404 4741/1518/1516 4737/1514/1512
f 4774/1551/1549 4779/1556/1554 4741/1518/1516
f 4787/1564/1562 4798/1575/1573 4783/1560/1558
f 4724/1501/1499 4640/1417/1415 4669/1446/1444
f 4758/1535/1533 4692/1469/1467 4648/1425/1423
f 4717/1494/1492 4610/1387/1385 4609/1386/1384
f 4737/1514/1512 4798/1575/1573 4801/1578/1576
f 4778/1555/1553 4752/1529/1527 4779/1556/1554
f 4800/1577/1575 4716/1493/1491 4737/1514/1512
f 4609/1386/1384 4770/1547/1545 4717/1494/1492
f 4643/1420/1418 4645/1422/1420 4745/1522/1520
f 4701/1478/1476 4643/1420/1418 4745/1522/1520
f 4779/1556/1554 4752/1529/1527 4783/1560/1558
f 4694/1471/1469 4646/1423/1421 4692/1469/1467
f 5135/1579/1577 5136/1580/1578 5137/1581/1579
f 5138/1582/1580 5139/1583/1581 5140/1584/1582
f 5141/1585/1583 5142/1586/1584 5143/1587/1585
f 5144/1588/1586 5142/1586/1584 5145/1589/1587
f 5144/1588/1586 5145/1589/1587 5146/1590/1588
f 5145/1589/1587 5147/1591/1589 5146/1590/1588
f 5148/1592/1590 5143/1587/1585 5142/1586/1584
f 5149/1593/1591 5143/1587/1585 5150/1594/1592
f 5150/1594/1592 5143/1587/1585 5151/1595/1593
f 5146/1590/1588 5147/1591/1589 5152/1596/1594
f 5138/1582/1580 5153/1597/1595 5154/1598/1596
f 5155/1599/1597 5142/1586/1584 5141/1585/1583
f 5151/1595/1593 5143/1587/1585 5148/1592/1590
f 5145/1589/1587 5142/1586/1584 5155/1599/1597
f 5156/1600/1598 5157/1601/1599 5150/1594/1592
f 5158/1602/1600 5159/1603/1601 5160/1604/1602
f 5140/1584/1582 5139/1583/1581 5161/1605/1603
f 5158/1602/1600 5162/1606/1604 5159/1603/1601
f 5140/1584/1582 5152/1596/1594 5163/1607/1605
f 5151/1595/1593 5156/1600/1598 5150/1594/1592
f 5164/1608/1606 5145/1589/1587 5155/1599/1597
f 5145/1589/1587 5164/1608/1606 5147/1591/1589
f 5165/1609/1607 5166/1610/1608 5167/1611/1609
f 5158/1602/1600 5168/1612/1610 5169/1613/1611
f 5153/1597/1595 5136/1580/1578 5154/1598/1596
f 5170/1614/1612 5163/1607/1605 5152/1596/1594
f 5170/1614/1612 5152/1596/1594 5147/1591/1589
f 5158/1602/1600 5171/1615/1613 5162/1606/1604
f 5138/1582/1580 5166/1610/1608 5172/1616/1614
f 5143/1587/1585 5149/1593/1591 5141/1585/1583
f 5161/1605/1603 5152/1596/1594 5140/1584/1582
f 5163/1607/1605 5170/1614/1612 5173/1617/1615
f 5139/1583/1581 5138/1582/1580 5172/1616/1614
f 5174/1618/1616 5175/1619/1617 5167/1611/1609
f 5172/1616/1614 5166/1610/1608 5176/1620/1618
f 5144/1588/1586 5146/1590/1588 5177/1621/1619
f 5163/1607/1605 5173/1617/1615 5140/1584/1582
f 5148/1592/1590 5142/1586/1584 5144/1588/1586
f 5178/1622/1620 5156/1600/1598 5151/1595/1593
f 5178/1622/1620 5179/1623/1621 5156/1600/1598
f 5141/1585/1583 5149/1593/1591 5155/1599/1597
f 5174/1618/1616 5154/1598/1596 5175/1619/1617
f 5179/1623/1621 5178/1622/1620 5171/1615/1613
f 5154/1598/1596 5174/1618/1616 5138/1582/1580
f 5161/1605/1603 5139/1583/1581 5172/1616/1614
f 5166/1610/1608 5138/1582/1580 5174/1618/1616
f 5176/1620/1618 5161/1605/1603 5172/1616/1614
f 5179/1623/1621 5171/1615/1613 5169/1613/1611
f 5180/1624/1622 5162/1606/1604 5171/1615/1613
f 5167/1611/1609 5166/1610/1608 5174/1618/1616
f 5171/1615/1613 5158/1602/1600 5169/1613/1611
f 5158/1602/1600 5181/1625/1623 5168/1612/1610
f 5135/1579/1577 5154/1598/1596 5136/1580/1578
f 5154/1598/1596 5135/1579/1577 5175/1619/1617
f 5160/1604/1602 5181/1625/1623 5158/1602/1600
f 5181/1625/1623 5182/1626/1624 5183/1627/1625
f 5137/1581/1579 5136/1580/1578 5153/1597/1595
f 5183/1627/1625 5168/1612/1610 5181/1625/1623
f 5184/1628/1626 5185/1629/1627 5186/1630/1628
f 5187/1631/1629 5188/1632/1630 5189/1633/1631
f 5186/1630/1628 5190/1634/1632 5191/1635/1633
f 5185/1629/1627 5190/1634/1632 5186/1630/1628
f 5192/1636/1634 5184/1628/1626 5193/1637/1635
f 5194/1638/1636 5190/1634/1632 5185/1629/1627
f 5195/1639/1637 5188/1632/1630 5196/1640/1638
f 5197/1641/1639 5190/1634/1632 5198/1642/1640
f 5182/1626/1624 5198/1642/1640 5199/1643/1641
f 5182/1626/1624 5199/1643/1641 5194/1638/1636
f 5192/1636/1634 5189/1633/1631 5185/1629/1627
f 5197/1641/1639 5191/1635/1633 5190/1634/1632
f 5188/1632/1630 5194/1638/1636 5189/1633/1631
f 5194/1638/1636 5183/1627/1625 5182/1626/1624
f 5198/1642/1640 5181/1625/1623 5160/1604/1602
f 5187/1631/1629 5196/1640/1638 5188/1632/1630
f 5190/1634/1632 5194/1638/1636 5199/1643/1641
f 5193/1637/1635 5184/1628/1626 5200/1644/1642
f 5199/1643/1641 5198/1642/1640 5190/1634/1632
f 5198/1642/1640 5182/1626/1624 5181/1625/1623
f 5185/1629/1627 5184/1628/1626 5192/1636/1634
f 5189/1633/1631 5194/1638/1636 5185/1629/1627
f 5200/1644/1642 5184/1628/1626 5186/1630/1628
f 5194/1638/1636 5188/1632/1630 5183/1627/1625
f 5201/1645/1643 5202/1646/1644 5203/1647/1645
f 5203/1647/1645 5202/1646/1644 5204/1648/1646
f 5205/1649/1647 5201/1645/1643 5203/1647/1645
f 5206/1650/1648 5201/1645/1643 5205/1649/1647
f 5201/1645/1643 5206/1650/1648 5207/1651/1649
f 5208/1652/1650 5209/1653/1651 5204/1648/1646
f 5207/1651/1649 5206/1650/1648 5210/1654/1652
f 5203/1647/1645 5211/1655/1653 5205/1649/1647
f 5204/1648/1646 5202/1646/1644 5212/1656/1654
f 5212/1656/1654 5208/1652/1650 5204/1648/1646
f 5213/1657/1655 5214/1658/1656 5150/1594/1592
f 5150/1594/1592 5215/1659/1657 5149/1593/1591
f 5150/1594/1592 5214/1658/1656 5215/1659/1657
f 5215/1659/1657 5216/1660/1658 5217/1661/1659
f 5147/1591/1589 5164/1608/1606 5218/1662/1660
f 5155/1599/1597 5149/1593/1591 5215/1659/1657
f 5219/1663/1661 5164/1608/1606 5216/1660/1658
f 5155/1599/1597 5217/1661/1659 5164/1608/1606
f 5220/1664/1662 5221/1665/1663 5222/1666/1664
f 5217/1661/1659 5216/1660/1658 5164/1608/1606
f 5155/1599/1597 5215/1659/1657 5217/1661/1659
f 5218/1662/1660 5219/1663/1661 5223/1667/1665
f 5224/1668/1666 5225/1669/1667 5226/1670/1668
f 5216/1660/1658 5215/1659/1657 5214/1658/1656
f 5227/1671/1669 5222/1666/1664 5228/1672/1670
f 5227/1671/1669 5147/1591/1589 5218/1662/1660
f 5227/1671/1669 5228/1672/1670 5170/1614/1612
f 5229/1673/1671 5173/1617/1615 5222/1666/1664
f 5218/1662/1660 5230/1674/1672 5227/1671/1669
f 5228/1672/1670 5173/1617/1615 5170/1614/1612
f 5229/1673/1671 5153/1597/1595 5138/1582/1580
f 5140/1584/1582 5173/1617/1615 5229/1673/1671
f 5229/1673/1671 5138/1582/1580 5140/1584/1582
f 5231/1675/1673 5232/1676/1674 5233/1677/1675
f 5234/1678/1676 5157/1601/1599 5156/1600/1598
f 5216/1660/1658 5214/1658/1656 5235/1679/1677
f 5236/1680/1678 5237/1681/1679 5232/1676/1674
f 5238/1682/1680 5239/1683/1681 5240/1684/1682
f 5231/1675/1673 5239/1683/1681 5238/1682/1680
f 5233/1677/1675 5239/1683/1681 5231/1675/1673
f 5231/1675/1673 5238/1682/1680 5214/1658/1656
f 5213/1657/1655 5231/1675/1673 5214/1658/1656
f 5241/1685/1683 5239/1683/1681 5233/1677/1675
f 5231/1675/1673 5213/1657/1655 5232/1676/1674
f 5232/1676/1674 5213/1657/1655 5157/1601/1599
f 5238/1682/1680 5240/1684/1682 5214/1658/1656
f 5236/1680/1678 5232/1676/1674 5234/1678/1676
f 5234/1678/1676 5232/1676/1674 5157/1601/1599
f 5239/1683/1681 5242/1686/1684 5240/1684/1682
f 5232/1676/1674 5237/1681/1679 5233/1677/1675
f 5240/1684/1682 5235/1679/1677 5214/1658/1656
f 5235/1679/1677 5240/1684/1682 5242/1686/1684
f 5219/1663/1661 5216/1660/1658 5235/1679/1677
f 5243/1687/1685 5244/1688/1686 5245/1689/1687
f 5244/1688/1686 5243/1687/1685 5246/1690/1688
f 5245/1689/1687 5244/1688/1686 5247/1691/1689
f 5243/1687/1685 5248/1692/1690 5249/1693/1691
f 5250/1694/1692 5247/1691/1689 5251/1695/1693
f 5245/1689/1687 5250/1694/1692 5252/1696/1694
f 5247/1691/1689 5250/1694/1692 5245/1689/1687
f 5247/1691/1689 5253/1697/1695 5251/1695/1693
f 5254/1698/1696 5253/1697/1695 5255/1699/1697
f 5246/1690/1688 5256/1700/1698 5244/1688/1686
f 5246/1690/1688 5243/1687/1685 5257/1701/1699
f 5254/1698/1696 5258/1702/1700 5253/1697/1695
f 5259/1703/1701 5248/1692/1690 5243/1687/1685
f 5253/1697/1695 5256/1700/1698 5255/1699/1697
f 5246/1690/1688 5257/1701/1699 5256/1700/1698
f 5260/1704/1702 5229/1673/1671 5221/1665/1663
f 5256/1700/1698 5253/1697/1695 5247/1691/1689
f 5255/1699/1697 5256/1700/1698 5257/1701/1699
f 5247/1691/1689 5244/1688/1686 5256/1700/1698
f 5251/1695/1693 5253/1697/1695 5258/1702/1700
f 5249/1693/1691 5257/1701/1699 5243/1687/1685
f 5261/1705/1703 5255/1699/1697 5257/1701/1699
f 5262/1706/1704 5254/1698/1696 5255/1699/1697
f 5263/1707/1705 5249/1693/1691 5248/1692/1690
f 5261/1705/1703 5262/1706/1704 5255/1699/1697
f 5264/1708/1706 5250/1694/1692 5265/1709/1707
f 5265/1709/1707 5251/1695/1693 5266/1710/1708
f 5265/1709/1707 5267/1711/1709 5264/1708/1706
f 5265/1709/1707 5266/1710/1708 5268/1712/1710
f 5267/1711/1709 5268/1712/1710 5269/1713/1711
f 5266/1710/1708 5251/1695/1693 5268/1712/1710
f 5251/1695/1693 5258/1702/1700 5268/1712/1710
f 5250/1694/1692 5270/1714/1712 5252/1696/1694
f 5271/1715/1713 5272/1716/1714 5267/1711/1709
f 5264/1708/1706 5272/1716/1714 5273/1717/1715
f 5268/1712/1710 5267/1711/1709 5265/1709/1707
f 5274/1718/1716 5258/1702/1700 5254/1698/1696
f 5272/1716/1714 5264/1708/1706 5267/1711/1709
f 5258/1702/1700 5269/1713/1711 5268/1712/1710
f 5275/1719/1717 5271/1715/1713 5267/1711/1709
f 5269/1713/1711 5275/1719/1717 5267/1711/1709
f 5258/1702/1700 5274/1718/1716 5269/1713/1711
f 5250/1694/1692 5264/1708/1706 5270/1714/1712
f 5254/1698/1696 5262/1706/1704 5274/1718/1716
f 5265/1709/1707 5250/1694/1692 5251/1695/1693
f 5276/1720/1718 5277/1721/1719 5278/1722/1720
f 5153/1597/1595 5260/1704/1702 5137/1581/1579
f 5279/1723/1721 5280/1724/1722 5281/1725/1723
f 5196/1640/1638 5187/1631/1629 5282/1726/1724
f 5229/1673/1671 5260/1704/1702 5153/1597/1595
f 5195/1639/1637 5277/1721/1719 5283/1727/1725
f 5196/1640/1638 5282/1726/1724 5277/1721/1719
f 5284/1728/1726 5283/1727/1725 5277/1721/1719
f 5195/1639/1637 5196/1640/1638 5277/1721/1719
f 5188/1632/1630 5283/1727/1725 5183/1627/1625
f 5285/1729/1727 5286/1730/1728 5287/1731/1729
f 5288/1732/1730 5285/1729/1727 5289/1733/1731
f 5290/1734/1732 5280/1724/1722 5291/1735/1733
f 5237/1681/1679 5259/1703/1701 5292/1736/1734
f 5291/1735/1733 5278/1722/1720 5290/1734/1732
f 5291/1735/1733 5293/1737/1735 5294/1738/1736
f 5288/1732/1730 5294/1738/1736 5295/1739/1737
f 5236/1680/1678 5296/1740/1738 5237/1681/1679
f 5297/1741/1739 5291/1735/1733 5294/1738/1736
f 5219/1663/1661 5235/1679/1677 5223/1667/1665
f 5291/1735/1733 5297/1741/1739 5278/1722/1720
f 5298/1742/1740 5278/1722/1720 5297/1741/1739
f 5296/1740/1738 5297/1741/1739 5294/1738/1736
f 5294/1738/1736 5293/1737/1735 5295/1739/1737
f 5293/1737/1735 5280/1724/1722 5279/1723/1721
f 5296/1740/1738 5289/1733/1731 5259/1703/1701
f 5289/1733/1731 5296/1740/1738 5294/1738/1736
f 5296/1740/1738 5299/1743/1741 5297/1741/1739
f 5300/1744/1742 5301/1745/1743 5280/1724/1722
f 5302/1746/1744 5278/1722/1720 5298/1742/1740
f 5279/1723/1721 5295/1739/1737 5293/1737/1735
f 5234/1678/1676 5303/1747/1745 5298/1742/1740
f 5299/1743/1741 5298/1742/1740 5297/1741/1739
f 5280/1724/1722 5293/1737/1735 5291/1735/1733
f 5295/1739/1737 5279/1723/1721 5304/1748/1746
f 5305/1749/1747 5177/1621/1619 5146/1590/1588
f 5286/1730/1728 5288/1732/1730 5295/1739/1737
f 5230/1674/1672 5222/1666/1664 5227/1671/1669
f 5289/1733/1731 5294/1738/1736 5288/1732/1730
f 5236/1680/1678 5299/1743/1741 5296/1740/1738
f 5304/1748/1746 5279/1723/1721 5306/1750/1748
f 5307/1751/1749 5278/1722/1720 5302/1746/1744
f 5298/1742/1740 5303/1747/1745 5302/1746/1744
f 5301/1745/1743 5300/1744/1742 5277/1721/1719
f 5285/1729/1727 5288/1732/1730 5286/1730/1728
f 5298/1742/1740 5299/1743/1741 5234/1678/1676
f 5237/1681/1679 5296/1740/1738 5259/1703/1701
f 5285/1729/1727 5259/1703/1701 5289/1733/1731
f 5219/1663/1661 5218/1662/1660 5164/1608/1606
f 5303/1747/1745 5307/1751/1749 5302/1746/1744
f 5299/1743/1741 5236/1680/1678 5234/1678/1676
f 5304/1748/1746 5306/1750/1748 5308/1752/1750
f 5309/1753/1751 5310/1754/1752 5311/1755/1753
f 5312/1756/1754 5313/1757/1755 5314/1758/1756
f 5315/1759/1757 5316/1760/1758 5317/1761/1759
f 5283/1727/1725 5188/1632/1630 5195/1639/1637
f 5318/1762/1760 5315/1759/1757 5317/1761/1759
f 5213/1657/1655 5150/1594/1592 5157/1601/1599
f 5305/1749/1747 5152/1596/1594 5161/1605/1603
f 5177/1621/1619 5319/1763/1761 5320/1764/1762
f 5222/1666/1664 5173/1617/1615 5228/1672/1670
f 5162/1606/1604 5317/1761/1759 5159/1603/1601
f 5278/1722/1720 5300/1744/1742 5290/1734/1732
f 5321/1765/1763 5309/1753/1751 5313/1757/1755
f 5166/1610/1608 5165/1609/1607 5322/1766/1764
f 5301/1745/1743 5277/1721/1719 5282/1726/1724
f 5204/1648/1646 5321/1765/1763 5203/1647/1645
f 5316/1760/1758 5159/1603/1601 5317/1761/1759
f 5323/1767/1765 5324/1768/1766 5316/1760/1758
f 5278/1722/1720 5277/1721/1719 5300/1744/1742
f 5198/1642/1640 5160/1604/1602 5324/1768/1766
f 5323/1767/1765 5325/1769/1767 5197/1641/1639
f 5311/1755/1753 5180/1624/1622 5171/1615/1613
f 5326/1770/1768 5327/1771/1769 5328/1772/1770
f 5329/1773/1771 5316/1760/1758 5315/1759/1757
f 5320/1764/1762 5151/1595/1593 5148/1592/1590
f 5323/1767/1765 5329/1773/1771 5330/1774/1772
f 5301/1745/1743 5281/1725/1723 5280/1724/1722
f 5323/1767/1765 5316/1760/1758 5329/1773/1771
f 5300/1744/1742 5280/1724/1722 5290/1734/1732
f 5307/1751/1749 5276/1720/1718 5278/1722/1720
f 5209/1653/1651 5331/1775/1773 5321/1765/1763
f 5222/1666/1664 5230/1674/1672 5220/1664/1662
f 5332/1776/1774 5326/1770/1768 5328/1772/1770
f 5203/1647/1645 5333/1777/1775 5211/1655/1653
f 5209/1653/1651 5327/1771/1769 5310/1754/1752
f 5316/1760/1758 5160/1604/1602 5159/1603/1601
f 5323/1767/1765 5197/1641/1639 5324/1768/1766
f 5334/1778/1776 5322/1766/1764 5314/1758/1756
f 5160/1604/1602 5316/1760/1758 5324/1768/1766
f 5331/1775/1773 5309/1753/1751 5321/1765/1763
f 5326/1770/1768 5180/1624/1622 5310/1754/1752
f 5221/1665/1663 5229/1673/1671 5222/1666/1664
f 5312/1756/1754 5211/1655/1653 5333/1777/1775
f 5326/1770/1768 5332/1776/1774 5317/1761/1759
f 5329/1773/1771 5315/1759/1757 5318/1762/1760
f 5324/1768/1766 5197/1641/1639 5198/1642/1640
f 5313/1757/1755 5335/1779/1777 5314/1758/1756
f 5321/1765/1763 5333/1777/1775 5203/1647/1645
f 5147/1591/1589 5227/1671/1669 5170/1614/1612
f 5327/1771/1769 5326/1770/1768 5310/1754/1752
f 5311/1755/1753 5310/1754/1752 5180/1624/1622
f 5208/1652/1650 5327/1771/1769 5209/1653/1651
f 5148/1592/1590 5177/1621/1619 5320/1764/1762
f 5310/1754/1752 5309/1753/1751 5331/1775/1773
f 5336/1780/1778 5337/1781/1779 5311/1755/1753
f 5151/1595/1593 5320/1764/1762 5178/1622/1620
f 5311/1755/1753 5171/1615/1613 5178/1622/1620
f 5221/1665/1663 5220/1664/1662 5225/1669/1667
f 5209/1653/1651 5310/1754/1752 5331/1775/1773
f 5328/1772/1770 5327/1771/1769 5208/1652/1650
f 5178/1622/1620 5320/1764/1762 5336/1780/1778
f 5335/1779/1777 5338/1782/1780 5334/1778/1776
f 5311/1755/1753 5178/1622/1620 5336/1780/1778
f 5317/1761/1759 5332/1776/1774 5318/1762/1760
f 5321/1765/1763 5204/1648/1646 5209/1653/1651
f 5309/1753/1751 5311/1755/1753 5337/1781/1779
f 5309/1753/1751 5335/1779/1777 5313/1757/1755
f 5313/1757/1755 5333/1777/1775 5321/1765/1763
f 5152/1596/1594 5305/1749/1747 5146/1590/1588
f 5323/1767/1765 5330/1774/1772 5325/1769/1767
f 5326/1770/1768 5317/1761/1759 5180/1624/1622
f 5317/1761/1759 5162/1606/1604 5180/1624/1622
f 5320/1764/1762 5319/1763/1761 5336/1780/1778
f 5335/1779/1777 5309/1753/1751 5337/1781/1779
f 5337/1781/1779 5336/1780/1778 5335/1779/1777
f 5325/1769/1767 5191/1635/1633 5197/1641/1639
f 5224/1668/1666 5221/1665/1663 5225/1669/1667
f 5333/1777/1775 5313/1757/1755 5312/1756/1754
f 5177/1621/1619 5148/1592/1590 5144/1588/1586
f 5336/1780/1778 5338/1782/1780 5335/1779/1777
f 5338/1782/1780 5336/1780/1778 5319/1763/1761
f 5177/1621/1619 5338/1782/1780 5319/1763/1761
f 5305/1749/1747 5338/1782/1780 5177/1621/1619
f 5335/1779/1777 5334/1778/1776 5314/1758/1756
f 5334/1778/1776 5338/1782/1780 5305/1749/1747
f 5161/1605/1603 5176/1620/1618 5305/1749/1747
f 5334/1778/1776 5305/1749/1747 5176/1620/1618
f 5322/1766/1764 5334/1778/1776 5176/1620/1618
f 5226/1670/1668 5339/1783/1781 5224/1668/1666
f 5322/1766/1764 5176/1620/1618 5166/1610/1608
f 5262/1706/1704 5261/1705/1703 5340/1784/1782
f 5286/1730/1728 5295/1739/1737 5341/1785/1783
f 5263/1707/1705 5248/1692/1690 5342/1786/1784
f 5340/1784/1782 5257/1701/1699 5249/1693/1691
f 5340/1784/1782 5263/1707/1705 5342/1786/1784
f 5285/1729/1727 5287/1731/1729 5248/1692/1690
f 5308/1752/1750 5287/1731/1729 5341/1785/1783
f 5263/1707/1705 5340/1784/1782 5249/1693/1691
f 5259/1703/1701 5285/1729/1727 5248/1692/1690
f 5261/1705/1703 5257/1701/1699 5340/1784/1782
f 5342/1786/1784 5248/1692/1690 5308/1752/1750
f 5308/1752/1750 5306/1750/1748 5342/1786/1784
f 5248/1692/1690 5287/1731/1729 5308/1752/1750
f 5287/1731/1729 5286/1730/1728 5341/1785/1783
f 5341/1785/1783 5304/1748/1746 5308/1752/1750
f 5295/1739/1737 5304/1748/1746 5341/1785/1783
f 5343/1787/1785 5276/1720/1718 5307/1751/1749
f 5169/1613/1611 5168/1612/1610 5344/1788/1786
f 5343/1787/1785 5284/1728/1726 5276/1720/1718
f 5343/1787/1785 5307/1751/1749 5345/1789/1787
f 5344/1788/1786 5284/1728/1726 5343/1787/1785
f 5277/1721/1719 5276/1720/1718 5284/1728/1726
f 5343/1787/1785 5345/1789/1787 5344/1788/1786
f 5284/1728/1726 5344/1788/1786 5283/1727/1725
f 5183/1627/1625 5283/1727/1725 5344/1788/1786
f 5307/1751/1749 5303/1747/1745 5345/1789/1787
f 5168/1612/1610 5183/1627/1625 5344/1788/1786
f 5344/1788/1786 5345/1789/1787 5169/1613/1611
f 5179/1623/1621 5169/1613/1611 5345/1789/1787
f 5179/1623/1621 5345/1789/1787 5303/1747/1745
f 5303/1747/1745 5156/1600/1598 5179/1623/1621
f 5234/1678/1676 5156/1600/1598 5303/1747/1745
f 5346/1790/1788 5347/1791/1789 5348/1792/1790
f 5237/1681/1679 5292/1736/1734 5349/1793/1791
f 5241/1685/1683 5243/1687/1685 5350/1794/1792
f 5349/1793/1791 5241/1685/1683 5233/1677/1675
f 5350/1794/1792 5245/1689/1687 5252/1696/1694
f 5243/1687/1685 5241/1685/1683 5349/1793/1791
f 5349/1793/1791 5233/1677/1675 5237/1681/1679
f 5241/1685/1683 5350/1794/1792 5347/1791/1789
f 5230/1674/1672 5348/1792/1790 5351/1795/1793
f 5243/1687/1685 5349/1793/1791 5259/1703/1701
f 5350/1794/1792 5243/1687/1685 5245/1689/1687
f 5252/1696/1694 5352/1796/1794 5347/1791/1789
f 5348/1792/1790 5347/1791/1789 5352/1796/1794
f 5349/1793/1791 5292/1736/1734 5259/1703/1701
f 5346/1790/1788 5241/1685/1683 5347/1791/1789
f 5252/1696/1694 5347/1791/1789 5350/1794/1792
f 5353/1797/1795 5348/1792/1790 5354/1798/1796
f 5346/1790/1788 5348/1792/1790 5353/1797/1795
f 5355/1799/1797 5352/1796/1794 5252/1696/1694
f 5270/1714/1712 5355/1799/1797 5252/1696/1694
f 5354/1798/1796 5348/1792/1790 5230/1674/1672
f 5346/1790/1788 5353/1797/1795 5356/1800/1798
f 5242/1686/1684 5357/1801/1799 5356/1800/1798
f 5353/1797/1795 5354/1798/1796 5358/1802/1800
f 5354/1798/1796 5242/1686/1684 5358/1802/1800
f 5356/1800/1798 5353/1797/1795 5358/1802/1800
f 5357/1801/1799 5239/1683/1681 5241/1685/1683
f 5356/1800/1798 5357/1801/1799 5346/1790/1788
f 5242/1686/1684 5239/1683/1681 5357/1801/1799
f 5242/1686/1684 5356/1800/1798 5358/1802/1800
f 5241/1685/1683 5346/1790/1788 5357/1801/1799
f 5352/1796/1794 5351/1795/1793 5348/1792/1790
f 5225/1669/1667 5220/1664/1662 5226/1670/1668
f 5235/1679/1677 5242/1686/1684 5223/1667/1665
f 5220/1664/1662 5359/1803/1801 5226/1670/1668
f 5359/1803/1801 5220/1664/1662 5230/1674/1672
f 5355/1799/1797 5270/1714/1712 5359/1803/1801
f 5351/1795/1793 5359/1803/1801 5230/1674/1672
f 5351/1795/1793 5352/1796/1794 5359/1803/1801
f 5270/1714/1712 5264/1708/1706 5226/1670/1668
f 5359/1803/1801 5270/1714/1712 5226/1670/1668
f 5352/1796/1794 5355/1799/1797 5359/1803/1801
f 5218/1662/1660 5354/1798/1796 5230/1674/1672
f 5264/1708/1706 5339/1783/1781 5226/1670/1668
f 5273/1717/1715 5339/1783/1781 5264/1708/1706
f 5354/1798/1796 5218/1662/1660 5223/1667/1665
f 5223/1667/1665 5242/1686/1684 5354/1798/1796
f 5224/1668/1666 5339/1783/1781 5273/1717/1715
f 8694/1804/1802 8695/1805/1803 8696/1806/1804
f 8695/1805/1803 8694/1804/1802 8697/1807/1805
f 8700/1808/1806 8701/1809/1807 8702/1810/1808
f 8703/1811/1809 8697/1807/1805 8694/1804/1802
f 8707/1812/1810 8708/1813/1811 8709/1814/1812
f 8710/1815/1813 8711/1816/1814 8712/1817/1815
f 8713/1818/1816 8714/1819/1817 8715/1820/1818
f 8716/1821/1819 8717/1822/1820 8708/1813/1811
f 8718/1823/1821 8708/1813/1811 8707/1812/1810
f 8717/1822/1820 8716/1821/1819 8719/1824/1822
f 8720/1825/1823 8721/1826/1824 8722/1827/1825
f 8711/1816/1814 8710/1815/1813 8723/1828/1826
f 8705/1829/1827 8725/1830/1828 8726/1831/1829
f 8727/1832/1830 8702/1810/1808 8728/1833/1831
f 8718/1823/1821 8707/1812/1810 8723/1828/1826
f 8730/1834/1832 8731/1835/1833 8732/1836/1834
f 8708/1813/1811 8718/1823/1821 8716/1821/1819
f 8726/1831/1829 8704/1837/1835 8705/1829/1827
f 8723/1828/1826 8710/1815/1813 8718/1823/1821
f 8711/1816/1814 8733/1838/1836 8712/1817/1815
f 8716/1821/1819 8718/1823/1821 8710/1815/1813
f 8711/1816/1814 8720/1825/1823 8733/1838/1836
f 8734/1839/1837 8709/1814/1812 8735/1840/1838
f 8717/1822/1820 8735/1840/1838 8709/1814/1812
f 8709/1814/1812 8708/1813/1811 8717/1822/1820
f 8707/1812/1810 8709/1814/1812 8736/1841/1839
f 8725/1830/1828 8738/1842/1840 8739/1843/1841
f 8740/1844/1842 8726/1831/1829 8725/1830/1828
f 8741/1845/1843 8711/1816/1814 8723/1828/1826
f 8720/1825/1823 8711/1816/1814 8741/1845/1843
f 8730/1834/1832 8739/1843/1841 8738/1842/1840
f 8707/1812/1810 8742/1846/1844 8743/1847/1845
f 8696/1806/1804 8703/1811/1809 8694/1804/1802
f 8704/1837/1835 8744/1848/1846 8696/1806/1804
f 8745/1849/1847 8703/1811/1809 8735/1840/1838
f 8726/1831/1829 8740/1844/1842 8744/1848/1846
f 8740/1844/1842 8739/1843/1841 8730/1834/1832
f 8746/1850/1848 8747/1851/1849 8748/1852/1850
f 8747/1851/1849 8728/1833/1831 8748/1852/1850
f 8749/1853/1851 8748/1852/1850 8728/1833/1831
f 8750/1854/1852 8751/1855/1853 8746/1850/1848
f 8744/1848/1846 8703/1811/1809 8696/1806/1804
f 8752/1856/1854 8750/1854/1852 8753/1857/1855
f 8747/1851/1849 8746/1850/1848 8754/1858/1856
f 8748/1852/1850 8755/1859/1857 8750/1854/1852
f 8750/1854/1852 8746/1850/1848 8748/1852/1850
f 8756/1860/1858 8757/1861/1859 8758/1862/1860
f 8749/1853/1851 8755/1859/1857 8748/1852/1850
f 8759/1863/1861 8760/1864/1862 8761/1865/1863
f 8735/1840/1838 8703/1811/1809 8744/1848/1846
f 8747/1851/1849 8762/1866/1864 8728/1833/1831
f 8762/1866/1864 8747/1851/1849 8763/1867/1865
f 8750/1854/1852 8755/1859/1857 8753/1857/1855
f 8747/1851/1849 8754/1858/1856 8763/1867/1865
f 8746/1850/1848 8751/1855/1853 8754/1858/1856
f 8728/1833/1831 8762/1866/1864 8727/1832/1830
f 8755/1859/1857 8758/1862/1860 8764/1868/1866
f 8744/1848/1846 8740/1844/1842 8732/1836/1834
f 8757/1861/1859 8764/1868/1866 8758/1862/1860
f 8765/1869/1867 8766/1870/1868 8767/1871/1869
f 8727/1832/1830 8762/1866/1864 8768/1872/1870
f 8769/1873/1871 8730/1834/1832 8738/1842/1840
f 8740/1844/1842 8730/1834/1832 8732/1836/1834
f 8770/1874/1872 8769/1873/1871 8738/1842/1840
f 8731/1835/1833 8769/1873/1871 8714/1819/1817
f 8709/1814/1812 8734/1839/1837 8732/1836/1834
f 8714/1819/1817 8713/1818/1816 8742/1846/1844
f 8715/1820/1818 8769/1873/1871 8770/1874/1872
f 8698/1875/1873 8772/1876/1874 8773/1877/1875
f 8772/1876/1874 8774/1878/1876 8775/1879/1877
f 8778/1880/1878 8698/1875/1873 8773/1877/1875
f 8775/1879/1877 8773/1877/1875 8772/1876/1874
f 8698/1875/1873 8778/1880/1878 8699/1881/1879
f 8714/1819/1817 8736/1841/1839 8731/1835/1833
f 8779/1882/1880 8776/1883/1881 8697/1807/1805
f 8715/1820/1818 8770/1874/1872 8780/1884/1882
f 8697/1807/1805 8745/1849/1847 8781/1885/1883
f 8717/1822/1820 8781/1885/1883 8735/1840/1838
f 8780/1884/1882 8782/1886/1884 8715/1820/1818
f 8715/1820/1818 8782/1886/1884 8713/1818/1816
f 8736/1841/1839 8742/1846/1844 8707/1812/1810
f 8786/1887/1885 8779/1882/1880 8781/1885/1883
f 8779/1882/1880 8697/1807/1805 8781/1885/1883
f 8725/1830/1828 8729/1888/1886 8738/1842/1840
f 8787/1889/1887 8788/1890/1888 8789/1891/1889
f 8700/1808/1806 8702/1810/1808 8727/1832/1830
f 8751/1855/1853 8790/1892/1890 8791/1893/1891
f 8796/1894/1892 8797/1895/1893 8785/1896/1894
f 8783/1897/1895 8779/1882/1880 8786/1887/1885
f 8786/1887/1885 8719/1824/1822 8799/1898/1896
f 8800/1899/1897 8785/1896/1894 8801/1900/1898
f 8767/1871/1869 8802/1901/1899 8749/1853/1851
f 8800/1899/1897 8803/1902/1900 8796/1894/1892
f 8804/1903/1901 8788/1890/1888 8787/1889/1887
f 8798/1904/1902 8783/1897/1895 8799/1898/1896
f 8798/1904/1902 8806/1905/1903 8792/1906/1904
f 8784/1907/1905 8801/1900/1898 8785/1896/1894
f 8808/1908/1906 8801/1900/1898 8784/1907/1905
f 8727/1832/1830 8809/1909/1907 8700/1808/1806
f 8798/1904/1902 8799/1898/1896 8810/1910/1908
f 8745/1849/1847 8735/1840/1838 8781/1885/1883
f 8811/1911/1909 8805/1912/1910 8807/1913/1911
f 8812/1914/1912 8800/1899/1897 8813/1915/1913
f 8799/1898/1896 8814/1916/1914 8810/1910/1908
f 8806/1905/1903 8798/1904/1902 8810/1910/1908
f 8811/1911/1909 8807/1913/1911 8806/1905/1903
f 8808/1908/1906 8805/1912/1910 8811/1911/1909
f 8815/1917/1915 8800/1899/1897 8801/1900/1898
f 8800/1899/1897 8815/1917/1915 8813/1915/1913
f 8816/1918/1916 8812/1914/1912 8813/1915/1913
f 8810/1910/1908 8814/1916/1914 8817/1919/1917
f 8818/1920/1918 8815/1917/1915 8808/1908/1906
f 8739/1843/1841 8740/1844/1842 8725/1830/1828
f 8816/1918/1916 8821/1921/1919 8812/1914/1912
f 8797/1895/1893 8796/1894/1892 8822/1922/1920
f 8821/1921/1919 8816/1918/1916 8823/1923/1921
f 8777/1924/1922 8783/1897/1895 8798/1904/1902
f 8810/1910/1908 8817/1919/1917 8811/1911/1909
f 8781/1885/1883 8717/1822/1820 8719/1824/1822
f 8826/1925/1923 8818/1920/1918 8827/1926/1924
f 8826/1925/1923 8828/1927/1925 8816/1918/1916
f 8829/1928/1926 8811/1911/1909 8817/1919/1917
f 8702/1810/1808 8766/1870/1868 8765/1869/1867
f 8823/1923/1921 8828/1927/1925 8830/1929/1927
f 8830/1929/1927 8826/1925/1923 8827/1926/1924
f 8826/1925/1923 8830/1929/1927 8828/1927/1925
f 8831/1930/1928 8811/1911/1909 8829/1928/1926
f 8831/1930/1928 8827/1926/1924 8811/1911/1909
f 8811/1911/1909 8806/1905/1903 8810/1910/1908
f 8815/1917/1915 8818/1920/1918 8813/1915/1913
f 8831/1930/1928 8790/1892/1890 8827/1926/1924
f 8751/1855/1853 8832/1931/1929 8754/1858/1856
f 8831/1930/1928 8833/1932/1930 8791/1893/1891
f 8752/1856/1854 8790/1892/1890 8751/1855/1853
f 8805/1912/1910 8808/1908/1906 8784/1907/1905
f 8754/1858/1856 8832/1931/1929 8834/1933/1931
f 8768/1872/1870 8809/1909/1907 8727/1832/1830
f 8697/1807/1805 8776/1883/1881 8695/1805/1803
f 8835/1934/1932 8832/1931/1929 8836/1935/1933
f 8756/1860/1858 8758/1862/1860 8837/1936/1934
f 8832/1931/1929 8838/1937/1935 8836/1935/1933
f 8839/1938/1936 8834/1933/1931 8832/1931/1929
f 8839/1938/1936 8832/1931/1929 8835/1934/1932
f 8840/1939/1937 8839/1938/1936 8835/1934/1932
f 8835/1934/1932 8841/1940/1938 8840/1939/1937
f 8785/1896/1894 8800/1899/1897 8796/1894/1892
f 8707/1812/1810 8743/1847/1845 8842/1941/1939
f 8839/1938/1936 8840/1939/1937 8834/1933/1931
f 8843/1942/1940 8834/1933/1931 8840/1939/1937
f 8834/1933/1931 8843/1942/1940 8763/1867/1865
f 8808/1908/1906 8815/1917/1915 8801/1900/1898
f 8818/1920/1918 8808/1908/1906 8811/1911/1909
f 8844/1943/1941 8812/1914/1912 8821/1921/1919
f 8763/1867/1865 8754/1858/1856 8834/1933/1931
f 8791/1893/1891 8790/1892/1890 8831/1930/1928
f 8753/1857/1855 8823/1923/1921 8830/1929/1927
f 8818/1920/1918 8811/1911/1909 8827/1926/1924
f 8751/1855/1853 8750/1854/1852 8752/1856/1854
f 8791/1893/1891 8838/1937/1935 8832/1931/1929
f 8790/1892/1890 8752/1856/1854 8830/1929/1927
f 8753/1857/1855 8830/1929/1927 8752/1856/1854
f 8776/1883/1881 8779/1882/1880 8783/1897/1895
f 8786/1887/1885 8781/1885/1883 8719/1824/1822
f 8830/1929/1927 8827/1926/1924 8790/1892/1890
f 8799/1898/1896 8783/1897/1895 8786/1887/1885
f 8758/1862/1860 8853/1944/1942 8837/1936/1934
f 8769/1873/1871 8731/1835/1833 8730/1834/1832
f 8832/1931/1929 8751/1855/1853 8791/1893/1891
f 8826/1925/1923 8816/1918/1916 8813/1915/1913
f 8854/1945/1943 8743/1847/1845 8804/1903/1901
f 8835/1934/1932 8836/1935/1933 8761/1865/1863
f 8855/1946/1944 8814/1916/1914 8799/1898/1896
f 8813/1915/1913 8818/1920/1918 8826/1925/1923
f 8816/1918/1916 8828/1927/1925 8823/1923/1921
f 8822/1922/1920 8858/1947/1945 8859/1948/1946
f 8822/1922/1920 8796/1894/1892 8858/1947/1945
f 8797/1895/1893 8822/1922/1920 8851/1949/1947
f 8851/1949/1947 8860/1950/1948 8850/1951/1949
f 8803/1902/1900 8858/1947/1945 8796/1894/1892
f 8852/1952/1950 8850/1951/1949 8860/1950/1948
f 8774/1878/1876 8772/1876/1874 8862/1953/1951
f 8758/1862/1860 8802/1901/1899 8853/1944/1942
f 8822/1922/1920 8860/1950/1948 8851/1949/1947
f 8861/1954/1952 8852/1952/1950 8860/1950/1948
f 8858/1947/1945 8803/1902/1900 8863/1955/1953
f 8803/1902/1900 8864/1956/1954 8863/1955/1953
f 8842/1941/1939 8723/1828/1826 8707/1812/1810
f 8853/1944/1942 8802/1901/1899 8865/1957/1955
f 8866/1958/1956 8760/1864/1862 8759/1863/1861
f 8789/1891/1889 8854/1945/1943 8787/1889/1887
f 8867/1959/1957 8774/1878/1876 8868/1960/1958
f 8857/1961/1959 8862/1953/1951 8772/1876/1874
f 8862/1953/1951 8861/1954/1952 8860/1950/1948
f 8863/1955/1953 8859/1948/1946 8858/1947/1945
f 8862/1953/1951 8868/1960/1958 8774/1878/1876
f 8867/1959/1957 8868/1960/1958 8869/1962/1960
f 8859/1948/1946 8860/1950/1948 8822/1922/1920
f 8715/1820/1818 8714/1819/1817 8769/1873/1871
f 8870/1963/1961 8871/1964/1962 8759/1863/1861
f 8857/1961/1959 8861/1954/1952 8862/1953/1951
f 8869/1962/1960 8863/1955/1953 8864/1956/1954
f 8872/1965/1963 8853/1944/1942 8865/1957/1955
f 8859/1948/1946 8862/1953/1951 8860/1950/1948
f 8873/1966/1964 8867/1959/1957 8869/1962/1960
f 8698/1875/1873 8857/1961/1959 8772/1876/1874
f 8868/1960/1958 8862/1953/1951 8869/1962/1960
f 8859/1948/1946 8863/1955/1953 8869/1962/1960
f 8869/1962/1960 8874/1967/1965 8873/1966/1964
f 8859/1948/1946 8869/1962/1960 8862/1953/1951
f 8854/1945/1943 8789/1891/1889 8875/1968/1966
f 8721/1826/1824 8871/1964/1962 8722/1827/1825
f 8875/1968/1966 8876/1969/1967 8854/1945/1943
f 8723/1828/1826 8842/1941/1939 8741/1845/1843
f 8749/1853/1851 8758/1862/1860 8755/1859/1857
f 8741/1845/1843 8842/1941/1939 8876/1969/1967
f 8854/1945/1943 8842/1941/1939 8743/1847/1845
f 8876/1969/1967 8721/1826/1824 8720/1825/1823
f 8749/1853/1851 8802/1901/1899 8758/1862/1860
f 8732/1836/1834 8734/1839/1837 8744/1848/1846
f 8767/1871/1869 8865/1957/1955 8802/1901/1899
f 8841/1940/1938 8835/1934/1932 8878/1970/1968
f 8855/1946/1944 8879/1971/1969 8880/1972/1970
f 8881/1973/1971 8764/1868/1866 8757/1861/1859
f 8733/1838/1836 8879/1971/1969 8712/1817/1815
f 8799/1898/1896 8719/1824/1822 8855/1946/1944
f 8814/1916/1914 8855/1946/1944 8880/1972/1970
f 8882/1974/1972 8838/1937/1935 8791/1893/1891
f 8883/1975/1973 8870/1963/1961 8761/1865/1863
f 8719/1824/1822 8716/1821/1819 8855/1946/1944
f 8884/1976/1974 8885/1977/1975 8883/1975/1973
f 8716/1821/1819 8712/1817/1815 8855/1946/1944
f 8736/1841/1839 8714/1819/1817 8742/1846/1844
f 8886/1978/1976 8881/1973/1971 8887/1979/1977
f 8821/1921/1919 8881/1973/1971 8886/1978/1976
f 8888/1980/1978 8756/1860/1858 8837/1936/1934
f 8881/1973/1971 8821/1921/1919 8764/1868/1866
f 8869/1962/1960 8864/1956/1954 8874/1967/1965
f 8881/1973/1971 8757/1861/1859 8887/1979/1977
f 8755/1859/1857 8764/1868/1866 8753/1857/1855
f 8879/1971/1969 8855/1946/1944 8712/1817/1815
f 8872/1965/1963 8837/1936/1934 8853/1944/1942
f 8729/1888/1886 8725/1830/1828 8706/1981/1979
f 8885/1977/1975 8884/1976/1974 8879/1971/1969
f 8844/1943/1941 8864/1956/1954 8803/1902/1900
f 8712/1817/1815 8716/1821/1819 8710/1815/1813
f 8844/1943/1941 8821/1921/1919 8886/1978/1976
f 8817/1919/1917 8814/1916/1914 8880/1972/1970
f 8883/1975/1973 8761/1865/1863 8889/1982/1980
f 8870/1963/1961 8883/1975/1973 8885/1977/1975
f 8829/1928/1926 8880/1972/1970 8884/1976/1974
f 8749/1853/1851 8765/1869/1867 8767/1871/1869
f 8787/1889/1887 8854/1945/1943 8804/1903/1901
f 8736/1841/1839 8732/1836/1834 8731/1835/1833
f 8880/1972/1970 8829/1928/1926 8817/1919/1917
f 8800/1899/1897 8812/1914/1912 8803/1902/1900
f 8804/1903/1901 8743/1847/1845 8742/1846/1844
f 8884/1976/1974 8833/1932/1930 8829/1928/1926
f 8874/1967/1965 8864/1956/1954 8890/1983/1981
f 8703/1811/1809 8745/1849/1847 8697/1807/1805
f 8782/1886/1884 8804/1903/1901 8713/1818/1816
f 8890/1983/1981 8864/1956/1954 8887/1979/1977
f 8782/1886/1884 8788/1890/1888 8804/1903/1901
f 8749/1853/1851 8702/1810/1808 8765/1869/1867
f 8879/1971/1969 8733/1838/1836 8885/1977/1975
f 8829/1928/1926 8833/1932/1930 8831/1930/1928
f 8884/1976/1974 8880/1972/1970 8879/1971/1969
f 8734/1839/1837 8735/1840/1838 8744/1848/1846
f 8885/1977/1975 8733/1838/1836 8722/1827/1825
f 8833/1932/1930 8884/1976/1974 8883/1975/1973
f 8722/1827/1825 8733/1838/1836 8720/1825/1823
f 8833/1932/1930 8882/1974/1972 8791/1893/1891
f 8885/1977/1975 8722/1827/1825 8870/1963/1961
f 8823/1923/1921 8753/1857/1855 8764/1868/1866
f 8883/1975/1973 8882/1974/1972 8833/1932/1930
f 8889/1982/1980 8882/1974/1972 8883/1975/1973
f 8889/1982/1980 8838/1937/1935 8882/1974/1972
f 8757/1861/1859 8756/1860/1858 8888/1980/1978
f 8759/1863/1861 8761/1865/1863 8870/1963/1961
f 8764/1868/1866 8821/1921/1919 8823/1923/1921
f 8844/1943/1941 8886/1978/1976 8864/1956/1954
f 8889/1982/1980 8836/1935/1933 8838/1937/1935
f 8889/1982/1980 8761/1865/1863 8836/1935/1933
f 8887/1979/1977 8864/1956/1954 8886/1978/1976
f 8844/1943/1941 8803/1902/1900 8812/1914/1912
f 8726/1831/1829 8744/1848/1846 8704/1837/1835
f 8742/1846/1844 8713/1818/1816 8804/1903/1901
f 8728/1833/1831 8702/1810/1808 8749/1853/1851
f 8870/1963/1961 8722/1827/1825 8871/1964/1962
f 8842/1941/1939 8854/1945/1943 8876/1969/1967
f 8760/1864/1862 8835/1934/1932 8761/1865/1863
f 8878/1970/1968 8835/1934/1932 8760/1864/1862
f 8888/1980/1978 8837/1936/1934 8872/1965/1963
f 8871/1964/1962 8866/1958/1956 8759/1863/1861
f 8709/1814/1812 8732/1836/1834 8736/1841/1839
f 8741/1845/1843 8876/1969/1967 8720/1825/1823
f 8705/1829/1827 8706/1981/1979 8725/1830/1828
f 9413/1984/1982 9414/1985/1983 9415/1986/1984
f 9416/1987/1985 9417/1988/1986 9418/1989/1987
f 9419/1990/1988 9420/1991/1989 9421/1992/1990
f 9422/1993/1991 9423/1994/1992 9424/1995/1993
f 9420/1991/1989 9425/1996/1994 9426/1997/1995
f 9427/1998/1996 9428/1999/1997 9429/2000/1998
f 9417/1988/1986 9416/1987/1985 9430/2001/1999
f 9431/2002/2000 9432/2003/2001 9414/1985/1983
f 9433/2004/2002 9424/1995/1993 9423/1994/1992
f 9432/2003/2001 9431/2002/2000 9434/2005/2003
f 9434/2005/2003 9435/2006/2004 9418/1989/1987
f 9434/2005/2003 9418/1989/1987 9417/1988/1986
f 9436/2007/2005 9437/2008/2006 9438/2009/2007
f 9434/2005/2003 9439/2010/2008 9432/2003/2001
f 9414/1985/1983 9439/2010/2008 9440/2011/2009
f 9434/2005/2003 9417/1988/1986 9437/2008/2006
f 9437/2008/2006 9439/2010/2008 9434/2005/2003
f 9441/2012/2010 9440/2011/2009 9439/2010/2008
f 9418/1989/1987 9435/2006/2004 9442/2013/2011
f 9430/2001/1999 9443/2014/2012 9438/2009/2007
f 9444/2015/2013 9438/2009/2007 9443/2014/2012
f 9445/2016/2014 9446/2017/2015 9447/2018/2016
f 9439/2010/2008 9437/2008/2006 9446/2017/2015
f 9448/2019/2017 9449/2020/2018 9425/1996/1994
f 9439/2010/2008 9446/2017/2015 9450/2021/2019
f 9438/2009/2007 9444/2015/2013 9436/2007/2005
f 9413/1984/1982 9427/1998/1996 9451/2022/2020
f 9452/2023/2021 9453/2024/2022 9454/2025/2023
f 9455/2026/2024 9456/2027/2025 9457/2028/2026
f 9437/2008/2006 9436/2007/2005 9446/2017/2015
f 9450/2021/2019 9446/2017/2015 9445/2016/2014
f 9458/2029/2027 9443/2014/2012 9459/2030/2028
f 9444/2015/2013 9443/2014/2012 9458/2029/2027
f 9458/2029/2027 9460/2031/2029 9461/2032/2030
f 9451/2022/2020 9462/2033/2031 9413/1984/1982
f 9458/2029/2027 9461/2032/2030 9444/2015/2013
f 9452/2023/2021 9463/2034/2032 9464/2035/2033
f 9450/2021/2019 9465/2036/2034 9466/2037/2035
f 9467/2038/2036 9424/1995/1993 9433/2004/2002
f 9468/2039/2037 9469/2040/2038 9470/2041/2039
f 9466/2037/2035 9465/2036/2034 9471/2042/2040
f 9472/2043/2041 9454/2025/2023 9473/2044/2042
f 9474/2045/2043 9419/1990/1988 9475/2046/2044
f 9476/2047/2045 9445/2016/2014 9447/2018/2016
f 9477/2048/2046 9466/2037/2035 9478/2049/2047
f 9466/2037/2035 9471/2042/2040 9478/2049/2047
f 9432/2003/2001 9439/2010/2008 9414/1985/1983
f 9476/2047/2045 9479/2050/2048 9461/2032/2030
f 9465/2036/2034 9445/2016/2014 9476/2047/2045
f 9476/2047/2045 9447/2018/2016 9479/2050/2048
f 9426/1997/1995 9460/2031/2029 9458/2029/2027
f 9465/2036/2034 9476/2047/2045 9480/2051/2049
f 9471/2042/2040 9481/2052/2050 9478/2049/2047
f 9421/1992/1990 9420/1991/1989 9458/2029/2027
f 9481/2052/2050 9471/2042/2040 9480/2051/2049
f 9482/2053/2051 9478/2049/2047 9483/2054/2052
f 9478/2049/2047 9481/2052/2050 9483/2054/2052
f 9483/2054/2052 9481/2052/2050 9426/1997/1995
f 9472/2043/2041 9484/2055/2053 9454/2025/2023
f 9480/2051/2049 9460/2031/2029 9481/2052/2050
f 9420/1991/1989 9419/1990/1988 9474/2045/2043
f 9425/1996/1994 9449/2020/2018 9426/1997/1995
f 9485/2056/2054 9474/2045/2043 9486/2057/2055
f 9486/2057/2055 9487/2058/2056 9485/2056/2054
f 9487/2058/2056 9488/2059/2057 9485/2056/2054
f 9467/2038/2036 9433/2004/2002 9489/2060/2058
f 9490/2061/2059 9491/2062/2060 9422/1993/1991
f 9424/1995/1993 9492/2063/2061 9490/2061/2059
f 9467/2038/2036 9492/2063/2061 9424/1995/1993
f 9422/1993/1991 9424/1995/1993 9490/2061/2059
f 9467/2038/2036 9489/2060/2058 9493/2064/2062
f 9494/2065/2063 9495/2066/2064 9496/2067/2065
f 9497/2068/2066 9498/2069/2067 9499/2070/2068
f 9500/2071/2069 9501/2072/2070 9502/2073/2071
f 9463/2034/2032 9452/2023/2021 9503/2074/2072
f 9468/2039/2037 9504/2075/2073 9505/2076/2074
f 9506/2077/2075 9507/2078/2076 9501/2072/2070
f 9508/2079/2077 9509/2080/2078 9510/2081/2079
f 9511/2082/2080 9512/2083/2081 9468/2039/2037
f 9513/2084/2082 9463/2034/2032 9503/2074/2072
f 9502/2073/2071 9497/2068/2066 9499/2070/2068
f 9514/2085/2083 9502/2073/2071 9507/2078/2076
f 9494/2065/2063 9496/2067/2065 9515/2086/2084
f 9502/2073/2071 9499/2070/2068 9500/2071/2069
f 9516/2087/2085 9517/2088/2086 9518/2089/2087
f 9498/2069/2067 9497/2068/2066 9519/2090/2088
f 9464/2035/2033 9520/2091/2089 9521/2092/2090
f 9454/2025/2023 9522/2093/2091 9452/2023/2021
f 9470/2041/2039 9523/2094/2092 9524/2095/2093
f 9452/2023/2021 9522/2093/2091 9503/2074/2072
f 9525/2096/2094 9508/2079/2077 9510/2081/2079
f 9526/2097/2095 9508/2079/2077 9527/2098/2096
f 9528/2099/2097 9529/2100/2098 9530/2101/2099
f 9531/2102/2100 9532/2103/2101 9533/2104/2102
f 9534/2105/2103 9535/2106/2104 9536/2107/2105
f 9537/2108/2106 9453/2024/2022 9452/2023/2021
f 9519/2090/2088 9538/2109/2107 9498/2069/2067
f 9539/2110/2108 9454/2025/2023 9484/2055/2053
f 9540/2111/2109 9541/2112/2110 9506/2077/2075
f 9542/2113/2111 9543/2114/2112 9544/2115/2113
f 9545/2116/2114 9546/2117/2115 9547/2118/2116
f 9538/2109/2107 9495/2066/2064 9494/2065/2063
f 9506/2077/2075 9536/2107/2105 9507/2078/2076
f 9548/2119/2117 9549/2120/2118 9550/2121/2119
f 9551/2122/2120 9552/2123/2121 9527/2098/2096
f 9539/2110/2108 9522/2093/2091 9454/2025/2023
f 9553/2124/2122 9554/2125/2123 9555/2126/2124
f 9546/2117/2115 9549/2120/2118 9556/2127/2125
f 9495/2066/2064 9538/2109/2107 9519/2090/2088
f 9557/2128/2126 9558/2129/2127 9559/2130/2128
f 9560/2131/2129 9538/2109/2107 9494/2065/2063
f 9561/2132/2130 9515/2086/2084 9562/2133/2131
f 9563/2134/2132 9564/2135/2133 9565/2136/2134
f 9507/2078/2076 9536/2107/2105 9566/2137/2135
f 9560/2131/2129 9494/2065/2063 9561/2132/2130
f 9567/2138/2136 9568/2139/2137 9569/2140/2138
f 9516/2087/2085 9544/2115/2113 9517/2088/2086
f 9570/2141/2139 9550/2121/2119 9571/2142/2140
f 9494/2065/2063 9515/2086/2084 9561/2132/2130
f 9497/2068/2066 9496/2067/2065 9519/2090/2088
f 9501/2072/2070 9500/2071/2069 9540/2111/2109
f 9516/2087/2085 9518/2089/2087 9523/2094/2092
f 9516/2087/2085 9572/2143/2141 9573/2144/2142
f 9574/2145/2143 9531/2102/2100 9575/2146/2144
f 9518/2089/2087 9517/2088/2086 9560/2131/2129
f 9576/2147/2145 9577/2148/2146 9578/2149/2147
f 9519/2090/2088 9496/2067/2065 9495/2066/2064
f 9579/2150/2148 9565/2136/2134 9564/2135/2133
f 9516/2087/2085 9523/2094/2092 9572/2143/2141
f 9580/2151/2149 9572/2143/2141 9529/2100/2098
f 9468/2039/2037 9470/2041/2039 9524/2095/2093
f 9551/2122/2120 9572/2143/2141 9523/2094/2092
f 9517/2088/2086 9576/2147/2145 9581/2152/2150
f 9522/2093/2091 9582/2153/2151 9503/2074/2072
f 9551/2122/2120 9523/2094/2092 9470/2041/2039
f 9514/2085/2083 9497/2068/2066 9502/2073/2071
f 9573/2144/2142 9544/2115/2113 9516/2087/2085
f 9576/2147/2145 9517/2088/2086 9577/2148/2146
f 9580/2151/2149 9573/2144/2142 9572/2143/2141
f 9576/2147/2145 9583/2154/2152 9531/2102/2100
f 9536/2107/2105 9535/2106/2104 9566/2137/2135
f 9503/2074/2072 9568/2139/2137 9513/2084/2082
f 9573/2144/2142 9564/2135/2133 9584/2155/2153
f 9543/2114/2112 9578/2149/2147 9577/2148/2146
f 9585/2156/2154 9522/2093/2091 9539/2110/2108
f 9469/2040/2038 9551/2122/2120 9470/2041/2039
f 9569/2140/2138 9503/2074/2072 9582/2153/2151
f 9533/2104/2102 9586/2157/2155 9581/2152/2150
f 9572/2143/2141 9551/2122/2120 9587/2158/2156
f 9469/2040/2038 9552/2123/2121 9551/2122/2120
f 9578/2149/2147 9583/2154/2152 9576/2147/2145
f 9468/2039/2037 9588/2159/2157 9511/2082/2080
f 9588/2159/2157 9468/2039/2037 9524/2095/2093
f 9542/2113/2111 9578/2149/2147 9543/2114/2112
f 9454/2025/2023 9453/2024/2022 9589/2160/2158
f 9468/2039/2037 9512/2083/2081 9555/2126/2124
f 9533/2104/2102 9532/2103/2101 9586/2157/2155
f 9534/2105/2103 9590/2161/2159 9535/2106/2104
f 9561/2132/2130 9518/2089/2087 9560/2131/2129
f 9533/2104/2102 9576/2147/2145 9531/2102/2100
f 9515/2086/2084 9558/2129/2127 9562/2133/2131
f 9591/2162/2160 9570/2141/2139 9571/2142/2140
f 9528/2099/2097 9580/2151/2149 9529/2100/2098
f 9592/2163/2161 9593/2164/2162 9455/2026/2024
f 9522/2093/2091 9585/2156/2154 9582/2153/2151
f 9544/2115/2113 9573/2144/2142 9584/2155/2153
f 9534/2105/2103 9506/2077/2075 9594/2165/2163
f 9587/2158/2156 9529/2100/2098 9572/2143/2141
f 9595/2166/2164 9570/2141/2139 9591/2162/2160
f 9573/2144/2142 9528/2099/2097 9564/2135/2133
f 9596/2167/2165 9597/2168/2166 9598/2169/2167
f 9584/2155/2153 9542/2113/2111 9544/2115/2113
f 9506/2077/2075 9501/2072/2070 9540/2111/2109
f 9503/2074/2072 9569/2140/2138 9568/2139/2137
f 9548/2119/2117 9550/2121/2119 9570/2141/2139
f 9583/2154/2152 9578/2149/2147 9542/2113/2111
f 9561/2132/2130 9562/2133/2131 9523/2094/2092
f 9548/2119/2117 9547/2118/2116 9556/2127/2125
f 9599/2170/2168 9600/2171/2169 9601/2172/2170
f 9550/2121/2119 9597/2168/2166 9571/2142/2140
f 9527/2098/2096 9587/2158/2156 9551/2122/2120
f 9496/2067/2065 9559/2130/2128 9558/2129/2127
f 9583/2154/2152 9542/2113/2111 9595/2166/2164
f 9531/2102/2100 9583/2154/2152 9575/2146/2144
f 9602/2173/2171 9521/2092/2090 9520/2091/2089
f 9520/2091/2089 9464/2035/2033 9463/2034/2032
f 9587/2158/2156 9527/2098/2096 9508/2079/2077
f 9584/2155/2153 9564/2135/2133 9563/2134/2132
f 9555/2126/2124 9504/2075/2073 9468/2039/2037
f 9521/2092/2090 9603/2174/2172 9464/2035/2033
f 9584/2155/2153 9595/2166/2164 9542/2113/2111
f 9523/2094/2092 9518/2089/2087 9561/2132/2130
f 9457/2028/2026 9456/2027/2025 9600/2171/2169
f 9531/2102/2100 9574/2145/2143 9532/2103/2101
f 9529/2100/2098 9587/2158/2156 9525/2096/2094
f 9576/2147/2145 9533/2104/2102 9581/2152/2150
f 9504/2075/2073 9555/2126/2124 9604/2175/2173
f 9525/2096/2094 9530/2101/2099 9529/2100/2098
f 9605/2176/2174 9455/2026/2024 9593/2164/2162
f 9517/2088/2086 9544/2115/2113 9543/2114/2112
f 9525/2096/2094 9587/2158/2156 9508/2079/2077
f 9456/2027/2025 9455/2026/2024 9605/2176/2174
f 9555/2126/2124 9554/2125/2123 9604/2175/2173
f 9543/2114/2112 9577/2148/2146 9517/2088/2086
f 9530/2101/2099 9606/2177/2175 9528/2099/2097
f 9595/2166/2164 9584/2155/2153 9563/2134/2132
f 9574/2145/2143 9575/2146/2144 9607/2178/2176
f 9579/2150/2148 9564/2135/2133 9528/2099/2097
f 9608/2179/2177 9609/2180/2178 9596/2167/2165
f 9575/2146/2144 9583/2154/2152 9595/2166/2164
f 9606/2177/2175 9579/2150/2148 9528/2099/2097
f 9605/2176/2174 9610/2181/2179 9456/2027/2025
f 9563/2134/2132 9611/2182/2180 9595/2166/2164
f 9612/2183/2181 9595/2166/2164 9611/2182/2180
f 9591/2162/2160 9575/2146/2144 9595/2166/2164
f 9613/2184/2182 9614/2185/2183 9615/2186/2184
f 9595/2166/2164 9612/2183/2181 9570/2141/2139
f 9501/2072/2070 9507/2078/2076 9502/2073/2071
f 9563/2134/2132 9565/2136/2134 9611/2182/2180
f 9553/2124/2122 9616/2187/2185 9554/2125/2123
f 9591/2162/2160 9596/2167/2165 9575/2146/2144
f 9571/2142/2140 9596/2167/2165 9591/2162/2160
f 9575/2146/2144 9609/2180/2178 9607/2178/2176
f 9612/2183/2181 9548/2119/2117 9570/2141/2139
f 9609/2180/2178 9575/2146/2144 9596/2167/2165
f 9612/2183/2181 9611/2182/2180 9548/2119/2117
f 9611/2182/2180 9547/2118/2116 9548/2119/2117
f 9506/2077/2075 9534/2105/2103 9536/2107/2105
f 9617/2188/2186 9499/2070/2068 9498/2069/2067
f 9558/2129/2127 9515/2086/2084 9496/2067/2065
f 9571/2142/2140 9597/2168/2166 9596/2167/2165
f 9525/2096/2094 9510/2081/2079 9530/2101/2099
f 9556/2127/2125 9549/2120/2118 9548/2119/2117
f 9618/2189/2187 9554/2125/2123 9616/2187/2185
f 9556/2127/2125 9547/2118/2116 9546/2117/2115
f 9606/2177/2175 9530/2101/2099 9579/2150/2148
f 9619/2190/2188 9509/2080/2078 9526/2097/2095
f 9530/2101/2099 9620/2191/2189 9579/2150/2148
f 9621/2192/2190 9622/2193/2191 9623/2194/2192
f 9624/2195/2193 9579/2150/2148 9620/2191/2189
f 9621/2192/2190 9625/2196/2194 9626/2197/2195
f 9524/2095/2093 9523/2094/2092 9562/2133/2131
f 9545/2116/2114 9627/2198/2196 9546/2117/2115
f 9547/2118/2116 9565/2136/2134 9628/2199/2197
f 9601/2172/2170 9600/2171/2169 9610/2181/2179
f 9600/2171/2169 9456/2027/2025 9610/2181/2179
f 9629/2200/2198 9630/2201/2199 9631/2202/2200
f 9632/2203/2201 9633/2204/2202 9634/2205/2203
f 9497/2068/2066 9514/2085/2083 9496/2067/2065
f 9635/2206/2204 9636/2207/2205 9637/2208/2206
f 9623/2194/2192 9638/2209/2207 9639/2210/2208
f 9640/2211/2209 9641/2212/2210 9614/2185/2183
f 9619/2190/2188 9642/2213/2211 9643/2214/2212
f 9615/2186/2184 9644/2215/2213 9613/2184/2182
f 9645/2216/2214 9646/2217/2215 9647/2218/2216
f 9648/2219/2217 9649/2220/2218 9650/2221/2219
f 9648/2219/2217 9651/2222/2220 9652/2223/2221
f 9651/2222/2220 9648/2219/2217 9653/2224/2222
f 9654/2225/2223 9655/2226/2224 9656/2227/2225
f 9657/2228/2226 9630/2201/2199 9658/2229/2227
f 9638/2209/2207 9659/2230/2228 9639/2210/2208
f 9624/2195/2193 9659/2230/2228 9638/2209/2207
f 9653/2224/2222 9660/2231/2229 9651/2222/2220
f 9580/2151/2149 9528/2099/2097 9573/2144/2142
f 9660/2231/2229 9653/2224/2222 9661/2232/2230
f 9661/2232/2230 9653/2224/2222 9662/2233/2231
f 9663/2234/2232 9664/2235/2233 9665/2236/2234
f 9666/2237/2235 9667/2238/2236 9668/2239/2237
f 9617/2188/2186 9498/2069/2067 9669/2240/2238
f 9670/2241/2239 9671/2242/2240 9672/2243/2241
f 9673/2244/2242 9674/2245/2243 9675/2246/2244
f 9676/2247/2245 9656/2227/2225 9677/2248/2246
f 9678/2249/2247 9677/2248/2246 9656/2227/2225
f 9679/2250/2248 9680/2251/2249 9681/2252/2250
f 9672/2243/2241 9682/2253/2251 9683/2254/2252
f 9684/2255/2253 9685/2256/2254 9686/2257/2255
f 9648/2219/2217 9652/2223/2221 9649/2220/2218
f 9687/2258/2256 9688/2259/2257 9689/2260/2258
f 9671/2242/2240 9690/2261/2259 9691/2262/2260
f 9660/2231/2229 9661/2232/2230 9692/2263/2261
f 9673/2244/2242 9675/2246/2244 9693/2264/2262
f 9581/2152/2150 9586/2157/2155 9675/2246/2244
f 9694/2265/2263 9669/2240/2238 9693/2264/2262
f 9695/2266/2264 9500/2071/2069 9696/2267/2265
f 9673/2244/2242 9560/2131/2129 9674/2245/2243
f 9677/2248/2246 9678/2249/2247 9697/2268/2266
f 9560/2131/2129 9673/2244/2242 9538/2109/2107
f 9698/2269/2267 9530/2101/2099 9510/2081/2079
f 9694/2265/2263 9682/2253/2251 9672/2243/2241
f 9699/2270/2268 9700/2271/2269 9701/2272/2270
f 9662/2233/2231 9677/2248/2246 9697/2268/2266
f 9702/2273/2271 9694/2265/2263 9671/2242/2240
f 9703/2274/2272 9704/2275/2273 9660/2231/2229
f 9700/2271/2269 9668/2239/2237 9667/2238/2236
f 9682/2253/2251 9705/2276/2274 9683/2254/2252
f 9669/2240/2238 9694/2265/2263 9702/2273/2271
f 9706/2277/2275 9707/2278/2276 9628/2199/2197
f 9692/2263/2261 9703/2274/2272 9660/2231/2229
f 9648/2219/2217 9676/2247/2245 9677/2248/2246
f 9708/2279/2277 9705/2276/2274 9675/2246/2244
f 9709/2280/2278 9710/2281/2279 9711/2282/2280
f 9712/2283/2281 9419/1990/1988 9713/2284/2282
f 9691/2262/2260 9690/2261/2259 9617/2188/2186
f 9693/2264/2262 9705/2276/2274 9682/2253/2251
f 9702/2273/2271 9671/2242/2240 9691/2262/2260
f 9538/2109/2107 9669/2240/2238 9498/2069/2067
f 9500/2071/2069 9499/2070/2068 9690/2261/2259
f 9703/2274/2272 9714/2285/2283 9704/2275/2273
f 9715/2286/2284 9701/2272/2270 9716/2287/2285
f 9705/2276/2274 9693/2264/2262 9675/2246/2244
f 9717/2288/2286 9718/2289/2287 9719/2290/2288
f 9706/2277/2275 9545/2116/2114 9707/2278/2276
f 9619/2190/2188 9659/2230/2228 9620/2191/2189
f 9720/2291/2289 9721/2292/2290 9722/2293/2291
f 9673/2244/2242 9669/2240/2238 9538/2109/2107
f 9723/2294/2292 9719/2290/2288 9724/2295/2293
f 9530/2101/2099 9698/2269/2267 9620/2191/2189
f 9725/2296/2294 9708/2279/2277 9726/2297/2295
f 9727/2298/2296 9722/2293/2291 9670/2241/2239
f 9670/2241/2239 9690/2261/2259 9671/2242/2240
f 9728/2299/2297 9729/2300/2298 9668/2239/2237
f 9586/2157/2155 9726/2297/2295 9708/2279/2277
f 9705/2276/2274 9708/2279/2277 9725/2296/2294
f 9650/2221/2219 9730/2301/2299 9654/2225/2223
f 9691/2262/2260 9669/2240/2238 9702/2273/2271
f 9488/2059/2057 9487/2058/2056 9697/2268/2266
f 9731/2302/2300 9718/2289/2287 9732/2303/2301
f 9670/2241/2239 9672/2243/2241 9727/2298/2296
f 9654/2225/2223 9676/2247/2245 9648/2219/2217
f 9733/2304/2302 9734/2305/2303 9663/2234/2232
f 9669/2240/2238 9673/2244/2242 9693/2264/2262
f 9508/2079/2077 9526/2097/2095 9509/2080/2078
f 9718/2289/2287 9735/2306/2304 9726/2297/2295
f 9474/2045/2043 9475/2046/2044 9486/2057/2055
f 9736/2307/2305 9720/2291/2289 9722/2293/2291
f 9722/2293/2291 9727/2298/2296 9716/2287/2285
f 9685/2256/2254 9690/2261/2259 9670/2241/2239
f 9674/2245/2243 9560/2131/2129 9517/2088/2086
f 9674/2245/2243 9517/2088/2086 9581/2152/2150
f 9737/2308/2306 9738/2309/2307 9716/2287/2285
f 9638/2209/2207 9622/2193/2191 9624/2195/2193
f 9732/2303/2301 9726/2297/2295 9586/2157/2155
f 9718/2289/2287 9717/2288/2286 9735/2306/2304
f 9628/2199/2197 9565/2136/2134 9624/2195/2193
f 9731/2302/2300 9574/2145/2143 9739/2310/2308
f 9509/2080/2078 9698/2269/2267 9510/2081/2079
f 9740/2311/2309 9689/2260/2258 9688/2259/2257
f 9741/2312/2310 9742/2313/2311 9743/2314/2312
f 9732/2303/2301 9586/2157/2155 9744/2315/2313
f 9744/2315/2313 9586/2157/2155 9532/2103/2101
f 9719/2290/2288 9718/2289/2287 9731/2302/2300
f 9745/2316/2314 9719/2290/2288 9723/2294/2292
f 9741/2312/2310 9746/2317/2315 9742/2313/2311
f 9686/2257/2255 9685/2256/2254 9670/2241/2239
f 9747/2318/2316 9748/2319/2317 9749/2320/2318
f 9731/2302/2300 9679/2250/2248 9681/2252/2250
f 9617/2188/2186 9690/2261/2259 9499/2070/2068
f 9624/2195/2193 9622/2193/2191 9628/2199/2197
f 9721/2292/2290 9670/2241/2239 9722/2293/2291
f 9686/2257/2255 9670/2241/2239 9721/2292/2290
f 9750/2321/2319 9664/2235/2233 9663/2234/2232
f 9624/2195/2193 9620/2191/2189 9659/2230/2228
f 9685/2256/2254 9684/2255/2253 9690/2261/2259
f 9574/2145/2143 9731/2302/2300 9744/2315/2313
f 9731/2302/2300 9751/2322/2320 9719/2290/2288
f 9745/2316/2314 9717/2288/2286 9719/2290/2288
f 9752/2323/2321 9743/2314/2312 9742/2313/2311
f 9547/2118/2116 9611/2182/2180 9565/2136/2134
f 9532/2103/2101 9574/2145/2143 9744/2315/2313
f 9751/2322/2320 9724/2295/2293 9719/2290/2288
f 9681/2252/2250 9751/2322/2320 9731/2302/2300
f 9721/2292/2290 9753/2324/2322 9686/2257/2255
f 9754/2325/2323 9755/2326/2324 9756/2327/2325
f 9643/2214/2212 9639/2210/2208 9619/2190/2188
f 9665/2236/2234 9700/2271/2269 9740/2311/2309
f 9692/2263/2261 9714/2285/2283 9703/2274/2272
f 9690/2261/2259 9684/2255/2253 9500/2071/2069
f 9722/2293/2291 9716/2287/2285 9757/2328/2326
f 9758/2329/2327 9639/2210/2208 9643/2214/2212
f 9679/2250/2248 9731/2302/2300 9739/2310/2308
f 9666/2237/2235 9759/2330/2328 9667/2238/2236
f 9547/2118/2116 9707/2278/2276 9545/2116/2114
f 9753/2324/2322 9721/2292/2290 9720/2291/2289
f 9711/2282/2280 9625/2196/2194 9621/2192/2190
f 9760/2331/2329 9643/2214/2212 9761/2332/2330
f 9696/2267/2265 9684/2255/2253 9686/2257/2255
f 9686/2257/2255 9753/2324/2322 9696/2267/2265
f 9691/2262/2260 9617/2188/2186 9669/2240/2238
f 9762/2333/2331 9475/2046/2044 9712/2283/2281
f 9739/2310/2308 9680/2251/2249 9679/2250/2248
f 9655/2226/2224 9763/2334/2332 9656/2227/2225
f 9757/2328/2326 9716/2287/2285 9738/2309/2307
f 9764/2335/2333 9765/2336/2334 9766/2337/2335
f 9487/2058/2056 9766/2337/2335 9714/2285/2283
f 9665/2236/2234 9664/2235/2233 9737/2308/2306
f 9757/2328/2326 9736/2307/2305 9722/2293/2291
f 9762/2333/2331 9767/2338/2336 9764/2335/2333
f 9526/2097/2095 9642/2213/2211 9619/2190/2188
f 9500/2071/2069 9684/2255/2253 9696/2267/2265
f 9724/2295/2293 9751/2322/2320 9768/2339/2337
f 9765/2336/2334 9704/2275/2273 9714/2285/2283
f 9682/2253/2251 9694/2265/2263 9693/2264/2262
f 9671/2242/2240 9694/2265/2263 9672/2243/2241
f 9626/2197/2195 9628/2199/2197 9622/2193/2191
f 9586/2157/2155 9708/2279/2277 9675/2246/2244
f 9607/2178/2176 9739/2310/2308 9574/2145/2143
f 9681/2252/2250 9680/2251/2249 9768/2339/2337
f 9740/2311/2309 9688/2259/2257 9665/2236/2234
f 9607/2178/2176 9680/2251/2249 9739/2310/2308
f 9740/2311/2309 9700/2271/2269 9667/2238/2236
f 9540/2111/2109 9500/2071/2069 9695/2266/2264
f 9681/2252/2250 9768/2339/2337 9751/2322/2320
f 9769/2340/2338 9728/2299/2297 9668/2239/2237
f 9755/2326/2324 9754/2325/2323 9769/2340/2338
f 9757/2328/2326 9738/2309/2307 9770/2341/2339
f 9701/2272/2270 9737/2308/2306 9716/2287/2285
f 9771/2342/2340 9720/2291/2289 9736/2307/2305
f 9623/2194/2192 9622/2193/2191 9638/2209/2207
f 9631/2202/2200 9749/2320/2318 9748/2319/2317
f 9662/2233/2231 9692/2263/2261 9661/2232/2230
f 9768/2339/2337 9772/2343/2341 9724/2295/2293
f 9664/2235/2233 9738/2309/2307 9737/2308/2306
f 9738/2309/2307 9664/2235/2233 9770/2341/2339
f 9715/2286/2284 9773/2344/2342 9701/2272/2270
f 9486/2057/2055 9475/2046/2044 9766/2337/2335
f 9650/2221/2219 9654/2225/2223 9648/2219/2217
f 9774/2345/2343 9734/2305/2303 9733/2304/2302
f 9663/2234/2232 9734/2305/2303 9750/2321/2319
f 9692/2263/2261 9662/2233/2231 9697/2268/2266
f 9658/2229/2227 9775/2346/2344 9729/2300/2298
f 9701/2272/2270 9773/2344/2342 9699/2270/2268
f 9740/2311/2309 9667/2238/2236 9776/2347/2345
f 9765/2336/2334 9714/2285/2283 9766/2337/2335
f 9665/2236/2234 9737/2308/2306 9700/2271/2269
f 9674/2245/2243 9581/2152/2150 9675/2246/2244
f 9700/2271/2269 9737/2308/2306 9701/2272/2270
f 9769/2340/2338 9668/2239/2237 9773/2344/2342
f 9665/2236/2234 9688/2259/2257 9663/2234/2232
f 9750/2321/2319 9770/2341/2339 9664/2235/2233
f 9653/2224/2222 9677/2248/2246 9662/2233/2231
f 9700/2271/2269 9699/2270/2268 9668/2239/2237
f 9764/2335/2333 9767/2338/2336 9765/2336/2334
f 9663/2234/2232 9688/2259/2257 9733/2304/2302
f 9714/2285/2283 9692/2263/2261 9487/2058/2056
f 9759/2330/2328 9666/2237/2235 9763/2334/2332
f 9762/2333/2331 9764/2335/2333 9475/2046/2044
f 9486/2057/2055 9766/2337/2335 9487/2058/2056
f 9729/2300/2298 9666/2237/2235 9668/2239/2237
f 9728/2299/2297 9769/2340/2338 9754/2325/2323
f 9718/2289/2287 9726/2297/2295 9732/2303/2301
f 9487/2058/2056 9692/2263/2261 9697/2268/2266
f 9777/2348/2346 9728/2299/2297 9754/2325/2323
f 9777/2348/2346 9729/2300/2298 9728/2299/2297
f 9666/2237/2235 9729/2300/2298 9775/2346/2344
f 9687/2258/2256 9733/2304/2302 9688/2259/2257
f 9740/2311/2309 9776/2347/2345 9689/2260/2258
f 9778/2349/2347 9777/2348/2346 9754/2325/2323
f 9777/2348/2346 9749/2320/2318 9729/2300/2298
f 9775/2346/2344 9763/2334/2332 9666/2237/2235
f 9749/2320/2318 9658/2229/2227 9729/2300/2298
f 9475/2046/2044 9764/2335/2333 9766/2337/2335
f 9419/1990/1988 9712/2283/2281 9475/2046/2044
f 9676/2247/2245 9654/2225/2223 9656/2227/2225
f 9648/2219/2217 9677/2248/2246 9653/2224/2222
f 9731/2302/2300 9732/2303/2301 9744/2315/2313
f 9782/2350/2348 9630/2201/2199 9783/2351/2349
f 9784/2352/2350 9785/2353/2351 9781/2354/2352
f 9786/2355/2353 9787/2356/2354 9788/2357/2355
f 9789/2358/2356 9778/2349/2347 9754/2325/2323
f 9790/2359/2357 9786/2355/2353 9788/2357/2355
f 9786/2355/2353 9785/2353/2351 9784/2352/2350
f 9776/2347/2345 9667/2238/2236 9759/2330/2328
f 9777/2348/2346 9778/2349/2347 9749/2320/2318
f 9754/2325/2323 9756/2327/2325 9789/2358/2356
f 9781/2354/2352 9785/2353/2351 9791/2360/2358
f 9792/2361/2359 9793/2362/2360 9794/2363/2361
f 9790/2359/2357 9785/2353/2351 9786/2355/2353
f 9747/2318/2316 9749/2320/2318 9778/2349/2347
f 9763/2334/2332 9655/2226/2224 9759/2330/2328
f 9735/2306/2304 9725/2296/2294 9726/2297/2295
f 9645/2216/2214 9795/2364/2362 9615/2186/2184
f 9695/2266/2264 9796/2365/2363 9540/2111/2109
f 9747/2318/2316 9778/2349/2347 9789/2358/2356
f 9599/2170/2168 9797/2366/2364 9798/2367/2365
f 9565/2136/2134 9579/2150/2148 9624/2195/2193
f 9799/2368/2366 9800/2369/2367 9801/2370/2368
f 9802/2371/2369 9785/2353/2351 9790/2359/2357
f 9803/2372/2370 9599/2170/2168 9804/2373/2371
f 9773/2344/2342 9668/2239/2237 9699/2270/2268
f 9800/2369/2367 9805/2374/2372 9801/2370/2368
f 9806/2375/2373 9644/2215/2213 9807/2376/2374
f 9791/2360/2358 9802/2371/2369 9808/2377/2375
f 9804/2373/2371 9809/2378/2376 9803/2372/2370
f 9803/2372/2370 9809/2378/2376 9430/2001/1999
f 9810/2379/2377 9803/2372/2370 9416/1987/1985
f 9599/2170/2168 9803/2372/2370 9810/2379/2377
f 9811/2380/2378 9812/2381/2379 9806/2375/2373
f 9813/2382/2380 9804/2373/2371 9814/2383/2381
f 9805/2374/2372 9815/2384/2382 9816/2385/2383
f 9810/2379/2377 9817/2386/2384 9599/2170/2168
f 9742/2313/2311 9746/2317/2315 9818/2387/2385
f 9806/2375/2373 9812/2381/2379 9818/2387/2385
f 9819/2388/2386 9820/2389/2387 9821/2390/2388
f 9746/2317/2315 9806/2375/2373 9818/2387/2385
f 9822/2391/2389 9592/2163/2161 9491/2062/2060
f 9812/2381/2379 9823/2392/2390 9818/2387/2385
f 9824/2393/2391 9819/2388/2386 9825/2394/2392
f 9818/2387/2385 9826/2395/2393 9742/2313/2311
f 9820/2389/2387 9819/2388/2386 9827/2396/2394
f 9810/2379/2377 9457/2028/2026 9817/2386/2384
f 9818/2387/2385 9823/2392/2390 9826/2395/2393
f 9742/2313/2311 9826/2395/2393 9828/2397/2395
f 9829/2398/2396 9815/2384/2382 9741/2312/2310
f 9829/2398/2396 9830/2399/2397 9815/2384/2382
f 9831/2400/2398 9592/2163/2161 9457/2028/2026
f 9832/2401/2399 9812/2381/2379 9833/2402/2400
f 9826/2395/2393 9832/2401/2399 9828/2397/2395
f 9659/2230/2228 9619/2190/2188 9639/2210/2208
f 9743/2314/2312 9830/2399/2397 9829/2398/2396
f 9628/2199/2197 9707/2278/2276 9547/2118/2116
f 9626/2197/2195 9622/2193/2191 9621/2192/2190
f 9642/2213/2211 9761/2332/2330 9643/2214/2212
f 9749/2320/2318 9657/2228/2226 9658/2229/2227
f 9749/2320/2318 9631/2202/2200 9657/2228/2226
f 9834/2403/2401 9743/2314/2312 9752/2323/2321
f 9422/1993/1991 9592/2163/2161 9831/2400/2398
f 9442/2013/2011 9810/2379/2377 9416/1987/1985
f 9430/2001/1999 9416/1987/1985 9803/2372/2370
f 9798/2367/2365 9804/2373/2371 9599/2170/2168
f 9491/2062/2060 9592/2163/2161 9422/1993/1991
f 9588/2159/2157 9557/2128/2126 9511/2082/2080
f 9557/2128/2126 9588/2159/2157 9558/2129/2127
f 9524/2095/2093 9558/2129/2127 9588/2159/2157
f 9558/2129/2127 9524/2095/2093 9562/2133/2131
f 9835/2404/2402 9428/1999/1997 9836/2405/2403
f 9490/2061/2059 9837/2406/2404 9491/2062/2060
f 9838/2407/2405 9839/2408/2406 9840/2409/2407
f 9467/2038/2036 9493/2064/2062 9492/2063/2061
f 9836/2405/2403 9428/1999/1997 9841/2410/2408
f 9842/2411/2409 9835/2404/2402 9836/2405/2403
f 9836/2405/2403 9841/2410/2408 9842/2411/2409
f 9843/2412/2410 9705/2276/2274 9844/2413/2411
f 9845/2414/2412 9846/2415/2413 9717/2288/2286
f 9847/2416/2414 9848/2417/2415 9849/2418/2416
f 9850/2419/2417 9851/2420/2418 9852/2421/2419
f 9725/2296/2294 9846/2415/2413 9844/2413/2411
f 9853/2422/2420 9854/2423/2421 9850/2419/2417
f 9845/2414/2412 9855/2424/2422 9846/2415/2413
f 9852/2421/2419 9851/2420/2418 9841/2410/2408
f 9724/2295/2293 9772/2343/2341 9856/2425/2423
f 9735/2306/2304 9717/2288/2286 9846/2415/2413
f 9415/1986/1984 9853/2422/2420 9850/2419/2417
f 9837/2406/2404 9490/2061/2059 9492/2063/2061
f 9727/2298/2296 9857/2426/2424 9716/2287/2285
f 9846/2415/2413 9855/2424/2422 9858/2427/2425
f 9851/2420/2418 9859/2428/2426 9745/2316/2314
f 9860/2429/2427 9861/2430/2428 9855/2424/2422
f 9859/2428/2426 9850/2419/2417 9854/2423/2421
f 9789/2358/2356 9862/2431/2429 9747/2318/2316
f 9745/2316/2314 9845/2414/2412 9717/2288/2286
f 9848/2417/2415 9847/2416/2414 9863/2432/2430
f 9864/2433/2431 9843/2412/2410 9861/2430/2428
f 9489/2060/2058 9865/2434/2432 9493/2064/2062
f 9683/2254/2252 9857/2426/2424 9672/2243/2241
f 9845/2414/2412 9854/2423/2421 9855/2424/2422
f 9859/2428/2426 9845/2414/2412 9745/2316/2314
f 9854/2423/2421 9860/2429/2427 9855/2424/2422
f 9855/2424/2422 9861/2430/2428 9858/2427/2425
f 9866/2435/2433 9867/2436/2434 9631/2202/2200
f 9868/2437/2435 9869/2438/2436 9837/2406/2404
f 9852/2421/2419 9415/1986/1984 9850/2419/2417
f 9755/2326/2324 9854/2423/2421 9756/2327/2325
f 9772/2343/2341 9863/2432/2430 9856/2425/2423
f 9846/2415/2413 9725/2296/2294 9735/2306/2304
f 9844/2413/2411 9858/2427/2425 9870/2439/2437
f 9441/2012/2010 9466/2037/2035 9866/2435/2433
f 9844/2413/2411 9870/2439/2437 9843/2412/2410
f 9869/2438/2436 9822/2391/2389 9491/2062/2060
f 9683/2254/2252 9705/2276/2274 9843/2412/2410
f 9851/2420/2418 9850/2419/2417 9859/2428/2426
f 9851/2420/2418 9723/2294/2292 9842/2411/2409
f 9870/2439/2437 9858/2427/2425 9843/2412/2410
f 9863/2432/2430 9842/2411/2409 9856/2425/2423
f 9845/2414/2412 9859/2428/2426 9854/2423/2421
f 9858/2427/2425 9844/2413/2411 9846/2415/2413
f 9727/2298/2296 9672/2243/2241 9857/2426/2424
f 9428/1999/1997 9865/2434/2432 9489/2060/2058
f 9441/2012/2010 9862/2431/2429 9440/2011/2009
f 9723/2294/2292 9856/2425/2423 9842/2411/2409
f 9724/2295/2293 9856/2425/2423 9723/2294/2292
f 9841/2410/2408 9851/2420/2418 9842/2411/2409
f 9835/2404/2402 9842/2411/2409 9863/2432/2430
f 9483/2054/2052 9871/2440/2438 9482/2053/2051
f 9844/2413/2411 9705/2276/2274 9725/2296/2294
f 9857/2426/2424 9683/2254/2252 9843/2412/2410
f 9745/2316/2314 9723/2294/2292 9851/2420/2418
f 9854/2423/2421 9853/2422/2420 9756/2327/2325
f 9861/2430/2428 9843/2412/2410 9858/2427/2425
f 9415/1986/1984 9440/2011/2009 9853/2422/2420
f 9853/2422/2420 9862/2431/2429 9756/2327/2325
f 9440/2011/2009 9862/2431/2429 9853/2422/2420
f 9862/2431/2429 9789/2358/2356 9756/2327/2325
f 9482/2053/2051 9872/2441/2439 9478/2049/2047
f 9441/2012/2010 9747/2318/2316 9862/2431/2429
f 9848/2417/2415 9863/2432/2430 9772/2343/2341
f 9441/2012/2010 9866/2435/2433 9747/2318/2316
f 9837/2406/2404 9869/2438/2436 9491/2062/2060
f 9866/2435/2433 9748/2319/2317 9747/2318/2316
f 9477/2048/2046 9866/2435/2433 9466/2037/2035
f 9631/2202/2200 9748/2319/2317 9866/2435/2433
f 9872/2441/2439 9866/2435/2433 9477/2048/2046
f 9872/2441/2439 9477/2048/2046 9478/2049/2047
f 9872/2441/2439 9867/2436/2434 9866/2435/2433
f 9867/2436/2434 9872/2441/2439 9873/2442/2440
f 9629/2200/2198 9631/2202/2200 9867/2436/2434
f 9873/2442/2440 9629/2200/2198 9867/2436/2434
f 9482/2053/2051 9873/2442/2440 9872/2441/2439
f 9874/2443/2441 9838/2407/2405 9493/2064/2062
f 9874/2443/2441 9839/2408/2406 9838/2407/2405
f 9837/2406/2404 9492/2063/2061 9838/2407/2405
f 9849/2418/2416 9865/2434/2432 9847/2416/2414
f 9838/2407/2405 9840/2409/2407 9837/2406/2404
f 9875/2444/2442 9876/2445/2443 9877/2446/2444
f 9847/2416/2414 9428/1999/1997 9835/2404/2402
f 9428/1999/1997 9847/2416/2414 9865/2434/2432
f 9706/2277/2275 9628/2199/2197 9626/2197/2195
f 9878/2447/2445 9879/2448/2446 9880/2449/2447
f 9874/2443/2441 9877/2446/2444 9876/2445/2443
f 9838/2407/2405 9492/2063/2061 9493/2064/2062
f 9545/2116/2114 9706/2277/2275 9627/2198/2196
f 9877/2446/2444 9874/2443/2441 9881/2450/2448
f 9877/2446/2444 9879/2448/2446 9878/2447/2445
f 9880/2449/2447 9879/2448/2446 9882/2451/2449
f 9879/2448/2446 9881/2450/2448 9849/2418/2416
f 9865/2434/2432 9874/2443/2441 9493/2064/2062
f 9877/2446/2444 9881/2450/2448 9879/2448/2446
f 9626/2197/2195 9883/2452/2450 9706/2277/2275
f 9849/2418/2416 9881/2450/2448 9865/2434/2432
f 9623/2194/2192 9884/2453/2451 9621/2192/2190
f 9828/2397/2395 9832/2401/2399 9885/2454/2452
f 9710/2281/2279 9709/2280/2278 9886/2455/2453
f 9881/2450/2448 9874/2443/2441 9865/2434/2432
f 9875/2444/2442 9877/2446/2444 9878/2447/2445
f 9885/2454/2452 9834/2403/2401 9752/2323/2321
f 9839/2408/2406 9876/2445/2443 9875/2444/2442
f 9887/2456/2454 9833/2402/2400 9888/2457/2455
f 9847/2416/2414 9835/2404/2402 9863/2432/2430
f 9626/2197/2195 9625/2196/2194 9883/2452/2450
f 9839/2408/2406 9874/2443/2441 9876/2445/2443
f 9640/2211/2209 9614/2185/2183 9613/2184/2182
f 9621/2192/2190 9884/2453/2451 9711/2282/2280
f 9613/2184/2182 9889/2458/2456 9640/2211/2209
f 9704/2275/2273 9765/2336/2334 9890/2459/2457
f 9634/2205/2203 9891/2460/2458 9892/2461/2459
f 9782/2350/2348 9678/2249/2247 9656/2227/2225
f 9697/2268/2266 9678/2249/2247 9488/2059/2057
f 9893/2462/2460 9885/2454/2452 9887/2456/2454
f 9449/2020/2018 9448/2019/2017 9894/2463/2461
f 9895/2464/2462 9896/2465/2463 9897/2466/2464
f 9710/2281/2279 9625/2196/2194 9711/2282/2280
f 9449/2020/2018 9783/2351/2349 9871/2440/2438
f 9898/2467/2465 9899/2468/2466 9614/2185/2183
f 9894/2463/2461 9678/2249/2247 9782/2350/2348
f 9782/2350/2348 9783/2351/2349 9894/2463/2461
f 9711/2282/2280 9900/2469/2467 9709/2280/2278
f 9620/2191/2189 9698/2269/2267 9619/2190/2188
f 9619/2190/2188 9698/2269/2267 9509/2080/2078
f 9901/2470/2468 9902/2471/2469 9636/2207/2205
f 9814/2383/2381 9798/2367/2365 9903/2472/2470
f 9646/2217/2215 9637/2208/2206 9647/2218/2216
f 9904/2473/2471 9905/2474/2472 9559/2130/2128
f 9678/2249/2247 9894/2463/2461 9488/2059/2057
f 9488/2059/2057 9894/2463/2461 9448/2019/2017
f 9900/2469/2467 9906/2475/2473 9709/2280/2278
f 9511/2082/2080 9557/2128/2126 9512/2083/2081
f 9885/2454/2452 9907/2476/2474 9834/2403/2401
f 9559/2130/2128 9905/2474/2472 9557/2128/2126
f 9908/2477/2475 9555/2126/2124 9512/2083/2081
f 9709/2280/2278 9906/2475/2473 9909/2478/2476
f 9909/2478/2476 9886/2455/2453 9709/2280/2278
f 9802/2371/2369 9799/2368/2366 9801/2370/2368
f 9507/2078/2076 9904/2473/2471 9514/2085/2083
f 9905/2474/2472 9908/2477/2475 9512/2083/2081
f 9496/2067/2065 9514/2085/2083 9904/2473/2471
f 9553/2124/2122 9908/2477/2475 9566/2137/2135
f 9449/2020/2018 9894/2463/2461 9783/2351/2349
f 9885/2454/2452 9910/2479/2477 9907/2476/2474
f 9905/2474/2472 9512/2083/2081 9557/2128/2126
f 9911/2480/2478 9893/2462/2460 9888/2457/2455
f 9907/2476/2474 9910/2479/2477 9912/2481/2479
f 9483/2054/2052 9449/2020/2018 9871/2440/2438
f 9905/2474/2472 9904/2473/2471 9566/2137/2135
f 9555/2126/2124 9908/2477/2475 9553/2124/2122
f 9913/2482/2480 9914/2483/2481 9915/2484/2482
f 9833/2402/2400 9887/2456/2454 9832/2401/2399
f 9908/2477/2475 9905/2474/2472 9566/2137/2135
f 9904/2473/2471 9559/2130/2128 9496/2067/2065
f 9566/2137/2135 9904/2473/2471 9507/2078/2076
f 9644/2215/2213 9615/2186/2184 9807/2376/2374
f 9637/2208/2206 9636/2207/2205 9902/2471/2469
f 9916/2485/2483 9910/2479/2477 9917/2486/2484
f 9788/2357/2355 9787/2356/2354 9613/2184/2182
f 9812/2381/2379 9811/2380/2378 9918/2487/2485
f 9912/2481/2479 9910/2479/2477 9916/2485/2483
f 9644/2215/2213 9788/2357/2355 9613/2184/2182
f 9637/2208/2206 9646/2217/2215 9919/2488/2486
f 9654/2225/2223 9730/2301/2299 9655/2226/2224
f 9888/2457/2455 9893/2462/2460 9887/2456/2454
f 9920/2489/2487 9636/2207/2205 9921/2490/2488
f 9899/2468/2466 9922/2491/2489 9646/2217/2215
f 9923/2492/2490 9730/2301/2299 9924/2493/2491
f 9922/2491/2489 9925/2494/2492 9646/2217/2215
f 9919/2488/2486 9646/2217/2215 9925/2494/2492
f 9925/2494/2492 9635/2206/2204 9919/2488/2486
f 9730/2301/2299 9923/2492/2490 9655/2226/2224
f 9922/2491/2489 9926/2495/2493 9925/2494/2492
f 9924/2493/2491 9927/2496/2494 9923/2492/2490
f 9899/2468/2466 9928/2497/2495 9922/2491/2489
f 9927/2496/2494 9635/2206/2204 9925/2494/2492
f 9925/2494/2492 9929/2498/2496 9927/2496/2494
f 9925/2494/2492 9926/2495/2493 9929/2498/2496
f 9730/2301/2299 9930/2499/2497 9924/2493/2491
f 9812/2381/2379 9832/2401/2399 9823/2392/2390
f 9930/2499/2497 9730/2301/2299 9650/2221/2219
f 9931/2500/2498 9932/2501/2499 9933/2502/2500
f 9857/2426/2424 9715/2286/2284 9716/2287/2285
f 9798/2367/2365 9797/2366/2364 9601/2172/2170
f 9715/2286/2284 9857/2426/2424 9864/2433/2431
f 9767/2338/2336 9934/2503/2501 9765/2336/2334
f 9864/2433/2431 9857/2426/2424 9843/2412/2410
f 9917/2486/2484 9935/2504/2502 9916/2485/2483
f 9798/2367/2365 9601/2172/2170 9903/2472/2470
f 9755/2326/2324 9769/2340/2338 9773/2344/2342
f 9860/2429/2427 9755/2326/2324 9864/2433/2431
f 9773/2344/2342 9715/2286/2284 9864/2433/2431
f 9860/2429/2427 9854/2423/2421 9755/2326/2324
f 9825/2394/2392 9765/2336/2334 9934/2503/2501
f 9825/2394/2392 9890/2459/2457 9765/2336/2334
f 9767/2338/2336 9813/2382/2380 9934/2503/2501
f 9864/2433/2431 9755/2326/2324 9773/2344/2342
f 9935/2504/2502 9936/2505/2503 9896/2465/2463
f 9901/2470/2468 9920/2489/2487 9918/2487/2485
f 9864/2433/2431 9861/2430/2428 9860/2429/2427
f 9635/2206/2204 9637/2208/2206 9919/2488/2486
f 9540/2111/2109 9796/2365/2363 9541/2112/2110
f 9937/2506/2504 9890/2459/2457 9825/2394/2392
f 9796/2365/2363 9695/2266/2264 9696/2267/2265
f 9752/2323/2321 9828/2397/2395 9885/2454/2452
f 9601/2172/2170 9915/2484/2482 9903/2472/2470
f 9938/2507/2505 9637/2208/2206 9902/2471/2469
f 9885/2454/2452 9832/2401/2399 9887/2456/2454
f 9939/2508/2506 9807/2376/2374 9615/2186/2184
f 9889/2458/2456 9787/2356/2354 9940/2509/2507
f 9636/2207/2205 9920/2489/2487 9901/2470/2468
f 9799/2368/2366 9788/2357/2355 9644/2215/2213
f 9736/2307/2305 9770/2341/2339 9771/2342/2340
f 9895/2464/2462 9897/2466/2464 9941/2510/2508
f 9934/2503/2501 9813/2382/2380 9814/2383/2381
f 9506/2077/2075 9541/2112/2110 9594/2165/2163
f 9939/2508/2506 9942/2511/2509 9807/2376/2374
f 9736/2307/2305 9757/2328/2326 9770/2341/2339
f 9897/2466/2464 9936/2505/2503 9937/2506/2504
f 9936/2505/2503 9897/2466/2464 9896/2465/2463
f 9645/2216/2214 9614/2185/2183 9899/2468/2466
f 9795/2364/2362 9645/2216/2214 9647/2218/2216
f 9889/2458/2456 9792/2361/2359 9640/2211/2209
f 9601/2172/2170 9913/2482/2480 9915/2484/2482
f 9889/2458/2456 9940/2509/2507 9792/2361/2359
f 9888/2457/2455 9634/2205/2203 9892/2461/2459
f 9943/2512/2510 9944/2513/2511 9918/2487/2485
f 9641/2212/2210 9945/2514/2512 9946/2515/2513
f 9636/2207/2205 9635/2206/2204 9947/2516/2514
f 9641/2212/2210 9640/2211/2209 9945/2514/2512
f 9610/2181/2179 9913/2482/2480 9601/2172/2170
f 9935/2504/2502 9896/2465/2463 9895/2464/2462
f 9940/2509/2507 9787/2356/2354 9786/2355/2353
f 9897/2466/2464 9937/2506/2504 9821/2390/2388
f 9821/2390/2388 9825/2394/2392 9819/2388/2386
f 9944/2513/2511 9812/2381/2379 9918/2487/2485
f 9645/2216/2214 9899/2468/2466 9646/2217/2215
f 9918/2487/2485 9811/2380/2378 9901/2470/2468
f 9822/2391/2389 9869/2438/2436 9868/2437/2435
f 9637/2208/2206 9938/2507/2505 9647/2218/2216
f 9945/2514/2512 9794/2363/2361 9946/2515/2513
f 9914/2483/2481 9948/2517/2515 9903/2472/2470
f 9931/2500/2498 9949/2518/2516 9932/2501/2499
f 9792/2361/2359 9945/2514/2512 9640/2211/2209
f 9798/2367/2365 9814/2383/2381 9804/2373/2371
f 9824/2393/2391 9827/2396/2394 9819/2388/2386
f 9950/2519/2517 9824/2393/2391 9948/2517/2515
f 9884/2453/2451 9758/2329/2327 9951/2520/2518
f 9884/2453/2451 9951/2520/2518 9952/2521/2519
f 9953/2522/2520 9954/2523/2521 9955/2524/2522
f 9956/2525/2523 9955/2524/2522 9957/2526/2524
f 9780/2527/2525 9784/2352/2350 9781/2354/2352
f 9953/2522/2520 9951/2520/2518 9954/2523/2521
f 9806/2375/2373 9807/2376/2374 9811/2380/2378
f 9938/2507/2505 9902/2471/2469 9942/2511/2509
f 9760/2331/2329 9957/2526/2524 9954/2523/2521
f 9953/2522/2520 9952/2521/2519 9951/2520/2518
f 9952/2521/2519 9958/2528/2526 9959/2529/2527
f 9643/2214/2212 9760/2331/2329 9954/2523/2521
f 9884/2453/2451 9960/2530/2528 9961/2531/2529
f 9888/2457/2455 9632/2203/2201 9634/2205/2203
f 9950/2519/2517 9827/2396/2394 9824/2393/2391
f 9758/2329/2327 9884/2453/2451 9639/2210/2208
f 9958/2528/2526 9956/2525/2523 9472/2043/2041
f 9942/2511/2509 9901/2470/2468 9811/2380/2378
f 9962/2532/2530 9473/2044/2042 9589/2160/2158
f 9955/2524/2522 9954/2523/2521 9957/2526/2524
f 9951/2520/2518 9758/2329/2327 9954/2523/2521
f 9585/2156/2154 9484/2055/2053 9963/2533/2531
f 9955/2524/2522 9958/2528/2526 9953/2522/2520
f 9955/2524/2522 9956/2525/2523 9958/2528/2526
f 9712/2283/2281 9713/2284/2282 9762/2333/2331
f 9813/2382/2380 9767/2338/2336 9762/2333/2331
f 9961/2531/2529 9960/2530/2528 9473/2044/2042
f 9948/2517/2515 9964/2534/2532 9950/2519/2517
f 9799/2368/2366 9802/2371/2369 9790/2359/2357
f 9952/2521/2519 9953/2522/2520 9958/2528/2526
f 9472/2043/2041 9965/2535/2533 9484/2055/2053
f 9966/2536/2534 9950/2519/2517 9964/2534/2532
f 9960/2530/2528 9884/2453/2451 9952/2521/2519
f 9793/2362/2360 9792/2361/2359 9967/2537/2535
f 9827/2396/2394 9950/2519/2517 9968/2538/2536
f 9969/2539/2537 9820/2389/2387 9932/2501/2499
f 9960/2530/2528 9959/2529/2527 9473/2044/2042
f 9421/1992/1990 9459/2030/2028 9443/2014/2012
f 9713/2284/2282 9419/1990/1988 9421/1992/1990
f 9959/2529/2527 9958/2528/2526 9472/2043/2041
f 9639/2210/2208 9884/2453/2451 9623/2194/2192
f 9758/2329/2327 9643/2214/2212 9954/2523/2521
f 9813/2382/2380 9762/2333/2331 9713/2284/2282
f 9965/2535/2533 9956/2525/2523 9963/2533/2531
f 9473/2044/2042 9959/2529/2527 9472/2043/2041
f 9914/2483/2481 9903/2472/2470 9915/2484/2482
f 9952/2521/2519 9959/2529/2527 9960/2530/2528
f 9473/2044/2042 9962/2532/2530 9961/2531/2529
f 9760/2331/2329 9761/2332/2330 9957/2526/2524
f 9963/2533/2531 9956/2525/2523 9957/2526/2524
f 9472/2043/2041 9956/2525/2523 9965/2535/2533
f 9961/2531/2529 9711/2282/2280 9884/2453/2451
f 9943/2512/2510 9633/2204/2202 9944/2513/2511
f 9804/2373/2371 9970/2540/2538 9809/2378/2376
f 9963/2533/2531 9484/2055/2053 9965/2535/2533
f 9900/2469/2467 9711/2282/2280 9961/2531/2529
f 9962/2532/2530 9971/2541/2539 9961/2531/2529
f 9971/2541/2539 9900/2469/2467 9961/2531/2529
f 9614/2185/2183 9946/2515/2513 9972/2542/2540
f 9821/2390/2388 9820/2389/2387 9897/2466/2464
f 9430/2001/1999 9809/2378/2376 9443/2014/2012
f 9443/2014/2012 9970/2540/2538 9421/1992/1990
f 9421/1992/1990 9970/2540/2538 9713/2284/2282
f 9443/2014/2012 9809/2378/2376 9970/2540/2538
f 9970/2540/2538 9804/2373/2371 9713/2284/2282
f 9539/2110/2108 9484/2055/2053 9585/2156/2154
f 9826/2395/2393 9823/2392/2390 9832/2401/2399
f 9713/2284/2282 9804/2373/2371 9813/2382/2380
f 9948/2517/2515 9934/2503/2501 9903/2472/2470
f 9805/2374/2372 9816/2385/2383 9802/2371/2369
f 9937/2506/2504 9891/2460/2458 9704/2275/2273
f 9920/2489/2487 9921/2490/2488 9943/2512/2510
f 9633/2204/2202 9632/2203/2201 9944/2513/2511
f 9918/2487/2485 9920/2489/2487 9943/2512/2510
f 9871/2440/2438 9873/2442/2440 9482/2053/2051
f 9792/2361/2359 9794/2363/2361 9945/2514/2512
f 9967/2537/2535 9792/2361/2359 9940/2509/2507
f 9802/2371/2369 9791/2360/2358 9785/2353/2351
f 9966/2536/2534 9931/2500/2498 9968/2538/2536
f 9930/2499/2497 9649/2220/2218 9943/2512/2510
f 9940/2509/2507 9973/2543/2541 9967/2537/2535
f 9786/2355/2353 9973/2543/2541 9940/2509/2507
f 9914/2483/2481 9974/2544/2542 9964/2534/2532
f 9873/2442/2440 9783/2351/2349 9630/2201/2199
f 9812/2381/2379 9944/2513/2511 9833/2402/2400
f 9933/2502/2500 9827/2396/2394 9968/2538/2536
f 9634/2205/2203 9651/2222/2220 9891/2460/2458
f 9975/2545/2543 9976/2546/2544 9977/2547/2545
f 9975/2545/2543 9977/2547/2545 9978/2548/2546
f 9979/2549/2547 9975/2545/2543 9978/2548/2546
f 9980/2550/2548 9978/2548/2546 9977/2547/2545
f 9805/2374/2372 9741/2312/2310 9815/2384/2382
f 9833/2402/2400 9944/2513/2511 9632/2203/2201
f 9981/2551/2549 9521/2092/2090 9602/2173/2171
f 9976/2546/2544 9602/2173/2171 9520/2091/2089
f 9974/2544/2542 9914/2483/2481 9913/2482/2480
f 9930/2499/2497 9921/2490/2488 9947/2516/2514
f 9933/2502/2500 9968/2538/2536 9931/2500/2498
f 9568/2139/2137 9567/2138/2136 9513/2084/2082
f 9603/2174/2172 9521/2092/2090 9981/2551/2549
f 9811/2380/2378 9807/2376/2374 9942/2511/2509
f 9934/2503/2501 9814/2383/2381 9903/2472/2470
f 9802/2371/2369 9801/2370/2368 9805/2374/2372
f 9800/2369/2367 9644/2215/2213 9806/2375/2373
f 9924/2493/2491 9947/2516/2514 9927/2496/2494
f 9950/2519/2517 9966/2536/2534 9968/2538/2536
f 9827/2396/2394 9933/2502/2500 9820/2389/2387
f 9743/2314/2312 9829/2398/2396 9741/2312/2310
f 9969/2539/2537 9941/2510/2508 9820/2389/2387
f 9976/2546/2544 9520/2091/2089 9513/2084/2082
f 9567/2138/2136 9977/2547/2545 9513/2084/2082
f 9793/2362/2360 9967/2537/2535 9982/2552/2550
f 9513/2084/2082 9977/2547/2545 9976/2546/2544
f 9977/2547/2545 9567/2138/2136 9980/2550/2548
f 9821/2390/2388 9937/2506/2504 9825/2394/2392
f 9942/2511/2509 9902/2471/2469 9901/2470/2468
f 9947/2516/2514 9635/2206/2204 9927/2496/2494
f 9935/2504/2502 9917/2486/2484 9936/2505/2503
f 9613/2184/2182 9787/2356/2354 9889/2458/2456
f 9802/2371/2369 9816/2385/2383 9808/2377/2375
f 9939/2508/2506 9795/2364/2362 9938/2507/2505
f 9941/2510/2508 9983/2553/2551 9895/2464/2462
f 9631/2202/2200 9630/2201/2199 9657/2228/2226
f 9897/2466/2464 9820/2389/2387 9941/2510/2508
f 9948/2517/2515 9914/2483/2481 9964/2534/2532
f 9917/2486/2484 9910/2479/2477 9911/2480/2478
f 9973/2543/2541 9786/2355/2353 9784/2352/2350
f 9649/2220/2218 9633/2204/2202 9943/2512/2510
f 9746/2317/2315 9800/2369/2367 9806/2375/2373
f 9984/2554/2552 9985/2555/2553 9986/2556/2554
f 9790/2359/2357 9788/2357/2355 9799/2368/2366
f 9746/2317/2315 9741/2312/2310 9805/2374/2372
f 9934/2503/2501 9948/2517/2515 9825/2394/2392
f 9911/2480/2478 9910/2479/2477 9893/2462/2460
f 9650/2221/2219 9649/2220/2218 9930/2499/2497
f 9774/2345/2343 9733/2304/2302 9687/2258/2256
f 9820/2389/2387 9933/2502/2500 9932/2501/2499
f 9687/2258/2256 9984/2554/2552 9986/2556/2554
f 9888/2457/2455 9833/2402/2400 9632/2203/2201
f 9658/2229/2227 9630/2201/2199 9782/2350/2348
f 9984/2554/2552 9689/2260/2258 9987/2557/2555
f 9633/2204/2202 9649/2220/2218 9652/2223/2221
f 9888/2457/2455 9892/2461/2459 9911/2480/2478
f 9892/2461/2459 9891/2460/2458 9936/2505/2503
f 9824/2393/2391 9825/2394/2392 9948/2517/2515
f 9987/2557/2555 9689/2260/2258 9776/2347/2345
f 9985/2555/2553 9984/2554/2552 9987/2557/2555
f 9985/2555/2553 9923/2492/2490 9927/2496/2494
f 9800/2369/2367 9799/2368/2366 9644/2215/2213
f 9752/2323/2321 9742/2313/2311 9828/2397/2395
f 9759/2330/2328 9987/2557/2555 9776/2347/2345
f 9780/2527/2525 9973/2543/2541 9784/2352/2350
f 9893/2462/2460 9910/2479/2477 9885/2454/2452
f 9895/2464/2462 9983/2553/2551 9935/2504/2502
f 9982/2552/2550 9967/2537/2535 9988/2558/2556
f 9655/2226/2224 9987/2557/2555 9759/2330/2328
f 9634/2205/2203 9633/2204/2202 9652/2223/2221
f 9985/2555/2553 9987/2557/2555 9923/2492/2490
f 9805/2374/2372 9800/2369/2367 9746/2317/2315
f 9871/2440/2438 9783/2351/2349 9873/2442/2440
f 9689/2260/2258 9984/2554/2552 9687/2258/2256
f 9795/2364/2362 9647/2218/2216 9938/2507/2505
f 9658/2229/2227 9782/2350/2348 9775/2346/2344
f 9986/2556/2554 9774/2345/2343 9687/2258/2256
f 9924/2493/2491 9930/2499/2497 9947/2516/2514
f 9987/2557/2555 9655/2226/2224 9923/2492/2490
f 9988/2558/2556 9967/2537/2535 9780/2527/2525
f 9782/2350/2348 9763/2334/2332 9775/2346/2344
f 9780/2527/2525 9967/2537/2535 9973/2543/2541
f 9929/2498/2496 9985/2555/2553 9927/2496/2494
f 9921/2490/2488 9636/2207/2205 9947/2516/2514
f 9911/2480/2478 9892/2461/2459 9936/2505/2503
f 9921/2490/2488 9930/2499/2497 9943/2512/2510
f 9634/2205/2203 9652/2223/2221 9651/2222/2220
f 9651/2222/2220 9660/2231/2229 9891/2460/2458
f 9553/2124/2122 9566/2137/2135 9535/2106/2104
f 9936/2505/2503 9891/2460/2458 9937/2506/2504
f 9660/2231/2229 9704/2275/2273 9891/2460/2458
f 9936/2505/2503 9917/2486/2484 9911/2480/2478
f 9704/2275/2273 9890/2459/2457 9937/2506/2504
f 9763/2334/2332 9782/2350/2348 9656/2227/2225
f 9873/2442/2440 9630/2201/2199 9629/2200/2198
f 9946/2515/2513 9614/2185/2183 9641/2212/2210
f 9645/2216/2214 9615/2186/2184 9614/2185/2183
f 9942/2511/2509 9939/2508/2506 9938/2507/2505
f 9457/2028/2026 9600/2171/2169 9817/2386/2384
f 9615/2186/2184 9795/2364/2362 9939/2508/2506
f 9593/2164/2162 9592/2163/2161 9822/2391/2389
f 9592/2163/2161 9455/2026/2024 9457/2028/2026
f 9972/2542/2540 9898/2467/2465 9614/2185/2183
f 9928/2497/2495 9899/2468/2466 9898/2467/2465
f 9900/2469/2467 9971/2541/2539 9906/2475/2473
f 9971/2541/2539 9990/2559/2557 9906/2475/2473
f 9600/2171/2169 9599/2170/2168 9817/2386/2384
f 9971/2541/2539 9962/2532/2530 9589/2160/2158
f 9991/2560/2558 9534/2105/2103 9594/2165/2163
f 9971/2541/2539 9464/2035/2033 9990/2559/2557
f 9453/2024/2022 9537/2108/2106 9971/2541/2539
f 9971/2541/2539 9537/2108/2106 9464/2035/2033
f 9971/2541/2539 9589/2160/2158 9453/2024/2022
f 9520/2091/2089 9463/2034/2032 9513/2084/2082
f 9460/2031/2029 9480/2051/2049 9476/2047/2045
f 9553/2124/2122 9535/2106/2104 9616/2187/2185
f 9535/2106/2104 9590/2161/2159 9616/2187/2185
f 9991/2560/2558 9992/2561/2559 9590/2161/2159
f 9438/2009/2007 9417/1988/1986 9430/2001/1999
f 9452/2023/2021 9464/2035/2033 9537/2108/2106
f 9428/1999/1997 9993/2562/2560 9429/2000/1998
f 9590/2161/2159 9618/2189/2187 9616/2187/2185
f 9469/2040/2038 9468/2039/2037 9505/2076/2074
f 9435/2006/2004 9431/2002/2000 9994/2563/2561
f 9992/2561/2559 9618/2189/2187 9590/2161/2159
f 9995/2564/2562 9423/1994/1992 9422/1993/1991
f 9451/2022/2020 9429/2000/1998 9995/2564/2562
f 9423/1994/1992 9995/2564/2562 9993/2562/2560
f 9418/1989/1987 9442/2013/2011 9416/1987/1985
f 9428/1999/1997 9489/2060/2058 9433/2004/2002
f 9450/2021/2019 9441/2012/2010 9439/2010/2008
f 9445/2016/2014 9465/2036/2034 9450/2021/2019
f 9433/2004/2002 9993/2562/2560 9428/1999/1997
f 9422/1993/1991 9831/2400/2398 9995/2564/2562
f 9427/1998/1996 9852/2421/2419 9841/2410/2408
f 9481/2052/2050 9460/2031/2029 9426/1997/1995
f 9451/2022/2020 9995/2564/2562 9831/2400/2398
f 9810/2379/2377 9831/2400/2398 9457/2028/2026
f 9485/2056/2054 9488/2059/2057 9448/2019/2017
f 9841/2410/2408 9428/1999/1997 9427/1998/1996
f 9429/2000/1998 9993/2562/2560 9995/2564/2562
f 9436/2007/2005 9447/2018/2016 9446/2017/2015
f 9426/1997/1995 9458/2029/2027 9420/1991/1989
f 9473/2044/2042 9454/2025/2023 9589/2160/2158
f 9485/2056/2054 9420/1991/1989 9474/2045/2043
f 9991/2560/2558 9590/2161/2159 9534/2105/2103
f 9451/2022/2020 9831/2400/2398 9442/2013/2011
f 9434/2005/2003 9431/2002/2000 9435/2006/2004
f 9442/2013/2011 9462/2033/2031 9451/2022/2020
f 9441/2012/2010 9450/2021/2019 9466/2037/2035
f 9429/2000/1998 9451/2022/2020 9427/1998/1996
f 9421/1992/1990 9458/2029/2027 9459/2030/2028
f 9415/1986/1984 9414/1985/1983 9440/2011/2009
f 9420/1991/1989 9485/2056/2054 9448/2019/2017
f 9436/2007/2005 9479/2050/2048 9447/2018/2016
f 9423/1994/1992 9993/2562/2560 9433/2004/2002
f 9436/2007/2005 9444/2015/2013 9479/2050/2048
f 9444/2015/2013 9461/2032/2030 9479/2050/2048
f 9996/2565/2563 9997/2566/2564 9608/2179/2177
f 9768/2339/2337 9680/2251/2249 9998/2567/2565
f 9460/2031/2029 9476/2047/2045 9461/2032/2030
f 9442/2013/2011 9994/2563/2561 9462/2033/2031
f 9480/2051/2049 9471/2042/2040 9465/2036/2034
f 9994/2563/2561 9413/1984/1982 9462/2033/2031
f 9426/1997/1995 9449/2020/2018 9483/2054/2052
f 9810/2379/2377 9442/2013/2011 9831/2400/2398
f 9413/1984/1982 9431/2002/2000 9414/1985/1983
f 9598/2169/2167 9996/2565/2563 9608/2179/2177
f 9608/2179/2177 9999/2568/2566 9609/2180/2178
f 10000/2569/2567 9768/2339/2337 9998/2567/2565
f 10001/2570/2568 10002/2571/2569 9997/2566/2564
f 9427/1998/1996 9413/1984/1982 9852/2421/2419
f 9996/2565/2563 10001/2570/2568 9997/2566/2564
f 9599/2170/2168 9601/2172/2170 9797/2366/2364
f 9437/2008/2006 9417/1988/1986 9438/2009/2007
f 9994/2563/2561 9431/2002/2000 9413/1984/1982
f 9448/2019/2017 9425/1996/1994 9420/1991/1989
f 9852/2421/2419 9413/1984/1982 9415/1986/1984
f 9848/2417/2415 9772/2343/2341 10003/2572/2570
f 10002/2571/2569 9880/2449/2447 10004/2573/2571
f 9994/2563/2561 9442/2013/2011 9435/2006/2004
f 10005/2574/2572 10000/2569/2567 9998/2567/2565
f 9849/2418/2416 9848/2417/2415 9879/2448/2446
f 9998/2567/2565 9999/2568/2566 9608/2179/2177
f 10000/2569/2567 10003/2572/2570 9772/2343/2341
f 10005/2574/2572 9997/2566/2564 10004/2573/2571
f 10003/2572/2570 10005/2574/2572 10004/2573/2571
f 10004/2573/2571 9997/2566/2564 10002/2571/2569
f 9607/2178/2176 9999/2568/2566 9680/2251/2249
f 10003/2572/2570 9882/2451/2449 9879/2448/2446
f 10004/2573/2571 9880/2449/2447 9882/2451/2449
f 9879/2448/2446 9848/2417/2415 10003/2572/2570
f 9997/2566/2564 9998/2567/2565 9608/2179/2177
f 9999/2568/2566 9607/2178/2176 9609/2180/2178
f 9998/2567/2565 9997/2566/2564 10005/2574/2572
f 10003/2572/2570 10004/2573/2571 9882/2451/2449
f 9998/2567/2565 9680/2251/2249 9999/2568/2566
f 10005/2574/2572 10003/2572/2570 10000/2569/2567
f 10000/2569/2567 9772/2343/2341 9768/2339/2337
f 9596/2167/2165 9598/2169/2167 9608/2179/2177
l 164 165
l 1050 1051
l 17104 17105
l 17938 17939
l 17968 18109
l 18100 18110
l 18051 18112
l 17109 18119
l 8 9
l 1019 1020
l 1019 1064
l 4866 4867
l 4958 4960
l 4866 4973
l 5648 5664
l 5667 5677
l 9173 9174
l 14159 14167
l 15285 15296
l 17511 17513
l 18078 18095
l 18101 18107
l 17973 18085
l 18113 18114
l 82 86
l 4915 4925
l 4895 4920
l 9158 9174
l 11772 11774
l 17029 17033
l 17106 17108
l 17115 17809
l 17924 17925
l 18119 18120
l 20338 20347
l 1 2
l 10 11
l 39 40
l 160 165
l 170 172
l 4296 4308
l 4896 4924
l 5628 5676
l 5592 5770
l 15253 15362
l 17851 17855
l 17982 18097
l 18114 18115
l 18006 18128
l 715 716
l 1821 1823
l 2712 2713
l 4937 4944
l 5646 5647
l 5676 5683
l 5646 5689
l 14090 14159
l 15275 15296
l 17107 17109
l 17828 17830
l 17852 18056
l 17902 18131
l 18 19
l 161 166
l 716 717
l 2713 2714
l 4841 4842
l 4952 4953
l 5629 5754
l 14091 14159
l 15359 15360
l 15288 15365
l 17837 17849
l 20345 20346
l 3 4
l 540 544
l 1064 1065
l 1016 1065
l 2714 2715
l 4253 4308
l 4827 4846
l 4932 4934
l 5647 5729
l 11782 11783
l 15289 15360
l 17124 17125
l 163 169
l 163 166
l 1049 1050
l 4304 4305
l 4892 4893
l 4892 4920
l 5626 5768
l 6721 6830
l 9346 9347
l 16029 16030
l 18093 18094
l 18105 18106
l 18117 18118
