# Blender 5.0.1
# www.blender.org
mtllib fanwithhat.mtl
o Object
v 0.893951 0.021211 -0.364074
v 0.893951 0.021218 -0.363905
v 0.893951 0.021208 -0.364128
v 0.891994 0.021398 -0.365057
v 0.893951 0.021211 -0.364074
v -0.467719 0.033305 -0.483531
v 0.855063 0.025057 -0.365683
v 0.885074 0.022199 -0.366119
v 0.879662 0.021340 -0.392143
v 0.885074 0.022199 -0.366119
v 0.855063 0.025057 -0.365683
v 0.883049 0.023510 -0.345918
v -0.838174 0.024597 -0.110015
v -0.828008 0.026012 -0.136102
v -0.840757 0.025157 -0.113887
v -0.842972 0.023968 -0.105220
v -0.838174 0.024597 -0.110015
v -0.079020 0.047292 0.089281
v -0.076116 0.042722 0.091337
v -0.074840 0.046557 0.085858
v -0.056559 0.095865 0.041208
v -0.057702 0.089493 0.041365
v -0.053903 0.096434 0.036686
v 0.815998 0.015077 0.575917
v 0.834016 0.014646 0.534760
v 0.814677 0.017410 0.500790
v 0.860909 0.015239 0.458154
v 0.846681 0.016600 0.440200
v 0.857834 0.014530 0.487021
v 0.814677 0.017410 0.500790
v 0.834016 0.014646 0.534760
v 0.846681 0.016600 0.440200
v 0.849562 0.014545 0.501910
v 0.834016 0.014646 0.534760
v 0.851671 0.013004 0.544751
v 0.834016 0.014646 0.534760
v 0.838390 0.012826 0.575916
v 0.851671 0.013004 0.544751
v 0.854752 0.013765 0.515886
v 0.849562 0.014545 0.501910
v 0.851671 0.013004 0.544751
v -0.840757 0.025157 -0.113887
v -0.847663 0.021207 -0.088214
v 0.885074 0.022199 -0.366119
v 0.893951 0.020986 -0.368829
v 0.893950 0.020526 -0.378238
v 0.879662 0.021340 -0.392143
v 0.893951 0.023093 -0.325862
v 0.883049 0.023510 -0.345918
v 0.868209 0.025759 -0.330902
v 0.855063 0.025057 -0.365683
v 0.720041 0.009570 -0.575918
v 0.738852 0.010212 -0.569519
v 0.734078 0.009215 -0.575917
v 0.740502 0.009044 -0.575917
v 0.851671 0.013004 0.544751
v 0.844691 0.012221 0.575917
v 0.849991 0.011724 0.575917
v 0.838390 0.012826 0.575916
v 0.815998 0.015077 0.575917
v 0.819842 0.014763 0.575917
v 0.834016 0.014646 0.534760
v 0.833109 0.013253 0.575917
v 0.838390 0.012826 0.575916
v 0.893951 0.020986 -0.368829
v 0.891994 0.021398 -0.365057
v 0.893951 0.021208 -0.364128
v 0.885074 0.022199 -0.366119
v 0.893951 0.021218 -0.363905
v 0.893950 0.025278 -0.294732
v 0.877718 0.026597 -0.302778
v 0.893951 0.025279 -0.287550
v 0.893950 0.025175 -0.297583
v 0.893951 0.024704 -0.305462
v 0.834016 0.014646 0.534760
v 0.849562 0.014545 0.501910
v 0.846681 0.016600 0.440200
v 0.857834 0.014530 0.487021
v 0.854752 0.013765 0.515886
v 0.883041 0.025620 0.161311
v 0.885108 0.024350 0.202980
v 0.887000 0.025100 0.174007
v 0.872936 0.023107 0.207690
v 0.871682 0.026056 0.156365
v 0.860222 0.024444 0.188737
v 0.799670 0.021004 0.412396
v 0.826804 0.018737 0.417780
v 0.823560 0.019941 0.370580
v 0.842511 0.018380 0.375383
v 0.846681 0.016600 0.440200
v 0.792162 0.023460 0.352513
v -0.060948 0.081141 0.042051
v -0.064390 0.082632 0.048978
v -0.063878 0.075274 0.045713
v -0.068154 0.076213 0.051171
v -0.066515 0.072211 0.050103
v -0.069681 0.071540 0.052575
v 0.885074 0.022199 -0.366119
v 0.883049 0.023510 -0.345918
v 0.893952 0.021545 -0.356248
v 0.893951 0.021793 -0.351639
v 0.893951 0.022617 -0.334066
v 0.893951 0.023093 -0.325862
v 0.893951 0.021218 -0.363905
v -0.563603 0.033124 -0.433928
v -0.587777 0.033370 -0.461559
v 0.816497 0.008688 -0.566710
v 0.807186 0.006815 -0.575918
v 0.798234 0.007153 -0.575917
v 0.775824 0.007953 -0.575916
v 0.768151 0.008179 -0.575916
v 0.798535 0.009696 -0.562953
v 0.745809 0.008894 -0.575917
v -0.503516 0.035182 -0.420625
v -0.497268 0.035417 -0.431231
v -0.506457 0.035602 -0.432700
v -0.504676 0.035470 -0.436772
v -0.539997 0.034800 -0.457313
v -0.536807 0.034852 -0.432414
v -0.508849 0.033400 -0.492874
v -0.506457 0.035602 -0.432700
v 0.893950 0.020526 -0.378238
v 0.893951 0.019305 -0.397335
v 0.879662 0.021340 -0.392143
v 0.893951 0.018439 -0.412206
v 0.880217 0.019051 -0.429071
v 0.893951 0.016964 -0.432306
v 0.860698 0.022457 -0.404154
v 0.855063 0.025057 -0.365683
v 0.877718 0.026597 -0.302778
v 0.893951 0.024704 -0.305462
v 0.893951 0.023794 -0.317144
v 0.844364 0.031187 -0.275304
v 0.836187 0.028207 -0.318011
v 0.868209 0.025759 -0.330902
v 0.855063 0.025057 -0.365683
v 0.893951 0.023093 -0.325862
v 0.858223 0.017734 0.342061
v 0.865874 0.017344 0.371185
v 0.870636 0.018848 0.316110
v 0.879275 0.020629 0.282727
v 0.876969 0.019275 0.313859
v 0.873696 0.018361 0.343088
v 0.870349 0.017421 0.372974
v 0.868024 0.020383 0.271409
v -0.515308 0.035265 -0.428548
v -0.486738 0.034754 -0.452329
v -0.506079 0.035319 -0.449709
v -0.477903 0.034362 -0.464232
v -0.500073 0.035503 -0.438608
v -0.777947 0.023778 -0.265822
v -0.795236 0.023593 -0.231187
v -0.784479 0.024433 -0.279964
v -0.794544 0.025618 -0.265535
v 0.683999 0.010635 -0.575918
v 0.709734 0.012091 -0.564969
v 0.704702 0.010049 -0.575917
v 0.677598 0.014037 -0.555894
v 0.732535 0.014999 -0.540033
v 0.685260 0.018064 -0.520646
v 0.735160 0.017725 -0.513383
v 0.651593 0.011291 -0.575916
v 0.640275 0.011592 -0.575917
v 0.626574 0.015566 -0.547470
v 0.624898 0.018485 -0.516019
v -0.634418 0.031118 -0.458199
v -0.623212 0.032285 -0.486601
v 0.783486 0.010778 -0.552649
v 0.798535 0.009696 -0.562953
v 0.745809 0.008894 -0.575917
v 0.732535 0.014999 -0.540033
v 0.768474 0.015485 -0.520038
v 0.778502 0.012935 -0.537349
v 0.735160 0.017725 -0.513383
v 0.753441 0.019252 -0.484769
v 0.740502 0.009044 -0.575917
v 0.738852 0.010212 -0.569519
v 0.756329 0.011992 -0.555021
v 0.709734 0.012091 -0.564969
v 0.704702 0.010049 -0.575917
v 0.720041 0.009570 -0.575918
v -0.698681 0.023843 0.371006
v -0.724625 0.022201 0.383160
v -0.676657 0.023658 0.415561
v -0.745218 0.020768 0.381346
v -0.752718 0.019733 0.351342
v -0.760249 0.019199 0.425243
v 0.883091 0.023041 0.230695
v 0.885108 0.024350 0.202980
v 0.872936 0.023107 0.207690
v 0.847523 0.022703 0.272713
v 0.829824 0.028774 0.225080
v 0.827788 0.025769 0.264471
v 0.813329 0.029055 0.238414
v 0.810520 0.031371 0.210407
v 0.794936 0.031163 0.228085
v 0.802072 0.027644 0.270190
v 0.868024 0.020383 0.271409
v 0.854496 0.024033 0.225838
v 0.881076 0.021705 0.258408
v 0.879275 0.020629 0.282727
v 0.849814 0.026548 0.193271
v 0.854496 0.024033 0.225838
v 0.860222 0.024444 0.188737
v 0.810520 0.031371 0.210407
v 0.817023 0.032659 0.179290
v 0.796337 0.032496 0.195176
v 0.839888 0.030617 0.168720
v 0.838964 0.028791 0.198601
v 0.854174 0.026658 0.178065
v 0.829824 0.028774 0.225080
v 0.872936 0.023107 0.207690
v 0.774195 0.032665 0.217613
v 0.794936 0.031163 0.228085
v 0.866498 0.030115 -0.228335
v 0.893951 0.026933 -0.225487
v 0.883813 0.027382 -0.242301
v 0.893950 0.026281 -0.243787
v 0.893950 0.025860 -0.252452
v 0.872264 0.027920 -0.276336
v 0.885398 0.026295 -0.264251
v 0.893951 0.025279 -0.287550
v 0.893951 0.025243 -0.279663
v 0.893951 0.026742 -0.230136
v 0.864893 0.030038 -0.254190
v 0.844364 0.031187 -0.275304
v 0.877718 0.026597 -0.302778
v 0.893951 0.025752 -0.257276
v 0.893950 0.025492 -0.264597
v -0.709592 0.022301 -0.294176
v -0.681358 0.018600 -0.281159
v -0.664551 0.017467 -0.290817
v -0.685112 0.021846 -0.297800
v -0.650183 0.013593 -0.284848
v -0.658783 0.014135 -0.277734
v -0.737272 0.022532 -0.295244
v -0.767845 0.023033 -0.295761
v -0.753655 0.022444 -0.271000
v -0.819615 0.024136 -0.162536
v -0.824428 0.025998 -0.184424
v -0.847359 0.024300 -0.100609
v -0.828405 0.026698 -0.162982
v -0.825186 0.026035 -0.163144
v -0.834763 0.026533 -0.136429
v -0.820577 0.026033 -0.182254
v -0.813076 0.025535 -0.204964
v -0.812260 0.024751 -0.192042
v -0.672918 0.026668 -0.575917
v -0.709946 0.024498 -0.566545
v -0.655865 0.027593 -0.575917
v -0.679497 0.026226 -0.575917
v -0.642362 0.028178 -0.575917
v -0.729105 0.021872 -0.575917
v -0.717960 0.023160 -0.575917
v -0.712145 0.023811 -0.575917
v -0.692190 0.025235 -0.575917
v -0.706346 0.024391 -0.575917
v -0.701479 0.024746 -0.575917
v -0.661022 0.014274 -0.243986
v -0.654531 0.013232 -0.250197
v -0.655081 0.013951 -0.246428
v -0.070907 0.106882 0.024357
v -0.074276 0.109329 0.022918
v -0.065629 0.109612 0.023891
v -0.062458 0.101659 0.025556
v -0.068527 0.104301 0.025029
v -0.074723 0.121264 0.020564
v -0.070742 0.120436 0.020986
v -0.073080 0.116376 0.021844
v -0.073419 0.125166 0.019907
v -0.067329 0.126707 0.018592
v -0.067265 0.122710 0.020106
v -0.064029 0.117186 0.021495
v -0.059493 0.123059 0.018283
v -0.055547 0.105288 0.025028
v -0.073381 0.102918 0.023188
v -0.068076 0.098034 0.024795
v -0.074788 0.092648 0.020743
v -0.513212 0.035048 -0.404194
v -0.527714 0.035119 -0.422693
v -0.524557 0.035294 -0.415052
v -0.508114 0.034898 -0.404808
v -0.533799 0.034661 -0.414453
v 0.687930 0.020507 -0.494834
v 0.714269 0.020518 -0.491522
v 0.685260 0.018064 -0.520646
v 0.691685 0.022281 -0.472381
v 0.720066 0.023538 -0.452728
v 0.624898 0.018485 -0.516019
v 0.649031 0.020975 -0.487940
v 0.735160 0.017725 -0.513383
v 0.668837 0.025333 -0.426046
v 0.659801 0.023401 -0.455482
v 0.632203 0.025283 -0.430575
v 0.643635 0.026480 -0.408444
v 0.689996 0.023987 -0.447276
v 0.668599 0.027342 -0.385930
v 0.695373 0.025073 -0.424186
v 0.635290 0.029083 -0.360994
v 0.625585 0.028261 -0.381708
v 0.753441 0.019252 -0.484769
v -0.029775 0.129859 0.024785
v -0.026615 0.126226 0.021731
v -0.030429 0.130428 0.020420
v -0.030203 0.129467 0.015563
v -0.026620 0.122058 0.017248
v -0.031489 0.122431 0.014872
v -0.026230 0.125669 0.032030
v -0.026432 0.123911 0.029332
v -0.027258 0.126153 0.027518
v -0.034643 0.125497 0.015204
v -0.032532 0.127438 0.014697
v -0.037042 0.116681 0.017169
v -0.036772 0.121946 0.015842
v -0.026512 0.119792 0.022640
v -0.032385 0.115138 0.020507
v -0.029586 0.131779 0.034575
v -0.027131 0.128286 0.035314
v -0.028009 0.128963 0.030630
v -0.025721 0.122742 0.026428
v -0.587468 0.028781 -0.575917
v -0.597514 0.028703 -0.575917
v -0.579546 0.030758 -0.546313
v -0.623682 0.032056 -0.511401
v -0.645391 0.030918 -0.535873
v -0.649179 0.031021 -0.509041
v -0.560283 0.028977 -0.575917
v -0.609523 0.028649 -0.575917
v -0.613614 0.031656 -0.530032
v -0.523095 0.028540 -0.575916
v -0.586394 0.033256 -0.495424
v -0.634778 0.028448 -0.575917
v -0.551958 0.033240 -0.497050
v -0.626408 0.028599 -0.575917
v -0.552055 0.028946 -0.575917
v -0.544943 0.028834 -0.575917
v -0.535218 0.028741 -0.575917
v 0.851887 0.018037 -0.479990
v 0.880624 0.016642 -0.465520
v 0.874591 0.013792 -0.516210
v 0.893951 0.009280 -0.548925
v 0.863830 0.009045 -0.557826
v 0.893951 0.012017 -0.514355
v 0.893951 0.013147 -0.494675
v 0.872934 0.012074 -0.542165
v 0.893952 0.015905 -0.449890
v 0.893951 0.016222 -0.443991
v 0.893951 0.013873 -0.483711
v 0.893950 0.015645 -0.455092
v 0.880217 0.019051 -0.429071
v 0.893951 0.016774 -0.435983
v 0.893951 0.010565 -0.539544
v 0.856358 0.020715 -0.439334
v 0.893951 0.016964 -0.432306
v 0.893951 0.011136 -0.530301
v 0.829524 0.021075 -0.446021
v 0.888457 0.008237 -0.555245
v -0.053187 0.095917 0.031981
v -0.053903 0.096434 0.036686
v -0.054183 0.092197 0.035372
v -0.056123 0.088141 0.030801
v -0.058466 0.082357 0.028195
v -0.059811 0.089672 0.028353
v -0.056942 0.096097 0.028854
v -0.054322 0.092070 0.031873
v -0.055600 0.088746 0.034984
v -0.061770 0.085907 0.027008
v -0.057702 0.089493 0.041365
v -0.060948 0.081141 0.042051
v -0.057679 0.081866 0.035069
v -0.062527 0.095257 0.026440
v -0.062458 0.101659 0.025556
v -0.065434 0.089812 0.025159
v -0.071035 0.081711 0.021091
v -0.074788 0.092648 0.020743
v -0.068076 0.098034 0.024795
v -0.756465 0.019223 0.464822
v -0.778333 0.016069 0.470382
v -0.718537 0.021824 0.448679
v -0.738269 0.021231 0.434044
v -0.740277 0.020403 0.459656
v -0.697134 0.022394 0.450296
v -0.715270 0.022773 0.407358
v -0.821609 0.003619 0.432630
v -0.775788 0.015515 0.411759
v 0.806337 0.026465 -0.342531
v 0.826027 0.026806 -0.353209
v 0.807517 0.025432 -0.369798
v 0.827950 0.025374 -0.377911
v 0.784237 0.023501 -0.386917
v 0.812283 0.023612 -0.405284
v 0.839072 0.023512 -0.406347
v 0.855063 0.025057 -0.365683
v 0.860698 0.022457 -0.404154
v 0.769051 0.022696 -0.412947
v 0.789690 0.022297 -0.416378
v 0.779703 0.020754 -0.438581
v 0.836187 0.028207 -0.318011
v 0.829524 0.021075 -0.446021
v 0.789409 0.024737 -0.358462
v 0.803754 0.020718 -0.440127
v 0.856358 0.020715 -0.439334
v 0.767087 0.021949 -0.430395
v 0.753386 0.022883 -0.435826
v 0.880217 0.019051 -0.429071
v -0.879894 0.003767 0.495281
v -0.875880 0.002874 0.488081
v -0.879948 0.004846 0.481277
v -0.884358 0.006169 0.482244
v -0.875376 0.004401 0.473097
v -0.883103 0.004415 0.500629
v -0.892399 0.009389 0.491632
v -0.889526 0.008639 0.488613
v -0.886519 0.005678 0.509332
v -0.893171 0.007784 0.519387
v -0.382311 0.024413 -0.575917
v -0.384837 0.026381 -0.554764
v -0.377745 0.024323 -0.575917
v -0.465549 0.029366 -0.544541
v -0.469517 0.027353 -0.575917
v -0.474614 0.027567 -0.575917
v -0.515461 0.029158 -0.565245
v -0.494162 0.028064 -0.575917
v -0.499544 0.028122 -0.575917
v -0.484848 0.027856 -0.575917
v -0.421540 0.026690 -0.556756
v -0.412779 0.025147 -0.575917
v -0.423489 0.025488 -0.575917
v -0.510370 0.028364 -0.575917
v -0.429241 0.025635 -0.575917
v -0.442552 0.026163 -0.575917
v -0.480099 0.027722 -0.575917
v -0.465478 0.027139 -0.575917
v -0.409513 0.029152 -0.528679
v -0.508849 0.033400 -0.492874
v -0.369270 0.024104 -0.575918
v -0.461421 0.026981 -0.575917
v -0.389704 0.024624 -0.575917
v -0.395100 0.024741 -0.575917
v -0.357573 0.023860 -0.575917
v -0.399988 0.024832 -0.575917
v -0.793651 0.022629 -0.211360
v -0.790809 0.021889 -0.194274
v -0.776382 0.021677 -0.216915
v -0.795159 0.021000 -0.174358
v -0.806672 0.022872 -0.181580
v -0.809831 0.021955 -0.157661
v -0.753883 0.021445 -0.219339
v -0.771569 0.020967 -0.191404
v -0.780634 0.020096 -0.167822
v -0.762016 0.021594 -0.234022
v -0.743503 0.021603 -0.247693
v -0.751829 0.022659 -0.144445
v -0.823976 0.021758 -0.052202
v -0.839485 0.019714 -0.043816
v -0.843556 0.019020 -0.055330
v -0.821297 0.021716 -0.072261
v -0.847359 0.024300 -0.100609
v -0.860383 0.018585 -0.019916
v -0.840528 0.020279 -0.073531
v -0.665081 0.014418 -0.260295
v -0.667045 0.014926 -0.251428
v -0.673191 0.015933 -0.249939
v -0.672466 0.015906 -0.256849
v -0.651398 0.012021 -0.271020
v -0.671113 0.015578 -0.264167
v -0.678575 0.017146 -0.261381
v -0.656634 0.012987 -0.263966
v -0.663341 0.014174 -0.268160
v -0.641765 0.011963 -0.284060
v -0.667276 0.013828 -0.224215
v -0.665142 0.014885 -0.213477
v -0.669937 0.014761 -0.215536
v -0.660271 0.013834 -0.225153
v -0.668817 0.015743 -0.208693
v -0.667671 0.017057 -0.201183
v -0.660432 0.016531 -0.202660
v -0.666701 0.014204 -0.234566
v -0.662071 0.014153 -0.218532
v -0.658070 0.014481 -0.219315
v 0.846681 0.016600 0.440200
v 0.860909 0.015239 0.458154
v 0.865874 0.017344 0.371185
v 0.857116 0.018841 0.304255
v 0.854361 0.017710 0.323033
v 0.858223 0.017734 0.342061
v 0.865746 0.016521 0.405823
v 0.870349 0.017421 0.372974
v 0.827788 0.025769 0.264471
v 0.802072 0.027644 0.270190
v 0.825767 0.022717 0.296578
v 0.867246 0.016686 0.400429
v 0.863984 0.015944 0.429286
v 0.839884 0.020923 0.298034
v 0.843868 0.019279 0.307424
v 0.839108 0.022414 0.287712
v 0.792162 0.023460 0.352513
v 0.823560 0.019941 0.370580
v 0.824187 0.020433 0.328181
v 0.804209 0.023800 0.311484
v 0.842776 0.018491 0.340096
v 0.842511 0.018380 0.375383
v 0.847523 0.022703 0.272713
v 0.868024 0.020383 0.271409
v -0.811775 0.024518 -0.138192
v -0.828008 0.026012 -0.136102
v -0.821512 0.026113 -0.116932
v -0.837663 0.022994 -0.093287
v -0.819072 0.024021 -0.094924
v -0.804924 0.022139 -0.149015
v -0.793033 0.021737 -0.145861
v -0.792445 0.024822 -0.115720
v -0.808719 0.025553 -0.111770
v -0.800587 0.024677 -0.104556
v -0.780813 0.020311 -0.156181
v -0.800068 0.024039 -0.089583
v -0.804938 0.025905 -0.123795
v -0.788601 0.023359 -0.131209
v -0.765694 0.023312 -0.129046
v -0.779963 0.023783 -0.119669
v -0.771765 0.024411 -0.113835
v -0.141256 0.021376 -0.575917
v -0.141191 0.021376 -0.575917
v 0.815998 0.015077 0.575917
v 0.814677 0.017410 0.500790
v 0.808770 0.015817 0.575917
v 0.733577 0.021071 0.569683
v 0.717154 0.021422 0.575917
v 0.736144 0.020688 0.575917
v 0.790745 0.018393 0.532890
v 0.783615 0.020084 0.464729
v 0.698864 0.022229 0.560119
v 0.744814 0.021165 0.483703
v 0.723452 0.021797 0.490260
v 0.740176 0.021536 0.507211
v 0.805331 0.016142 0.575917
v 0.767945 0.020391 0.500157
v 0.749320 0.020528 0.556273
v 0.729993 0.021865 0.532034
v 0.744361 0.020277 0.575917
v 0.702582 0.021867 0.574497
v 0.754070 0.020895 0.526570
v 0.771276 0.019627 0.537940
v 0.782464 0.017720 0.575917
v 0.791880 0.017090 0.575917
v 0.769904 0.018639 0.575917
v 0.756698 0.019631 0.575917
v 0.703826 0.022513 0.514578
v 0.691650 0.022090 0.575917
v 0.753748 0.020910 0.460974
v 0.702853 0.022447 0.489107
v 0.590298 0.022803 0.575917
v 0.594977 0.022809 0.575917
v 0.589724 0.023226 0.563709
v 0.703826 0.022513 0.514578
v 0.660657 0.022904 0.537621
v 0.698864 0.022229 0.560119
v 0.628250 0.023134 0.544898
v 0.638407 0.022793 0.564260
v 0.628116 0.022914 0.517728
v 0.658739 0.022440 0.575917
v 0.639366 0.022557 0.575917
v 0.662639 0.022837 0.489691
v 0.621782 0.022591 0.475550
v 0.644402 0.022911 0.465058
v 0.618810 0.022911 0.459451
v 0.597858 0.022731 0.457353
v 0.598469 0.022643 0.469772
v 0.702853 0.022447 0.489107
v 0.597762 0.023186 0.535540
v 0.619604 0.022585 0.575917
v 0.583174 0.022672 0.575917
v 0.622646 0.022671 0.495390
v 0.591852 0.022208 0.487859
v 0.665071 0.022422 0.575917
v 0.607887 0.022558 0.575917
v 0.598737 0.022667 0.507172
v 0.557733 0.022551 0.503744
v 0.641627 0.023119 0.442440
v 0.567664 0.022401 0.471121
v 0.691650 0.022090 0.575917
v 0.681082 0.022192 0.575917
v 0.626622 0.022657 0.575917
v -0.893953 0.006112 0.547150
v -0.810259 0.009571 0.575917
v -0.811937 0.009693 0.565952
v -0.825798 0.007201 0.575917
v -0.884711 0.008717 0.575917
v -0.881698 0.007305 0.575917
v -0.831784 0.006603 0.561857
v -0.868409 0.005085 0.567227
v -0.878863 0.005584 0.557825
v -0.876323 0.005964 0.575917
v -0.831373 0.004011 0.527332
v -0.830774 0.005729 0.545519
v -0.833613 0.006011 0.575917
v -0.796697 0.011196 0.575917
v -0.775938 0.013097 0.575917
v -0.802598 0.010533 0.575917
v -0.849295 0.004663 0.575917
v -0.849873 0.004453 0.555788
v -0.863310 0.005061 0.575917
v -0.849022 0.003037 0.535131
v -0.860201 0.003046 0.537707
v -0.884983 0.008856 0.575917
v -0.867370 0.005241 0.575917
v -0.871956 0.005369 0.575917
v -0.867550 0.004380 0.551349
v -0.839534 0.005444 0.575917
v -0.844675 0.005026 0.575916
v 0.753441 0.019252 -0.484769
v 0.786544 0.016250 -0.502169
v 0.768474 0.015485 -0.520038
v 0.788726 0.014634 -0.522342
v 0.810577 0.015748 -0.520341
v 0.803754 0.020718 -0.440127
v 0.829524 0.021075 -0.446021
v 0.814686 0.019553 -0.465050
v 0.827538 0.018293 -0.487962
v 0.843046 0.016554 -0.513389
v 0.797875 0.019620 -0.460519
v 0.804435 0.017857 -0.485275
v 0.781481 0.019255 -0.470161
v 0.778502 0.012935 -0.537349
v 0.854288 0.014791 -0.528511
v 0.874591 0.013792 -0.516210
v 0.798535 0.009696 -0.562953
v 0.843985 0.011626 -0.551852
v 0.816497 0.008688 -0.566710
v 0.872934 0.012074 -0.542165
v 0.858050 0.014020 -0.536554
v 0.851887 0.018037 -0.479990
v 0.779703 0.020754 -0.438581
v 0.831450 0.013957 -0.540155
v 0.753386 0.022883 -0.435826
v 0.783486 0.010778 -0.552649
v 0.863830 0.009045 -0.557826
v 0.888457 0.008237 -0.555245
v 0.855296 0.006942 -0.566481
v 0.807186 0.006815 -0.575918
v 0.828227 0.005802 -0.575913
v 0.720066 0.023538 -0.452728
v -0.667150 0.019931 -0.188699
v -0.665143 0.020776 -0.183749
v -0.681568 0.021649 -0.185700
v -0.686288 0.021088 -0.192726
v -0.696893 0.022183 -0.195466
v -0.693874 0.022270 -0.191938
v -0.680848 0.020099 -0.194024
v -0.671421 0.018096 -0.197328
v -0.673902 0.019733 -0.190944
v -0.669890 0.020912 -0.184096
v -0.700714 0.022332 -0.198331
v -0.658567 0.021925 -0.176584
v -0.675771 0.020883 -0.185877
v -0.664384 0.021230 -0.180498
v -0.756820 0.014721 0.575917
v -0.756773 0.014724 0.575917
v -0.644995 0.020069 0.528543
v -0.650622 0.020940 0.505197
v -0.639240 0.022374 0.466336
v -0.673808 0.020341 0.508513
v -0.660310 0.019112 0.539810
v -0.665281 0.017266 0.575916
v -0.645431 0.018676 0.558757
v -0.763448 0.014170 0.575917
v -0.709658 0.016558 0.575917
v -0.730408 0.016941 0.557935
v -0.721767 0.016370 0.575917
v -0.634713 0.018279 0.575917
v -0.626871 0.018664 0.575917
v -0.651714 0.017730 0.575917
v -0.742668 0.015510 0.575917
v -0.735858 0.015837 0.575917
v -0.660699 0.017301 0.575917
v -0.698612 0.016754 0.574062
v -0.702240 0.018217 0.545229
v -0.658402 0.022858 0.443668
v -0.663885 0.022058 0.468662
v -0.675662 0.017011 0.575917
v -0.699640 0.020312 0.504161
v -0.634545 0.019136 0.559155
v -0.682413 0.022022 0.465529
v -0.754565 0.016765 0.535985
v -0.035234 0.111292 0.027461
v -0.030853 0.116353 0.033355
v -0.039405 0.110882 0.032631
v -0.026432 0.123911 0.029332
v -0.026346 0.121728 0.031458
v -0.025721 0.122742 0.026428
v -0.027306 0.119111 0.028182
v -0.033094 0.132110 0.038193
v -0.037773 0.126637 0.038559
v -0.030495 0.128487 0.039220
v -0.026230 0.125669 0.032030
v -0.026512 0.119792 0.022640
v -0.028047 0.123554 0.036700
v -0.029617 0.115661 0.026437
v -0.029586 0.131779 0.034575
v -0.027131 0.128286 0.035314
v -0.052868 0.115396 0.035938
v -0.050287 0.111914 0.034842
v -0.049036 0.115290 0.036712
v -0.033407 0.123479 0.038399
v -0.031543 0.120971 0.036849
v -0.032385 0.115138 0.020507
v -0.050822 0.118512 0.036644
v -0.038310 0.110581 0.023705
v -0.045390 0.107132 0.026862
v -0.043201 0.114231 0.036804
v -0.046330 0.118413 0.038829
v -0.048462 0.121153 0.037855
v -0.043924 0.122653 0.038002
v -0.039728 0.120599 0.038592
v -0.037045 0.114758 0.035304
v -0.035585 0.118567 0.037123
v -0.040598 0.111596 0.020708
v -0.037042 0.116681 0.017169
v -0.047354 0.108845 0.032285
v 0.792162 0.023460 0.352513
v 0.759352 0.026115 0.345731
v 0.760456 0.023714 0.387082
v 0.738841 0.028452 0.322841
v 0.714216 0.028309 0.329634
v 0.724502 0.026626 0.354480
v 0.747109 0.032251 0.243588
v 0.744344 0.030433 0.284944
v 0.773557 0.030461 0.258629
v 0.709009 0.024333 0.390443
v 0.772959 0.027431 0.306946
v 0.804209 0.023800 0.311484
v 0.802072 0.027644 0.270190
v 0.777331 0.021520 0.422274
v 0.783615 0.020084 0.464729
v 0.799670 0.021004 0.412396
v 0.662639 0.022837 0.489691
v 0.707694 0.021922 0.462866
v 0.666345 0.022723 0.462166
v 0.814677 0.017410 0.500790
v 0.826804 0.018737 0.417780
v 0.749853 0.021923 0.424108
v 0.716616 0.030073 0.304069
v 0.660675 0.024214 0.398286
v 0.652360 0.023643 0.417160
v 0.694842 0.022721 0.423971
v 0.702853 0.022447 0.489107
v 0.723452 0.021797 0.490260
v 0.794936 0.031163 0.228085
v 0.609723 0.024357 0.411919
v 0.641627 0.023119 0.442440
v 0.646070 0.025550 0.372401
v 0.676277 0.025033 0.381136
v 0.688223 0.025791 0.366168
v 0.744814 0.021165 0.483703
v 0.846681 0.016600 0.440200
v 0.753748 0.020910 0.460974
v 0.732569 0.021677 0.441272
v 0.708391 0.032255 0.269778
v 0.685139 0.029163 0.317828
v 0.774195 0.032665 0.217613
v 0.749038 0.033061 0.200985
v 0.695910 0.027266 0.342758
v 0.644402 0.022911 0.465058
v 0.426799 0.031986 0.231909
v 0.423717 0.032062 0.232979
v 0.426241 0.031811 0.235999
v 0.437087 0.034892 0.208511
v 0.441840 0.034744 0.208882
v 0.439350 0.035324 0.205718
v 0.426292 0.032792 0.222984
v 0.422393 0.032669 0.223280
v 0.424170 0.032328 0.227862
v 0.429347 0.032406 0.228090
v 0.435892 0.035469 0.202786
v 0.442019 0.035558 0.199216
v 0.439629 0.035455 0.194899
v 0.433310 0.033853 0.219297
v 0.433977 0.032837 0.225030
v 0.438348 0.033320 0.222311
v 0.439026 0.032473 0.227898
v 0.434813 0.031948 0.231679
v 0.439532 0.032354 0.233282
v 0.429712 0.032013 0.234550
v 0.433286 0.032101 0.238324
v 0.427332 0.032077 0.241569
v 0.423557 0.033387 0.218753
v 0.428554 0.033648 0.218269
v 0.430210 0.033183 0.222684
v 0.442538 0.035026 0.205519
v 0.432514 0.035606 0.195086
v 0.441872 0.035121 0.202786
v 0.432903 0.034985 0.212271
v 0.438039 0.034644 0.212266
v 0.429478 0.035968 0.201987
v 0.428715 0.035187 0.208285
v 0.423948 0.035615 0.206294
v 0.426392 0.035846 0.201433
v 0.437719 0.033914 0.216831
v 0.444284 0.034198 0.215171
v 0.426647 0.034485 0.213729
v 0.422914 0.031990 0.238466
v 0.425201 0.035126 0.210593
v 0.443374 0.033741 0.220296
v 0.436595 0.032164 0.240232
v 0.441749 0.032182 0.240544
v 0.437162 0.032271 0.236549
v -0.606287 0.038466 0.211517
v -0.609890 0.038172 0.215344
v -0.604274 0.038592 0.225357
v -0.601492 0.038684 0.230996
v -0.607996 0.038216 0.228830
v -0.634016 0.033225 0.225195
v -0.634135 0.033678 0.219420
v -0.638571 0.032797 0.220661
v -0.611450 0.037937 0.221292
v -0.602847 0.038296 0.237467
v -0.597021 0.038807 0.236030
v -0.601436 0.038275 0.242029
v -0.611835 0.036825 0.239167
v -0.627907 0.034558 0.226538
v -0.621046 0.035925 0.227613
v -0.619624 0.036847 0.214663
v -0.618565 0.035525 0.241201
v -0.589885 0.038879 0.243034
v -0.622630 0.035205 0.232855
v -0.623988 0.034688 0.236237
v -0.596594 0.038604 0.242979
v -0.615508 0.036157 0.242275
v -0.674771 0.015661 -0.213283
v -0.676561 0.015362 -0.220433
v -0.681052 0.017019 -0.215537
v -0.687157 0.018882 -0.214796
v -0.694221 0.020298 -0.216935
v -0.700441 0.021429 -0.212719
v -0.697157 0.021524 -0.204861
v -0.679867 0.016062 -0.226284
v -0.684996 0.017783 -0.228162
v -0.705931 0.021386 -0.222834
v -0.710278 0.020632 -0.248416
v -0.693078 0.019430 -0.233947
v -0.687030 0.018486 -0.253606
v -0.678220 0.016889 -0.246879
v -0.680987 0.017011 -0.237577
v -0.675107 0.015079 -0.232592
v -0.681549 0.018081 -0.209191
v -0.690473 0.020340 -0.206583
v -0.686403 0.020214 -0.199962
v -0.677884 0.017418 -0.207185
v -0.673946 0.014677 -0.225603
v -0.672814 0.014611 -0.219793
v -0.682166 0.018900 -0.203891
v -0.698496 0.019918 -0.274900
v -0.684456 0.018235 -0.268930
v -0.818421 0.024317 -0.018743
v -0.835251 0.021256 -0.025608
v -0.835548 0.022210 -0.015869
v -0.844346 0.021193 -0.005982
v -0.846085 0.019765 -0.025000
v -0.854519 0.017353 -0.043689
v -0.844666 0.019194 -0.036295
v -0.799036 0.026745 -0.020421
v -0.785376 0.027195 -0.024931
v -0.799375 0.027539 -0.003376
v -0.798663 0.025858 -0.043483
v -0.827580 0.024034 -0.004170
v -0.855098 0.019169 -0.015526
v -0.860383 0.018585 -0.019916
v -0.856281 0.019800 0.002397
v -0.851157 0.020656 0.007132
v -0.837738 0.021168 0.044641
v -0.849708 0.019361 0.048217
v -0.847229 0.017793 0.071719
v -0.846933 0.016934 0.113450
v -0.838486 0.018161 0.119935
v -0.813279 0.025742 0.001156
v -0.824073 0.024813 0.019576
v -0.842194 0.022371 0.016841
v -0.846910 0.016857 0.116907
v -0.822554 0.022255 0.063613
v -0.819659 0.023716 0.046984
v -0.832952 0.018778 0.155156
v -0.818316 0.021394 0.134424
v -0.847654 0.020305 0.034735
v -0.852193 0.020955 0.024719
v -0.848159 0.020710 0.024418
v -0.827347 0.022487 -0.035740
v -0.826445 0.020368 0.088128
v -0.073566 0.073736 0.054778
v -0.068154 0.076213 0.051171
v -0.070846 0.080628 0.056302
v -0.062762 0.090488 0.050629
v -0.064390 0.082632 0.048978
v -0.057702 0.089493 0.041365
v -0.056559 0.095865 0.041208
v -0.059680 0.097308 0.046578
v -0.062654 0.100059 0.051554
v -0.063810 0.096738 0.053963
v -0.053903 0.096434 0.036686
v -0.053187 0.095917 0.031981
v -0.052704 0.099476 0.032520
v -0.076205 0.075632 0.060505
v -0.056584 0.100873 0.039934
v -0.057392 0.105429 0.038874
v -0.057737 0.104072 0.041099
v -0.058741 0.108206 0.042052
v -0.058962 0.103147 0.043810
v -0.055759 0.104997 0.035474
v -0.055728 0.107979 0.034810
v -0.056687 0.107492 0.037209
v -0.052329 0.100880 0.029041
v -0.050983 0.104071 0.030942
v -0.053700 0.101951 0.034582
v -0.053292 0.107209 0.032831
v -0.056942 0.096097 0.028854
v -0.062458 0.101659 0.025556
v -0.055547 0.105288 0.025028
v -0.055508 0.111628 0.036148
v -0.065905 0.091825 0.057665
v -0.060948 0.081141 0.042051
v -0.045390 0.107132 0.026862
v -0.081955 0.063175 0.079546
v -0.077250 0.061210 0.075079
v -0.081235 0.067594 0.075386
v -0.050287 0.111914 0.034842
v -0.052868 0.115396 0.035938
v -0.074969 0.082015 0.065069
v -0.078019 0.075438 0.068493
v -0.066151 0.086482 0.054975
v -0.077238 0.066082 0.068450
v -0.079259 0.070416 0.070030
v -0.077098 0.070781 0.064834
v -0.073396 0.067627 0.054298
v -0.076450 0.069991 0.058591
v -0.076246 0.065041 0.059005
v -0.075719 0.067089 0.062704
v -0.047354 0.108845 0.032285
v -0.069681 0.071540 0.052575
v -0.070046 0.087123 0.060723
v -0.062154 0.104292 0.048960
v -0.113027 0.074056 0.076920
v -0.110643 0.071861 0.070145
v -0.112927 0.063607 0.074917
v -0.110848 0.079672 0.082512
v -0.110650 0.073204 0.079899
v -0.100259 0.077568 0.088158
v -0.105709 0.079434 0.086199
v -0.106155 0.070536 0.082625
v -0.109515 0.062297 0.079534
v -0.109699 0.052841 0.078046
v -0.111914 0.068375 0.079166
v -0.076116 0.042722 0.091337
v -0.078972 0.040909 0.095148
v -0.081424 0.043729 0.092646
v -0.083411 0.040714 0.095979
v -0.098249 0.069130 0.086129
v -0.079020 0.047292 0.089281
v -0.102923 0.059025 0.082326
v -0.083185 0.047443 0.090114
v -0.101772 0.065366 0.084203
v -0.087394 0.043439 0.091754
v -0.111732 0.054616 0.073671
v -0.092416 0.041939 0.090541
v -0.093187 0.045342 0.088002
v -0.097704 0.039520 0.088565
v -0.095907 0.058474 0.085946
v -0.098728 0.062865 0.084977
v -0.111415 0.047443 0.073298
v -0.111979 0.043778 0.076136
v -0.106996 0.044313 0.079588
v -0.100363 0.043674 0.084214
v -0.094533 0.063732 0.086570
v -0.105736 0.038307 0.082867
v -0.110671 0.039661 0.077278
v -0.112229 0.036805 0.079643
v -0.092751 0.050078 0.087087
v -0.087334 0.051031 0.088100
v -0.091665 0.054794 0.086838
v -0.096744 0.052986 0.085168
v -0.096880 0.048121 0.085281
v -0.102452 0.049458 0.081815
v -0.091264 0.059876 0.086636
v -0.744348 0.019042 0.491360
v -0.712081 0.020931 0.479997
v -0.770946 0.016281 0.494564
v -0.797815 0.010936 0.506429
v -0.820771 0.006846 0.473478
v -0.816331 0.007223 0.457036
v -0.828615 0.005908 0.456581
v -0.823684 0.005518 0.499246
v -0.868472 0.002872 0.486839
v -0.859428 0.002604 0.505455
v -0.837592 0.005968 0.465058
v -0.836944 0.004902 0.484146
v -0.843084 0.003423 0.497420
v -0.866094 0.002897 0.523405
v -0.851084 0.002545 0.523108
v -0.825281 0.004958 0.445091
v -0.832330 0.004731 0.443516
v -0.848153 0.005484 0.469150
v -0.889051 0.005491 0.529873
v -0.800847 0.010585 0.481633
v -0.804873 0.009600 0.462776
v -0.802621 0.008877 0.441404
v -0.873302 0.002341 0.498962
v -0.841560 0.002582 0.511820
v -0.874931 0.003637 0.536823
v -0.883679 0.004561 0.527711
v -0.776948 0.014666 0.521000
v -0.785190 0.013129 0.552045
v -0.083604 0.096159 0.091001
v -0.086320 0.093927 0.094903
v -0.082620 0.089066 0.089814
v -0.090994 0.064421 0.086990
v -0.094533 0.063732 0.086570
v -0.091264 0.059876 0.086636
v -0.102345 0.083510 0.090594
v -0.105709 0.079434 0.086199
v -0.100259 0.077568 0.088158
v -0.095320 0.086041 0.093626
v -0.081610 0.097588 0.086235
v -0.084841 0.101681 0.090169
v -0.087080 0.086785 0.092934
v -0.074957 0.060969 0.060685
v -0.072967 0.061431 0.056000
v -0.076246 0.065041 0.059005
v -0.084169 0.081907 0.088253
v -0.085975 0.074636 0.085014
v -0.083432 0.078089 0.083028
v -0.089167 0.070387 0.087058
v -0.088313 0.078727 0.089513
v -0.093260 0.076240 0.089551
v -0.073633 0.058898 0.065107
v -0.075132 0.061609 0.068383
v -0.072909 0.056706 0.071006
v -0.087334 0.051031 0.088100
v -0.081800 0.052291 0.086904
v -0.084135 0.056118 0.085482
v -0.090543 0.083446 0.092197
v -0.090154 0.087109 0.094142
v -0.075442 0.063308 0.063790
v -0.075719 0.067089 0.062704
v -0.080021 0.057236 0.082081
v -0.077250 0.061210 0.075079
v -0.085574 0.067390 0.082141
v -0.088005 0.063158 0.085655
v -0.087529 0.057544 0.086034
v -0.079820 0.089979 0.084428
v -0.081453 0.093489 0.087191
v -0.089943 0.091302 0.096945
v -0.084762 0.060838 0.083474
v -0.083185 0.047443 0.090114
v -0.091665 0.054794 0.086838
v -0.093177 0.068603 0.087688
v -0.081955 0.063175 0.079546
v -0.098249 0.069130 0.086129
v -0.081110 0.083678 0.083968
v -0.083676 0.073206 0.079246
v -0.079793 0.079020 0.076549
v -0.077238 0.066082 0.068450
v -0.077481 0.086206 0.079061
v -0.074234 0.053249 0.079222
v -0.081494 0.072906 0.074035
v -0.081235 0.067594 0.075386
v -0.079259 0.070416 0.070030
v -0.073396 0.067627 0.054298
v -0.604306 0.037547 0.248522
v -0.596828 0.038047 0.251460
v -0.580433 0.037900 0.248186
v -0.584650 0.037657 0.254517
v -0.593514 0.032850 0.281562
v -0.591504 0.035183 0.270813
v -0.596532 0.034377 0.275399
v -0.587646 0.038305 0.248868
v -0.589358 0.036790 0.262358
v -0.608463 0.034356 0.268581
v -0.607867 0.033800 0.274030
v -0.602701 0.034945 0.270310
v -0.609692 0.036662 0.249120
v -0.613350 0.036236 0.246544
v -0.602437 0.036180 0.264376
v -0.605744 0.036419 0.260451
v -0.591651 0.037715 0.255818
v -0.595884 0.036805 0.261304
v -0.600095 0.033756 0.277035
v -0.600851 0.036827 0.258548
v -0.615752 0.033053 0.270072
v -0.613515 0.032802 0.274476
v -0.599496 0.034649 0.273043
v -0.597122 0.035638 0.268628
v -0.596575 0.037474 0.256725
v -0.606613 0.036543 0.256160
v -0.593209 0.036320 0.265590
v -0.603557 0.033767 0.275508
v -0.619046 0.035137 0.246773
v 0.883041 0.025620 0.161311
v 0.887000 0.025100 0.174007
v 0.888716 0.025785 0.147799
v 0.890527 0.026100 0.122895
v 0.722664 0.032945 0.230841
v 0.718546 0.033826 0.202503
v 0.704974 0.033451 0.221886
v 0.892865 0.025457 0.075898
v 0.893006 0.024409 0.059108
v 0.885724 0.026214 0.084022
v 0.883662 0.026839 0.113900
v 0.892727 0.026495 0.092692
v 0.780037 0.034891 0.098620
v 0.812672 0.032861 0.102865
v 0.795650 0.032862 0.064279
v 0.824153 0.033573 0.155367
v 0.827602 0.033722 0.134726
v 0.810693 0.035108 0.145718
v 0.839888 0.030617 0.168720
v 0.856773 0.027059 0.163084
v 0.848075 0.030364 0.143791
v 0.847487 0.029693 0.118130
v 0.860984 0.027870 0.137593
v 0.831230 0.031661 0.111919
v 0.871682 0.026056 0.156365
v 0.860222 0.024444 0.188737
v 0.883013 0.025519 0.075928
v 0.875575 0.025996 0.097585
v 0.864898 0.027013 0.114475
v 0.835644 0.029026 0.083246
v 0.872196 0.026711 0.124062
v 0.862031 0.026726 0.091131
v 0.860404 0.024394 0.067327
v 0.882447 0.023266 0.063818
v 0.871813 0.024355 0.072667
v 0.875131 0.025408 0.080732
v 0.747783 0.035411 0.154426
v 0.750152 0.034351 0.168425
v 0.762564 0.033606 0.171064
v 0.800174 0.034690 0.156323
v 0.783770 0.033831 0.158619
v 0.796331 0.033403 0.172300
v 0.731296 0.033734 0.184366
v 0.749038 0.033061 0.200985
v 0.746536 0.033506 0.178902
v 0.854174 0.026658 0.178065
v 0.817023 0.032659 0.179290
v 0.738447 0.033997 0.168865
v 0.767641 0.034739 0.146254
v 0.778512 0.032889 0.184406
v 0.804627 0.035090 0.123868
v 0.787340 0.035358 0.134710
v 0.774195 0.032665 0.217613
v 0.796337 0.032496 0.195176
v 0.753919 0.035648 0.139524
v 0.758919 0.035387 0.121339
v -0.646583 0.025167 0.344423
v -0.647212 0.025218 0.320794
v -0.656328 0.024760 0.333701
v -0.631601 0.027541 0.294470
v -0.625524 0.025961 0.322753
v -0.629722 0.026599 0.310703
v -0.675852 0.024444 0.335899
v -0.618044 0.026707 0.314349
v -0.629282 0.027436 0.301139
v -0.623943 0.027331 0.305192
v -0.614473 0.027751 0.307212
v -0.624530 0.028097 0.296775
v -0.622904 0.027729 0.301244
v -0.618530 0.027683 0.303543
v -0.620682 0.027335 0.308207
v -0.605134 0.031618 0.286692
v -0.612782 0.029574 0.295018
v -0.625920 0.028647 0.291713
v -0.626096 0.029044 0.286915
v -0.629730 0.028412 0.284937
v -0.629741 0.029188 0.279489
v -0.618099 0.028802 0.297475
v -0.619793 0.028784 0.293676
v -0.625655 0.029493 0.281949
v -0.619701 0.030891 0.280473
v -0.622087 0.031126 0.275929
v -0.617692 0.032124 0.275235
v -0.626421 0.025695 0.334553
v -0.660057 0.024777 0.368669
v -0.836699 0.018376 0.182929
v -0.846688 0.016609 0.162261
v -0.846767 0.017725 0.187598
v -0.846829 0.018420 0.211779
v -0.826932 0.019073 0.211174
v -0.847975 0.018372 0.236857
v -0.785196 0.020516 0.213042
v -0.807419 0.019623 0.221205
v -0.824551 0.015082 0.299576
v -0.837163 0.015774 0.291940
v -0.854116 0.013380 0.316319
v -0.763570 0.018972 0.206278
v -0.826460 0.013201 0.315911
v -0.764344 0.017945 0.319250
v -0.761916 0.019138 0.297774
v -0.782283 0.017700 0.290670
v -0.773457 0.020290 0.221575
v -0.742230 0.022096 0.256596
v -0.756797 0.020562 0.281772
v -0.729683 0.021946 0.284810
v -0.816399 0.013295 0.313839
v -0.807038 0.013203 0.315912
v -0.808789 0.015678 0.292204
v -0.761410 0.020830 0.232550
v -0.710122 0.022994 0.340229
v -0.709693 0.022689 0.309701
v -0.735432 0.021210 0.329631
v -0.728015 0.021982 0.357724
v -0.743734 0.020464 0.304377
v -0.846390 0.015822 0.285675
v -0.834536 0.016490 0.269181
v -0.703725 0.022628 0.281217
v -0.686066 0.023076 0.268658
v -0.697391 0.023077 0.255017
v -0.716350 0.022920 0.263617
v -0.792210 0.014004 0.324239
v -0.671366 0.023994 0.261261
v -0.800632 0.016511 0.267595
v -0.818587 0.015742 0.263894
v -0.826127 0.016202 0.280324
v -0.829219 0.017668 0.242089
v -0.818060 0.018250 0.232456
v -0.822657 0.018773 0.227340
v -0.844662 0.017285 0.264057
v -0.785945 0.019941 0.231049
v -0.849379 0.017857 0.260382
v -0.776821 0.019393 0.257030
v -0.807570 0.017163 0.245389
v 0.447304 0.032443 0.249711
v 0.440250 0.032709 0.252520
v 0.440853 0.032630 0.257506
v 0.464850 0.028930 0.276742
v 0.458925 0.029891 0.273688
v 0.461494 0.028637 0.278459
v 0.441749 0.032182 0.240544
v 0.445376 0.032114 0.245010
v 0.449675 0.031967 0.244261
v 0.459408 0.030739 0.266540
v 0.463831 0.030667 0.261934
v 0.456818 0.031395 0.262303
v 0.441164 0.032417 0.249384
v 0.442844 0.032642 0.246477
v 0.451691 0.032278 0.254599
v 0.452508 0.032194 0.251469
v 0.448688 0.031513 0.267173
v 0.450573 0.032172 0.262874
v 0.442683 0.031662 0.266791
v 0.436595 0.032164 0.240232
v 0.432629 0.032446 0.246251
v 0.451476 0.031794 0.264652
v 0.453291 0.031460 0.263702
v 0.454075 0.031255 0.266812
v 0.463727 0.030387 0.267885
v 0.456744 0.031301 0.242043
v 0.456530 0.031796 0.250159
v 0.464112 0.030924 0.248332
v 0.465210 0.030811 0.254408
v 0.470904 0.030304 0.249631
v 0.444008 0.031223 0.271144
v 0.449663 0.030580 0.273240
v 0.470712 0.029871 0.258302
v 0.453395 0.029576 0.278017
v 0.457587 0.028577 0.283353
v 0.477055 0.030152 0.251621
v 0.458947 0.031209 0.257116
v 0.468811 0.028502 0.276732
v 0.469226 0.028296 0.280477
v 0.473585 0.028403 0.277833
v 0.468331 0.029300 0.271331
v 0.477111 0.028687 0.269390
v 0.464475 0.028439 0.281144
v 0.438946 0.032790 0.246830
v 0.433286 0.032101 0.238324
v 0.453587 0.031903 0.259026
v 0.436571 0.032826 0.250725
v 0.435166 0.032558 0.254987
v 0.473158 0.028057 0.282881
v 0.446622 0.032224 0.260428
v 0.469047 0.027901 0.287723
v 0.473702 0.029274 0.262795
v 0.431631 0.032626 0.252848
v 0.426049 0.032683 0.253992
v 0.468085 0.029701 0.264838
v 0.448096 0.029657 0.280639
v 0.451699 0.029065 0.282369
v 0.434642 0.032132 0.262631
v 0.437739 0.032017 0.264773
v 0.427332 0.032077 0.241569
v 0.423515 0.032630 0.249677
v 0.471497 0.027525 0.294353
v 0.477108 0.027589 0.293123
v 0.458043 0.027823 0.291574
v 0.432460 0.032602 0.259965
v 0.462928 0.027348 0.295832
v 0.454813 0.027205 0.297479
v -0.402556 0.019883 -0.406968
v -0.408729 0.019059 -0.398538
v -0.400539 0.016786 -0.399508
v -0.419468 0.016531 -0.360097
v -0.420354 0.017400 -0.350657
v -0.416437 0.016854 -0.356756
v -0.429313 0.021829 -0.384533
v -0.424737 0.020237 -0.383368
v -0.426048 0.022154 -0.389992
v -0.414332 0.016090 -0.377139
v -0.407785 0.015198 -0.384259
v -0.416021 0.018198 -0.387225
v -0.406604 0.014936 -0.371116
v -0.403611 0.014505 -0.379525
v -0.406584 0.016432 -0.391849
v -0.398621 0.015830 -0.366939
v -0.432146 0.018064 -0.361958
v -0.402367 0.014394 -0.384110
v -0.422198 0.018488 -0.379088
v -0.411437 0.016624 -0.358368
v -0.425533 0.017861 -0.370477
v -0.424392 0.017010 -0.363097
v -0.417240 0.015983 -0.368129
v -0.413829 0.017733 -0.351851
v -0.409581 0.018925 -0.347370
v -0.407531 0.017773 -0.354384
v -0.405786 0.019844 -0.345459
v -0.427591 0.016935 -0.354072
v -0.408758 0.020544 -0.340730
v -0.415415 0.019159 -0.343536
v -0.416151 0.021648 -0.331191
v -0.421118 0.018523 -0.342962
v -0.407761 0.022992 -0.327300
v -0.419264 0.019955 -0.338544
v -0.398618 0.025018 -0.319560
v -0.409892 0.024479 -0.318767
v -0.395103 0.014462 -0.376620
v -0.436109 0.017452 -0.354627
v -0.393600 0.016293 -0.403732
v 0.671659 0.031597 0.203540
v 0.659421 0.032027 0.197221
v 0.667759 0.032163 0.215076
v 0.564634 0.035664 0.149365
v 0.556601 0.036228 0.146270
v 0.561745 0.035461 0.156219
v 0.718675 0.034295 0.168623
v 0.713896 0.036811 0.138722
v 0.701017 0.034878 0.159273
v 0.655159 0.035115 0.117139
v 0.633108 0.034409 0.125330
v 0.656515 0.034197 0.138701
v 0.695567 0.036116 0.121031
v 0.699426 0.035985 0.135759
v 0.595141 0.034663 0.171557
v 0.623982 0.034375 0.171258
v 0.614284 0.034140 0.148749
v 0.679058 0.036153 0.073326
v 0.718069 0.035624 0.052346
v 0.673430 0.036468 0.038594
v 0.758350 0.035016 0.059935
v 0.742467 0.035382 0.088948
v 0.780037 0.034891 0.098620
v 0.640071 0.037116 0.062368
v 0.652020 0.036244 0.093003
v 0.758919 0.035387 0.121339
v 0.615144 0.036191 0.097171
v 0.599573 0.034856 0.124964
v 0.646835 0.034529 0.226548
v 0.644855 0.033713 0.205714
v 0.717393 0.033639 0.184896
v 0.731296 0.033734 0.184366
v 0.737683 0.035897 0.134371
v 0.737496 0.035228 0.148302
v 0.747783 0.035411 0.154426
v 0.639978 0.033513 0.154384
v 0.620852 0.035317 0.198235
v 0.696903 0.033212 0.205268
v 0.677367 0.032337 0.188137
v 0.681574 0.031868 0.208829
v 0.551397 0.036118 0.158198
v 0.733198 0.035791 0.110923
v 0.688158 0.033097 0.222915
v 0.704974 0.033451 0.221886
v 0.684608 0.034479 0.162179
v 0.692446 0.034793 0.152614
v 0.686258 0.035513 0.138982
v 0.729591 0.035732 0.144412
v 0.731398 0.034617 0.154494
v 0.701198 0.033517 0.182624
v 0.718546 0.033826 0.202503
v 0.673099 0.034674 0.145543
v 0.682579 0.036008 0.098769
v 0.674893 0.035647 0.115015
v 0.638511 0.033907 0.172014
v 0.723710 0.036328 0.120892
v 0.638700 0.033964 0.186199
v 0.795650 0.032862 0.064279
v 0.698188 0.035653 0.146231
v 0.638275 0.037243 0.032013
v 0.670552 0.035001 0.130148
v 0.664400 0.034074 0.160974
v 0.652205 0.033285 0.176615
v 0.590502 0.034729 0.148523
v 0.627720 0.036839 0.079366
v 0.710841 0.035797 0.098069
v 0.738447 0.033997 0.168865
v 0.639193 0.035604 0.106332
v 0.753919 0.035648 0.139524
v 0.572468 0.035175 0.149567
v 0.574086 0.034950 0.161964
v 0.603902 0.035482 0.210173
v 0.620821 0.035411 0.222743
v 0.567513 0.035641 0.143326
v 0.673064 0.033888 0.233922
v 0.596458 0.035074 0.193640
v 0.574086 0.034950 0.161964
v 0.570743 0.035094 0.176459
v 0.595141 0.034663 0.171557
v 0.596458 0.035074 0.193640
v 0.581982 0.034719 0.207046
v 0.603902 0.035482 0.210173
v 0.509473 0.036156 0.194191
v 0.503295 0.036623 0.196734
v 0.510616 0.036084 0.202815
v 0.519821 0.037646 0.169677
v 0.520803 0.038379 0.159452
v 0.513817 0.038014 0.165160
v 0.550083 0.032550 0.235539
v 0.544223 0.033625 0.222070
v 0.535031 0.033306 0.223866
v 0.548917 0.034293 0.216442
v 0.540082 0.034962 0.206885
v 0.540180 0.034263 0.215483
v 0.532493 0.034339 0.214153
v 0.604926 0.034437 0.234758
v 0.576566 0.033048 0.234637
v 0.592661 0.031891 0.258213
v 0.510746 0.035953 0.187642
v 0.519883 0.036540 0.189978
v 0.516879 0.037139 0.179918
v 0.512868 0.038332 0.157119
v 0.512205 0.038429 0.150532
v 0.506645 0.038292 0.153889
v 0.518134 0.038615 0.152386
v 0.553161 0.034809 0.206457
v 0.547250 0.035549 0.195464
v 0.523676 0.038791 0.148143
v 0.519616 0.039213 0.139574
v 0.516446 0.038915 0.146077
v 0.522820 0.038565 0.153788
v 0.526485 0.038134 0.155683
v 0.561745 0.035461 0.156219
v 0.557860 0.035636 0.167774
v 0.569131 0.031347 0.255250
v 0.562071 0.034953 0.200715
v 0.563537 0.034182 0.215821
v 0.581369 0.034938 0.186913
v 0.551397 0.036118 0.158198
v 0.523979 0.033638 0.218577
v 0.510062 0.036596 0.181550
v 0.507299 0.038123 0.158254
v 0.508396 0.038166 0.162620
v 0.529926 0.035813 0.197963
v 0.512954 0.037313 0.174020
v 0.537010 0.036327 0.185259
v 0.542085 0.036682 0.168777
v 0.505039 0.036270 0.185081
v 0.503820 0.036269 0.191570
v 0.525805 0.037879 0.164011
v 0.533065 0.037649 0.160575
v 0.531105 0.038311 0.148961
v 0.633767 0.034364 0.245179
v 0.646835 0.034529 0.226548
v 0.620821 0.035411 0.222743
v 0.576619 0.030066 0.278656
v 0.620240 0.032510 0.263947
v 0.527931 0.037288 0.174348
v 0.541811 0.037372 0.147954
v 0.566973 0.035098 0.189555
v 0.506872 0.036660 0.177483
v 0.499469 0.036971 0.193561
v 0.499735 0.036735 0.179960
v 0.498811 0.036845 0.188740
v 0.553080 0.035668 0.182418
v 0.524728 0.034847 0.208878
v 0.504153 0.037292 0.173013
v 0.508970 0.037256 0.169526
v 0.557557 0.035363 0.191733
v 0.504262 0.037380 0.166917
v 0.514093 0.033976 0.215132
v 0.512880 0.039252 0.140520
v 0.510392 0.038270 0.145297
v 0.506275 0.038244 0.147734
v 0.546372 0.029884 0.267134
v 0.555095 0.028706 0.293521
v 0.576619 0.030066 0.278656
v 0.508567 0.030726 0.238502
v 0.502244 0.030350 0.244401
v 0.506998 0.030191 0.244952
v 0.532607 0.028847 0.280305
v 0.542837 0.029009 0.283267
v 0.493333 0.028422 0.269986
v 0.490753 0.028648 0.271587
v 0.494531 0.028209 0.278092
v 0.496189 0.030234 0.244609
v 0.499530 0.029564 0.252709
v 0.484616 0.029894 0.251643
v 0.487505 0.030011 0.247593
v 0.485089 0.030661 0.240311
v 0.539123 0.028617 0.290595
v 0.525455 0.028392 0.291040
v 0.516252 0.030720 0.243235
v 0.511033 0.030265 0.246752
v 0.517357 0.030316 0.247936
v 0.487846 0.028690 0.268923
v 0.483367 0.029079 0.263190
v 0.483864 0.028400 0.273399
v 0.477055 0.030152 0.251621
v 0.473702 0.029274 0.262795
v 0.480043 0.029395 0.258016
v 0.507259 0.028811 0.267518
v 0.517508 0.029119 0.263408
v 0.511649 0.029310 0.259307
v 0.479365 0.028122 0.277697
v 0.473585 0.028403 0.277833
v 0.479790 0.027958 0.286038
v 0.488828 0.029528 0.256424
v 0.496824 0.030562 0.235347
v 0.491105 0.030294 0.243196
v 0.534240 0.030827 0.248562
v 0.533370 0.029848 0.259939
v 0.525769 0.029859 0.256149
v 0.524068 0.030462 0.248583
v 0.517771 0.029793 0.254500
v 0.528064 0.029183 0.267252
v 0.516708 0.028639 0.274028
v 0.511042 0.029831 0.253213
v 0.505664 0.028479 0.276307
v 0.500008 0.028559 0.273186
v 0.505836 0.029950 0.249857
v 0.505501 0.029530 0.258746
v 0.493975 0.029816 0.251021
v 0.521362 0.031246 0.238148
v 0.523548 0.032276 0.229087
v 0.514417 0.031523 0.231424
v 0.522490 0.028528 0.281278
v 0.511340 0.028316 0.284379
v 0.524436 0.028750 0.275324
v 0.498441 0.028858 0.264413
v 0.495915 0.028667 0.272283
v 0.490163 0.028732 0.265839
v 0.473158 0.028057 0.282881
v 0.526710 0.031004 0.242481
v 0.481926 0.030132 0.248980
v 0.477111 0.028687 0.269390
v 0.485115 0.027941 0.281078
v 0.531923 0.031795 0.236030
v 0.535031 0.033306 0.223866
v 0.469047 0.027901 0.287723
v 0.477108 0.027589 0.293123
v 0.569131 0.031347 0.255250
v 0.493199 0.029318 0.261105
v 0.496385 0.029521 0.257388
v 0.550083 0.032550 0.235539
v 0.522015 0.030718 0.243289
v 0.523839 0.031235 0.241032
v 0.503146 0.027995 0.293533
v 0.493726 0.030275 0.245484
v 0.489776 0.027866 0.287787
v -0.111031 0.094222 0.073755
v -0.110715 0.090074 0.074079
v -0.112854 0.094847 0.078242
v -0.103411 0.095198 0.109705
v -0.109213 0.096433 0.109707
v -0.104747 0.095543 0.105963
v -0.107370 0.101241 0.112602
v -0.111212 0.103986 0.108993
v -0.096371 0.113164 0.110676
v -0.099389 0.109715 0.115593
v -0.097710 0.106196 0.112628
v -0.106492 0.111479 0.110305
v -0.108104 0.114848 0.106920
v -0.109211 0.109408 0.109306
v -0.118014 0.108366 0.087027
v -0.119402 0.114953 0.083383
v -0.118609 0.111076 0.077428
v -0.101086 0.097041 0.113769
v -0.113486 0.081295 0.078440
v -0.112686 0.086712 0.076420
v -0.111882 0.079757 0.073655
v -0.093032 0.098562 0.103873
v -0.088662 0.099230 0.101481
v -0.093291 0.102076 0.105426
v -0.087046 0.104921 0.096356
v -0.083999 0.110517 0.092606
v -0.088403 0.111043 0.098467
v -0.103348 0.106961 0.115945
v -0.099524 0.104815 0.116719
v -0.103608 0.100838 0.115593
v -0.106674 0.104988 0.113383
v -0.115945 0.100273 0.084402
v -0.112723 0.094567 0.089272
v -0.114317 0.098247 0.092440
v -0.089910 0.106460 0.102563
v -0.091372 0.103938 0.104545
v -0.095099 0.094199 0.099972
v -0.096681 0.098653 0.104796
v -0.100149 0.097945 0.108024
v -0.102487 0.094800 0.101252
v -0.113210 0.091829 0.082342
v -0.112731 0.085738 0.081312
v -0.110848 0.079672 0.082512
v -0.107099 0.085927 0.088495
v -0.111222 0.088329 0.085803
v -0.086444 0.099112 0.094876
v -0.109963 0.096032 0.098831
v -0.113747 0.099033 0.097852
v -0.094301 0.106372 0.107468
v -0.112392 0.097661 0.102540
v -0.107488 0.092027 0.092369
v -0.083604 0.096159 0.091001
v -0.086320 0.093927 0.094903
v -0.101632 0.089747 0.094258
v -0.102345 0.083510 0.090594
v -0.118760 0.114566 0.090287
v -0.119898 0.120054 0.084471
v -0.084841 0.101681 0.090169
v -0.095320 0.086041 0.093626
v -0.092182 0.111390 0.104327
v -0.089943 0.091302 0.096945
v -0.116693 0.112172 0.098566
v -0.116290 0.107584 0.095746
v -0.096560 0.102237 0.108321
v -0.120198 0.120044 0.079263
v -0.105709 0.079434 0.086199
v -0.096832 0.104608 0.110156
v -0.084679 0.105816 0.092152
v -0.114130 0.101438 0.102168
v -0.115933 0.102493 0.093049
v -0.113027 0.074056 0.076920
v -0.098432 0.101658 0.111375
v -0.098972 0.101801 0.114985
v -0.112569 0.097282 0.075600
v -0.115371 0.102159 0.076021
v -0.114736 0.106420 0.102723
v -0.113673 0.110529 0.104694
v -0.104873 0.111074 0.111926
v -0.105845 0.109181 0.113238
v -0.103476 0.111104 0.114417
v -0.112696 0.115534 0.104470
v -0.378239 0.037597 -0.082228
v -0.345755 0.038348 -0.046889
v -0.347507 0.038992 -0.041323
v -0.356591 0.037052 -0.081847
v -0.348443 0.037298 -0.071325
v -0.343274 0.038046 -0.081481
v -0.340917 0.037543 -0.072788
v -0.361658 0.037254 -0.051418
v -0.365507 0.036608 -0.063392
v -0.365924 0.036488 -0.074904
v -0.366899 0.036970 -0.084895
v -0.357925 0.037727 -0.100026
v -0.361841 0.037340 -0.093308
v -0.354300 0.038336 -0.093594
v -0.343003 0.039512 -0.094718
v -0.358342 0.036390 -0.070013
v -0.353731 0.036817 -0.059295
v -0.352397 0.037957 -0.048122
v -0.371167 0.036859 -0.071273
v -0.369336 0.037300 -0.093786
v -0.351354 0.037371 -0.053136
v -0.349467 0.038407 -0.087493
v -0.355469 0.037184 -0.052282
v -0.388322 0.039990 -0.212056
v -0.375135 0.039035 -0.215364
v -0.384509 0.039421 -0.219052
v -0.427478 0.040358 -0.171654
v -0.437336 0.039698 -0.176727
v -0.440809 0.039904 -0.162214
v -0.355917 0.034211 -0.200934
v -0.360277 0.035746 -0.208169
v -0.365079 0.037238 -0.197695
v -0.370275 0.037692 -0.225689
v -0.381324 0.038265 -0.228113
v -0.419342 0.039675 -0.215523
v -0.427450 0.039275 -0.217272
v -0.424434 0.040014 -0.206970
v -0.449541 0.038471 -0.180709
v -0.439133 0.039294 -0.188907
v -0.447814 0.038264 -0.193091
v -0.338613 0.033261 -0.205084
v -0.394038 0.039572 -0.218901
v -0.402977 0.039110 -0.222817
v -0.406165 0.039890 -0.215091
v -0.374991 0.039706 -0.199195
v -0.388723 0.040967 -0.199391
v -0.381204 0.040792 -0.190954
v -0.411844 0.040476 -0.205540
v -0.413395 0.039783 -0.214565
v -0.415068 0.040838 -0.169325
v -0.417023 0.040792 -0.181995
v -0.337341 0.033889 -0.193943
v -0.402491 0.041000 -0.197392
v -0.398807 0.040484 -0.208233
v -0.424616 0.039041 -0.225944
v -0.395627 0.038580 -0.226323
v -0.434906 0.039020 -0.213492
v -0.402190 0.041141 -0.182731
v -0.376793 0.040359 -0.179398
v -0.387646 0.041314 -0.183924
v -0.385521 0.041038 -0.175690
v -0.346207 0.032856 -0.200905
v -0.361401 0.036343 -0.216563
v -0.362843 0.036653 -0.224700
v -0.359172 0.035610 -0.190535
v -0.367574 0.037739 -0.208003
v -0.384598 0.040343 -0.163667
v -0.432914 0.039952 -0.185450
v -0.352745 0.034146 -0.188834
v -0.376123 0.040171 -0.190494
v -0.427256 0.040340 -0.184174
v -0.392336 0.041154 -0.173893
v -0.351732 0.033124 -0.214165
v -0.371853 0.039399 -0.190507
v -0.419822 0.040666 -0.194082
v -0.410653 0.040957 -0.192406
v -0.369634 0.038924 -0.173949
v -0.365973 0.038162 -0.183169
v -0.358192 0.035869 -0.180941
v -0.430383 0.040053 -0.195787
v -0.440557 0.038984 -0.200947
v -0.356842 0.034658 -0.232265
v -0.365879 0.036461 -0.232447
v -0.448228 0.038010 -0.202565
v -0.447369 0.037664 -0.213832
v -0.455939 0.037002 -0.198558
v 0.481694 0.037196 0.183628
v 0.475151 0.036850 0.181191
v 0.477144 0.036502 0.185850
v 0.501714 0.030813 0.231849
v 0.496824 0.030562 0.235347
v 0.508567 0.030726 0.238502
v 0.461895 0.035146 0.195355
v 0.465794 0.035492 0.190962
v 0.462438 0.035756 0.191314
v 0.509209 0.031890 0.225388
v 0.514417 0.031523 0.231424
v 0.515968 0.032529 0.223730
v 0.456160 0.036122 0.188839
v 0.458644 0.036047 0.186903
v 0.455343 0.036387 0.185153
v 0.459679 0.035488 0.190702
v 0.501499 0.034585 0.210690
v 0.510616 0.036084 0.202815
v 0.500035 0.036286 0.203390
v 0.494338 0.035360 0.204357
v 0.495704 0.036601 0.199518
v 0.510339 0.032773 0.220181
v 0.490812 0.031259 0.225455
v 0.488378 0.031021 0.231255
v 0.501254 0.036519 0.199973
v 0.498191 0.037029 0.196455
v 0.523548 0.032276 0.229087
v 0.469430 0.035966 0.187866
v 0.462805 0.036060 0.184927
v 0.496251 0.031207 0.227560
v 0.493448 0.031912 0.220808
v 0.461227 0.035619 0.188601
v 0.508063 0.034639 0.211062
v 0.507247 0.033661 0.215376
v 0.491477 0.036989 0.187617
v 0.494789 0.037048 0.193989
v 0.498811 0.036845 0.188740
v 0.483309 0.035866 0.196251
v 0.484305 0.034361 0.203360
v 0.489703 0.036017 0.198768
v 0.523979 0.033638 0.218577
v 0.514093 0.033976 0.215132
v 0.478364 0.035613 0.194309
v 0.478663 0.034538 0.199669
v 0.489280 0.034589 0.205046
v 0.458820 0.035883 0.188581
v 0.479024 0.033095 0.208240
v 0.504822 0.032647 0.219013
v 0.458043 0.036724 0.178801
v 0.487411 0.036426 0.193172
v 0.487372 0.036440 0.189887
v 0.473617 0.034032 0.201245
v 0.473435 0.033057 0.206925
v 0.485107 0.036134 0.191068
v 0.481360 0.036497 0.190388
v 0.484350 0.036299 0.193205
v 0.468442 0.034423 0.197475
v 0.469052 0.033566 0.203963
v 0.502925 0.031608 0.223625
v 0.496878 0.032726 0.216135
v 0.493363 0.034025 0.209376
v 0.535031 0.033306 0.223866
v 0.499469 0.036971 0.193561
v 0.467214 0.036915 0.180099
v 0.463533 0.036929 0.175515
v 0.467707 0.036578 0.183943
v 0.475343 0.035974 0.189383
v 0.503295 0.036623 0.196734
v 0.498176 0.031817 0.221852
v 0.499737 0.031416 0.225894
v 0.470511 0.033144 0.209914
v 0.488442 0.033073 0.211390
v 0.485683 0.036744 0.187536
v 0.506475 0.031141 0.229988
v 0.472144 0.036706 0.184668
v 0.472886 0.035126 0.194133
v 0.484921 0.031846 0.219094
v 0.490688 0.036327 0.193338
v 0.480893 0.031340 0.225620
v 0.477997 0.032177 0.218717
v 0.474418 0.032591 0.213059
v 0.483874 0.030986 0.230755
v -0.459666 0.021406 -0.310830
v -0.458178 0.019702 -0.321529
v -0.466834 0.020573 -0.314011
v -0.489993 0.029800 -0.369812
v -0.490034 0.029405 -0.366451
v -0.444613 0.020101 -0.323320
v -0.435780 0.021851 -0.319425
v -0.438332 0.020342 -0.326191
v -0.443267 0.023076 -0.309637
v -0.451280 0.021736 -0.312887
v -0.450421 0.018824 -0.327697
v -0.443959 0.018896 -0.329898
v -0.448223 0.017712 -0.336096
v -0.436994 0.019177 -0.331433
v -0.472851 0.019658 -0.333947
v -0.468226 0.018830 -0.332999
v -0.476873 0.020342 -0.335713
v -0.415950 0.025046 -0.312429
v -0.423187 0.023659 -0.317223
v -0.476335 0.025495 -0.360410
v -0.482634 0.026364 -0.358914
v -0.478189 0.023898 -0.352952
v -0.459674 0.022722 -0.303346
v -0.463114 0.018142 -0.338102
v -0.461332 0.018239 -0.331889
v -0.467008 0.019143 -0.326502
v -0.419359 0.025462 -0.307823
v -0.426376 0.024757 -0.308422
v -0.424855 0.025915 -0.302478
v -0.467222 0.020212 -0.348601
v -0.472688 0.021398 -0.348302
v -0.469357 0.019284 -0.341214
v -0.431092 0.019578 -0.333187
v -0.433482 0.018352 -0.338899
v -0.425790 0.018018 -0.345225
v -0.468099 0.024439 -0.363218
v -0.439762 0.022577 -0.314318
v -0.436980 0.023760 -0.310411
v -0.434976 0.017496 -0.344918
v -0.430032 0.021014 -0.327279
v -0.447812 0.018867 -0.355715
v -0.442677 0.019281 -0.360216
v -0.449454 0.024117 -0.301131
v -0.444397 0.024047 -0.304424
v -0.432740 0.023517 -0.312612
v -0.484007 0.025437 -0.353092
v -0.462665 0.021827 -0.358693
v -0.460321 0.017939 -0.343282
v -0.455298 0.017403 -0.339635
v -0.452423 0.017847 -0.349410
v -0.440735 0.017371 -0.341292
v -0.447118 0.017141 -0.343346
v -0.469431 0.022467 -0.355071
v -0.450096 0.020253 -0.321813
v -0.432918 0.026211 -0.297171
v -0.435043 0.024603 -0.305662
v -0.461677 0.018754 -0.347494
v -0.455295 0.018033 -0.331731
v -0.461096 0.019935 -0.352814
v -0.496854 0.030473 -0.365706
v -0.440563 0.018109 -0.335714
v -0.886981 0.006845 0.439488
v -0.883556 0.004632 0.442153
v -0.886562 0.004074 0.438245
v -0.840788 0.011954 0.340584
v -0.852082 0.011640 0.341643
v -0.849682 0.009972 0.358901
v -0.800229 0.007879 0.417013
v -0.794018 0.009996 0.391868
v -0.805017 0.006572 0.400610
v -0.875007 0.006287 0.391404
v -0.879214 0.003111 0.408040
v -0.863364 0.006351 0.403039
v -0.831821 0.002708 0.425892
v -0.847171 0.004708 0.417461
v -0.841550 0.005641 0.441545
v -0.874690 0.003263 0.411582
v -0.826710 0.003529 0.397765
v -0.831187 0.005527 0.374072
v -0.837589 0.004708 0.400275
v -0.850721 0.009179 0.380208
v -0.862968 0.009464 0.369953
v -0.870939 0.003030 0.419447
v -0.858295 0.004077 0.429964
v -0.839938 0.008405 0.362393
v -0.833861 0.010419 0.342554
v -0.885759 0.009714 0.453421
v -0.884680 0.007955 0.445888
v -0.880669 0.001732 0.420078
v -0.872771 0.001874 0.433750
v -0.862788 0.003466 0.445099
v -0.830427 0.007889 0.352092
v -0.865487 0.012929 0.332203
v -0.847908 0.007102 0.397678
v -0.841469 0.007617 0.383632
v -0.881402 0.005540 0.391567
v -0.811815 0.004805 0.423171
v -0.873907 0.007793 0.374606
v -0.821806 0.002996 0.417218
v -0.883252 0.000955 0.431630
v -0.884865 0.002320 0.437516
v -0.869647 0.003109 0.450744
v -0.814518 0.004329 0.396706
v -0.863428 0.010243 0.345831
v -0.856198 0.014927 0.302009
v -0.878674 0.002747 0.442811
v -0.880239 0.005224 0.450147
v -0.875296 0.003981 0.457000
v -0.868323 0.009130 0.360651
v -0.854116 0.013380 0.316319
v -0.838652 0.014020 0.317518
v -0.822894 0.007095 0.353316
v -0.818148 0.005237 0.371816
v -0.810399 0.009855 0.338986
v -0.823972 0.010093 0.334089
v -0.832496 0.011845 0.328851
v -0.804895 0.007499 0.371823
v -0.799690 0.010768 0.347445
v -0.789351 0.011284 0.416773
v -0.781024 0.013836 0.384855
v -0.878517 0.005547 0.460421
v -0.765274 0.017836 0.382361
v -0.888740 0.009573 0.416792
v -0.891757 0.011849 0.464333
v -0.752718 0.019733 0.351342
v 0.413283 0.032110 0.234853
v 0.415943 0.031932 0.229704
v 0.411833 0.032211 0.227469
v 0.415559 0.032325 0.225312
v 0.411890 0.032506 0.221849
v 0.403344 0.034140 0.211161
v 0.409446 0.034324 0.210248
v 0.406251 0.034976 0.206201
v 0.408712 0.036071 0.190229
v 0.407175 0.035988 0.195637
v 0.410558 0.036172 0.193014
v 0.398440 0.035793 0.196423
v 0.400954 0.035685 0.189581
v 0.396873 0.035862 0.187844
v 0.404306 0.035894 0.190385
v 0.391162 0.036221 0.192195
v 0.392662 0.035889 0.204949
v 0.390618 0.036352 0.198450
v 0.401613 0.034982 0.205245
v 0.398993 0.035534 0.203820
v 0.398927 0.035061 0.208704
v 0.403278 0.035774 0.201706
v 0.388333 0.034891 0.212031
v 0.394283 0.034433 0.212435
v 0.399022 0.033399 0.214901
v 0.414033 0.035019 0.206956
v 0.410733 0.034877 0.207086
v 0.384760 0.033852 0.218836
v 0.393336 0.033281 0.218794
v 0.405152 0.033034 0.215470
v 0.408654 0.035614 0.201054
v 0.413479 0.036252 0.196759
v 0.419420 0.031883 0.233380
v 0.422914 0.031990 0.238466
v 0.423717 0.032062 0.232979
v 0.390317 0.033143 0.222889
v 0.397446 0.032576 0.236875
v 0.399272 0.032563 0.230583
v 0.394058 0.032714 0.232935
v 0.412947 0.033498 0.215697
v 0.401420 0.032522 0.222426
v 0.386824 0.033050 0.226334
v 0.378323 0.033279 0.230539
v 0.371806 0.033550 0.235954
v 0.380282 0.033599 0.238418
v 0.371275 0.033545 0.230855
v 0.394320 0.032770 0.225329
v 0.420751 0.034404 0.213840
v 0.423948 0.035615 0.206294
v 0.416735 0.034884 0.209539
v 0.372921 0.033556 0.227110
v 0.386043 0.036323 0.200956
v 0.386013 0.036182 0.205475
v 0.407498 0.032297 0.219605
v 0.376142 0.034113 0.218100
v 0.378741 0.033328 0.224455
v 0.380556 0.034606 0.215330
v 0.417677 0.032137 0.240642
v 0.412185 0.036577 0.189501
v 0.393011 0.032473 0.229549
v 0.409300 0.035964 0.186329
v 0.370775 0.033654 0.242416
v 0.421521 0.031873 0.229535
v 0.424170 0.032328 0.227862
v 0.420801 0.032457 0.225750
v 0.404661 0.035723 0.183220
v 0.383093 0.035572 0.208377
v 0.383077 0.034977 0.212970
v 0.415934 0.036470 0.190107
v 0.396772 0.035915 0.179934
v 0.406049 0.032198 0.230547
v 0.407873 0.032521 0.224249
v 0.406892 0.036070 0.187080
v 0.387710 0.033136 0.232754
v 0.392148 0.032957 0.235724
v 0.388042 0.033530 0.237100
v 0.418057 0.036013 0.202815
v 0.418566 0.032189 0.227405
v 0.402879 0.032087 0.231871
v 0.391564 0.033319 0.239953
v 0.426392 0.035846 0.201433
v 0.423785 0.036165 0.199321
v 0.419529 0.036387 0.194699
v 0.422393 0.032669 0.223280
v 0.425201 0.035126 0.210593
v 0.418148 0.033146 0.221418
v 0.402878 0.032282 0.234825
v 0.401848 0.032519 0.241322
v 0.407288 0.032195 0.238023
v 0.412090 0.035581 0.203700
v 0.426647 0.034485 0.213729
v 0.423557 0.033387 0.218753
v 0.411466 0.032392 0.243213
v -0.635148 0.031081 0.250720
v -0.642064 0.029452 0.252429
v -0.630076 0.032255 0.249646
v -0.633606 0.031749 0.245453
v -0.645248 0.026900 0.276401
v -0.640501 0.027312 0.280168
v -0.659676 0.025931 0.256092
v -0.650814 0.027331 0.258957
v -0.651439 0.027746 0.250545
v -0.624669 0.032712 0.257604
v -0.644301 0.029721 0.244409
v -0.635701 0.028116 0.278289
v -0.635813 0.027694 0.284387
v -0.651139 0.026826 0.264275
v -0.645128 0.028065 0.263875
v -0.653476 0.025941 0.275217
v -0.648620 0.026895 0.269463
v -0.628399 0.031284 0.263877
v -0.632776 0.030449 0.264104
v -0.615253 0.034441 0.258889
v -0.644473 0.030269 0.237610
v -0.629728 0.030695 0.268395
v -0.645382 0.026470 0.283896
v -0.653792 0.027755 0.244003
v -0.658662 0.025154 0.281780
v -0.631222 0.031188 0.259280
v -0.631914 0.029618 0.272935
v -0.660221 0.025456 0.273786
v -0.622023 0.033058 0.260232
v -0.663290 0.024494 0.275068
v -0.642466 0.027697 0.272926
v -0.640283 0.028435 0.269046
v -0.666573 0.024122 0.277788
v -0.644732 0.025946 0.297934
v -0.674554 0.023456 0.290919
v -0.640764 0.031515 0.229994
v -0.639810 0.031288 0.235065
v -0.625990 0.030451 0.273703
v -0.636210 0.030320 0.259415
v -0.637205 0.029515 0.263317
v -0.637640 0.031507 0.240221
v -0.619668 0.031959 0.271817
v -0.637597 0.027158 0.290413
v -0.641666 0.029270 0.258321
v -0.618363 0.034482 0.253739
v -0.646437 0.028197 0.254707
v -0.619046 0.035137 0.246773
v -0.626405 0.033481 0.246887
v -0.633342 0.031661 0.253334
v -0.630383 0.033087 0.241099
v -0.639338 0.032057 0.225133
v -0.634724 0.032811 0.229762
v -0.635554 0.032478 0.233450
v -0.634328 0.032196 0.236899
v 0.408838 0.016934 -0.543779
v 0.402494 0.021307 -0.516439
v 0.446985 0.019500 -0.517771
v 0.439688 0.015813 -0.543894
v 0.474522 0.014463 -0.538046
v 0.519173 0.014027 -0.550959
v 0.516584 0.016429 -0.531355
v 0.540701 0.016366 -0.541069
v 0.412019 0.024027 -0.488587
v 0.427468 0.025332 -0.469673
v 0.436603 0.023389 -0.490569
v 0.498434 0.016275 -0.527170
v 0.500777 0.012921 -0.550410
v 0.492158 0.011975 -0.565384
v 0.502045 0.011928 -0.568180
v 0.490784 0.012673 -0.573298
v 0.436734 0.026874 -0.442385
v 0.405241 0.026088 -0.463359
v 0.419951 0.014140 -0.563658
v 0.574513 0.018743 -0.525910
v 0.590235 0.020842 -0.493016
v 0.624898 0.018485 -0.516019
v 0.530216 0.013511 -0.564745
v 0.536715 0.013834 -0.572478
v 0.520816 0.013001 -0.575916
v 0.460820 0.013352 -0.575917
v 0.451909 0.013720 -0.570347
v 0.469353 0.012634 -0.566730
v 0.478236 0.013049 -0.575039
v 0.483044 0.011955 -0.559195
v 0.505786 0.019483 -0.506067
v 0.479544 0.018875 -0.511710
v 0.478696 0.022425 -0.486596
v 0.516375 0.028915 -0.371980
v 0.485081 0.028337 -0.382330
v 0.504864 0.029176 -0.347521
v 0.625585 0.028261 -0.381708
v 0.643635 0.026480 -0.408444
v 0.612669 0.027077 -0.405936
v 0.495278 0.013185 -0.575917
v 0.510586 0.012582 -0.575917
v 0.575451 0.029101 -0.367562
v 0.604146 0.030056 -0.344456
v 0.598140 0.028416 -0.380810
v 0.474090 0.027581 -0.422211
v 0.508537 0.027113 -0.417212
v 0.495815 0.025280 -0.448728
v 0.561706 0.025938 -0.434579
v 0.603431 0.023491 -0.458937
v 0.535746 0.022968 -0.474590
v 0.429245 0.013300 -0.575916
v 0.434407 0.013693 -0.571187
v 0.438683 0.013722 -0.575917
v 0.386461 0.024212 -0.494205
v 0.514094 0.012355 -0.564857
v 0.525494 0.025860 -0.438095
v 0.490761 0.017591 -0.518601
v 0.448646 0.014194 -0.558044
v 0.537956 0.027476 -0.411092
v 0.547049 0.028987 -0.373139
v 0.572851 0.027628 -0.401757
v 0.423172 0.013048 -0.575917
v 0.417846 0.012975 -0.575916
v 0.371229 0.025485 -0.472623
v 0.533086 0.030057 -0.339262
v 0.445859 0.013893 -0.575916
v 0.454240 0.013657 -0.575916
v 0.614122 0.012686 -0.571094
v 0.567585 0.015097 -0.565158
v 0.626574 0.015566 -0.547470
v 0.479646 0.013344 -0.575917
v 0.485458 0.013505 -0.575917
v 0.536040 0.019595 -0.511710
v 0.640275 0.011592 -0.575917
v 0.517003 0.012934 -0.575917
v 0.502769 0.028384 -0.397244
v 0.557701 0.013564 -0.575917
v 0.544630 0.013794 -0.575917
v 0.556934 0.020834 -0.499776
v 0.457883 0.025208 -0.460586
v 0.539009 0.013820 -0.575915
v 0.530556 0.013479 -0.575916
v 0.521526 0.028371 -0.393796
v 0.411598 0.012668 -0.575917
v 0.563847 0.030402 -0.336555
v 0.626204 0.011827 -0.575917
v 0.618402 0.011976 -0.575917
v 0.470243 0.013063 -0.575917
v 0.389519 0.013580 -0.568100
v 0.406002 0.012453 -0.575918
v 0.390056 0.012258 -0.575917
v 0.532675 0.013532 -0.575917
v 0.659801 0.023401 -0.455482
v 0.649031 0.020975 -0.487940
v 0.632203 0.025283 -0.430575
v 0.597141 0.025683 -0.427910
v 0.618304 0.011979 -0.575917
v 0.598773 0.012437 -0.575917
v 0.584260 0.012888 -0.575917
v 0.635290 0.029083 -0.360994
v 0.570750 0.013209 -0.575916
v -0.456641 0.036158 -0.221849
v -0.417059 0.037232 -0.244966
v -0.429278 0.037958 -0.239219
v -0.419344 0.038339 -0.233822
v -0.465489 0.032264 -0.262464
v -0.459192 0.031987 -0.266768
v -0.467528 0.029950 -0.269481
v -0.395251 0.034832 -0.245447
v -0.397028 0.036651 -0.238182
v -0.385813 0.035678 -0.240258
v -0.406829 0.036682 -0.241092
v -0.458957 0.029684 -0.274479
v -0.422719 0.036256 -0.254087
v -0.432281 0.036240 -0.253238
v -0.479164 0.032349 -0.250439
v -0.471671 0.033530 -0.249665
v -0.403668 0.038255 -0.230869
v -0.392452 0.037556 -0.232806
v -0.431774 0.038715 -0.225510
v -0.479157 0.030094 -0.262492
v -0.417098 0.034678 -0.265310
v -0.419200 0.033007 -0.273744
v -0.426990 0.034069 -0.268161
v -0.408944 0.035609 -0.250193
v -0.412852 0.035286 -0.255839
v -0.386224 0.033023 -0.250832
v -0.465727 0.034368 -0.245785
v -0.458227 0.027965 -0.280309
v -0.465320 0.027630 -0.277663
v -0.462142 0.035248 -0.229819
v -0.454477 0.036072 -0.234655
v -0.460008 0.035255 -0.240695
v -0.414996 0.037775 -0.238033
v -0.412255 0.038153 -0.233334
v -0.403744 0.033926 -0.256255
v -0.440381 0.037840 -0.229503
v -0.396907 0.032431 -0.261334
v -0.395209 0.032967 -0.254093
v -0.446734 0.036615 -0.240146
v -0.449323 0.036798 -0.228694
v -0.450908 0.031358 -0.271683
v -0.439459 0.033137 -0.268842
v -0.443745 0.030736 -0.276042
v -0.450984 0.033610 -0.263053
v -0.439402 0.029998 -0.280761
v -0.448518 0.028883 -0.281093
v -0.468390 0.034671 -0.235318
v -0.437097 0.031054 -0.276483
v -0.464743 0.033767 -0.254675
v -0.455716 0.034824 -0.252702
v -0.453989 0.027212 -0.285529
v -0.448376 0.027145 -0.287796
v -0.443569 0.035622 -0.254675
v -0.451713 0.035768 -0.245565
v -0.458716 0.033471 -0.259991
v -0.432798 0.034912 -0.262363
v -0.401931 0.034687 -0.249529
v -0.431394 0.030396 -0.280675
v -0.428055 0.032129 -0.275769
v -0.452633 0.037348 -0.205662
v -0.438165 0.036923 -0.244666
v -0.426016 0.035344 -0.261121
v -0.448797 0.025095 -0.296826
v -0.442809 0.026526 -0.292863
v -0.388341 0.031763 -0.259830
v -0.473013 0.030587 -0.264312
v -0.443035 0.027668 -0.287970
v 0.464151 0.033722 0.205218
v 0.459662 0.033941 0.205752
v 0.460265 0.033550 0.210814
v 0.466579 0.033260 0.209997
v 0.470511 0.033144 0.209914
v 0.469052 0.033566 0.203963
v 0.464937 0.034429 0.200300
v 0.456707 0.034565 0.202417
v 0.458053 0.034555 0.198559
v 0.451921 0.035296 0.199102
v 0.461777 0.034283 0.202649
v 0.488378 0.031021 0.231255
v 0.483874 0.030986 0.230755
v 0.485089 0.030661 0.240311
v 0.468442 0.034423 0.197475
v 0.472302 0.031795 0.225597
v 0.470642 0.031106 0.229819
v 0.475599 0.031583 0.228040
v 0.446351 0.035437 0.195431
v 0.446263 0.035379 0.199951
v 0.461036 0.034395 0.200053
v 0.454792 0.031727 0.231791
v 0.459318 0.031118 0.236752
v 0.459635 0.031366 0.232935
v 0.468602 0.032457 0.213993
v 0.470886 0.032422 0.216347
v 0.471904 0.030439 0.243156
v 0.469473 0.030851 0.240082
v 0.465928 0.030823 0.242752
v 0.480893 0.031340 0.225620
v 0.477997 0.032177 0.218717
v 0.454472 0.034196 0.207932
v 0.454648 0.034030 0.211959
v 0.456313 0.035410 0.196098
v 0.454432 0.032557 0.223482
v 0.451610 0.032470 0.226916
v 0.459147 0.031806 0.228509
v 0.447839 0.034935 0.204819
v 0.441840 0.034744 0.208882
v 0.448962 0.034302 0.210902
v 0.461895 0.035146 0.195355
v 0.459679 0.035488 0.190702
v 0.456647 0.035424 0.192928
v 0.480203 0.030504 0.242054
v 0.477055 0.030152 0.251621
v 0.481926 0.030132 0.248980
v 0.474418 0.032591 0.213059
v 0.453794 0.036551 0.188182
v 0.452799 0.036045 0.190531
v 0.456160 0.036122 0.188839
v 0.475698 0.030448 0.243928
v 0.477652 0.030921 0.235503
v 0.472599 0.030851 0.236824
v 0.451118 0.036082 0.187264
v 0.452453 0.035420 0.194276
v 0.448909 0.036196 0.191098
v 0.481051 0.030782 0.233935
v 0.464965 0.032575 0.217649
v 0.444284 0.034198 0.215171
v 0.439532 0.032354 0.233282
v 0.441749 0.032182 0.240544
v 0.444671 0.032195 0.232583
v 0.449139 0.032099 0.229806
v 0.452177 0.031513 0.234955
v 0.448590 0.032807 0.223051
v 0.444406 0.032844 0.225736
v 0.449675 0.031967 0.244261
v 0.448756 0.031621 0.238477
v 0.441872 0.035121 0.202786
v 0.464786 0.031682 0.227053
v 0.465762 0.031051 0.234618
v 0.467658 0.031434 0.229148
v 0.456744 0.031301 0.242043
v 0.464112 0.030924 0.248332
v 0.468600 0.032305 0.217534
v 0.478536 0.031025 0.230425
v 0.449724 0.033556 0.219706
v 0.443374 0.033741 0.220296
v 0.491105 0.030294 0.243196
v 0.438348 0.033320 0.222311
v 0.442019 0.035558 0.199216
v 0.455343 0.036387 0.185153
v 0.452755 0.033944 0.215773
v 0.443327 0.036065 0.189712
v 0.439629 0.035455 0.194899
v 0.439026 0.032473 0.227898
v 0.464194 0.032581 0.220808
v 0.465220 0.032115 0.222526
v 0.473337 0.032105 0.220311
v 0.468932 0.031813 0.223294
v 0.461234 0.032066 0.222389
v 0.442538 0.035026 0.205519
v 0.470904 0.030304 0.249631
v 0.456027 0.032918 0.219725
v 0.456872 0.033679 0.214123
v 0.496824 0.030562 0.235347
v 0.459064 0.033027 0.216763
v -0.407312 0.041081 -0.140929
v -0.391022 0.040756 -0.149233
v -0.400260 0.039507 -0.112110
v -0.392756 0.039471 -0.113420
v -0.395503 0.039996 -0.119742
v -0.340965 0.035992 -0.141596
v -0.341716 0.035885 -0.134545
v -0.416271 0.040947 -0.155960
v -0.375973 0.039238 -0.157152
v -0.388075 0.038471 -0.102390
v -0.395618 0.039108 -0.107890
v -0.379103 0.039913 -0.147347
v -0.408694 0.040192 -0.120215
v -0.395947 0.040553 -0.128381
v -0.371888 0.038483 -0.125998
v -0.368589 0.037799 -0.119458
v -0.364227 0.036552 -0.129582
v -0.342264 0.036663 -0.125575
v -0.340441 0.038671 -0.114523
v -0.341896 0.035776 -0.164701
v -0.334374 0.037443 -0.160014
v -0.341994 0.036333 -0.152641
v -0.351728 0.035238 -0.155543
v -0.348481 0.035284 -0.145291
v -0.341308 0.034934 -0.175136
v -0.344079 0.033766 -0.185979
v -0.326956 0.038441 -0.160966
v -0.358398 0.035424 -0.142865
v -0.387505 0.040680 -0.137584
v -0.374848 0.039250 -0.134199
v -0.358805 0.035931 -0.160455
v -0.367108 0.037571 -0.153863
v -0.375413 0.037715 -0.102998
v -0.381975 0.039511 -0.120127
v -0.359074 0.035900 -0.152136
v -0.427155 0.040530 -0.160531
v -0.349262 0.034807 -0.134875
v -0.352197 0.036984 -0.116004
v -0.354135 0.035155 -0.125975
v -0.360269 0.036656 -0.119229
v -0.350044 0.038952 -0.104471
v -0.385478 0.040415 -0.144953
v -0.339851 0.039572 -0.104977
v -0.356363 0.034850 -0.132905
v -0.372073 0.037973 -0.112472
v -0.368558 0.037713 -0.141326
v -0.354300 0.038336 -0.093594
v -0.399400 0.039032 -0.102075
v -0.418818 0.040687 -0.128225
v -0.406536 0.039433 -0.107542
v 0.710122 0.034483 -0.039004
v 0.703173 0.035589 0.004143
v 0.741000 0.033872 -0.015875
v 0.766842 0.034749 0.029506
v 0.744156 0.035388 0.039449
v 0.758350 0.035016 0.059935
v 0.752049 0.031474 -0.042808
v 0.733303 0.032814 -0.046693
v 0.893953 0.022394 -0.142270
v 0.890306 0.023890 -0.125995
v 0.893950 0.023153 -0.130802
v 0.893951 0.021422 -0.158725
v 0.875102 0.025755 -0.142518
v 0.869622 0.026540 -0.055410
v 0.858436 0.029610 -0.101666
v 0.841062 0.031145 -0.068607
v 0.852820 0.029033 -0.137117
v 0.850231 0.029256 -0.157766
v 0.838712 0.030491 -0.148136
v 0.718069 0.035624 0.052346
v 0.832284 0.028064 0.015865
v 0.858141 0.024778 0.004640
v 0.838455 0.030161 -0.029940
v 0.893951 0.023892 -0.113029
v 0.893951 0.023644 -0.119865
v 0.800739 0.031970 0.022556
v 0.821933 0.028922 0.048316
v 0.851980 0.023946 0.024623
v 0.788408 0.029771 -0.072616
v 0.789359 0.029710 -0.083407
v 0.779003 0.028232 -0.078195
v 0.796180 0.031934 -0.076465
v 0.808994 0.033723 -0.086520
v 0.795427 0.031665 -0.096172
v 0.776768 0.032753 -0.012639
v 0.809217 0.032263 -0.010959
v 0.798146 0.031845 -0.033177
v 0.813020 0.032154 -0.038641
v 0.802429 0.032407 -0.058605
v 0.819803 0.032894 -0.062945
v 0.828228 0.033202 -0.086209
v 0.756420 0.034459 0.006487
v 0.738111 0.035316 0.017653
v 0.781798 0.029031 -0.059626
v 0.765887 0.028967 -0.061907
v 0.771485 0.030301 -0.040075
v 0.863529 0.026769 -0.174941
v 0.893951 0.021057 -0.171062
v 0.823532 0.033266 -0.105647
v 0.865316 0.021599 0.027155
v 0.893951 0.023504 -0.073695
v 0.893951 0.023272 -0.065080
v 0.778635 0.028346 -0.097288
v 0.770051 0.029367 -0.111151
v 0.764277 0.028865 -0.086080
v 0.874889 0.021721 0.010170
v 0.876368 0.023516 -0.017046
v 0.803750 0.032572 -0.113106
v 0.783777 0.029168 -0.109028
v 0.787578 0.030025 -0.122218
v 0.787549 0.029628 -0.102525
v 0.792491 0.030907 -0.110007
v 0.821363 0.031726 -0.133564
v 0.786879 0.028967 -0.092840
v 0.695429 0.034777 -0.069843
v 0.716874 0.033795 -0.075062
v 0.893951 0.023936 -0.109003
v 0.762168 0.032326 -0.025188
v 0.800205 0.030675 -0.136115
v 0.893951 0.023711 -0.090545
v 0.888197 0.021005 0.006547
v 0.742647 0.031357 -0.071366
v 0.795650 0.032862 0.064279
v 0.893950 0.021013 0.000623
v 0.893951 0.021307 -0.008308
v 0.750344 0.031102 -0.100559
v 0.727605 0.033259 -0.112047
v 0.788582 0.030691 -0.043033
v 0.792027 0.030765 -0.062246
v 0.849533 0.024185 0.044344
v 0.673249 0.035314 -0.040336
v 0.893952 0.022958 -0.055138
v 0.893950 0.022627 -0.046558
v 0.893951 0.021520 -0.018278
v 0.893951 0.020795 0.007079
v 0.893951 0.020617 0.012402
v 0.663726 0.036137 0.008208
v 0.673430 0.036468 0.038594
v 0.893951 0.020711 0.019541
v 0.893951 0.024147 0.056928
v 0.893951 0.022843 0.051885
v 0.893006 0.024409 0.059108
v 0.893126 0.020690 0.027999
v 0.893951 0.020856 0.032071
v 0.893951 0.020872 0.027229
v 0.893951 0.020941 0.041199
v 0.887297 0.020232 0.046998
v 0.882447 0.023266 0.063818
v 0.888459 0.019925 0.033911
v 0.881363 0.019926 0.027351
v 0.869645 0.021097 0.046194
v 0.880670 0.020157 0.043250
v 0.860404 0.024394 0.067327
v 0.875888 0.021707 0.057603
v 0.893951 0.020738 0.024020
v 0.893951 0.020754 0.025521
v 0.835644 0.029026 0.083246
v 0.871813 0.024355 0.072667
v 0.472048 0.041827 0.100177
v 0.469954 0.041880 0.096104
v 0.464350 0.041294 0.099681
v 0.468025 0.041922 0.092040
v 0.476523 0.042135 0.094435
v 0.471887 0.041528 0.105269
v 0.475975 0.041874 0.103097
v 0.465830 0.041208 0.106792
v 0.460755 0.040656 0.110817
v 0.467222 0.040555 0.113735
v 0.447814 0.039381 0.108668
v 0.454534 0.039779 0.113269
v 0.453312 0.040332 0.104486
v 0.519122 0.039740 0.132720
v 0.515080 0.039813 0.129678
v 0.515087 0.039613 0.135546
v 0.533226 0.038594 0.140568
v 0.530148 0.039130 0.130417
v 0.526963 0.039044 0.140345
v 0.504544 0.039129 0.136155
v 0.505284 0.038962 0.132725
v 0.501014 0.039140 0.133553
v 0.501191 0.039425 0.128231
v 0.505574 0.039999 0.124985
v 0.502387 0.040387 0.121555
v 0.509397 0.039493 0.134911
v 0.512880 0.039252 0.140520
v 0.459665 0.041141 0.102836
v 0.458752 0.040972 0.098884
v 0.445643 0.039936 0.100931
v 0.442170 0.039979 0.104083
v 0.507296 0.040744 0.120165
v 0.449831 0.041288 0.084606
v 0.449347 0.040769 0.090504
v 0.458152 0.041202 0.089979
v 0.439539 0.040686 0.091571
v 0.438179 0.040219 0.097994
v 0.477768 0.041721 0.099174
v 0.485727 0.040838 0.112889
v 0.484707 0.041524 0.107282
v 0.480968 0.041081 0.110709
v 0.476949 0.041202 0.107739
v 0.476606 0.040624 0.113982
v 0.438787 0.041039 0.081689
v 0.444028 0.040758 0.090252
v 0.430373 0.041446 0.087204
v 0.457563 0.041234 0.094821
v 0.435057 0.040849 0.092356
v 0.490074 0.040412 0.122301
v 0.492022 0.040432 0.118950
v 0.487561 0.040216 0.120184
v 0.492251 0.041576 0.108336
v 0.496973 0.041691 0.109871
v 0.491410 0.041995 0.103193
v 0.484717 0.040277 0.122036
v 0.481281 0.040430 0.117911
v 0.481483 0.039604 0.124770
v 0.462965 0.041508 0.094419
v 0.487903 0.039663 0.128467
v 0.474137 0.039984 0.119096
v 0.476886 0.039144 0.122208
v 0.454313 0.040949 0.098250
v 0.436631 0.040066 0.104422
v 0.496814 0.040585 0.120735
v 0.493307 0.040640 0.123504
v 0.506860 0.040956 0.115997
v 0.488159 0.040875 0.116736
v 0.492100 0.041282 0.113238
v 0.521740 0.039720 0.126319
v 0.499488 0.041036 0.116427
v 0.496134 0.041304 0.114155
v 0.470294 0.041129 0.110181
v 0.508499 0.039638 0.128380
v 0.516030 0.040139 0.121575
v 0.510459 0.040191 0.121272
v 0.490236 0.040324 0.124831
v 0.523678 0.039603 0.133167
v 0.487477 0.041325 0.104771
v 0.488867 0.041525 0.108127
v 0.473281 0.039240 0.123210
v 0.442496 0.039517 0.110363
v 0.447544 0.040395 0.095681
v 0.497208 0.039840 0.125314
v 0.492929 0.039881 0.126691
v 0.495496 0.039618 0.130573
v 0.503944 0.039712 0.130540
v 0.425053 0.041508 0.074872
v 0.514335 0.040521 0.116385
v 0.510588 0.040688 0.116863
v 0.463550 0.040127 0.115239
v 0.465640 0.039457 0.119884
v 0.495397 0.041125 0.116854
v 0.487866 0.039999 0.123573
v 0.459969 0.039999 0.117410
v 0.519616 0.039213 0.139574
v 0.523676 0.038791 0.148143
v 0.502877 0.041336 0.113210
v 0.503246 0.041217 0.116995
v 0.485219 0.040386 0.117783
v 0.480568 0.041297 0.104689
v 0.484567 0.041835 0.102465
v 0.472222 0.040485 0.114511
v 0.470780 0.039681 0.119224
v 0.504501 0.039268 0.128181
v 0.531105 0.038311 0.148961
v 0.541811 0.037372 0.147954
v 0.536827 0.038496 0.135376
v -0.404006 0.027876 -0.296833
v -0.405597 0.026786 -0.304300
v -0.414689 0.026841 -0.300431
v -0.401313 0.026115 -0.311394
v -0.432689 0.028373 -0.287981
v -0.424068 0.027160 -0.295809
v -0.411548 0.025851 -0.309171
v -0.319900 0.037698 -0.211818
v -0.317182 0.037941 -0.221357
v -0.327849 0.035745 -0.209613
v -0.324772 0.036021 -0.225169
v -0.333851 0.033294 -0.226989
v -0.331465 0.034502 -0.218204
v -0.340126 0.032330 -0.215238
v -0.416339 0.028364 -0.291970
v -0.327229 0.034415 -0.235248
v -0.335143 0.032276 -0.235793
v -0.343177 0.032040 -0.228620
v -0.396572 0.027121 -0.304482
v -0.392492 0.026433 -0.310459
v -0.387665 0.026464 -0.312385
v -0.323812 0.036532 -0.201861
v -0.407432 0.029342 -0.289022
v -0.406117 0.030638 -0.283760
v -0.402090 0.029645 -0.287108
v -0.378540 0.026173 -0.316400
v -0.386834 0.027008 -0.307387
v -0.418790 0.030682 -0.282459
v -0.407638 0.032269 -0.275131
v -0.395838 0.030020 -0.283579
v -0.397816 0.028862 -0.290527
v -0.378043 0.027371 -0.305557
v -0.387057 0.027984 -0.297075
v -0.391447 0.028957 -0.290088
v -0.365540 0.026574 -0.316873
v -0.358854 0.027089 -0.313776
v -0.372404 0.028180 -0.299690
v -0.365517 0.027454 -0.307724
v -0.385719 0.029010 -0.288465
v -0.391833 0.031228 -0.271036
v -0.350114 0.028105 -0.309543
v -0.364386 0.028544 -0.298364
v -0.354882 0.028800 -0.300836
v -0.373464 0.028999 -0.291391
v -0.358200 0.029565 -0.292524
v -0.381283 0.029902 -0.281657
v -0.340232 0.031056 -0.242178
v -0.331216 0.032768 -0.243600
v -0.370913 0.035552 -0.241523
v -0.363384 0.034226 -0.246853
v -0.366787 0.033813 -0.253853
v -0.377306 0.033886 -0.248231
v -0.366868 0.030411 -0.283302
v -0.334647 0.028714 -0.309232
v -0.325561 0.028523 -0.312047
v -0.349936 0.032410 -0.235828
v -0.353299 0.033923 -0.225623
v -0.343794 0.030057 -0.296212
v -0.375677 0.031225 -0.273956
v -0.381197 0.031413 -0.266039
v -0.371336 0.032339 -0.266431
v -0.356967 0.033188 -0.251241
v -0.321922 0.035481 -0.242552
v -0.318894 0.036783 -0.232821
v -0.309103 0.029065 -0.309230
v -0.353771 0.030828 -0.286207
v -0.369734 0.033082 -0.260713
v -0.362455 0.033265 -0.264533
v -0.354149 0.033230 -0.260330
v -0.345007 0.031859 -0.284624
v -0.357757 0.032333 -0.275599
v -0.348706 0.031556 -0.247126
v -0.339654 0.031336 -0.251758
v -0.334852 0.031876 -0.248383
v -0.323933 0.029918 -0.301676
v -0.333320 0.031870 -0.287683
v -0.322730 0.032023 -0.288415
v -0.348069 0.033263 -0.269244
v -0.341340 0.033034 -0.263671
v -0.346780 0.032135 -0.256637
v -0.309981 0.031025 -0.294737
v -0.315429 0.033345 -0.280091
v -0.330433 0.034121 -0.271539
v -0.341152 0.033001 -0.277730
v -0.328439 0.033226 -0.280635
v -0.336772 0.032670 -0.258662
v -0.327736 0.033835 -0.252530
v -0.326972 0.034485 -0.262075
v -0.300937 0.032382 -0.285560
v -0.316411 0.036392 -0.247934
v -0.405425 0.033382 -0.264846
v 0.671215 0.035206 -0.148680
v 0.658835 0.035547 -0.117185
v 0.694937 0.034467 -0.112645
v 0.807418 0.029319 -0.265869
v 0.821451 0.030287 -0.279613
v 0.803910 0.027271 -0.287286
v 0.710031 0.027853 -0.355984
v 0.712795 0.025732 -0.402083
v 0.692001 0.027445 -0.375666
v 0.668599 0.027342 -0.385930
v 0.681186 0.028767 -0.354499
v 0.639017 0.035465 -0.158200
v 0.669722 0.034880 -0.179443
v 0.639856 0.034897 -0.197022
v 0.612640 0.031664 -0.306873
v 0.617491 0.032922 -0.276055
v 0.634441 0.032107 -0.292562
v 0.677178 0.035208 -0.084711
v 0.695429 0.034777 -0.069843
v 0.695373 0.025073 -0.424186
v 0.784237 0.023501 -0.386917
v 0.765602 0.023546 -0.385925
v 0.766687 0.024154 -0.361187
v 0.752323 0.031373 -0.133327
v 0.776269 0.029461 -0.134031
v 0.771553 0.028421 -0.156915
v 0.654877 0.033124 -0.271751
v 0.692122 0.034401 -0.160453
v 0.785743 0.027698 -0.169199
v 0.794443 0.028184 -0.186099
v 0.775163 0.027971 -0.182315
v 0.693456 0.034283 -0.186311
v 0.708417 0.033485 -0.169432
v 0.715578 0.032902 -0.193096
v 0.630429 0.030945 -0.320662
v 0.654000 0.029711 -0.342387
v 0.629291 0.029982 -0.341928
v 0.789409 0.024737 -0.358462
v 0.684742 0.030039 -0.324588
v 0.692581 0.032519 -0.283169
v 0.716215 0.029485 -0.314443
v 0.683380 0.034091 -0.249199
v 0.703248 0.033699 -0.226688
v 0.715101 0.032713 -0.252591
v 0.745011 0.024900 -0.385109
v 0.636464 0.034121 -0.236154
v 0.590454 0.034609 -0.228766
v 0.605475 0.034556 -0.205700
v 0.784032 0.025675 -0.254025
v 0.791665 0.026072 -0.270702
v 0.771884 0.025366 -0.270321
v 0.658874 0.031454 -0.303651
v 0.801294 0.026719 -0.313537
v 0.836187 0.028207 -0.318011
v 0.806337 0.026465 -0.342531
v 0.679007 0.034560 -0.208676
v 0.635290 0.029083 -0.360994
v 0.829008 0.029814 -0.293599
v 0.818095 0.028630 -0.299745
v 0.726352 0.030319 -0.283257
v 0.742870 0.028070 -0.307556
v 0.783164 0.025399 -0.335893
v 0.762936 0.026153 -0.326600
v 0.795818 0.027032 -0.250298
v 0.810324 0.030226 -0.244314
v 0.739750 0.026995 -0.342109
v 0.739548 0.030064 -0.222368
v 0.716874 0.033795 -0.075062
v 0.727605 0.033259 -0.112047
v 0.779033 0.025735 -0.314658
v 0.795419 0.028263 -0.167520
v 0.788591 0.028199 -0.152233
v 0.800205 0.030675 -0.136115
v 0.806358 0.029522 -0.163172
v 0.765156 0.025860 -0.299101
v 0.782769 0.026772 -0.208585
v 0.792029 0.026477 -0.221923
v 0.785142 0.025498 -0.234139
v 0.604146 0.030056 -0.344456
v 0.678618 0.034136 -0.230159
v 0.720066 0.023538 -0.452728
v 0.770051 0.029367 -0.111151
v 0.798813 0.027277 -0.232043
v 0.788433 0.029633 -0.135684
v 0.727553 0.032554 -0.153815
v 0.709330 0.033691 -0.143762
v 0.822971 0.031868 -0.257309
v 0.750595 0.026867 -0.277240
v 0.582556 0.034260 -0.259314
v 0.769051 0.022696 -0.412947
v 0.753386 0.022883 -0.435826
v 0.756339 0.026541 -0.250361
v 0.585655 0.032115 -0.301347
v 0.563847 0.030402 -0.336555
v 0.786021 0.025235 -0.292329
v 0.844364 0.031187 -0.275304
v 0.835529 0.032505 -0.245671
v 0.773049 0.025466 -0.246407
v 0.766783 0.026459 -0.226163
v 0.823927 0.031998 -0.226306
v 0.737767 0.029471 -0.257723
v 0.809276 0.029573 -0.223582
v 0.748616 0.030353 -0.176350
v 0.814194 0.029991 -0.196753
v 0.822975 0.030754 -0.164950
v 0.821363 0.031726 -0.133564
v 0.860059 0.028604 -0.200806
v 0.843710 0.031933 -0.222998
v 0.837757 0.030204 -0.187949
v 0.838712 0.030491 -0.148136
v 0.885555 0.026162 -0.206435
v 0.880396 0.024449 -0.187527
v 0.850231 0.029256 -0.157766
v 0.893951 0.026441 -0.213904
v 0.893951 0.027050 -0.219861
v 0.893951 0.025536 -0.207584
v 0.893951 0.021057 -0.171062
v 0.893951 0.021275 -0.180301
v 0.893951 0.022329 -0.188473
v 0.893950 0.023094 -0.193409
v 0.893951 0.024239 -0.200149
v 0.863529 0.026769 -0.174941
v 0.763311 0.028212 -0.202159
v 0.799935 0.028130 -0.212219
v 0.787578 0.030025 -0.122218
v 0.866498 0.030115 -0.228335
v 0.893951 0.026933 -0.225487
v 0.849090 0.031939 -0.244625
v 0.864893 0.030038 -0.254190
v 0.750344 0.031102 -0.100559
v 0.207962 0.018951 -0.550989
v 0.198479 0.018485 -0.556099
v 0.201076 0.019436 -0.546441
v 0.154531 0.018381 -0.570244
v 0.148701 0.018794 -0.560269
v 0.186031 0.018239 -0.559022
v 0.327793 0.015187 -0.575917
v 0.310939 0.016301 -0.575917
v 0.333643 0.016148 -0.567565
v 0.305296 0.016626 -0.575917
v 0.297368 0.018479 -0.559598
v 0.324675 0.018448 -0.556512
v 0.281337 0.022111 -0.504809
v 0.271371 0.021913 -0.506295
v 0.276413 0.022112 -0.503735
v 0.282544 0.019502 -0.544482
v 0.256433 0.018940 -0.548309
v 0.270071 0.020169 -0.536658
v 0.293381 0.022495 -0.494534
v 0.297151 0.022870 -0.491946
v 0.295830 0.022730 -0.495795
v 0.408838 0.016934 -0.543779
v 0.389424 0.018340 -0.538356
v 0.402494 0.021307 -0.516439
v 0.157672 0.017995 -0.575917
v 0.154409 0.018120 -0.575917
v 0.153393 0.018254 -0.575917
v 0.143689 0.018580 -0.575917
v 0.277024 0.016599 -0.575917
v 0.260010 0.017289 -0.564606
v 0.331620 0.023154 -0.501217
v 0.310495 0.021067 -0.532186
v 0.293349 0.021670 -0.522054
v 0.336311 0.021399 -0.531551
v 0.147593 0.018496 -0.575917
v 0.146172 0.018560 -0.575917
v 0.303146 0.022865 -0.493038
v 0.300782 0.022708 -0.497215
v 0.292235 0.022173 -0.510496
v 0.280651 0.021697 -0.515644
v 0.313779 0.023028 -0.493643
v 0.306175 0.022617 -0.505527
v 0.376110 0.019420 -0.535764
v 0.369087 0.021957 -0.521421
v 0.268659 0.021402 -0.515993
v 0.271613 0.021193 -0.521764
v 0.252994 0.020887 -0.520009
v 0.296472 0.022803 -0.505046
v 0.288973 0.022307 -0.505966
v 0.375517 0.012186 -0.575917
v 0.364279 0.012339 -0.575917
v 0.389519 0.013580 -0.568100
v 0.284283 0.022360 -0.498048
v 0.276750 0.022479 -0.497374
v 0.283682 0.022384 -0.493812
v 0.271117 0.016424 -0.575917
v 0.247692 0.015819 -0.575917
v 0.383692 0.012186 -0.575917
v 0.302291 0.022751 -0.500621
v 0.282066 0.021989 -0.509362
v 0.258133 0.020635 -0.526895
v 0.367081 0.015557 -0.560003
v 0.358692 0.012508 -0.575917
v 0.360277 0.023634 -0.503790
v 0.371229 0.025485 -0.472623
v 0.386461 0.024212 -0.494205
v 0.390056 0.012258 -0.575917
v 0.350646 0.019375 -0.545285
v 0.291286 0.022647 -0.500787
v 0.292334 0.017041 -0.575916
v 0.284773 0.016847 -0.575917
v 0.344591 0.013564 -0.575919
v 0.355134 0.012723 -0.575917
v 0.228146 0.016526 -0.569442
v 0.218537 0.015636 -0.575917
v 0.211548 0.015629 -0.575917
v 0.220181 0.015711 -0.575917
v 0.289968 0.022670 -0.496058
v 0.280249 0.022319 -0.501131
v 0.305960 0.023026 -0.484120
v 0.300584 0.022661 -0.487192
v 0.299926 0.022887 -0.481759
v 0.318385 0.023221 -0.482988
v 0.311937 0.022910 -0.482737
v 0.317159 0.023300 -0.478234
v 0.294488 0.022482 -0.489420
v 0.301937 0.022757 -0.490056
v 0.308311 0.023045 -0.487575
v 0.295085 0.022901 -0.486452
v 0.291244 0.022670 -0.492567
v 0.259670 0.021498 -0.509827
v 0.272557 0.021716 -0.511537
v 0.337843 0.014326 -0.575916
v 0.309218 0.023083 -0.480232
v 0.331504 0.023628 -0.479211
v 0.160786 0.017867 -0.575917
v 0.160961 0.018394 -0.559894
v 0.165245 0.017638 -0.575917
v 0.170309 0.017775 -0.569310
v 0.169413 0.017283 -0.575917
v 0.180701 0.016810 -0.575916
v 0.193861 0.016949 -0.569839
v 0.242230 0.020249 -0.528816
v 0.250821 0.020505 -0.525464
v 0.193406 0.016322 -0.575917
v 0.191635 0.016411 -0.575917
v 0.256001 0.020221 -0.533395
v 0.196466 0.016263 -0.575917
v 0.198778 0.016156 -0.575917
v 0.218106 0.019492 -0.543347
v 0.221144 0.020159 -0.530920
v 0.232832 0.019475 -0.540241
v 0.213714 0.016119 -0.572854
v 0.209741 0.015790 -0.575917
v 0.234826 0.018522 -0.551049
v 0.217140 0.018453 -0.554212
v 0.305934 0.023014 -0.477922
v 0.270370 0.020722 -0.528628
v 0.247080 0.018083 -0.557027
v 0.247330 0.020075 -0.534640
v 0.248780 0.019832 -0.537895
v 0.242527 0.017383 -0.562900
v 0.171050 0.017199 -0.575916
v 0.241770 0.019768 -0.536875
v 0.210610 0.017451 -0.563477
v 0.205980 0.018208 -0.557779
v 0.255722 0.019686 -0.540416
v 0.236656 0.017609 -0.560238
v 0.189251 0.016472 -0.575917
v 0.225211 0.017652 -0.560278
v 0.163438 0.017656 -0.575917
v 0.245682 0.019389 -0.542262
v 0.217101 0.016698 -0.567896
v 0.235000 0.020011 -0.534190
v 0.228827 0.015774 -0.575917
v 0.224119 0.015713 -0.575917
v -0.708113 0.024141 -0.174874
v -0.705296 0.030354 -0.114663
v -0.703548 0.028081 -0.130321
v -0.711258 0.029511 -0.119269
v -0.707560 0.024840 -0.164691
v -0.703861 0.024990 -0.163918
v -0.699859 0.024441 -0.167090
v -0.701926 0.024333 -0.174906
v -0.696304 0.030479 -0.112198
v -0.721784 0.022956 -0.185476
v -0.738129 0.021801 -0.193141
v -0.678317 0.024290 -0.163187
v -0.687093 0.024844 -0.160477
v -0.679768 0.025015 -0.156965
v -0.741521 0.028316 -0.118461
v -0.730586 0.029529 -0.116087
v -0.718436 0.030172 -0.114093
v -0.719037 0.029067 -0.119871
v -0.700659 0.029072 -0.124153
v -0.694564 0.028301 -0.130174
v -0.686764 0.029868 -0.115575
v -0.679370 0.029651 -0.110865
v -0.675599 0.028605 -0.119364
v -0.690519 0.026951 -0.139361
v -0.691662 0.030296 -0.108965
v -0.686192 0.030242 -0.106746
v -0.712742 0.030203 -0.113737
v -0.681607 0.029049 -0.121143
v -0.685945 0.030349 -0.099845
v -0.681908 0.030303 -0.099594
v -0.681930 0.030258 -0.102304
v -0.705386 0.022419 -0.203062
v -0.711070 0.023054 -0.195267
v -0.724076 0.027926 -0.125505
v -0.732681 0.026363 -0.130420
v -0.734095 0.027817 -0.122660
v -0.739963 0.022401 -0.160996
v -0.739964 0.023072 -0.151849
v -0.738135 0.024814 -0.136985
v -0.734705 0.024147 -0.144308
v -0.742307 0.023742 -0.142368
v -0.685317 0.029011 -0.123982
v -0.734315 0.023191 -0.158972
v -0.682983 0.023639 -0.171668
v -0.710688 0.027248 -0.135364
v -0.714162 0.028143 -0.126927
v -0.729457 0.025301 -0.139279
v -0.733687 0.022638 -0.169260
v -0.727592 0.023665 -0.161270
v -0.680841 0.030043 -0.106244
v -0.691970 0.025910 -0.149868
v -0.691105 0.029428 -0.120409
v -0.696865 0.029263 -0.121988
v -0.702276 0.023470 -0.185987
v -0.749604 0.025115 -0.129192
v -0.755054 0.024563 -0.128508
v -0.753023 0.025829 -0.123540
v -0.690587 0.023412 -0.179207
v -0.697003 0.023744 -0.178262
v -0.691648 0.024352 -0.171105
v -0.715099 0.023267 -0.189750
v -0.717405 0.022586 -0.204039
v -0.696214 0.022949 -0.187504
v -0.741613 0.026888 -0.124514
v -0.743471 0.025570 -0.129928
v -0.689318 0.028324 -0.128593
v -0.696951 0.024359 -0.169193
v -0.693503 0.024792 -0.165208
v -0.725808 0.030741 -0.110026
v -0.722773 0.026124 -0.136928
v -0.727270 0.026126 -0.134366
v -0.698073 0.026828 -0.141800
v -0.704431 0.026594 -0.141775
v -0.709251 0.026088 -0.145123
v -0.703851 0.025812 -0.150814
v -0.708438 0.025211 -0.155969
v -0.689731 0.022122 -0.187981
v -0.683695 0.022635 -0.180197
v -0.748611 0.024145 -0.135098
v -0.687382 0.027400 -0.134799
v -0.697144 0.025183 -0.159510
v -0.703229 0.022984 -0.194544
v -0.711117 0.024692 -0.163804
v -0.721367 0.023918 -0.166662
v -0.711321 0.023575 -0.184770
v -0.730660 0.023827 -0.153672
v -0.714270 0.025046 -0.152476
v -0.719734 0.024621 -0.156284
v -0.722388 0.025137 -0.146144
v -0.733473 0.023942 -0.149238
v -0.706143 0.026478 -0.144840
v -0.715442 0.023807 -0.177393
v -0.724365 0.024272 -0.155060
v -0.728850 0.024491 -0.147444
v -0.725191 0.026816 -0.131679
v -0.721449 0.024138 -0.158341
v -0.718568 0.027144 -0.132306
v -0.716579 0.026239 -0.140726
v -0.700270 0.023070 -0.192372
v -0.746779 0.023474 -0.140492
v -0.715521 0.024542 -0.163999
v -0.712061 0.023969 -0.171753
v -0.747502 0.026989 -0.121290
v -0.711774 0.023888 -0.177057
v -0.727644 0.023036 -0.170869
v -0.671197 0.022271 -0.176334
v -0.699632 0.026064 -0.148270
v -0.661495 0.023545 -0.167114
v -0.656391 0.022940 -0.170834
v -0.728010 0.021565 -0.225505
v -0.261386 0.026736 -0.533937
v -0.277843 0.027621 -0.513305
v -0.278401 0.027150 -0.531841
v -0.269790 0.027127 -0.529821
v -0.298863 0.027428 -0.527174
v -0.265396 0.027250 -0.518754
v -0.281675 0.026740 -0.540148
v -0.286054 0.025979 -0.553958
v -0.288696 0.026930 -0.538260
v -0.289930 0.027681 -0.513016
v -0.296042 0.026744 -0.539910
v -0.289323 0.027192 -0.532025
v -0.294328 0.027253 -0.532106
v -0.299177 0.027098 -0.532524
v -0.263247 0.027279 -0.524991
v -0.269265 0.027246 -0.523425
v -0.293569 0.023443 -0.575917
v -0.288790 0.023461 -0.575917
v -0.285071 0.027227 -0.533166
v -0.270184 0.023571 -0.575917
v -0.264365 0.023563 -0.575917
v -0.283470 0.027406 -0.522301
v -0.279353 0.027429 -0.519533
v -0.272453 0.026661 -0.544241
v -0.284172 0.027758 -0.512644
v -0.284997 0.027560 -0.524608
v -0.288017 0.027369 -0.527079
v -0.293331 0.027761 -0.519243
v -0.278269 0.027423 -0.525696
v -0.288376 0.027571 -0.520779
v -0.270245 0.023571 -0.575917
v -0.270225 0.023571 -0.575917
v -0.254528 0.023475 -0.575917
v -0.279848 0.026667 -0.544861
v -0.281399 0.023526 -0.575917
v -0.299987 0.023384 -0.575917
v -0.792263 0.022198 -0.397111
v -0.783507 0.021939 -0.386274
v -0.784132 0.022742 -0.403963
v -0.793961 0.019376 -0.542836
v -0.789085 0.017596 -0.532129
v -0.780868 0.018634 -0.553620
v -0.739359 0.019269 -0.507311
v -0.714337 0.024089 -0.511439
v -0.731224 0.020610 -0.530145
v -0.790887 0.021850 -0.451795
v -0.791456 0.019423 -0.475222
v -0.803619 0.020967 -0.476117
v -0.761154 0.018409 -0.561938
v -0.751570 0.019219 -0.575917
v -0.755808 0.018912 -0.575917
v -0.725530 0.024516 -0.422574
v -0.754129 0.023493 -0.420774
v -0.730239 0.024542 -0.399784
v -0.808927 0.017879 -0.498486
v -0.806166 0.023307 -0.461557
v -0.806072 0.025952 -0.437416
v -0.799736 0.023262 -0.449626
v -0.748929 0.019171 -0.483563
v -0.763373 0.016716 -0.504956
v -0.762441 0.018123 -0.483310
v -0.791169 0.020563 -0.562789
v -0.776543 0.019507 -0.575917
v -0.781794 0.019993 -0.575917
v -0.626862 0.020455 -0.333804
v -0.619237 0.019856 -0.327756
v -0.619061 0.020718 -0.340892
v -0.774608 0.023141 -0.414863
v -0.791560 0.023662 -0.426373
v -0.812527 0.019667 -0.530753
v -0.783618 0.016237 -0.511713
v -0.799852 0.016122 -0.520734
v -0.797069 0.016790 -0.499353
v -0.795718 0.025211 -0.575917
v -0.805060 0.024588 -0.549702
v -0.732446 0.023415 -0.447671
v -0.760940 0.022087 -0.443450
v -0.772138 0.017076 -0.533653
v -0.799615 0.021805 -0.550709
v -0.795302 0.025106 -0.575917
v -0.656446 0.022369 -0.324011
v -0.648603 0.018841 -0.309478
v -0.634829 0.019576 -0.323504
v -0.784323 0.020279 -0.575917
v -0.631088 0.020964 -0.361404
v -0.615067 0.020098 -0.363287
v -0.777497 0.017498 -0.485834
v -0.688704 0.022548 -0.374555
v -0.710358 0.023994 -0.381126
v -0.696904 0.023792 -0.366068
v -0.775810 0.022524 -0.434272
v -0.776573 0.020639 -0.457028
v -0.800989 0.018724 -0.487484
v -0.593200 0.023512 -0.342125
v -0.602959 0.021960 -0.347731
v -0.602667 0.021831 -0.335637
v -0.635578 0.026119 -0.410965
v -0.660503 0.026994 -0.421353
v -0.652096 0.025157 -0.403453
v -0.799051 0.022745 -0.558107
v -0.667375 0.022905 -0.370590
v -0.657393 0.023182 -0.386304
v -0.677575 0.022258 -0.385851
v -0.691539 0.024326 -0.413134
v -0.710189 0.024271 -0.410460
v -0.695415 0.022606 -0.394268
v -0.793562 0.023230 -0.408071
v -0.796376 0.022933 -0.321295
v -0.773702 0.022746 -0.332794
v -0.798104 0.020261 -0.370649
v -0.784788 0.023121 -0.311644
v -0.721015 0.024174 -0.313649
v -0.748647 0.023044 -0.320275
v -0.674922 0.023584 -0.402876
v -0.700215 0.024495 -0.311249
v -0.706339 0.025878 -0.332716
v -0.713324 0.023887 -0.397006
v -0.693813 0.025941 -0.433133
v -0.611348 0.020825 -0.351653
v -0.622339 0.020618 -0.353016
v -0.680215 0.025301 -0.418501
v -0.680795 0.023860 -0.359922
v -0.737619 0.025959 -0.357082
v -0.752573 0.023888 -0.341894
v -0.732715 0.024679 -0.331737
v -0.810032 0.015965 -0.515251
v -0.607759 0.020263 -0.325188
v -0.610835 0.020866 -0.333392
v -0.638257 0.021437 -0.342357
v -0.666693 0.021477 -0.308491
v -0.679821 0.024306 -0.318983
v -0.802088 0.023109 -0.404032
v -0.799039 0.024325 -0.414832
v -0.799593 0.017760 -0.533386
v -0.765456 0.018916 -0.575917
v -0.796878 0.022445 -0.397549
v -0.760584 0.018845 -0.575917
v -0.737267 0.020343 -0.554903
v -0.739512 0.020556 -0.575917
v -0.673943 0.024834 -0.340766
v -0.769126 0.023101 -0.363565
v -0.654971 0.023045 -0.356838
v -0.729818 0.025620 -0.376408
v -0.705136 0.025461 -0.357392
v -0.750460 0.017955 -0.532186
v -0.795426 0.024586 -0.290021
v -0.714521 0.023700 -0.540084
v -0.724786 0.022880 -0.480045
v -0.758809 0.020231 -0.464366
v -0.742112 0.021555 -0.466414
v -0.634744 0.023402 -0.391714
v -0.609143 0.021199 -0.342053
v -0.664559 0.030179 -0.483938
v -0.684177 0.028663 -0.532805
v -0.697140 0.027083 -0.494311
v -0.643601 0.022457 -0.373891
v -0.605952 0.020969 -0.359147
v -0.793652 0.021280 -0.387604
v -0.657449 0.029060 -0.440746
v -0.804819 0.022272 -0.543791
v -0.626253 0.029154 -0.431540
v -0.759485 0.023704 -0.390843
v -0.620503 0.024124 -0.403074
v -0.806514 0.017909 -0.530585
v -0.669388 0.029289 -0.456697
v -0.596149 0.022900 -0.356513
v -0.699185 0.026517 -0.464091
v -0.581360 0.025720 -0.352632
v 0.188328 0.014054 0.554709
v 0.185107 0.013797 0.549618
v 0.177973 0.015091 0.550018
v 0.172960 0.021400 0.572171
v 0.173067 0.022651 0.575916
v 0.187859 0.015331 0.561996
v 0.175818 0.017498 0.559100
v 0.185411 0.017112 0.567201
v 0.156148 0.015016 0.510758
v 0.148804 0.014847 0.504837
v 0.148866 0.016465 0.512878
v 0.165135 0.014799 0.526159
v 0.168956 0.014400 0.530762
v 0.171800 0.013790 0.528007
v 0.133640 0.022436 0.528968
v 0.133191 0.024648 0.539315
v 0.139327 0.021000 0.526312
v 0.138336 0.017427 0.510288
v 0.140821 0.027537 0.563863
v 0.143552 0.025761 0.558192
v 0.137708 0.026807 0.557052
v 0.156628 0.019726 0.546073
v 0.153394 0.021170 0.549357
v 0.161397 0.020463 0.556501
v 0.157085 0.026228 0.575917
v 0.154248 0.025038 0.568154
v 0.154923 0.026709 0.575915
v 0.180352 0.019411 0.570644
v 0.171230 0.020110 0.565370
v 0.147680 0.026757 0.568497
v 0.141743 0.014368 0.497901
v 0.138723 0.014065 0.492742
v 0.135389 0.014776 0.496072
v 0.147306 0.022685 0.547379
v 0.140196 0.024855 0.548520
v 0.146167 0.024036 0.553562
v 0.158081 0.022765 0.562502
v 0.163038 0.023428 0.570400
v 0.164210 0.014348 0.516883
v 0.154606 0.016647 0.520548
v 0.140958 0.029766 0.575915
v 0.142624 0.028687 0.572526
v 0.137926 0.030346 0.575917
v 0.146924 0.018576 0.521897
v 0.148449 0.017352 0.517494
v 0.142558 0.018519 0.517505
v 0.152848 0.027332 0.575915
v 0.180596 0.013503 0.543373
v 0.181926 0.012643 0.533488
v 0.173846 0.013899 0.535106
v 0.177727 0.012517 0.512235
v 0.173891 0.013151 0.521015
v 0.183385 0.012202 0.520635
v 0.173682 0.013107 0.498208
v 0.172264 0.012650 0.502140
v 0.176550 0.012547 0.504268
v 0.190297 0.018515 0.575917
v 0.190036 0.016723 0.568859
v 0.168471 0.014045 0.522419
v 0.160939 0.013858 0.506220
v 0.169487 0.013538 0.512551
v 0.169330 0.015639 0.541817
v 0.165009 0.017321 0.545746
v 0.159618 0.016933 0.533202
v 0.155400 0.018854 0.539079
v 0.131618 0.027403 0.554257
v 0.165226 0.013264 0.499076
v 0.170889 0.012927 0.506488
v 0.163877 0.024602 0.575917
v 0.165904 0.024071 0.575917
v 0.173849 0.014736 0.541429
v 0.152325 0.022953 0.556569
v 0.148748 0.024840 0.560400
v 0.150119 0.020843 0.541306
v 0.132690 0.016043 0.501982
v 0.191960 0.012733 0.549011
v 0.143032 0.022196 0.538287
v 0.150943 0.027708 0.575915
v 0.161202 0.025255 0.575916
v 0.132777 0.029292 0.567073
v 0.164736 0.016458 0.538769
v 0.167483 0.015253 0.535286
v 0.187697 0.019080 0.575918
v 0.180465 0.020911 0.575916
v 0.195667 0.015840 0.571641
v 0.173071 0.013676 0.489532
v 0.163541 0.014122 0.487535
v 0.166197 0.013380 0.492840
v 0.149981 0.019222 0.531123
v 0.191587 0.011978 0.528671
v 0.151773 0.013525 0.495781
v 0.143699 0.013815 0.487065
v 0.160049 0.013566 0.492306
v 0.143646 0.029406 0.575917
v 0.169879 0.013077 0.494883
v 0.132195 0.020359 0.518671
v 0.134128 0.021401 0.524452
v 0.145179 0.029170 0.575917
v 0.191713 0.012506 0.506042
v 0.185852 0.012205 0.510977
v 0.193588 0.012082 0.516418
v 0.201794 0.013003 0.496185
v 0.194969 0.012554 0.497198
v 0.198331 0.012437 0.505829
v 0.200557 0.011899 0.551854
v 0.200662 0.011946 0.545531
v 0.202962 0.012066 0.541006
v 0.208025 0.011866 0.545114
v 0.206457 0.012217 0.537834
v 0.198673 0.013145 0.490516
v 0.199274 0.012462 0.513126
v 0.204904 0.012767 0.508643
v 0.181482 0.012881 0.495939
v 0.181970 0.013776 0.488521
v 0.187482 0.012531 0.501048
v 0.191149 0.013443 0.487702
v 0.208379 0.011405 0.554075
v 0.200926 0.015875 0.575916
v 0.203984 0.013868 0.572147
v 0.202632 0.011696 0.558035
v 0.178125 0.021546 0.575914
v 0.175204 0.022119 0.575915
v 0.198719 0.012167 0.528859
v 0.198539 0.011957 0.536062
v 0.203439 0.012106 0.532107
v 0.197760 0.012243 0.515859
v 0.203487 0.015134 0.575917
v 0.182335 0.012449 0.504833
v 0.191924 0.012232 0.538349
v 0.206869 0.014227 0.575918
v 0.196690 0.013309 0.561972
v 0.209151 0.013802 0.575917
v 0.207498 0.013117 0.500242
v 0.206581 0.012056 0.565903
v 0.197537 0.011986 0.523201
v 0.155619 0.014695 0.506746
v 0.200233 0.015132 0.473889
v 0.199426 0.014444 0.479505
v 0.210757 0.014991 0.477437
v 0.159513 0.025755 0.575917
v 0.202284 0.013946 0.485019
v 0.206780 0.012370 0.525472
v 0.202359 0.012341 0.516805
v 0.129498 0.014571 0.484905
v 0.126497 0.015345 0.492650
v 0.204622 0.013438 0.489726
v 0.198841 0.016272 0.575917
v 0.126759 0.018689 0.509722
v 0.154758 0.014137 0.487315
v 0.161759 0.015090 0.478907
v 0.149649 0.014344 0.481699
v 0.172002 0.014845 0.481689
v 0.167918 0.014587 0.484356
v 0.193466 0.017596 0.575917
v 0.181709 0.014627 0.481101
v 0.196381 0.016911 0.575918
v 0.191963 0.014809 0.476913
v 0.138888 0.014454 0.479772
v 0.175578 0.015572 0.473531
v 0.450510 0.038976 0.128535
v 0.455201 0.038321 0.132642
v 0.454842 0.039293 0.126371
v 0.468462 0.036866 0.175438
v 0.463533 0.036929 0.175515
v 0.467214 0.036915 0.180099
v 0.487903 0.039663 0.128467
v 0.449437 0.039233 0.115255
v 0.445931 0.039202 0.112675
v 0.444240 0.038837 0.116096
v 0.465205 0.036559 0.160854
v 0.462874 0.037380 0.156002
v 0.460947 0.036751 0.162946
v 0.461267 0.037462 0.136347
v 0.464758 0.037619 0.135516
v 0.471830 0.037327 0.169873
v 0.472746 0.037892 0.164309
v 0.466389 0.036834 0.165709
v 0.478993 0.037424 0.172866
v 0.478544 0.037470 0.167176
v 0.458627 0.038918 0.128349
v 0.478558 0.038492 0.154457
v 0.483165 0.038290 0.157697
v 0.483884 0.038199 0.153374
v 0.473474 0.037174 0.176460
v 0.448798 0.039042 0.121192
v 0.467042 0.037149 0.172940
v 0.479557 0.037273 0.177842
v 0.470667 0.037088 0.173554
v 0.473696 0.037547 0.172899
v 0.453191 0.039554 0.119363
v 0.456195 0.039509 0.117746
v 0.454534 0.039779 0.113269
v 0.484529 0.037210 0.168849
v 0.483218 0.037339 0.164895
v 0.470399 0.038846 0.124364
v 0.472664 0.038546 0.125114
v 0.473281 0.039240 0.123210
v 0.476886 0.039144 0.122208
v 0.473425 0.038681 0.127512
v 0.488567 0.037561 0.160881
v 0.486652 0.037801 0.158538
v 0.484683 0.037355 0.161457
v 0.465768 0.037036 0.169867
v 0.463281 0.037239 0.171902
v 0.488554 0.038344 0.151803
v 0.483348 0.038527 0.148477
v 0.479077 0.037742 0.161615
v 0.481101 0.038694 0.143282
v 0.483645 0.038919 0.138906
v 0.478545 0.038842 0.139778
v 0.461176 0.036714 0.168722
v 0.462866 0.038082 0.129023
v 0.490974 0.037594 0.157059
v 0.486433 0.037903 0.155543
v 0.473260 0.037987 0.158640
v 0.469521 0.038575 0.135063
v 0.473720 0.038822 0.137389
v 0.466062 0.038568 0.125486
v 0.466325 0.038364 0.129857
v 0.469430 0.038206 0.127989
v 0.452582 0.039428 0.123409
v 0.455733 0.037580 0.139881
v 0.458518 0.036864 0.145276
v 0.460764 0.037366 0.139899
v 0.461583 0.039113 0.123491
v 0.465640 0.039457 0.119884
v 0.468667 0.037320 0.161594
v 0.462774 0.037113 0.143516
v 0.461173 0.037089 0.147917
v 0.467877 0.037195 0.156636
v 0.473067 0.038289 0.151736
v 0.477838 0.038371 0.150075
v 0.476947 0.038619 0.145995
v 0.459123 0.037631 0.137242
v 0.457821 0.038025 0.135280
v 0.475151 0.036850 0.181191
v 0.470780 0.039681 0.119224
v 0.457759 0.037241 0.150769
v 0.475633 0.038600 0.142013
v 0.478068 0.038827 0.142725
v 0.469016 0.038332 0.131679
v 0.471375 0.038372 0.144283
v 0.458808 0.036587 0.158962
v 0.459192 0.037351 0.154827
v 0.478004 0.038600 0.128555
v 0.471135 0.038172 0.129938
v 0.486255 0.038431 0.143363
v 0.449957 0.037826 0.136811
v 0.481483 0.039604 0.124770
v 0.482341 0.039249 0.130373
v 0.467309 0.037472 0.150438
v 0.487111 0.037194 0.182720
v 0.491477 0.036989 0.187617
v 0.491541 0.037225 0.177574
v 0.504153 0.037292 0.173013
v 0.498581 0.036932 0.170317
v 0.499735 0.036735 0.179960
v 0.485169 0.037753 0.178302
v 0.481694 0.037196 0.183628
v 0.488626 0.036216 0.164864
v 0.486040 0.037258 0.174137
v 0.484984 0.037661 0.175993
v 0.483303 0.037341 0.175791
v 0.504262 0.037380 0.166917
v 0.485683 0.036744 0.187536
v 0.465070 0.037347 0.140596
v 0.465976 0.037548 0.144978
v 0.468576 0.037856 0.139473
v 0.500283 0.037573 0.159654
v 0.492496 0.037176 0.161516
v 0.494093 0.036856 0.165180
v 0.500289 0.038190 0.150603
v 0.506645 0.038292 0.153889
v 0.506275 0.038244 0.147734
v 0.490863 0.036898 0.170022
v 0.493214 0.038516 0.145549
v 0.501003 0.038434 0.145081
v 0.489634 0.038938 0.139769
v 0.486843 0.039330 0.135973
v 0.485881 0.039578 0.132638
v 0.479165 0.039186 0.134486
v 0.508396 0.038166 0.162620
v 0.499229 0.039037 0.141340
v 0.495535 0.039163 0.137325
v 0.490617 0.039462 0.136322
v 0.495496 0.039618 0.130573
v 0.501014 0.039140 0.133553
v 0.505507 0.038846 0.141130
v 0.501229 0.039066 0.137832
v 0.494828 0.038031 0.152731
v 0.460755 0.036930 0.151944
v 0.507299 0.038123 0.158254
v 0.463593 0.036948 0.149395
v 0.453149 0.037446 0.147380
v 0.463269 0.037391 0.146433
v 0.447814 0.039381 0.108668
v 0.463433 0.037365 0.140071
v 0.459969 0.039999 0.117410
v 0.442496 0.039517 0.110363
v 0.498811 0.036845 0.188740
v 0.491778 0.039320 0.133380
v 0.510392 0.038270 0.145297
v 0.512880 0.039252 0.140520
v 0.509397 0.039493 0.134911
v 0.504544 0.039129 0.136155
v -0.096621 0.091827 0.046368
v -0.096444 0.088675 0.047480
v -0.098231 0.090070 0.050424
v -0.086558 0.088551 0.033259
v -0.088096 0.086385 0.031910
v -0.089462 0.087557 0.035643
v -0.094035 0.089668 0.040141
v -0.094301 0.095021 0.042559
v -0.089805 0.090976 0.037660
v -0.092316 0.085235 0.036929
v -0.098566 0.095953 0.047781
v -0.090739 0.095023 0.037492
v -0.101837 0.099437 0.053153
v -0.098716 0.099706 0.046270
v -0.105448 0.096530 0.061253
v -0.107000 0.103017 0.058405
v -0.095246 0.086410 0.043912
v -0.085803 0.087717 0.029116
v -0.087090 0.092712 0.032481
v -0.095326 0.138360 0.025158
v -0.096345 0.140592 0.026028
v -0.095615 0.143884 0.025094
v -0.102942 0.104250 0.050461
v -0.090462 0.098405 0.033624
v -0.094306 0.099720 0.040110
v -0.091199 0.088518 0.037609
v -0.107114 0.109427 0.055737
v -0.103013 0.109450 0.047996
v -0.098932 0.105207 0.042915
v -0.096907 0.085905 0.049357
v -0.094827 0.103939 0.036947
v -0.098911 0.125987 0.036060
v -0.098102 0.134041 0.030999
v -0.095096 0.126445 0.027761
v -0.111539 0.108050 0.064043
v -0.096633 0.154032 0.024335
v -0.092828 0.147513 0.021770
v -0.089330 0.142210 0.020004
v -0.093500 0.140241 0.021503
v -0.105721 0.114391 0.051408
v -0.099249 0.113837 0.039588
v -0.084695 0.089709 0.029313
v -0.090350 0.104288 0.028715
v -0.086972 0.103266 0.023990
v -0.086122 0.100093 0.024184
v -0.099130 0.144464 0.030307
v -0.087762 0.107880 0.022280
v -0.092461 0.113122 0.027468
v -0.101102 0.155340 0.031458
v -0.084785 0.092259 0.028315
v -0.086113 0.096181 0.027611
v -0.083993 0.091971 0.025492
v -0.107428 0.121401 0.051978
v -0.109576 0.131974 0.053594
v -0.103929 0.126169 0.044319
v -0.112462 0.115698 0.062819
v -0.092127 0.119128 0.025459
v -0.089376 0.117143 0.020367
v -0.114225 0.126125 0.062815
v -0.095075 0.119304 0.030922
v -0.085538 0.086159 0.026355
v -0.084503 0.120366 0.017472
v -0.088539 0.125768 0.017773
v -0.084069 0.129880 0.017771
v -0.085357 0.112563 0.018154
v -0.089761 0.134728 0.018669
v -0.085863 0.137632 0.018760
v -0.090851 0.129515 0.019514
v -0.091469 0.125020 0.021649
v -0.093231 0.132073 0.022440
v -0.084016 0.096492 0.022234
v -0.101616 0.089844 0.056783
v -0.100222 0.093989 0.052941
v -0.098412 0.079599 0.049693
v -0.097843 0.082429 0.049469
v -0.095918 0.081163 0.047077
v -0.096815 0.139114 0.027583
v -0.102296 0.085548 0.057291
v -0.103801 0.082027 0.058622
v -0.103477 0.086317 0.062820
v -0.105928 0.083412 0.062593
v -0.099896 0.083704 0.053038
v -0.099561 0.087486 0.051840
v -0.093131 0.080301 0.042259
v -0.091084 0.080050 0.036495
v -0.106098 0.137261 0.045214
v -0.105115 0.131281 0.045485
v -0.102781 0.131449 0.041563
v -0.095822 0.075872 0.046753
v -0.088714 0.076696 0.032948
v -0.092054 0.075321 0.040588
v -0.099992 0.076458 0.052889
v -0.099116 0.070507 0.049112
v -0.102508 0.072025 0.054318
v -0.095873 0.133681 0.026924
v -0.101390 0.137828 0.037160
v -0.104686 0.144979 0.040436
v -0.101891 0.147023 0.035493
v -0.103615 0.075924 0.057948
v -0.107752 0.078651 0.065399
v -0.105210 0.071631 0.059514
v -0.107300 0.074127 0.063727
v -0.088334 0.082526 0.031280
v -0.105305 0.084809 0.064561
v -0.104648 0.091103 0.064200
v -0.084807 0.089153 0.025866
v -0.116431 0.115155 0.070753
v -0.118609 0.111076 0.077428
v -0.118079 0.120879 0.071593
v -0.112569 0.097282 0.075600
v -0.112019 0.098622 0.070787
v -0.111031 0.094222 0.073755
v -0.115371 0.102159 0.076021
v -0.113941 0.104604 0.070603
v -0.115417 0.110596 0.070294
v -0.116663 0.107268 0.074174
v -0.110005 0.082946 0.071476
v -0.108808 0.083722 0.067970
v -0.078586 0.122527 0.019131
v -0.080043 0.113145 0.019811
v -0.084439 0.102438 0.021843
v -0.081567 0.075178 0.020542
v -0.084836 0.080418 0.024782
v -0.082162 0.080346 0.020272
v -0.083099 0.106794 0.019997
v -0.110715 0.090074 0.074079
v -0.109259 0.086239 0.071485
v -0.112686 0.086712 0.076420
v -0.078172 0.099610 0.020139
v -0.073381 0.102918 0.023188
v -0.074788 0.092648 0.020743
v -0.080733 0.094458 0.019015
v -0.082070 0.086331 0.019448
v -0.111882 0.079757 0.073655
v -0.071035 0.081711 0.021091
v -0.076754 0.083612 0.018045
v -0.079278 0.074041 0.016894
v -0.080186 0.079257 0.017775
v -0.075822 0.076416 0.017939
v -0.083463 0.090770 0.022545
v -0.081806 0.101070 0.019537
v -0.073080 0.116376 0.021844
v -0.074723 0.121264 0.020564
v -0.074276 0.109329 0.022918
v -0.078923 0.105747 0.021109
v -0.108283 0.093186 0.069179
v -0.109095 0.091422 0.072031
v -0.110643 0.071861 0.070145
v -0.106814 0.083327 0.065549
v -0.072730 0.075935 0.020010
v -0.085280 0.072673 0.026886
v -0.105993 0.085230 0.067261
v -0.106643 0.089067 0.069240
v -0.108184 0.073578 0.065934
v -0.107612 0.068852 0.064572
v -0.107080 0.072204 0.063824
v -0.121049 0.126749 0.076758
v -0.119473 0.129945 0.071635
v -0.110443 0.102153 0.065499
v -0.120198 0.120044 0.079263
v -0.113027 0.074056 0.076920
v -0.751226 0.028268 -0.083823
v -0.750614 0.029088 -0.088735
v -0.756521 0.028092 -0.085598
v -0.758918 0.027162 -0.064463
v -0.763743 0.026730 -0.071096
v -0.766856 0.026827 -0.060514
v -0.763426 0.026343 -0.109497
v -0.771036 0.025338 -0.104399
v -0.764336 0.026803 -0.102399
v -0.755294 0.027560 -0.077719
v -0.761022 0.027262 -0.079843
v -0.774799 0.025715 -0.088367
v -0.780972 0.024780 -0.090012
v -0.751561 0.027421 -0.072240
v -0.748248 0.027365 -0.069250
v -0.742368 0.027557 -0.072572
v -0.757655 0.027322 -0.071389
v -0.757835 0.028455 -0.100322
v -0.746061 0.029143 -0.087301
v -0.745416 0.028249 -0.080774
v -0.785507 0.024538 -0.071974
v -0.802447 0.023362 -0.069311
v -0.798663 0.025858 -0.043483
v -0.753674 0.029162 -0.093618
v -0.778864 0.025032 -0.083168
v -0.786033 0.024532 -0.096523
v -0.773759 0.025664 -0.081111
v -0.766350 0.026672 -0.090313
v -0.771109 0.025978 -0.088395
v -0.766519 0.026360 -0.097097
v -0.774797 0.026142 -0.065325
v -0.761175 0.027742 -0.052828
v -0.768852 0.026515 -0.065339
v -0.762144 0.027250 -0.085582
v -0.767037 0.026622 -0.078651
v -0.745254 0.027397 -0.066932
v -0.779520 0.024626 -0.102622
v -0.766215 0.025379 -0.112998
v -0.751606 0.027324 -0.064217
v -0.770235 0.026095 -0.091612
v -0.781278 0.024436 -0.110705
v -0.741582 0.028565 -0.044280
v -0.748814 0.028448 -0.042460
v -0.738232 0.027534 -0.065614
v -0.756512 0.027382 -0.059264
v -0.748521 0.028158 -0.048191
v -0.752139 0.027695 -0.054606
v -0.754920 0.028172 -0.045527
v -0.701834 0.031167 -0.105009
v -0.710208 0.031356 -0.101233
v -0.700897 0.030809 -0.097382
v -0.719131 0.028569 -0.075324
v -0.717722 0.029470 -0.082996
v -0.725080 0.028826 -0.079780
v -0.685359 0.029353 -0.081354
v -0.689391 0.029681 -0.086116
v -0.694687 0.029152 -0.080852
v -0.714164 0.030815 -0.091649
v -0.722221 0.030054 -0.088380
v -0.739180 0.031233 -0.098745
v -0.741593 0.030013 -0.091822
v -0.732881 0.030576 -0.093248
v -0.753675 0.028801 -0.038303
v -0.689661 0.030188 -0.093618
v -0.693945 0.030817 -0.102981
v -0.746642 0.029686 -0.090312
v -0.759844 0.027764 -0.106642
v -0.759852 0.025994 -0.116941
v -0.724711 0.028633 -0.051731
v -0.748158 0.030158 -0.106348
v -0.746569 0.030754 -0.101793
v -0.740775 0.030872 -0.105830
v -0.718859 0.029230 -0.047442
v -0.713259 0.029179 -0.052539
v -0.704571 0.029480 -0.052018
v -0.708638 0.028650 -0.059529
v -0.754627 0.028886 -0.106402
v -0.757036 0.027624 -0.111277
v -0.751330 0.029083 -0.110538
v -0.728166 0.030028 -0.089617
v -0.724151 0.030650 -0.092808
v -0.731310 0.031197 -0.105233
v -0.724441 0.031136 -0.105927
v -0.706139 0.030801 -0.094190
v -0.731168 0.029194 -0.042179
v -0.725084 0.029799 -0.038872
v -0.724545 0.029367 -0.044881
v -0.730631 0.028721 -0.080825
v -0.726525 0.029401 -0.085011
v -0.735059 0.029104 -0.086173
v -0.718375 0.030758 -0.036872
v -0.724393 0.027788 -0.065725
v -0.720699 0.028181 -0.069318
v -0.729513 0.027782 -0.072195
v -0.742151 0.029890 -0.111739
v -0.723909 0.031286 -0.099722
v -0.683917 0.028882 -0.057447
v -0.676548 0.028838 -0.059889
v -0.700923 0.028463 -0.068531
v -0.693137 0.028624 -0.070653
v -0.701958 0.028665 -0.075119
v -0.692604 0.029248 -0.053491
v -0.693762 0.028628 -0.063408
v -0.700463 0.028834 -0.057007
v -0.759746 0.024837 -0.123454
v -0.706685 0.029450 -0.082832
v -0.711398 0.028903 -0.077419
v -0.737767 0.027516 -0.057828
v -0.735147 0.028102 -0.051354
v -0.728395 0.027943 -0.058929
v -0.744916 0.027388 -0.061105
v -0.689299 0.028719 -0.067395
v -0.703112 0.028499 -0.063661
v -0.746585 0.030204 -0.093765
v -0.711196 0.028302 -0.069038
v -0.736978 0.028207 -0.079413
v -0.707211 0.030021 -0.046920
v -0.687441 0.028888 -0.076069
v -0.717974 0.028265 -0.061576
v -0.694356 0.028672 -0.075513
v -0.698696 0.029687 -0.050316
v -0.694008 0.030169 -0.045050
v -0.685724 0.029424 -0.048425
v -0.688283 0.030772 -0.039289
v -0.734496 0.030678 -0.109896
v -0.700258 0.030030 -0.089199
v -0.743458 0.027798 -0.053218
v -0.678453 0.030202 -0.097157
v -0.728667 0.028669 -0.049615
v -0.754270 0.029526 -0.028411
v 0.456318 0.036424 0.167311
v 0.452276 0.037249 0.168976
v 0.454697 0.036878 0.171528
v 0.439629 0.035455 0.194899
v 0.443327 0.036065 0.189712
v 0.436332 0.036020 0.186786
v 0.426470 0.036955 0.166871
v 0.423593 0.037277 0.166881
v 0.426516 0.036671 0.169762
v 0.432514 0.035606 0.195086
v 0.429501 0.035813 0.188040
v 0.428778 0.035466 0.192912
v 0.429208 0.036832 0.178549
v 0.424190 0.037199 0.175451
v 0.426321 0.036958 0.182779
v 0.431237 0.036928 0.169920
v 0.429678 0.036578 0.166893
v 0.434967 0.036598 0.173263
v 0.435661 0.036873 0.167661
v 0.451118 0.036082 0.187264
v 0.455343 0.036387 0.185153
v 0.451237 0.036529 0.182014
v 0.434305 0.038782 0.120205
v 0.429499 0.039753 0.119981
v 0.430541 0.039015 0.123321
v 0.426137 0.036771 0.163469
v 0.431664 0.036827 0.164068
v 0.410517 0.036783 0.163492
v 0.408798 0.036761 0.167795
v 0.413177 0.036482 0.168000
v 0.436631 0.040066 0.104422
v 0.437353 0.039939 0.110231
v 0.442496 0.039517 0.110363
v 0.429804 0.037078 0.174026
v 0.432892 0.036773 0.177798
v 0.431666 0.036239 0.182753
v 0.444240 0.038837 0.116096
v 0.441762 0.039341 0.117848
v 0.443654 0.038480 0.120691
v 0.449952 0.037877 0.143320
v 0.453149 0.037446 0.147380
v 0.455733 0.037580 0.139881
v 0.444443 0.037146 0.168333
v 0.449919 0.037275 0.165645
v 0.444170 0.037378 0.163785
v 0.424942 0.036056 0.191571
v 0.423564 0.036746 0.185876
v 0.419494 0.036811 0.187447
v 0.405714 0.036304 0.165775
v 0.403050 0.036049 0.172415
v 0.415843 0.037447 0.157891
v 0.421817 0.037264 0.160150
v 0.421977 0.037888 0.156407
v 0.436647 0.037471 0.161829
v 0.447239 0.036493 0.179014
v 0.443418 0.037232 0.173599
v 0.442964 0.036671 0.177992
v 0.429326 0.037908 0.158315
v 0.430565 0.037322 0.160890
v 0.431783 0.037739 0.158554
v 0.441740 0.036222 0.182872
v 0.444560 0.036041 0.181621
v 0.439981 0.037667 0.169668
v 0.439670 0.036905 0.174881
v 0.437555 0.037230 0.170493
v 0.437689 0.036810 0.168643
v 0.418710 0.036904 0.165511
v 0.444362 0.038936 0.129704
v 0.450510 0.038976 0.128535
v 0.445808 0.038981 0.124596
v 0.451560 0.037262 0.172262
v 0.451598 0.036927 0.176295
v 0.431399 0.039868 0.111382
v 0.435268 0.039581 0.114173
v 0.433917 0.039767 0.108031
v 0.434668 0.036319 0.181938
v 0.446821 0.036331 0.185305
v 0.434362 0.038858 0.125811
v 0.410436 0.036517 0.171245
v 0.409728 0.036157 0.176192
v 0.416250 0.037032 0.173354
v 0.421890 0.037318 0.170244
v 0.420720 0.037073 0.181268
v 0.441985 0.036747 0.175348
v 0.426420 0.037405 0.158395
v 0.430367 0.039753 0.115965
v 0.426144 0.039599 0.117331
v 0.444571 0.038457 0.134839
v 0.445171 0.038165 0.139355
v 0.449957 0.037826 0.136811
v 0.447810 0.038558 0.132499
v 0.413516 0.036494 0.183278
v 0.429486 0.038975 0.128453
v 0.425627 0.039577 0.122874
v 0.422195 0.039308 0.126795
v 0.436836 0.036442 0.179565
v 0.458808 0.036587 0.158962
v 0.455993 0.037387 0.157227
v 0.455261 0.036603 0.162396
v 0.448798 0.039042 0.121192
v 0.440351 0.038743 0.123919
v 0.438930 0.038660 0.118773
v 0.461176 0.036714 0.168722
v 0.460947 0.036751 0.162946
v 0.459192 0.037351 0.154827
v 0.456578 0.037492 0.154184
v 0.419529 0.036387 0.194699
v 0.415934 0.036470 0.190107
v 0.458043 0.036724 0.178801
v 0.448909 0.036196 0.191098
v 0.439208 0.038535 0.133134
v 0.427923 0.035716 0.197117
v 0.423785 0.036165 0.199321
v 0.439888 0.039248 0.114813
v 0.448618 0.037173 0.171865
v 0.437703 0.038717 0.128715
v 0.448935 0.038136 0.146834
v 0.444205 0.038244 0.144464
v 0.448195 0.037842 0.150639
v 0.396772 0.035915 0.179934
v 0.404661 0.035723 0.183220
v 0.447480 0.037891 0.141237
v 0.457649 0.036865 0.170135
v 0.453794 0.036976 0.166059
v 0.453560 0.037493 0.152953
v 0.455411 0.036742 0.175016
v 0.404540 0.036336 0.162117
v 0.451652 0.036608 0.161799
v 0.453004 0.036941 0.159408
v 0.449486 0.037453 0.158968
v 0.447194 0.037811 0.154970
v 0.451784 0.037556 0.156367
v 0.450123 0.037582 0.153939
v 0.440245 0.037510 0.166157
v 0.442955 0.037880 0.158570
v 0.447868 0.037128 0.161875
v 0.440580 0.038400 0.151116
v 0.433900 0.039135 0.128845
v 0.426392 0.035846 0.201433
v 0.429478 0.035968 0.201987
v 0.439236 0.038424 0.138820
v 0.409300 0.035964 0.186329
v 0.412185 0.036577 0.189501
v 0.436405 0.038256 0.144211
v 0.433658 0.038547 0.132505
v 0.458609 0.036842 0.172982
v 0.435580 0.038190 0.135478
v 0.433129 0.038515 0.154668
v 0.432605 0.038600 0.147806
v 0.429571 0.038795 0.133609
v 0.424715 0.038532 0.134023
v 0.429567 0.038105 0.156868
v 0.425991 0.038017 0.154105
v 0.431547 0.038177 0.138518
v 0.431908 0.038246 0.143852
v 0.425949 0.038164 0.148148
v 0.406574 0.037209 0.157225
v 0.412218 0.038013 0.151650
v 0.429372 0.038384 0.144074
v 0.463281 0.037239 0.171902
v 0.457759 0.037241 0.150769
v 0.420035 0.037457 0.151855
v 0.424898 0.038270 0.141018
v 0.449876 0.036244 0.179318
v 0.418208 0.038475 0.137797
v 0.410193 0.038573 0.143033
v 0.416575 0.038199 0.147509
v 0.419821 0.038377 0.144237
v 0.420508 0.037684 0.147575
v 0.463533 0.036929 0.175515
v -0.460849 0.033141 -0.419489
v -0.468164 0.031769 -0.397971
v -0.461981 0.031966 -0.404032
v -0.468750 0.032650 -0.403605
v -0.458697 0.031439 -0.401085
v -0.451993 0.031126 -0.406447
v -0.482762 0.034825 -0.428011
v -0.497166 0.032146 -0.378619
v -0.434994 0.023429 -0.384289
v -0.435879 0.025276 -0.390605
v -0.442729 0.025912 -0.385896
v -0.466826 0.034283 -0.434303
v -0.476024 0.034738 -0.433543
v -0.472575 0.034387 -0.428753
v -0.476424 0.031951 -0.392233
v -0.486348 0.032639 -0.389224
v -0.478865 0.031490 -0.386504
v -0.431732 0.020966 -0.377947
v -0.439832 0.023853 -0.380313
v -0.442407 0.022957 -0.374863
v -0.473689 0.034606 -0.443729
v -0.497925 0.035206 -0.416453
v -0.494371 0.035173 -0.421160
v -0.481963 0.034917 -0.421710
v -0.493640 0.032825 -0.386684
v -0.495784 0.033523 -0.391115
v -0.500134 0.033343 -0.386558
v -0.480873 0.034498 -0.415395
v -0.484214 0.034922 -0.434085
v -0.473224 0.034052 -0.416167
v -0.470839 0.033577 -0.411721
v -0.478357 0.034190 -0.411240
v -0.479663 0.033864 -0.406513
v -0.484065 0.034339 -0.409955
v -0.488093 0.034746 -0.411485
v -0.490226 0.034648 -0.406234
v -0.461624 0.032414 -0.409738
v -0.473625 0.033427 -0.405537
v -0.463012 0.034209 -0.441836
v -0.456191 0.033798 -0.435262
v -0.500832 0.034944 -0.409965
v -0.500088 0.034746 -0.405682
v -0.495317 0.034731 -0.407729
v -0.472897 0.030109 -0.382167
v -0.480946 0.031024 -0.382278
v -0.479339 0.030301 -0.379132
v -0.508835 0.035034 -0.408186
v -0.475302 0.029300 -0.376970
v -0.467517 0.033771 -0.421515
v -0.465865 0.034016 -0.427036
v -0.470942 0.034278 -0.424813
v -0.446695 0.025267 -0.380039
v -0.457063 0.025720 -0.374223
v -0.450686 0.022722 -0.368174
v -0.451094 0.025074 -0.376568
v -0.468016 0.034283 -0.446469
v -0.488696 0.032118 -0.383696
v -0.486981 0.031386 -0.378893
v -0.476170 0.034465 -0.424805
v -0.445726 0.030500 -0.406289
v -0.446846 0.029990 -0.403426
v -0.482897 0.033644 -0.401664
v -0.448433 0.027561 -0.388762
v -0.453525 0.028316 -0.388326
v -0.450609 0.026870 -0.384065
v -0.459701 0.033599 -0.429554
v -0.461716 0.025115 -0.369309
v -0.449741 0.028757 -0.393595
v -0.455016 0.029695 -0.393484
v -0.451205 0.033524 -0.434724
v -0.450502 0.033129 -0.430210
v -0.466391 0.027754 -0.376240
v -0.465085 0.029198 -0.383466
v -0.483831 0.032876 -0.394205
v -0.460004 0.033435 -0.424275
v -0.505251 0.034518 -0.397192
v -0.512976 0.034718 -0.394471
v -0.510444 0.034137 -0.391017
v -0.469523 0.030896 -0.388648
v -0.453992 0.032904 -0.421664
v -0.449375 0.031741 -0.412550
v -0.518142 0.034698 -0.389704
v -0.431222 0.023298 -0.387188
v -0.445039 0.028859 -0.398703
v -0.452112 0.030277 -0.399397
v -0.474841 0.034287 -0.420698
v -0.456969 0.027531 -0.381685
v -0.437981 0.027530 -0.397821
v -0.455359 0.032575 -0.416572
v -0.454384 0.033138 -0.426689
v -0.459790 0.030657 -0.395896
v -0.465411 0.030924 -0.393028
v -0.460390 0.029604 -0.389500
v -0.453469 0.020211 -0.358830
v -0.517562 0.034773 -0.395212
v -0.451180 0.026221 -0.380200
v -0.434034 0.027650 -0.402522
v -0.433368 0.028828 -0.408524
v -0.440481 0.029381 -0.404124
v -0.498716 0.032996 -0.382990
v -0.448737 0.032700 -0.424567
v -0.463424 0.034413 -0.447083
v -0.428888 0.025431 -0.398203
v -0.492873 0.034810 -0.412009
v -0.498228 0.033949 -0.395516
v -0.469389 0.026571 -0.369559
v -0.480559 0.034791 -0.439540
v -0.474060 0.034716 -0.437222
v -0.445884 0.032061 -0.418933
v -0.475174 0.028005 -0.371779
v -0.483162 0.029926 -0.374243
v -0.493912 0.035098 -0.414840
v -0.455096 0.033180 -0.430157
v -0.483945 0.034525 -0.407182
v -0.504784 0.034706 -0.403159
v -0.505175 0.033933 -0.388451
v -0.503790 0.034190 -0.392615
v -0.439729 0.030862 -0.414304
v -0.429292 0.027152 -0.404138
v -0.469857 0.031569 -0.393042
v -0.442949 0.030576 -0.409008
v -0.437083 0.020358 -0.368908
v -0.442677 0.019281 -0.360216
v -0.446066 0.032694 -0.427048
v -0.494134 0.034339 -0.402370
v -0.283963 0.027928 -0.494868
v -0.286352 0.027743 -0.498011
v -0.292655 0.028207 -0.490125
v -0.293269 0.028014 -0.494895
v -0.270135 0.027432 -0.491299
v -0.289462 0.028012 -0.504484
v -0.268031 0.027423 -0.499271
v -0.261589 0.027345 -0.504555
v -0.297491 0.028082 -0.502065
v -0.274962 0.027661 -0.502020
v 0.509305 0.046872 0.029696
v 0.502963 0.047358 0.027356
v 0.507170 0.046529 0.033284
v 0.522883 0.045149 0.033734
v 0.516897 0.046234 0.026729
v 0.517152 0.045653 0.031485
v 0.515184 0.045010 0.041290
v 0.518227 0.044718 0.042739
v 0.514004 0.045569 0.037544
v 0.519115 0.045000 0.039587
v 0.517655 0.047039 0.019224
v 0.512892 0.047482 0.020223
v 0.520824 0.045985 0.025203
v 0.572468 0.035175 0.149567
v 0.579781 0.035209 0.136952
v 0.567513 0.035641 0.143326
v 0.525105 0.045166 0.031357
v 0.526848 0.045285 0.028578
v 0.565726 0.036137 0.132487
v 0.590502 0.034729 0.148523
v 0.526114 0.045422 0.023896
v 0.522385 0.044434 0.038224
v 0.516224 0.045670 0.034342
v 0.559757 0.037072 0.113878
v 0.578137 0.035795 0.121926
v 0.581702 0.036455 0.101148
v 0.536108 0.045465 0.012170
v 0.541376 0.045009 0.010887
v 0.539330 0.045632 0.006232
v 0.530950 0.045860 0.014831
v 0.535471 0.044993 0.018399
v 0.510094 0.047047 0.025292
v 0.513346 0.046692 0.030074
v 0.580378 0.038349 0.062299
v 0.585421 0.037286 0.079351
v 0.606261 0.037420 0.068423
v 0.526711 0.044225 0.035094
v 0.567097 0.038052 0.083680
v 0.511059 0.045822 0.040010
v 0.599573 0.034856 0.124964
v 0.572840 0.038358 0.070549
v 0.615144 0.036191 0.097171
v 0.529327 0.045771 0.019603
v 0.507325 0.045640 0.042642
v 0.504017 0.046237 0.037035
v 0.503792 0.045982 0.041623
v 0.496595 0.047477 0.032747
v 0.488395 0.048048 0.030687
v 0.492478 0.047472 0.036008
v 0.534494 0.044538 0.021970
v 0.533441 0.044789 0.025447
v 0.499306 0.047623 0.028824
v 0.527724 0.043814 0.039131
v 0.522169 0.047069 0.017160
v 0.510934 0.044335 0.051475
v 0.508131 0.044798 0.047939
v 0.507665 0.044364 0.052267
v 0.511466 0.045093 0.044216
v 0.512648 0.044874 0.046297
v 0.515233 0.044747 0.044541
v 0.627720 0.036839 0.079366
v 0.615331 0.037753 0.047980
v 0.640071 0.037116 0.062368
v 0.510009 0.047697 0.021431
v 0.550910 0.038153 0.105636
v 0.553560 0.038137 0.100043
v 0.498631 0.046097 0.045193
v 0.499097 0.046592 0.038689
v 0.514428 0.044010 0.048908
v 0.540037 0.039100 0.095660
v 0.533081 0.039987 0.090980
v 0.531259 0.039844 0.097302
v 0.546089 0.038259 0.111005
v 0.638275 0.037243 0.032013
v 0.547734 0.038780 0.093924
v 0.546615 0.038630 0.100702
v 0.538598 0.040278 0.071150
v 0.528999 0.040565 0.075960
v 0.533520 0.040129 0.079426
v 0.509513 0.044289 0.054752
v 0.508889 0.043873 0.060116
v 0.513903 0.043554 0.055105
v 0.556601 0.036228 0.146270
v 0.539546 0.038842 0.103356
v 0.553648 0.038594 0.093669
v 0.550586 0.038937 0.089126
v 0.551702 0.037094 0.132223
v 0.546245 0.038406 0.105853
v 0.544501 0.038096 0.120126
v 0.560266 0.037902 0.094469
v 0.541929 0.039391 0.088822
v 0.534567 0.040042 0.085110
v 0.526866 0.040766 0.082894
v 0.526220 0.040742 0.087797
v 0.526399 0.040887 0.079113
v 0.544739 0.039704 0.081070
v 0.556028 0.038836 0.084562
v 0.528573 0.043200 0.044872
v 0.522754 0.043861 0.044960
v 0.539473 0.042562 0.040179
v 0.541110 0.041369 0.045920
v 0.543555 0.041840 0.043411
v 0.548771 0.042760 0.027712
v 0.538883 0.044314 0.023314
v 0.539242 0.043397 0.031058
v 0.522763 0.042868 0.050577
v 0.518876 0.043893 0.046875
v 0.534004 0.041009 0.066596
v 0.533503 0.041020 0.064304
v 0.530076 0.041111 0.065143
v 0.545395 0.042153 0.037610
v 0.543319 0.044340 0.016749
v 0.534507 0.041358 0.059347
v 0.532247 0.041549 0.056211
v 0.530689 0.041033 0.060771
v 0.535658 0.040973 0.054962
v 0.533415 0.041490 0.053225
v 0.537443 0.041963 0.045856
v 0.526844 0.042194 0.057037
v 0.526060 0.041516 0.063353
v 0.517228 0.042994 0.058902
v 0.519747 0.042907 0.059871
v 0.519655 0.042753 0.055833
v 0.542111 0.041323 0.049463
v 0.540031 0.041815 0.049148
v 0.539521 0.041214 0.053185
v 0.534081 0.041904 0.049524
v 0.534449 0.043432 0.035039
v 0.522428 0.042299 0.066649
v 0.526269 0.041682 0.066379
v 0.530664 0.042218 0.051922
v 0.534895 0.042818 0.040003
v 0.526632 0.042775 0.050337
v 0.537006 0.040967 0.057330
v 0.543923 0.041669 0.047603
v 0.531587 0.044402 0.029430
v 0.530116 0.044634 0.032307
v 0.537577 0.040993 0.061013
v 0.531983 0.042677 0.042726
v 0.529728 0.043530 0.042236
v 0.513879 0.043250 0.060952
v 0.517700 0.042706 0.063412
v 0.521983 0.041479 0.076468
v 0.530251 0.043989 0.036507
v 0.517318 0.042223 0.068317
v 0.520922 0.042172 0.071578
v 0.532944 0.041367 0.062673
v 0.522793 0.042360 0.061430
v 0.525193 0.042716 0.053086
v 0.523346 0.042395 0.054621
v 0.540543 0.040633 0.064404
v 0.528143 0.041106 0.068972
v 0.527386 0.041183 0.073227
v 0.522490 0.042375 0.057831
v 0.517957 0.044751 0.044909
v 0.521222 0.043097 0.053186
v 0.547390 0.041451 0.044282
v 0.518752 0.043336 0.051677
v 0.515046 0.042914 0.066298
v 0.514275 0.043299 0.064270
v 0.545761 0.040375 0.063926
v 0.545046 0.040800 0.057283
v 0.555872 0.039085 0.078672
v 0.551362 0.039618 0.072848
v 0.554149 0.040177 0.056758
v 0.551240 0.039986 0.065821
v 0.553230 0.041318 0.039090
v 0.559379 0.040329 0.046654
v 0.570435 0.039437 0.050530
v 0.565393 0.040865 0.030645
v 0.545217 0.041213 0.050391
v 0.551043 0.040781 0.049655
v 0.589186 0.038605 0.044394
v 0.548615 0.044536 -0.000834
v 0.547044 0.044417 0.009069
v 0.561543 0.039746 0.055652
v 0.555073 0.043462 0.006199
v 0.554191 0.042956 0.015770
v 0.565118 0.042017 0.008372
v 0.563338 0.038661 0.072407
v 0.557820 0.039608 0.067021
v 0.558223 0.039711 0.061800
v 0.566438 0.038999 0.062798
v 0.558881 0.042902 0.000533
v 0.583431 0.039927 0.017741
v 0.571405 0.038119 0.075888
v 0.607385 0.038243 0.026404
v -0.437341 0.032318 -0.430357
v -0.391979 0.029575 -0.519184
v -0.391267 0.029256 -0.525309
v -0.396628 0.029072 -0.528321
v -0.396819 0.030142 -0.513690
v -0.404940 0.030802 -0.507267
v -0.399996 0.030251 -0.510890
v -0.402461 0.031769 -0.468905
v -0.405706 0.031839 -0.471563
v -0.407641 0.032041 -0.467514
v -0.418911 0.030418 -0.513071
v -0.414572 0.030082 -0.516897
v -0.419573 0.030072 -0.516008
v -0.414662 0.032263 -0.460303
v -0.411352 0.032247 -0.464775
v -0.405340 0.030245 -0.514667
v -0.425729 0.032290 -0.487834
v -0.408701 0.031742 -0.488803
v -0.415164 0.031352 -0.495061
v -0.413044 0.032176 -0.468280
v -0.419937 0.032235 -0.465446
v -0.413072 0.030592 -0.510127
v -0.413574 0.031013 -0.503159
v -0.404037 0.031026 -0.499653
v -0.452360 0.033727 -0.449936
v -0.453304 0.033959 -0.455742
v -0.458505 0.033783 -0.454268
v -0.446315 0.033376 -0.456520
v -0.447109 0.033405 -0.449944
v -0.455798 0.033709 -0.463325
v -0.449951 0.033444 -0.462539
v -0.450666 0.033432 -0.467276
v -0.465138 0.034087 -0.462241
v -0.411500 0.030311 -0.437060
v -0.416453 0.031094 -0.439434
v -0.416503 0.030371 -0.433423
v -0.466527 0.034333 -0.451909
v -0.400949 0.029538 -0.519899
v -0.438044 0.032848 -0.441028
v -0.399714 0.031895 -0.463058
v -0.398005 0.031411 -0.459884
v -0.416440 0.031966 -0.483867
v -0.420183 0.032386 -0.481881
v -0.420450 0.032283 -0.449975
v -0.421894 0.032465 -0.454883
v -0.425208 0.032395 -0.446031
v -0.396150 0.031652 -0.467987
v -0.405867 0.031902 -0.463878
v -0.398273 0.031215 -0.493935
v -0.445941 0.033269 -0.468951
v -0.449107 0.033305 -0.474384
v -0.396810 0.030768 -0.451194
v -0.392852 0.030552 -0.450080
v -0.441698 0.033327 -0.464546
v -0.437002 0.033005 -0.459844
v -0.445366 0.032693 -0.485132
v -0.440834 0.033192 -0.473516
v -0.403382 0.029554 -0.439090
v -0.402971 0.028598 -0.434054
v -0.443322 0.033521 -0.448792
v -0.411687 0.032007 -0.480703
v -0.417229 0.032522 -0.480137
v -0.446565 0.033342 -0.463519
v -0.397994 0.031794 -0.473960
v -0.421837 0.025901 -0.407133
v -0.410070 0.022279 -0.407398
v -0.411370 0.025253 -0.414830
v -0.423106 0.030552 -0.429533
v -0.415486 0.028977 -0.426472
v -0.455945 0.033259 -0.473932
v -0.390630 0.028442 -0.532863
v -0.400563 0.030342 -0.446848
v -0.410671 0.032106 -0.458523
v -0.405244 0.032007 -0.458723
v -0.429896 0.031986 -0.435744
v -0.428756 0.032399 -0.451514
v -0.436964 0.032587 -0.486891
v -0.435480 0.032723 -0.480796
v -0.428116 0.032555 -0.473567
v -0.429283 0.032659 -0.478122
v -0.433489 0.032866 -0.473457
v -0.400938 0.031768 -0.480765
v -0.403867 0.031989 -0.475135
v -0.454264 0.033905 -0.442979
v -0.448361 0.033364 -0.444887
v -0.429778 0.033037 -0.462516
v -0.432165 0.032702 -0.456172
v -0.391425 0.031593 -0.484288
v -0.396985 0.031501 -0.488170
v -0.422805 0.032353 -0.477331
v -0.410327 0.030852 -0.444128
v -0.443640 0.033167 -0.440723
v -0.399781 0.022660 -0.416651
v -0.438310 0.032996 -0.446433
v -0.385770 0.030233 -0.453825
v -0.413605 0.027316 -0.420556
v -0.419110 0.026933 -0.414609
v -0.419203 0.032352 -0.471225
v -0.416165 0.032005 -0.476606
v -0.395319 0.018864 -0.410059
v -0.422766 0.029249 -0.420370
v -0.429802 0.032709 -0.468691
v -0.425275 0.032781 -0.470965
v -0.402489 0.027631 -0.431008
v -0.443695 0.033095 -0.434827
v -0.430954 0.031049 -0.424628
v -0.436519 0.031740 -0.424344
v -0.409030 0.029162 -0.432285
v -0.425196 0.032405 -0.466648
v -0.410236 0.032044 -0.474785
v -0.416040 0.032247 -0.454323
v -0.434400 0.030652 -0.516406
v -0.425691 0.030382 -0.515693
v -0.450297 0.033527 -0.439029
v -0.424502 0.032528 -0.462602
v -0.390310 0.031227 -0.493014
v -0.433817 0.032830 -0.450718
v -0.418487 0.031821 -0.445286
v -0.388781 0.031246 -0.488082
v -0.452240 0.031768 -0.501364
v -0.439737 0.032127 -0.495767
v -0.431263 0.031818 -0.494955
v -0.425039 0.031548 -0.498783
v -0.434510 0.031775 -0.499836
v -0.431943 0.031380 -0.504689
v -0.435839 0.031827 -0.502379
v -0.425662 0.028200 -0.413235
v -0.438908 0.031301 -0.504355
v -0.435498 0.030900 -0.510134
v -0.431302 0.030716 -0.512896
v -0.426285 0.032466 -0.458334
v -0.421979 0.031483 -0.437828
v -0.429575 0.030830 -0.509951
v -0.417847 0.032202 -0.450508
v -0.422325 0.031002 -0.507374
v -0.454525 0.033083 -0.482935
v -0.447471 0.033099 -0.435110
v -0.438145 0.033056 -0.452941
v -0.405536 0.025562 -0.421321
v -0.419600 0.029889 -0.520474
v -0.441863 0.032112 -0.424426
v -0.406875 0.027531 -0.426441
v -0.435398 0.032746 -0.466578
v -0.459311 0.034006 -0.447643
v -0.632169 0.035025 0.208616
v -0.625829 0.036056 0.212217
v -0.642447 0.032657 0.208381
v -0.636433 0.033870 0.213534
v -0.644943 0.032685 0.198550
v -0.646282 0.032392 0.203026
v -0.684824 0.027960 0.120384
v -0.650662 0.031807 0.200099
v -0.653795 0.031505 0.190474
v -0.659792 0.030405 0.197333
v -0.643372 0.032939 0.191350
v -0.631274 0.035151 0.204369
v -0.637692 0.034129 0.200566
v -0.656668 0.030956 0.180379
v -0.649870 0.032066 0.187286
v -0.637383 0.033956 0.207075
v -0.653808 0.030836 0.207751
v -0.634758 0.034634 0.196434
v -0.663352 0.030009 0.183873
v -0.678242 0.028609 0.142224
v -0.679822 0.028207 0.149128
v -0.683158 0.028307 0.137164
v -0.650213 0.030135 0.224670
v -0.655824 0.029814 0.216574
v -0.662662 0.028243 0.223924
v -0.664372 0.029095 0.210086
v -0.675561 0.028508 0.181254
v -0.675497 0.028076 0.195313
v -0.667985 0.029326 0.190242
v -0.667704 0.029605 0.171220
v -0.680359 0.024219 0.241863
v -0.672828 0.024746 0.244963
v -0.672423 0.025674 0.234083
v -0.753150 0.026575 0.062870
v -0.728726 0.022743 0.213220
v -0.737179 0.022140 0.230918
v -0.738919 0.021442 0.193874
v -0.724203 0.023625 0.178375
v -0.731386 0.022856 0.174506
v -0.678902 0.026199 0.220573
v -0.688218 0.023992 0.237220
v -0.714903 0.025404 0.152739
v -0.721732 0.024448 0.158939
v -0.715518 0.024920 0.162214
v -0.772372 0.027479 0.065813
v -0.785649 0.026523 0.077240
v -0.777551 0.026285 0.086102
v -0.665900 0.026190 0.239422
v -0.699246 0.024678 0.217481
v -0.692743 0.025790 0.205450
v -0.702868 0.024992 0.206345
v -0.682615 0.026751 0.205713
v -0.673939 0.027856 0.206842
v -0.791454 0.025313 0.121773
v -0.785462 0.025416 0.137063
v -0.781074 0.025675 0.117204
v -0.726753 0.024400 0.151924
v -0.699032 0.024355 0.224526
v -0.691143 0.025168 0.218149
v -0.684639 0.027116 0.192909
v -0.688685 0.027162 0.179416
v -0.682008 0.027943 0.167959
v -0.722960 0.024100 0.167224
v -0.710661 0.025186 0.175298
v -0.708459 0.025021 0.192558
v -0.699638 0.026105 0.180930
v -0.767286 0.023729 0.109085
v -0.760550 0.022397 0.113408
v -0.756298 0.022856 0.098963
v -0.718622 0.024445 0.171153
v -0.695204 0.026356 0.185365
v -0.674358 0.028745 0.157160
v -0.688775 0.027054 0.155395
v -0.695771 0.026577 0.168204
v -0.686495 0.027707 0.144787
v -0.704602 0.025743 0.157659
v -0.697560 0.026261 0.147050
v -0.692557 0.027513 0.140104
v -0.668250 0.029069 0.199371
v -0.706978 0.025991 0.146408
v -0.620113 0.036617 0.221055
v -0.665265 0.029545 0.163587
v -0.702121 0.027682 0.136693
v -0.698125 0.028322 0.129942
v -0.691454 0.028192 0.133515
v -0.715002 0.025991 0.142898
v -0.692282 0.028386 0.125764
v -0.724112 0.025035 0.137525
v -0.694838 0.028181 0.120712
v -0.713253 0.026853 0.132646
v -0.703829 0.027972 0.124465
v -0.694809 0.027467 0.113007
v -0.775226 0.024838 0.149738
v -0.767901 0.023983 0.139395
v -0.772841 0.025315 0.127655
v -0.717850 0.026095 0.124906
v -0.712918 0.026592 0.118701
v -0.767313 0.025487 0.086611
v -0.701131 0.027342 0.091274
v -0.704463 0.027374 0.088489
v -0.702556 0.026944 0.100553
v -0.742211 0.022057 0.147241
v -0.737491 0.024922 0.085128
v -0.734127 0.027396 0.060595
v -0.707451 0.026968 0.113361
v -0.718353 0.025670 0.111697
v -0.731665 0.023175 0.126124
v -0.744166 0.021200 0.125791
v -0.734243 0.023163 0.108661
v -0.717734 0.026430 0.091309
v -0.693700 0.026295 0.192258
v -0.698890 0.025871 0.190334
v -0.747004 0.021829 0.108018
v -0.714190 0.024165 0.208264
v -0.728660 0.023519 0.164150
v -0.740528 0.021800 0.169630
v -0.693821 0.024477 0.226729
v -0.767245 0.023370 0.149092
v -0.765372 0.022714 0.156426
v -0.761145 0.021857 0.141833
v -0.721171 0.023811 0.194183
v -0.760535 0.020828 0.169995
v -0.804738 0.024731 0.073782
v -0.787053 0.027762 0.057528
v -0.801866 0.026967 0.042659
v -0.755404 0.021359 0.122821
v -0.764186 0.023145 0.127002
v -0.805513 0.023724 0.110630
v -0.789029 0.025547 0.099049
v -0.774654 0.023459 0.165877
v -0.779883 0.021729 0.181675
v -0.756162 0.021072 0.152550
v -0.765316 0.028570 0.045662
v -0.755423 0.019641 0.187889
v -0.751939 0.020848 0.138700
v -0.791628 0.023704 0.162378
v -0.800322 0.023943 0.137812
v -0.808067 0.022271 0.153129
v -0.772035 0.029342 0.027680
v -0.774938 0.028751 0.045927
v -0.767864 0.019373 0.190169
v -0.774303 0.024902 0.113065
v -0.775699 0.025233 0.101749
v -0.799036 0.020733 0.194536
v -0.817341 0.020511 0.171036
v -0.785455 0.028814 0.038060
v -0.789908 0.028064 -0.005066
v -0.083411 0.040714 0.095979
v -0.087394 0.043439 0.091754
v -0.078972 0.040909 0.095148
v 0.359501 0.028959 0.281317
v 0.363870 0.029136 0.279868
v 0.359593 0.029933 0.276171
v 0.385199 0.032988 0.258346
v 0.387731 0.033280 0.253361
v 0.381463 0.033751 0.256847
v 0.372653 0.029933 0.275914
v 0.371506 0.031521 0.270984
v 0.366893 0.029721 0.275828
v 0.349920 0.027440 0.296121
v 0.354463 0.027392 0.297398
v 0.353633 0.027774 0.293002
v 0.380478 0.027472 0.293185
v 0.380603 0.027937 0.287623
v 0.374652 0.027287 0.291986
v 0.405806 0.026701 0.301614
v 0.404265 0.026394 0.306538
v 0.410897 0.026573 0.303514
v 0.429680 0.027256 0.298705
v 0.434327 0.026993 0.299681
v 0.434783 0.028038 0.292327
v 0.368128 0.025992 0.319192
v 0.367515 0.026286 0.311577
v 0.359342 0.026228 0.316502
v 0.413156 0.026267 0.307705
v 0.407084 0.026226 0.310686
v 0.361087 0.026645 0.307951
v 0.361129 0.026786 0.302271
v 0.351075 0.027113 0.305035
v 0.393030 0.028037 0.287866
v 0.385782 0.029081 0.282998
v 0.404423 0.033342 0.254245
v 0.404332 0.032896 0.260369
v 0.410176 0.033624 0.256189
v 0.449663 0.030580 0.273240
v 0.442732 0.030233 0.277436
v 0.448096 0.029657 0.280639
v 0.439754 0.027774 0.293283
v 0.397990 0.026133 0.313579
v 0.397454 0.032205 0.262167
v 0.403932 0.032504 0.265849
v 0.451699 0.029065 0.282369
v 0.447523 0.028174 0.288262
v 0.457587 0.028577 0.283353
v 0.441721 0.029167 0.285006
v 0.436439 0.029284 0.285342
v 0.422495 0.032263 0.268719
v 0.429530 0.032115 0.265611
v 0.424717 0.032571 0.262465
v 0.399057 0.032023 0.269486
v 0.406634 0.031263 0.273422
v 0.414310 0.029967 0.280101
v 0.413936 0.031261 0.275269
v 0.416311 0.033155 0.251306
v 0.415148 0.032666 0.246770
v 0.410635 0.033407 0.251031
v 0.439728 0.029706 0.281544
v 0.426693 0.026424 0.305008
v 0.367040 0.026848 0.301167
v 0.364163 0.027078 0.299295
v 0.378226 0.029499 0.279182
v 0.386790 0.030389 0.277784
v 0.378235 0.031427 0.272571
v 0.384312 0.032439 0.268635
v 0.380022 0.032421 0.268840
v 0.386386 0.027695 0.292050
v 0.384786 0.027016 0.298278
v 0.391592 0.027239 0.294234
v 0.414155 0.032101 0.270447
v 0.417183 0.033107 0.264645
v 0.411958 0.032804 0.266574
v 0.404849 0.028439 0.285702
v 0.403831 0.027584 0.292622
v 0.410850 0.027722 0.291539
v 0.416053 0.026793 0.299751
v 0.416895 0.026549 0.303865
v 0.430689 0.030126 0.280808
v 0.430512 0.029692 0.284047
v 0.434035 0.030428 0.279848
v 0.407972 0.029332 0.281363
v 0.401887 0.029726 0.278923
v 0.392227 0.026456 0.307018
v 0.384136 0.026570 0.306256
v 0.386226 0.026089 0.312834
v 0.442683 0.031662 0.266791
v 0.437739 0.032017 0.264773
v 0.436582 0.031480 0.269238
v 0.403272 0.032954 0.249849
v 0.408014 0.033115 0.248362
v 0.405876 0.032673 0.244672
v 0.417919 0.033555 0.257654
v 0.409864 0.033484 0.262678
v 0.396884 0.029157 0.282446
v 0.393903 0.030140 0.277742
v 0.390809 0.029210 0.281711
v 0.422740 0.026888 0.300723
v 0.418410 0.026095 0.308682
v 0.381874 0.033227 0.260919
v 0.389314 0.026901 0.302400
v 0.382447 0.034126 0.251350
v 0.375371 0.033880 0.256964
v 0.360370 0.027565 0.292563
v 0.355474 0.028270 0.286799
v 0.437987 0.030069 0.281529
v 0.368339 0.032810 0.261047
v 0.361690 0.031666 0.265704
v 0.368834 0.032169 0.266384
v 0.432460 0.032602 0.259965
v 0.428563 0.032529 0.257475
v 0.440711 0.027016 0.299006
v 0.423455 0.032813 0.258693
v 0.435841 0.029791 0.282086
v 0.431292 0.028651 0.289468
v 0.427156 0.027842 0.294167
v 0.347050 0.026715 0.321493
v 0.353248 0.026394 0.324560
v 0.351799 0.026536 0.319217
v 0.364368 0.030899 0.271353
v 0.407567 0.030164 0.278619
v 0.438247 0.030027 0.278957
v 0.447212 0.027493 0.295072
v 0.382889 0.031230 0.274411
v 0.379693 0.030846 0.275487
v 0.410111 0.026970 0.297391
v 0.418714 0.027654 0.294426
v 0.370775 0.033654 0.242416
v 0.375902 0.034146 0.245179
v 0.380282 0.033599 0.238418
v 0.346967 0.027662 0.293529
v 0.420344 0.033019 0.261147
v 0.339990 0.027102 0.322575
v 0.348240 0.026933 0.315102
v 0.336062 0.027172 0.318548
v 0.445458 0.026500 0.301594
v 0.450759 0.026615 0.298948
v 0.451293 0.027203 0.295985
v 0.398383 0.030927 0.274140
v 0.391731 0.031513 0.271128
v 0.340357 0.027334 0.311949
v 0.422617 0.029447 0.284675
v 0.425902 0.030406 0.279803
v 0.387534 0.033964 0.249782
v 0.388055 0.033821 0.245271
v 0.375046 0.026867 0.298284
v 0.378619 0.026512 0.303420
v 0.437306 0.030913 0.273981
v 0.444008 0.031223 0.271144
v 0.435166 0.032558 0.254987
v 0.424574 0.028566 0.289547
v 0.415552 0.028606 0.287250
v 0.399695 0.026576 0.304317
v 0.375680 0.034189 0.250717
v 0.367331 0.033504 0.250293
v 0.369721 0.033337 0.255482
v 0.368912 0.028913 0.280256
v 0.372740 0.033126 0.262346
v 0.377431 0.033302 0.261313
v 0.361582 0.032548 0.258499
v 0.423515 0.032630 0.249677
v 0.359890 0.027065 0.299161
v 0.391348 0.032450 0.258039
v 0.371353 0.026546 0.305068
v 0.394615 0.026959 0.299248
v 0.386554 0.033462 0.240502
v 0.388042 0.033530 0.237100
v 0.389933 0.032087 0.264584
v 0.408643 0.032457 0.268164
v 0.385419 0.032578 0.262611
v 0.431697 0.030762 0.277448
v 0.420370 0.031395 0.274844
v 0.430166 0.031574 0.271401
v 0.432880 0.031971 0.266410
v 0.402345 0.027021 0.297886
v 0.397454 0.027258 0.294311
v 0.434642 0.032132 0.262631
v 0.422914 0.031990 0.238466
v 0.417677 0.032137 0.240642
v 0.420664 0.032525 0.245024
v 0.411557 0.033196 0.247442
v 0.369048 0.027875 0.286874
v 0.363794 0.028485 0.283317
v 0.391564 0.033319 0.239953
v 0.395567 0.033224 0.244475
v 0.397446 0.032576 0.236875
v 0.400374 0.032975 0.247178
v 0.394209 0.032906 0.251200
v 0.401848 0.032519 0.241322
v 0.411466 0.032392 0.243213
v 0.374461 0.032695 0.265932
v 0.398527 0.032618 0.253828
v 0.390960 0.033480 0.248946
v 0.346034 0.027370 0.299871
v 0.383408 0.034069 0.242528
v 0.381034 0.034211 0.245996
v 0.380482 0.034142 0.242702
v 0.361037 0.027411 0.295675
v 0.366895 0.027298 0.295287
v 0.431631 0.032626 0.252848
v 0.410807 0.028920 0.283831
v 0.426049 0.032683 0.253992
v 0.427332 0.032077 0.241569
v 0.380083 0.032816 0.265066
v 0.376929 0.032565 0.268853
v 0.375307 0.026337 0.310506
v 0.380826 0.026123 0.312809
v 0.375739 0.025894 0.317404
v 0.359140 0.030950 0.270998
v 0.353543 0.029472 0.279394
v 0.454813 0.027205 0.297479
v 0.458043 0.027823 0.291574
v 0.451772 0.027343 0.297320
v 0.407288 0.032195 0.238023
v 0.338644 0.027650 0.306469
v 0.452449 0.027866 0.290587
v 0.360519 0.026206 0.321810
v 0.368759 0.026666 -0.410772
v 0.363851 0.026412 -0.409574
v 0.369694 0.026660 -0.405711
v 0.302698 0.022524 -0.455487
v 0.303276 0.022473 -0.451840
v 0.310353 0.022975 -0.454581
v 0.366002 0.026070 -0.438867
v 0.362465 0.026252 -0.424759
v 0.366600 0.026288 -0.424959
v 0.302615 0.022653 -0.467422
v 0.308478 0.022998 -0.463096
v 0.311438 0.023073 -0.467496
v 0.381210 0.027395 -0.402583
v 0.385242 0.027302 -0.406238
v 0.376523 0.026990 -0.402069
v 0.321234 0.023429 -0.446482
v 0.317226 0.023272 -0.451084
v 0.314540 0.023279 -0.445804
v 0.330000 0.023942 -0.445888
v 0.328054 0.023964 -0.448868
v 0.325641 0.023807 -0.446945
v 0.325296 0.023454 -0.474314
v 0.335350 0.024000 -0.460779
v 0.331504 0.023628 -0.479211
v 0.371368 0.026566 -0.422538
v 0.366097 0.026471 -0.417036
v 0.373799 0.026585 -0.414676
v 0.358185 0.025987 -0.429110
v 0.354820 0.025541 -0.434967
v 0.352911 0.025778 -0.429337
v 0.313946 0.023440 -0.429113
v 0.318036 0.023856 -0.428436
v 0.320386 0.023893 -0.432581
v 0.424175 0.027536 -0.391747
v 0.406664 0.026970 -0.382813
v 0.428512 0.026033 -0.372908
v 0.350120 0.025629 -0.419993
v 0.346271 0.025633 -0.424052
v 0.347924 0.025629 -0.417060
v 0.314844 0.023064 -0.463297
v 0.319582 0.023307 -0.460620
v 0.319843 0.023491 -0.464841
v 0.351186 0.025917 -0.411968
v 0.345520 0.025754 -0.412183
v 0.315358 0.023729 -0.436501
v 0.374533 0.026868 -0.407922
v 0.372873 0.026973 -0.405512
v 0.348507 0.025416 -0.428381
v 0.345021 0.025046 -0.431141
v 0.324153 0.023702 -0.461210
v 0.333225 0.024252 -0.455328
v 0.329073 0.023816 -0.456953
v 0.329628 0.023860 -0.452157
v 0.332646 0.024257 -0.442269
v 0.337709 0.024518 -0.442504
v 0.334540 0.024409 -0.446011
v 0.449422 0.025732 -0.360092
v 0.455479 0.027383 -0.377234
v 0.311998 0.023028 -0.472036
v 0.306923 0.022793 -0.474861
v 0.304202 0.022988 -0.471872
v 0.320203 0.023329 -0.473610
v 0.317159 0.023300 -0.478234
v 0.312747 0.023077 -0.475897
v 0.319655 0.023754 -0.440695
v 0.313791 0.023180 -0.441277
v 0.411224 0.027458 -0.431103
v 0.388365 0.026936 -0.444255
v 0.385629 0.027242 -0.421488
v 0.371229 0.025485 -0.472623
v 0.339834 0.024442 -0.448845
v 0.343903 0.025768 -0.405633
v 0.337596 0.025391 -0.413811
v 0.338288 0.025228 -0.405995
v 0.308479 0.023101 -0.442809
v 0.305015 0.022557 -0.439299
v 0.309279 0.023084 -0.436725
v 0.313420 0.023155 -0.459582
v 0.348729 0.024961 -0.449102
v 0.344403 0.024948 -0.441778
v 0.352388 0.025337 -0.440036
v 0.317176 0.023236 -0.468988
v 0.324565 0.023573 -0.467317
v 0.317727 0.023272 -0.472011
v 0.379213 0.027291 -0.412037
v 0.296448 0.022138 -0.449372
v 0.299963 0.022480 -0.447507
v 0.400228 0.026703 -0.373265
v 0.411139 0.026334 -0.374003
v 0.398639 0.026809 -0.379303
v 0.396488 0.026849 -0.383220
v 0.357586 0.026183 -0.407573
v 0.354137 0.026163 -0.402957
v 0.359123 0.026255 -0.401877
v 0.384500 0.027283 -0.399144
v 0.364585 0.026386 -0.399406
v 0.335801 0.024144 -0.448788
v 0.334808 0.024174 -0.452118
v 0.324135 0.023617 -0.450227
v 0.307820 0.022837 -0.448428
v 0.408327 0.027811 -0.408572
v 0.373234 0.026590 -0.394883
v 0.370077 0.026794 -0.400417
v 0.369629 0.026360 -0.397159
v 0.325970 0.023784 -0.435695
v 0.326862 0.024547 -0.427656
v 0.397231 0.027352 -0.395584
v 0.405241 0.026088 -0.463359
v 0.315332 0.023875 -0.420805
v 0.309163 0.023128 -0.419730
v 0.313673 0.023525 -0.415578
v 0.330370 0.024788 -0.418978
v 0.332811 0.025419 -0.412295
v 0.306767 0.022784 -0.459140
v 0.302084 0.022596 -0.462576
v 0.300905 0.022539 -0.458744
v 0.302033 0.022611 -0.421636
v 0.299385 0.022337 -0.426849
v 0.292938 0.021870 -0.419179
v 0.359459 0.026135 -0.413858
v 0.282084 0.020861 -0.417574
v 0.286334 0.021144 -0.423347
v 0.276196 0.020328 -0.411981
v 0.280166 0.020699 -0.410172
v 0.317567 0.023874 -0.416011
v 0.285594 0.020914 -0.409508
v 0.324195 0.023586 -0.458003
v 0.332384 0.024209 -0.449118
v 0.309566 0.023199 -0.411172
v 0.316313 0.023894 -0.409948
v 0.279883 0.020456 -0.428561
v 0.301969 0.022464 -0.413488
v 0.293697 0.021577 -0.445112
v 0.291538 0.021701 -0.450344
v 0.286368 0.021045 -0.443588
v 0.288239 0.021354 -0.427475
v 0.289655 0.021349 -0.436240
v 0.354479 0.025707 -0.425144
v 0.350857 0.025782 -0.424279
v 0.295427 0.021817 -0.431001
v 0.299653 0.022235 -0.441001
v 0.318055 0.023932 -0.424971
v 0.320576 0.024417 -0.419982
v 0.349661 0.025371 -0.433272
v 0.290230 0.021443 -0.410650
v 0.295572 0.021692 -0.407757
v 0.325304 0.024710 -0.414668
v 0.329437 0.024941 -0.412356
v 0.332694 0.024502 -0.437089
v 0.331436 0.024430 -0.431582
v 0.338448 0.024901 -0.431025
v 0.324441 0.023527 -0.463875
v 0.328358 0.023747 -0.461412
v 0.302783 0.022532 -0.434447
v 0.324057 0.023714 -0.454301
v 0.318242 0.023369 -0.456619
v 0.296127 0.022014 -0.456181
v 0.335236 0.024152 -0.439861
v 0.338441 0.024572 -0.438024
v 0.306161 0.022992 -0.428184
v 0.324987 0.024295 -0.421754
v 0.305934 0.023014 -0.477922
v 0.318385 0.023221 -0.482988
v 0.347302 0.025162 -0.436944
v 0.341723 0.025340 -0.421697
v 0.342569 0.025084 -0.426758
v 0.334198 0.024993 -0.424386
v 0.358038 0.026014 -0.422407
v 0.356871 0.026158 -0.417771
v 0.360340 0.026191 -0.418625
v 0.326747 0.023575 -0.459283
v 0.342644 0.025326 -0.435883
v 0.353443 0.026058 -0.415072
v 0.353757 0.025833 -0.420386
v 0.364813 0.026482 -0.404840
v 0.309218 0.023083 -0.480232
v 0.326302 0.023822 -0.442156
v 0.331538 0.025215 -0.406297
v 0.334935 0.025374 -0.408472
v 0.295812 0.022084 -0.460804
v 0.321421 0.024072 -0.426431
v 0.351184 0.025625 -0.436918
v 0.348943 0.025706 -0.406290
v 0.351467 0.026029 -0.407983
v 0.370668 0.026470 -0.392876
v 0.392451 0.027072 -0.381874
v 0.395043 0.026904 -0.379582
v 0.382258 0.026404 -0.375521
v 0.385883 0.026826 -0.371808
v 0.387513 0.026842 -0.379145
v 0.391997 0.026789 -0.377896
v 0.394502 0.026971 -0.375400
v 0.390193 0.026813 -0.373537
v 0.392916 0.026962 -0.369441
v 0.436734 0.026874 -0.442385
v 0.443388 0.028095 -0.408057
v 0.474090 0.027581 -0.422211
v 0.380937 0.027006 -0.395137
v 0.375911 0.026726 -0.396610
v 0.396781 0.027156 -0.387987
v 0.376180 0.026555 -0.389605
v 0.378847 0.026868 -0.391025
v 0.386054 0.026797 -0.387871
v 0.391553 0.027300 -0.390098
v 0.391958 0.027138 -0.385655
v 0.349811 0.024687 -0.466640
v 0.331620 0.023154 -0.501217
v 0.485081 0.028337 -0.382330
v 0.481197 0.027794 -0.361813
v 0.504864 0.029176 -0.347521
v 0.467322 0.026781 -0.355279
v 0.380805 0.026571 -0.384043
v 0.483035 0.028031 -0.341717
v 0.387669 0.027168 -0.393417
v 0.389636 0.027028 -0.383600
v 0.320558 0.024257 -0.413596
v 0.245603 0.015276 0.489369
v 0.244053 0.015194 0.486472
v 0.241558 0.015138 0.491482
v 0.208025 0.011866 0.545114
v 0.208379 0.011405 0.554075
v 0.214800 0.011900 0.549672
v 0.270871 0.014462 0.489709
v 0.277879 0.014216 0.494425
v 0.275823 0.014267 0.485270
v 0.254113 0.018310 0.450844
v 0.249237 0.018238 0.452661
v 0.257377 0.017593 0.457707
v 0.255998 0.014618 0.524653
v 0.245489 0.014341 0.526488
v 0.249260 0.014647 0.532560
v 0.256107 0.015211 0.532723
v 0.240858 0.014183 0.535725
v 0.246050 0.015262 0.542524
v 0.259176 0.018018 0.453411
v 0.232840 0.013721 0.536446
v 0.233277 0.014067 0.544636
v 0.254866 0.016921 0.462819
v 0.260042 0.016028 0.470973
v 0.261868 0.016564 0.465877
v 0.253373 0.014333 0.516943
v 0.239349 0.016360 0.469491
v 0.242921 0.016686 0.465527
v 0.234669 0.017169 0.462005
v 0.247686 0.017572 0.458892
v 0.241305 0.018309 0.453329
v 0.241910 0.017350 0.460171
v 0.246402 0.016266 0.470051
v 0.250440 0.015767 0.473273
v 0.250683 0.016515 0.467474
v 0.268371 0.015691 0.472301
v 0.264785 0.015212 0.479086
v 0.246100 0.015533 0.474550
v 0.269387 0.014591 0.484134
v 0.272421 0.014630 0.479791
v 0.255713 0.015676 0.477465
v 0.250415 0.015395 0.477397
v 0.224546 0.017005 0.461948
v 0.223385 0.015948 0.472194
v 0.230973 0.016542 0.467356
v 0.264666 0.017016 0.460811
v 0.256353 0.018562 0.447094
v 0.233223 0.015943 0.472970
v 0.240386 0.015733 0.475374
v 0.223746 0.014661 0.488994
v 0.221735 0.015191 0.481320
v 0.216241 0.014389 0.485569
v 0.211883 0.012713 0.573417
v 0.209151 0.013802 0.575917
v 0.210492 0.013512 0.575916
v 0.229944 0.014543 0.498195
v 0.232870 0.014486 0.504441
v 0.234415 0.014589 0.498896
v 0.237690 0.014029 0.518937
v 0.243790 0.014169 0.518626
v 0.238804 0.014143 0.515036
v 0.248640 0.014846 0.500213
v 0.250587 0.014688 0.506040
v 0.254100 0.014687 0.503200
v 0.224254 0.013513 0.515132
v 0.219250 0.013116 0.519065
v 0.225024 0.013396 0.522451
v 0.202359 0.012341 0.516805
v 0.209009 0.012843 0.511325
v 0.204904 0.012767 0.508643
v 0.234894 0.015520 0.478069
v 0.236713 0.015167 0.485279
v 0.241681 0.015364 0.479663
v 0.244157 0.015184 0.477245
v 0.201794 0.013003 0.496185
v 0.207498 0.013117 0.500242
v 0.207618 0.013675 0.493259
v 0.251757 0.015078 0.494063
v 0.256511 0.014752 0.497940
v 0.259447 0.015101 0.489950
v 0.277168 0.018276 0.546363
v 0.284830 0.018202 0.543319
v 0.276028 0.017403 0.539930
v 0.222578 0.012793 0.548064
v 0.223452 0.013006 0.537061
v 0.214774 0.012403 0.540461
v 0.281196 0.016994 0.536054
v 0.206581 0.012056 0.565903
v 0.214150 0.011613 0.566317
v 0.208965 0.011337 0.561071
v 0.287109 0.017511 0.536664
v 0.204622 0.013438 0.489726
v 0.247162 0.015109 0.491335
v 0.245758 0.014965 0.495550
v 0.210757 0.014991 0.477437
v 0.202284 0.013946 0.485019
v 0.209707 0.013979 0.487393
v 0.246514 0.014967 0.479034
v 0.249847 0.015313 0.482217
v 0.266365 0.014460 0.498855
v 0.264486 0.014513 0.494128
v 0.261282 0.014401 0.501263
v 0.232397 0.014133 0.511644
v 0.226963 0.013921 0.509097
v 0.228327 0.014664 0.493226
v 0.230322 0.015038 0.488807
v 0.214653 0.013854 0.493665
v 0.214855 0.013263 0.505182
v 0.220787 0.013637 0.509575
v 0.224966 0.013960 0.503831
v 0.253661 0.015232 0.489105
v 0.257427 0.015490 0.486854
v 0.254550 0.015602 0.484516
v 0.228137 0.015049 0.484610
v 0.240024 0.014514 0.508535
v 0.229190 0.015356 0.479498
v 0.232213 0.013801 0.517985
v 0.256992 0.014609 0.502415
v 0.222993 0.014156 0.496876
v 0.213601 0.012897 0.515484
v 0.218343 0.011835 0.557818
v 0.212634 0.011461 0.560562
v 0.209055 0.012263 0.533249
v 0.206457 0.012217 0.537834
v 0.230115 0.015785 0.475751
v 0.206780 0.012370 0.525472
v 0.214669 0.012816 0.531601
v 0.216809 0.012941 0.524612
v 0.260152 0.015515 0.483653
v 0.264409 0.015078 0.484633
v 0.202632 0.011696 0.558035
v 0.240117 0.014784 0.499502
v 0.245392 0.014508 0.505005
v 0.203439 0.012106 0.532107
v 0.228200 0.013376 0.533325
v 0.232075 0.013379 0.532666
v 0.253106 0.016922 0.547651
v 0.255871 0.015999 0.539524
v 0.247049 0.019023 0.571126
v 0.253828 0.019643 0.568219
v 0.251105 0.018518 0.561881
v 0.245596 0.016825 0.555083
v 0.252157 0.017756 0.554389
v 0.282613 0.016240 0.528805
v 0.275515 0.016342 0.532878
v 0.271087 0.014973 0.522200
v 0.269826 0.015678 0.529173
v 0.274668 0.015487 0.526497
v 0.286916 0.021051 0.567569
v 0.284507 0.020161 0.559766
v 0.275884 0.020185 0.561662
v 0.262870 0.015891 0.534121
v 0.219235 0.012962 0.530407
v 0.261300 0.019870 0.564092
v 0.269263 0.019114 0.555007
v 0.266403 0.018029 0.548959
v 0.259182 0.018220 0.552780
v 0.263735 0.014875 0.526150
v 0.261865 0.017081 0.543300
v 0.269367 0.016554 0.537037
v 0.265995 0.014825 0.488201
v 0.238412 0.015371 0.552525
v 0.238829 0.016498 0.563252
v 0.255541 0.018565 0.558296
v 0.255860 0.020778 0.575917
v 0.259488 0.021089 0.575916
v 0.249149 0.015216 0.487213
v 0.272400 0.018555 0.549583
v 0.270266 0.017644 0.544216
v 0.265681 0.014229 0.504731
v 0.265221 0.014311 0.515172
v 0.230452 0.015456 0.573546
v 0.235842 0.017144 0.575917
v 0.237880 0.017782 0.575917
v 0.242036 0.018731 0.575916
v 0.245965 0.019432 0.575916
v 0.270568 0.014424 0.494947
v 0.271378 0.014246 0.500069
v 0.281506 0.019211 0.552725
v 0.213051 0.013180 0.575917
v 0.223397 0.013206 0.529130
v 0.230356 0.013549 0.529314
v 0.223620 0.013079 0.567493
v 0.231874 0.015254 0.567465
v 0.229126 0.013712 0.557855
v 0.244124 0.014418 0.513339
v 0.289029 0.021739 0.575916
v 0.273544 0.021338 0.572565
v 0.283382 0.021703 0.575917
v 0.271594 0.014206 0.507007
v 0.243927 0.015309 0.482652
v 0.245382 0.017763 0.562744
v 0.236220 0.013812 0.531266
v 0.274325 0.014831 0.516177
v 0.272628 0.014285 0.511513
v 0.279175 0.014569 0.508709
v 0.234539 0.014943 0.493555
v 0.236303 0.013818 0.523452
v 0.270571 0.021502 0.575917
v 0.275327 0.021683 0.575917
v 0.203984 0.013868 0.572147
v 0.251864 0.014392 0.511211
v 0.257245 0.014273 0.507766
v 0.247063 0.014432 0.509831
v 0.276804 0.015251 0.522144
v 0.248831 0.019908 0.575918
v 0.276370 0.014330 0.501635
v 0.261784 0.018770 0.446473
v 0.219763 0.013318 0.575916
v 0.222759 0.013837 0.575914
v 0.223659 0.013657 0.574093
v 0.282309 0.015181 0.518535
v 0.280817 0.014248 0.501072
v 0.227761 0.015034 0.575917
v 0.264272 0.021271 0.575917
v 0.252664 0.020423 0.575917
v 0.265745 0.021382 0.575915
v 0.248336 0.014368 0.514205
v 0.233044 0.016418 0.575916
v 0.293764 0.020226 0.559347
v 0.230701 0.015853 0.575917
v 0.277853 0.021643 0.575917
v -0.516077 0.023568 0.226121
v -0.508000 0.024003 0.221203
v -0.523607 0.025453 0.212623
v -0.570675 0.034368 0.208986
v -0.576489 0.036661 0.216113
v -0.569385 0.034566 0.220332
v -0.588731 0.039111 0.232368
v -0.578507 0.037716 0.226627
v -0.583552 0.038259 0.219170
v -0.546274 0.027959 0.174832
v -0.515842 0.027124 0.168015
v -0.513974 0.027935 0.161444
v -0.524507 0.027974 0.165382
v -0.539471 0.028379 0.170431
v -0.532230 0.027818 0.171094
v -0.537575 0.028937 0.163947
v -0.565881 0.031681 0.192387
v -0.576191 0.034735 0.196140
v -0.571209 0.034015 0.200746
v -0.513243 0.026798 0.176374
v -0.508271 0.027621 0.166821
v -0.596067 0.039014 0.221661
v -0.590629 0.038917 0.221601
v -0.481664 0.024227 0.235298
v -0.473706 0.024596 0.235273
v -0.484031 0.025120 0.219506
v -0.507140 0.021828 0.243327
v -0.514862 0.022740 0.235042
v -0.517521 0.021883 0.242885
v -0.555247 0.028735 0.244595
v -0.559772 0.031249 0.238586
v -0.559183 0.030851 0.248638
v -0.533516 0.021397 0.240634
v -0.526143 0.021769 0.241297
v -0.533349 0.022383 0.231049
v -0.477630 0.026489 0.211590
v -0.483290 0.026517 0.205884
v -0.555305 0.028190 0.230209
v -0.564430 0.032984 0.229380
v -0.578244 0.036938 0.254142
v -0.571641 0.034907 0.257189
v -0.500394 0.022710 0.237137
v -0.499694 0.022391 0.242028
v -0.523737 0.022574 0.233236
v -0.564812 0.034032 0.244149
v -0.564703 0.030113 0.183647
v -0.571442 0.031366 0.184093
v -0.528585 0.021146 0.247743
v -0.533577 0.020774 0.248891
v -0.488786 0.024025 0.229981
v -0.495552 0.024313 0.220333
v -0.521492 0.021228 0.250225
v -0.513049 0.020830 0.251438
v -0.507323 0.023039 0.232071
v -0.486051 0.023922 0.236654
v -0.484760 0.023860 0.241423
v -0.439744 0.024758 0.262940
v -0.436077 0.024489 0.270725
v -0.426199 0.024448 0.266194
v -0.480350 0.024084 0.246911
v -0.533530 0.020194 0.254219
v -0.460854 0.024269 0.262647
v -0.452853 0.024372 0.259942
v -0.454595 0.024475 0.250214
v -0.523776 0.026643 0.175585
v -0.520341 0.026195 0.186304
v -0.466767 0.024261 0.257293
v -0.462193 0.024338 0.255794
v -0.485377 0.027052 0.196254
v -0.496602 0.026223 0.196244
v -0.498271 0.023488 0.230054
v -0.492490 0.023115 0.240285
v -0.448631 0.024382 0.265056
v -0.446228 0.024507 0.258079
v -0.539611 0.022162 0.234102
v -0.546995 0.024139 0.227703
v -0.542329 0.022112 0.239343
v -0.469452 0.025446 0.225290
v -0.475437 0.025665 0.220871
v -0.439393 0.024653 0.252367
v -0.540612 0.023344 0.224577
v -0.547601 0.026800 0.201824
v -0.542456 0.026448 0.197942
v -0.548105 0.027124 0.193480
v -0.475010 0.027375 0.202797
v -0.555814 0.026806 0.257164
v -0.554079 0.027430 0.249716
v -0.566677 0.034826 0.237796
v -0.489745 0.026105 0.202534
v -0.487717 0.025880 0.208450
v -0.494410 0.025315 0.209035
v -0.562315 0.030972 0.211719
v -0.561566 0.030908 0.220596
v -0.472491 0.024210 0.252578
v -0.478681 0.023618 0.257831
v -0.523843 0.023734 0.224961
v -0.530173 0.024376 0.219272
v -0.529986 0.023409 0.225476
v -0.572199 0.036589 0.232826
v -0.555878 0.028937 0.197491
v -0.464477 0.024823 0.233446
v -0.463111 0.025884 0.221044
v -0.471284 0.026491 0.214607
v -0.551390 0.026135 0.245603
v -0.553951 0.027708 0.239568
v -0.511453 0.029714 0.144286
v -0.516365 0.030689 0.139499
v -0.519686 0.029082 0.148545
v -0.538039 0.021189 0.242802
v -0.431391 0.024690 0.257047
v -0.454753 0.024236 0.267916
v -0.532834 0.026556 0.178319
v -0.527709 0.026066 0.183306
v -0.534195 0.025041 0.214128
v -0.514174 0.025514 0.204452
v -0.522170 0.026164 0.198805
v -0.504702 0.025233 0.204982
v -0.504508 0.024735 0.213033
v -0.549578 0.027298 0.184968
v -0.555854 0.028783 0.190733
v -0.565825 0.033821 0.250993
v -0.540681 0.026601 0.180975
v -0.495272 0.027846 0.173285
v -0.448238 0.024594 0.253174
v -0.497545 0.021220 0.255667
v -0.499206 0.021892 0.247757
v -0.505667 0.020215 0.256962
v -0.493835 0.022481 0.249565
v -0.458486 0.025063 0.229482
v -0.512038 0.024813 0.212765
v -0.509444 0.025070 0.209261
v -0.466576 0.026938 0.210045
v -0.459088 0.026662 0.211349
v -0.511940 0.026543 0.187343
v -0.484341 0.023207 0.255882
v -0.554924 0.028230 0.206510
v -0.561854 0.031210 0.254741
v -0.519848 0.023050 0.229903
v -0.456419 0.024732 0.237746
v -0.464327 0.024472 0.246996
v -0.597230 0.038895 0.213942
v -0.560490 0.028829 0.179636
v -0.465137 0.027386 0.203174
v -0.610448 0.038212 0.206847
v -0.444226 0.024631 0.246518
v -0.541324 0.026189 0.193119
v -0.536416 0.026079 0.196220
v -0.536720 0.025906 0.190681
v -0.502575 0.028349 0.158516
v -0.537632 0.024068 0.219159
v -0.487490 0.023256 0.248369
v -0.541991 0.026200 0.187955
v -0.554542 0.027375 0.217246
v -0.491164 0.022019 0.257266
v -0.537989 0.025980 0.206144
v -0.507992 0.026004 0.195288
v -0.515575 0.026104 0.194772
v -0.563321 0.031428 0.202266
v -0.529641 0.025862 0.191495
v -0.558382 0.029044 0.185530
v -0.504134 0.027382 0.172913
v -0.502242 0.027104 0.182875
v -0.581185 0.037163 0.206119
v -0.534299 0.025966 0.185111
v -0.554589 0.028126 0.179521
v -0.500194 0.028134 0.166612
v -0.529981 0.026299 0.201058
v -0.589688 0.035087 0.188682
v -0.588511 0.035857 0.191375
v -0.583905 0.034059 0.186292
v -0.583251 0.035963 0.195011
v -0.588552 0.037467 0.200212
v -0.593742 0.037599 0.198351
v -0.588749 0.038593 0.213141
v -0.589999 0.036747 0.195713
v -0.537883 0.027412 0.174875
v -0.593649 0.038325 0.204934
v -0.605629 0.038305 0.203503
v -0.576653 0.033862 0.189827
v -0.577837 0.031105 0.178884
v -0.577505 0.032645 0.184914
v -0.592198 0.034212 0.184770
v -0.578809 0.034886 0.193742
v -0.586402 0.032206 0.179406
v -0.512417 0.028360 0.154834
v -0.519186 0.026759 0.170648
v -0.520182 0.028330 0.156903
v -0.542303 0.028590 0.168578
v -0.412916 0.023558 0.274074
v -0.430132 0.024189 0.273335
v -0.592736 0.021852 0.496662
v -0.579950 0.021348 0.468634
v -0.606259 0.022728 0.469347
v -0.502206 0.015387 0.437605
v -0.494009 0.014795 0.436068
v -0.544099 0.019150 0.502061
v -0.542572 0.018242 0.496129
v -0.550792 0.018784 0.498566
v -0.581924 0.022770 0.447915
v -0.573459 0.021659 0.457091
v -0.476004 0.020575 0.449336
v -0.569504 0.021615 0.450385
v -0.568565 0.022235 0.444633
v -0.556038 0.021425 0.441670
v -0.559886 0.021456 0.444137
v -0.552273 0.020487 0.444037
v -0.487505 0.020369 0.538071
v -0.495523 0.020615 0.523535
v -0.507143 0.021134 0.534417
v -0.564687 0.021597 0.448792
v -0.575038 0.020484 0.486992
v -0.568271 0.019814 0.475745
v -0.508370 0.021020 0.514678
v -0.519356 0.021178 0.523958
v -0.490776 0.020553 0.505317
v -0.489552 0.015513 0.435905
v -0.485883 0.016143 0.435305
v -0.489455 0.014821 0.432312
v -0.526639 0.018234 0.493333
v -0.519353 0.017862 0.485056
v -0.528610 0.016581 0.485296
v -0.491694 0.019084 0.454396
v -0.483435 0.020857 0.457645
v -0.484119 0.019442 0.450418
v -0.516930 0.016820 0.435247
v -0.524074 0.016389 0.478800
v -0.513628 0.018070 0.475911
v -0.512403 0.018904 0.483314
v -0.506607 0.019343 0.475091
v -0.556929 0.018806 0.464277
v -0.556228 0.019519 0.457811
v -0.562045 0.020634 0.454803
v -0.533123 0.018644 0.440246
v -0.527324 0.018124 0.436760
v -0.529624 0.018223 0.432802
v -0.519564 0.019304 0.496251
v -0.514312 0.020171 0.501986
v -0.572294 0.022979 0.437675
v -0.538674 0.019390 0.503127
v -0.541096 0.019810 0.507639
v -0.530855 0.019379 0.501850
v -0.564395 0.019631 0.467142
v -0.545823 0.016167 0.474153
v -0.553070 0.017351 0.481826
v -0.544950 0.016372 0.483018
v -0.523193 0.020192 0.504432
v -0.522712 0.020746 0.511161
v -0.504272 0.020351 0.494458
v -0.524641 0.015839 0.469145
v -0.524600 0.015925 0.474017
v -0.519701 0.016521 0.473459
v -0.551728 0.019324 0.453612
v -0.522340 0.020846 0.514898
v -0.518943 0.021033 0.512519
v -0.521306 0.017512 0.438247
v -0.526126 0.017733 0.446276
v -0.517982 0.017352 0.443809
v -0.548807 0.017373 0.465481
v -0.552050 0.018654 0.459636
v -0.536838 0.018716 0.499379
v -0.534752 0.017619 0.492818
v -0.532045 0.018466 0.497313
v -0.532014 0.020195 0.510130
v -0.553551 0.018629 0.493804
v -0.546086 0.017611 0.490929
v -0.550997 0.017710 0.488467
v -0.570438 0.020828 0.462815
v -0.553761 0.017633 0.472793
v -0.537318 0.016223 0.484937
v -0.540561 0.017377 0.491539
v -0.559743 0.018591 0.477459
v -0.562361 0.018775 0.485520
v -0.527335 0.018092 0.440319
v -0.529978 0.015564 0.465177
v -0.530631 0.015239 0.474822
v -0.504604 0.014342 0.430030
v -0.504648 0.016942 0.445376
v -0.512431 0.016654 0.439004
v -0.530685 0.016829 0.456448
v -0.534456 0.017867 0.449571
v -0.538334 0.017276 0.455287
v -0.499436 0.020675 0.502085
v -0.495393 0.021138 0.489812
v -0.509009 0.018041 0.456527
v -0.510906 0.018049 0.462898
v -0.505365 0.018895 0.463823
v -0.524745 0.017471 0.433342
v -0.486871 0.021796 0.476677
v -0.518479 0.021087 0.515356
v -0.514908 0.020929 0.509971
v -0.542567 0.018787 0.448275
v -0.538209 0.015800 0.465604
v -0.545459 0.017864 0.457806
v -0.515312 0.017361 0.458757
v -0.494407 0.020479 0.504656
v -0.494334 0.020944 0.495216
v -0.490317 0.021224 0.490268
v -0.504021 0.020101 0.480519
v -0.504004 0.020266 0.485858
v -0.498943 0.020623 0.477594
v -0.502894 0.020800 0.520479
v -0.521971 0.017140 0.454656
v -0.515574 0.017366 0.452178
v -0.497167 0.021228 0.483138
v -0.483764 0.016181 0.431186
v -0.519749 0.017560 0.448399
v -0.496618 0.020363 0.511747
v -0.487542 0.016547 0.439782
v -0.508325 0.020871 0.504812
v -0.515185 0.017465 0.447483
v -0.480007 0.019400 0.446197
v -0.518092 0.021504 0.565253
v -0.510087 0.018535 0.469395
v -0.493721 0.017005 0.445439
v -0.484776 0.018168 0.444716
v -0.530093 0.020587 0.514798
v -0.529719 0.021030 0.519781
v -0.519562 0.016818 0.461513
v -0.515451 0.017354 0.466642
v -0.542273 0.020399 0.515263
v -0.540958 0.020592 0.519907
v -0.535214 0.020794 0.516583
v -0.548128 0.020396 0.518703
v -0.528896 0.021254 0.536829
v -0.548948 0.020280 0.512985
v -0.556079 0.020243 0.515046
v -0.551662 0.021104 0.557535
v -0.562212 0.020639 0.575917
v -0.555529 0.020605 0.575917
v -0.548647 0.020635 0.528259
v -0.581997 0.020643 0.575917
v -0.578596 0.020964 0.561809
v -0.588107 0.020605 0.575917
v -0.509652 0.021177 0.575917
v -0.502251 0.021129 0.575917
v -0.503887 0.017701 0.449940
v -0.504041 0.018330 0.453792
v -0.498966 0.018082 0.451165
v -0.474499 0.020287 0.443714
v -0.474423 0.019801 0.438294
v -0.524617 0.016234 0.461889
v -0.556549 0.018395 0.490317
v -0.595545 0.020289 0.575917
v -0.493828 0.021018 0.575917
v -0.551413 0.020652 0.575917
v -0.572082 0.020675 0.575917
v -0.522379 0.021023 0.575917
v -0.515776 0.021014 0.575917
v -0.544495 0.020826 0.575917
v -0.529339 0.020999 0.575917
v -0.539214 0.015397 0.476057
v -0.501064 0.020345 0.474254
v -0.495564 0.021040 0.470271
v -0.498855 0.019332 0.459116
v -0.503924 0.018411 0.458042
v -0.571484 0.020621 0.468319
v -0.602269 0.021037 0.538901
v -0.479726 0.018371 0.440670
v -0.572201 0.020915 0.523427
v -0.551767 0.019697 0.506324
v -0.492458 0.020451 0.462811
v -0.508790 0.019450 0.485153
v -0.490770 0.021229 0.467318
v -0.485104 0.021254 0.465298
v -0.482554 0.017030 0.434585
v -0.491363 0.021249 0.472772
v -0.480266 0.021405 0.461422
v -0.474715 0.019425 0.427942
v -0.470994 0.020568 0.432517
v -0.486367 0.021848 0.470819
v -0.482152 0.021694 0.469315
v -0.477111 0.019212 0.437886
v -0.562897 0.019572 0.500342
v -0.622170 0.018869 0.575917
v -0.577069 0.020846 0.500994
v -0.612128 0.019412 0.575917
v 0.501226 0.044216 -0.085543
v 0.503284 0.044830 -0.081652
v 0.504833 0.043677 -0.086226
v 0.484737 0.050572 -0.072085
v 0.479666 0.051000 -0.074267
v 0.484092 0.051276 -0.068810
v 0.507117 0.044014 -0.083723
v 0.486653 0.051788 -0.064050
v 0.551911 0.036635 -0.114833
v 0.568677 0.036985 -0.094747
v 0.585472 0.036149 -0.114135
v 0.658835 0.035547 -0.117185
v 0.658960 0.035629 -0.080433
v 0.677178 0.035208 -0.084711
v 0.492274 0.049234 -0.071194
v 0.496617 0.048926 -0.068993
v 0.495262 0.048095 -0.073819
v 0.497136 0.045731 -0.082109
v 0.494337 0.047025 -0.079777
v 0.499508 0.046152 -0.078802
v 0.499760 0.045413 -0.082855
v 0.495619 0.050312 -0.063018
v 0.491154 0.051137 -0.061675
v 0.494534 0.051174 -0.057707
v 0.516544 0.044531 -0.074456
v 0.516653 0.044649 -0.072161
v 0.520067 0.044075 -0.072482
v 0.556831 0.035106 -0.225315
v 0.552865 0.035612 -0.186849
v 0.574943 0.034929 -0.207817
v 0.488678 0.050513 -0.069318
v 0.492552 0.050101 -0.067282
v 0.590454 0.034609 -0.228766
v 0.605475 0.034556 -0.205700
v 0.510831 0.043276 -0.083400
v 0.509476 0.044126 -0.079443
v 0.512487 0.044082 -0.079208
v 0.503705 0.046008 -0.076136
v 0.502975 0.047524 -0.073304
v 0.505128 0.047331 -0.071153
v 0.482715 0.051487 -0.066990
v 0.480111 0.052068 -0.068589
v 0.637250 0.036034 -0.101687
v 0.641121 0.035888 -0.068907
v 0.585221 0.035276 -0.155264
v 0.610903 0.035728 -0.124519
v 0.616216 0.035456 -0.146426
v 0.513044 0.045164 -0.074733
v 0.510526 0.046615 -0.069050
v 0.514403 0.045512 -0.071367
v 0.500043 0.048953 -0.065818
v 0.502171 0.049420 -0.061266
v 0.525382 0.043169 -0.072446
v 0.522934 0.044134 -0.070099
v 0.523895 0.044584 -0.065943
v 0.516896 0.043617 -0.078248
v 0.520431 0.043044 -0.075906
v 0.523094 0.042429 -0.079362
v 0.620824 0.036346 -0.057823
v 0.613910 0.036390 -0.090711
v 0.582556 0.034260 -0.259314
v 0.495933 0.044045 -0.088134
v 0.497970 0.044763 -0.085579
v 0.493332 0.045131 -0.087358
v 0.493429 0.044249 -0.089412
v 0.508378 0.045287 -0.075434
v 0.516839 0.042446 -0.082081
v 0.499056 0.042205 -0.092801
v 0.502976 0.042077 -0.093379
v 0.501248 0.041048 -0.097844
v 0.502461 0.047289 -0.071889
v 0.500781 0.047444 -0.074182
v 0.501006 0.048017 -0.069822
v 0.487941 0.044922 -0.088809
v 0.485828 0.046994 -0.084623
v 0.490780 0.045279 -0.086842
v 0.495133 0.042470 -0.093409
v 0.488104 0.049475 -0.073352
v 0.507056 0.044989 -0.079824
v 0.520123 0.046014 -0.061005
v 0.522083 0.046018 -0.058240
v 0.524462 0.045608 -0.059807
v 0.493253 0.045518 -0.084678
v 0.673249 0.035314 -0.040336
v 0.487222 0.051894 -0.061402
v 0.488156 0.052062 -0.058254
v 0.511387 0.042417 -0.088398
v 0.508401 0.042744 -0.087151
v 0.526754 0.037354 -0.120929
v 0.529683 0.038201 -0.108635
v 0.584052 0.034729 -0.188359
v 0.560686 0.035678 -0.136273
v 0.535359 0.036286 -0.135185
v 0.514115 0.045781 -0.068465
v 0.515309 0.047683 -0.056626
v 0.518397 0.046806 -0.058089
v 0.512464 0.047805 -0.059874
v 0.498389 0.048037 -0.072402
v 0.516310 0.046952 -0.061031
v 0.512593 0.047013 -0.063917
v 0.498206 0.050295 -0.059396
v 0.522187 0.035524 -0.148153
v 0.548015 0.035576 -0.155354
v 0.530159 0.035473 -0.167944
v 0.490191 0.046966 -0.082499
v 0.488580 0.050951 -0.066872
v 0.486819 0.048132 -0.081001
v 0.516800 0.045468 -0.069525
v 0.486211 0.048817 -0.077607
v 0.483917 0.049922 -0.074901
v 0.507498 0.047412 -0.066861
v 0.495533 0.045624 -0.084080
v 0.498565 0.040591 -0.100020
v 0.497147 0.041168 -0.097241
v 0.481050 0.052263 -0.063988
v 0.487170 0.051025 -0.067630
v 0.497691 0.047166 -0.075510
v 0.489981 0.047785 -0.078988
v 0.491364 0.048857 -0.075702
v 0.503948 0.049710 -0.058495
v 0.500570 0.050019 -0.056638
v 0.591611 0.036873 -0.074685
v 0.513791 0.043364 -0.082397
v 0.514976 0.042516 -0.084728
v 0.505898 0.042195 -0.090512
v 0.505971 0.041192 -0.095863
v 0.518781 0.045510 -0.065497
v 0.507409 0.048473 -0.059318
v 0.523241 0.041390 -0.084430
v 0.535146 0.040930 -0.077484
v 0.524414 0.040663 -0.088179
v 0.518858 0.041379 -0.089025
v 0.518332 0.042005 -0.085338
v 0.511570 0.040768 -0.097133
v 0.511396 0.039949 -0.100930
v 0.508216 0.040285 -0.099414
v 0.531931 0.044010 -0.059208
v 0.516429 0.040269 -0.099149
v 0.518142 0.040333 -0.096881
v 0.524511 0.039605 -0.096545
v 0.510829 0.048312 -0.056453
v 0.515233 0.048515 -0.054111
v 0.503685 0.040121 -0.102102
v 0.520326 0.042097 -0.083402
v 0.515870 0.041418 -0.087600
v 0.506724 0.039640 -0.103810
v 0.520310 0.044512 -0.069133
v 0.547838 0.038029 -0.093671
v 0.518655 0.040149 -0.093606
v 0.504242 0.039435 -0.104172
v 0.513676 0.041343 -0.092014
v 0.491349 0.043685 -0.091279
v 0.516107 0.038571 -0.111001
v 0.519306 0.039192 -0.105298
v 0.515169 0.039415 -0.102851
v 0.513554 0.041944 -0.087250
v 0.518716 0.037925 -0.115998
v 0.514382 0.040173 -0.097004
v 0.509850 0.040869 -0.095254
v 0.509440 0.041914 -0.091705
v 0.522584 0.045694 -0.062807
v 0.516293 0.046301 -0.063288
v 0.499435 0.039887 -0.102947
v 0.482136 0.048505 -0.081496
v 0.488679 0.052035 -0.062555
v 0.506168 0.049570 -0.056083
v 0.484110 0.052489 -0.060205
v 0.609991 0.034787 -0.178538
v 0.477510 0.053172 -0.061306
v 0.481616 0.053117 -0.056167
v 0.484404 0.052818 -0.057606
v 0.484079 0.045928 -0.088181
v 0.480784 0.053005 -0.061554
v 0.506373 0.048281 -0.062231
v 0.487804 0.044027 -0.092351
v 0.504389 0.048431 -0.065840
v 0.563658 0.038445 -0.071550
v 0.577525 0.039353 -0.041510
v 0.507061 0.037142 -0.121554
v 0.504487 0.037279 -0.118903
v 0.507802 0.037705 -0.117100
v 0.509989 0.039488 -0.104869
v 0.512380 0.038876 -0.107490
v 0.517356 0.036573 -0.129092
v 0.519815 0.036186 -0.135787
v 0.514102 0.036914 -0.132910
v 0.511076 0.035864 -0.135833
v 0.510374 0.036433 -0.128414
v 0.507968 0.036236 -0.129210
v 0.511333 0.036458 -0.130798
v 0.501816 0.040055 -0.103942
v 0.502316 0.039336 -0.106173
v 0.493920 0.038401 -0.108770
v 0.497386 0.038813 -0.106468
v 0.497723 0.038355 -0.110826
v 0.516293 0.036900 -0.123111
v 0.512229 0.037083 -0.119705
v 0.508539 0.038049 -0.112188
v 0.512508 0.038039 -0.115187
v 0.504192 0.037818 -0.115176
v 0.501207 0.037151 -0.118591
v 0.506916 0.039024 -0.107736
v 0.510545 0.036762 -0.124878
v 0.611456 0.035118 -0.161018
v 0.517944 0.037529 -0.120146
v 0.502751 0.036899 -0.122393
v 0.508823 0.047580 -0.063525
v 0.509749 0.047010 -0.065728
v 0.510424 0.048924 -0.052720
v 0.526381 0.045733 -0.056011
v 0.527690 0.045907 -0.053108
v 0.522932 0.046550 -0.056163
v 0.508991 0.048142 -0.061291
v 0.502476 0.042998 -0.089340
v 0.490219 0.042197 -0.096238
v 0.493591 0.040860 -0.099613
v 0.488784 0.040731 -0.101085
v 0.695429 0.034777 -0.069843
v 0.499948 0.037524 -0.114780
v 0.503299 0.038292 -0.111038
v 0.494446 0.041811 -0.096891
v 0.518787 0.047353 -0.054977
v 0.488427 0.038793 -0.108478
v 0.487238 0.039980 -0.104657
v 0.492973 0.039581 -0.104323
v 0.523388 0.046600 -0.053318
v 0.519316 0.047308 -0.052714
v 0.546581 0.042612 -0.048814
v 0.486390 0.044601 -0.090348
v 0.642117 0.035912 -0.040089
v 0.631791 0.035795 -0.129459
v 0.639017 0.035465 -0.158200
v 0.496660 0.040740 -0.101067
v 0.497457 0.042074 -0.094614
v 0.639856 0.034897 -0.197022
v -0.692911 0.032896 -0.003659
v -0.683293 0.033441 -0.003968
v -0.688661 0.033515 -0.009945
v -0.724590 0.031141 -0.025771
v -0.731945 0.030750 -0.026210
v -0.697410 0.033128 -0.010214
v -0.704164 0.032810 -0.024845
v -0.711754 0.032059 -0.028257
v -0.710895 0.032666 -0.019501
v -0.647172 0.034197 0.009587
v -0.653565 0.034173 0.012705
v -0.647333 0.034164 0.017055
v -0.679067 0.032367 -0.024735
v -0.668380 0.032121 -0.025085
v -0.674346 0.031180 -0.030780
v -0.684288 0.031815 0.051283
v -0.680041 0.032258 0.047637
v -0.685576 0.032058 0.045280
v -0.673527 0.033165 0.014792
v -0.737789 0.030883 -0.009048
v -0.737679 0.030596 -0.016001
v -0.652149 0.034222 -0.012159
v -0.643921 0.034664 0.000593
v -0.645864 0.034641 0.003229
v -0.639340 0.034835 0.003569
v -0.726472 0.030482 -0.033177
v -0.639817 0.034478 0.008983
v -0.643049 0.034504 0.006501
v -0.666735 0.033627 -0.014055
v -0.659446 0.032988 -0.020634
v -0.698382 0.032757 -0.026402
v -0.697891 0.031799 -0.034894
v -0.690322 0.032764 0.004532
v -0.698141 0.032667 -0.000440
v -0.703739 0.033095 -0.015055
v -0.709102 0.032862 -0.011854
v -0.704377 0.032617 -0.005024
v -0.684134 0.032124 -0.028474
v -0.687063 0.033091 -0.024300
v -0.690422 0.032514 0.032562
v -0.684249 0.032267 0.039283
v -0.681982 0.032515 0.032288
v -0.683581 0.032411 0.022536
v -0.688685 0.032582 0.016385
v -0.698480 0.032952 -0.004245
v -0.668160 0.033811 0.007699
v -0.660963 0.033899 0.012870
v -0.658611 0.034148 0.006880
v -0.662058 0.031635 -0.027695
v -0.663704 0.030169 -0.037802
v -0.648207 0.034603 -0.007224
v -0.743895 0.029684 0.029226
v -0.753160 0.028792 0.030087
v -0.739205 0.029205 0.041686
v -0.741724 0.030851 -0.011237
v -0.745602 0.030466 -0.014674
v -0.745889 0.030678 -0.004487
v -0.681104 0.030953 -0.034430
v -0.680474 0.029869 -0.042615
v -0.679074 0.032264 0.042419
v -0.682145 0.032083 0.044023
v -0.698301 0.033527 -0.019657
v -0.668484 0.033576 0.017444
v -0.668734 0.033219 0.024825
v -0.662427 0.033355 0.020247
v -0.649744 0.033758 0.028006
v -0.655680 0.033541 0.026434
v -0.687133 0.032699 0.025969
v -0.711421 0.031990 0.001908
v -0.714108 0.032115 -0.008265
v -0.672568 0.029947 -0.039851
v -0.669586 0.030753 -0.032826
v -0.656407 0.033483 -0.015166
v -0.674269 0.032844 0.031267
v -0.679866 0.032419 0.026541
v -0.736134 0.030752 0.026726
v -0.725623 0.031435 0.034687
v -0.726377 0.031573 0.026398
v -0.667057 0.033765 0.013861
v -0.664269 0.034179 -0.004436
v -0.669945 0.033733 -0.008136
v -0.670035 0.033564 -0.002891
v -0.731080 0.031020 -0.006468
v -0.739476 0.030785 -0.001711
v -0.735859 0.030691 0.001620
v -0.728653 0.030912 0.001813
v -0.727226 0.031007 0.009026
v -0.719872 0.031529 0.005580
v -0.702241 0.032702 0.013754
v -0.703627 0.032609 0.020547
v -0.697852 0.032848 0.024692
v -0.729261 0.031165 0.017591
v -0.738173 0.030534 0.016886
v -0.736644 0.029504 -0.035015
v -0.742435 0.030235 -0.027772
v -0.678576 0.032094 0.053008
v -0.711346 0.030851 0.048886
v -0.713105 0.028890 0.064585
v -0.700003 0.031745 0.047867
v -0.712801 0.032296 -0.013649
v -0.708416 0.033068 0.019807
v -0.675991 0.029044 -0.051488
v -0.642740 0.034124 0.024910
v -0.653459 0.031531 -0.025145
v -0.633941 0.034832 0.018992
v -0.631445 0.035364 0.008714
v -0.639712 0.034411 0.013502
v -0.699022 0.032698 0.034765
v -0.710908 0.032242 0.035960
v -0.709251 0.032629 0.015508
v -0.690688 0.031940 0.048223
v -0.689352 0.031625 0.055707
v -0.691932 0.032419 0.041278
v -0.641951 0.034864 -0.002663
v -0.641415 0.034372 0.018378
v -0.688577 0.031952 -0.031297
v -0.743611 0.030303 0.009655
v -0.759940 0.029205 0.008816
v -0.714081 0.032854 0.017873
v -0.673384 0.032476 0.044077
v -0.675229 0.032394 0.050266
v -0.671854 0.032725 0.050226
v -0.734286 0.030655 0.010612
v -0.721721 0.030269 0.047121
v -0.628022 0.035017 0.022282
v -0.628088 0.034944 0.026066
v -0.624319 0.034468 0.024852
v -0.703122 0.032577 0.029599
v -0.706215 0.032946 0.025844
v -0.768515 0.029177 0.000302
v -0.758741 0.029398 -0.011227
v -0.778659 0.028565 -0.006745
v -0.692172 0.033575 -0.017319
v -0.675207 0.033421 -0.014859
v -0.743872 0.029714 0.021891
v -0.632665 0.034580 0.028527
v -0.719999 0.031420 -0.001930
v -0.702170 0.032542 0.003969
v -0.706740 0.032326 0.007428
v -0.655602 0.034446 -0.000271
v -0.653705 0.034278 -0.006505
v -0.659287 0.033910 -0.006326
v -0.720295 0.032065 0.013689
v -0.720726 0.032404 0.022301
v -0.705409 0.030902 -0.040853
v -0.627614 0.035091 0.018203
v -0.737498 0.030577 -0.022318
v -0.652920 0.033910 0.020079
v -0.748588 0.030237 -0.021020
v -0.698015 0.030800 0.059394
v -0.680943 0.032762 0.001741
v -0.675831 0.033491 -0.003357
v -0.673354 0.033400 0.002418
v -0.665358 0.033803 0.000930
v -0.677044 0.033840 -0.007867
v -0.683590 0.033438 -0.016451
v -0.681319 0.033603 -0.010514
v -0.769154 0.028616 -0.025397
v -0.693908 0.033158 -0.025146
v -0.731692 0.030966 0.006486
v -0.735249 0.030589 0.005679
v -0.713065 0.032821 0.025286
v -0.666976 0.033550 -0.010170
v -0.719368 0.032218 0.029103
v -0.663849 0.033761 -0.009436
v -0.644063 0.034352 0.015151
v -0.648155 0.034691 -0.002233
v -0.711771 0.032201 0.010777
v -0.660755 0.033095 0.030390
v -0.718407 0.032058 -0.015798
v -0.723028 0.031437 -0.008381
v -0.742224 0.030434 -0.021047
v -0.667412 0.032633 0.036844
v -0.673940 0.033165 0.007376
v -0.672457 0.032648 0.037250
v -0.678532 0.032812 0.007284
v -0.627040 0.035506 0.014520
v -0.683240 0.032628 0.005212
v -0.672446 0.032368 0.055861
v -0.677041 0.032365 0.037821
v -0.791370 0.027583 -0.011226
v -0.789908 0.028064 -0.005066
v -0.731762 0.031137 -0.019111
v -0.785376 0.027195 -0.024931
v -0.684512 0.032590 0.009634
v -0.776996 0.028827 0.008942
v -0.726059 0.031185 -0.004220
v -0.627255 0.034506 0.028635
v -0.708143 0.031546 -0.035011
v -0.044374 0.043990 0.029251
v -0.046659 0.047099 0.027370
v -0.044614 0.048967 0.030972
v -0.071046 0.070736 0.018791
v -0.065032 0.073226 0.021993
v -0.062337 0.065433 0.020823
v -0.047572 0.053346 0.028540
v -0.055947 0.065145 0.025740
v -0.056014 0.057302 0.022635
v -0.052402 0.059295 0.026550
v -0.051127 0.054864 0.025678
v -0.054597 0.066412 0.032079
v -0.055250 0.070788 0.028892
v -0.057983 0.073304 0.033578
v -0.056381 0.067886 0.037238
v -0.058241 0.048613 0.020898
v -0.051777 0.048501 0.024393
v -0.058910 0.073907 0.025157
v -0.051312 0.060786 0.040046
v -0.048413 0.059940 0.034294
v -0.051132 0.061474 0.035551
v -0.044919 0.052996 0.032427
v -0.045966 0.057241 0.031667
v -0.046849 0.055964 0.036163
v -0.060402 0.074500 0.039078
v -0.057679 0.081866 0.035069
v -0.060948 0.081141 0.042051
v -0.050108 0.056909 0.027254
v -0.049107 0.059477 0.029389
v -0.051993 0.061890 0.032567
v -0.056810 0.076458 0.030120
v -0.054573 0.066527 0.028893
v -0.052554 0.050900 0.051305
v -0.053234 0.063396 0.035490
v -0.053709 0.062823 0.029240
v -0.062563 0.055600 0.055820
v -0.068031 0.058108 0.056072
v -0.065837 0.053858 0.061015
v -0.058716 0.050877 0.059039
v -0.048015 0.051354 0.042635
v -0.052192 0.056100 0.046306
v -0.063666 0.060360 0.052618
v -0.069025 0.062192 0.053716
v -0.055141 0.061176 0.046434
v -0.060549 0.064169 0.049054
v -0.057500 0.056687 0.051648
v -0.063371 0.055530 0.019219
v -0.069277 0.061759 0.017455
v -0.067029 0.066613 0.051552
v -0.070970 0.064653 0.053618
v -0.064201 0.048604 0.018926
v -0.060618 0.043262 0.020213
v -0.069681 0.071540 0.052575
v -0.073396 0.067627 0.054298
v -0.063255 0.069545 0.048020
v -0.066515 0.072211 0.050103
v -0.072730 0.075935 0.020010
v -0.069494 0.075840 0.021090
v -0.065599 0.077828 0.023195
v -0.062683 0.075662 0.024277
v -0.071035 0.081711 0.021091
v -0.061591 0.078134 0.025241
v -0.063694 0.082844 0.025072
v -0.065434 0.089812 0.025159
v -0.061770 0.085907 0.027008
v -0.058695 0.067904 0.043537
v -0.063878 0.075274 0.045713
v -0.065033 0.048755 0.069189
v -0.079020 0.047292 0.089281
v -0.074840 0.046557 0.085858
v -0.077611 0.051406 0.085257
v -0.069764 0.044225 0.080435
v -0.069839 0.051506 0.073175
v -0.073171 0.043049 0.087404
v -0.081800 0.052291 0.086904
v -0.083185 0.047443 0.090114
v -0.072967 0.061431 0.056000
v -0.071774 0.056928 0.060347
v -0.069927 0.054507 0.066251
v -0.074957 0.060969 0.060685
v -0.073633 0.058898 0.065107
v -0.072909 0.056706 0.071006
v -0.055194 0.045390 0.021529
v -0.056300 0.042969 0.020292
v -0.057818 0.045024 0.020737
v -0.043060 0.041677 0.027267
v -0.046456 0.042580 0.024883
v -0.051850 0.042756 0.020960
v -0.066420 0.043228 0.017711
v 0.074585 0.040028 0.009005
v -0.045592 0.049981 0.035579
v -0.045309 0.046946 0.038254
v -0.074234 0.053249 0.079222
v -0.044958 0.044140 0.034072
v -0.080021 0.057236 0.082081
v -0.058466 0.082357 0.028195
v 0.061944 0.040825 0.026147
v 0.064825 0.040989 0.016574
v -0.616253 0.026382 -0.415704
v -0.595989 0.028882 -0.422507
v -0.626253 0.029154 -0.431540
v -0.585798 0.026512 -0.404145
v -0.573497 0.030498 -0.418147
v -0.554827 0.031665 -0.395976
v -0.564571 0.029979 -0.398085
v -0.567753 0.028904 -0.391900
v -0.541978 0.025843 -0.321360
v -0.577790 0.027122 -0.394910
v -0.570132 0.028922 -0.398513
v -0.574961 0.028383 -0.402899
v -0.534797 0.034211 -0.399833
v -0.541926 0.033429 -0.394101
v -0.533061 0.034038 -0.392744
v -0.509949 0.029578 -0.346039
v -0.504108 0.028365 -0.345044
v -0.506144 0.030320 -0.353488
v -0.516809 0.033193 -0.368766
v -0.510281 0.032889 -0.373253
v -0.521503 0.033489 -0.370214
v -0.529186 0.034781 -0.407522
v -0.515704 0.033794 -0.378974
v -0.519716 0.033641 -0.374207
v -0.543513 0.032423 -0.368156
v -0.547786 0.031701 -0.362691
v -0.542407 0.032102 -0.362266
v -0.467820 0.021719 -0.306537
v -0.534683 0.031100 -0.346338
v -0.530552 0.031673 -0.350072
v -0.535097 0.032099 -0.353720
v -0.524961 0.034532 -0.392363
v -0.479597 0.022389 -0.344479
v -0.486554 0.021615 -0.332290
v -0.523842 0.032585 -0.359302
v -0.525250 0.032095 -0.353473
v -0.517913 0.032408 -0.358501
v -0.550519 0.031622 -0.372289
v -0.544319 0.032580 -0.374884
v -0.547102 0.032475 -0.383200
v -0.464991 0.024763 -0.290833
v -0.470909 0.025608 -0.282474
v -0.493122 0.021236 -0.297067
v -0.495248 0.020841 -0.301846
v -0.499700 0.020853 -0.296662
v -0.525812 0.034081 -0.386394
v -0.531241 0.034116 -0.382431
v -0.522581 0.034317 -0.382748
v -0.598681 0.031662 -0.441708
v -0.505125 0.020914 -0.298975
v -0.499769 0.020754 -0.306094
v -0.510764 0.020849 -0.302675
v -0.548912 0.028767 -0.337248
v -0.552931 0.028247 -0.333645
v -0.545194 0.028588 -0.333542
v -0.495399 0.022052 -0.287568
v -0.495354 0.022770 -0.282281
v -0.487710 0.023078 -0.284034
v -0.571184 0.029722 -0.409835
v -0.494915 0.024344 -0.336593
v -0.494796 0.026373 -0.345246
v -0.499025 0.026836 -0.343597
v -0.563378 0.030651 -0.404389
v -0.519258 0.020965 -0.284752
v -0.516381 0.022316 -0.277260
v -0.527120 0.033018 -0.361711
v -0.531833 0.032704 -0.359751
v -0.527758 0.032657 -0.357798
v -0.492498 0.020692 -0.313509
v -0.484304 0.020431 -0.316130
v -0.487547 0.020828 -0.320970
v -0.538442 0.033459 -0.378929
v -0.538743 0.033082 -0.372251
v -0.529044 0.033630 -0.374408
v -0.605500 0.024362 -0.404926
v -0.511292 0.027813 -0.337091
v -0.473282 0.022917 -0.296150
v -0.478096 0.022717 -0.293662
v -0.471200 0.023530 -0.292815
v -0.521840 0.021873 -0.308186
v -0.529995 0.022200 -0.309453
v -0.527856 0.020959 -0.303739
v -0.528445 0.033281 -0.366169
v -0.538859 0.022379 -0.309257
v -0.534938 0.023619 -0.313877
v -0.521347 0.033148 -0.364821
v -0.467303 0.023124 -0.298225
v -0.520639 0.022987 -0.313111
v -0.527920 0.023987 -0.315975
v -0.476861 0.020764 -0.311727
v -0.474705 0.022149 -0.300852
v -0.507237 0.031442 -0.361569
v -0.512817 0.031064 -0.352518
v -0.540358 0.030041 -0.341518
v -0.536853 0.028870 -0.334791
v -0.533196 0.030089 -0.340290
v -0.513025 0.032641 -0.366384
v -0.536721 0.032786 -0.365163
v -0.519518 0.031512 -0.350610
v -0.516620 0.029932 -0.343124
v -0.503005 0.022193 -0.282834
v -0.500284 0.023189 -0.277521
v -0.526557 0.030660 -0.343776
v -0.530471 0.032213 -0.354574
v -0.537953 0.033703 -0.385966
v -0.554742 0.030761 -0.363627
v -0.551486 0.030582 -0.354093
v -0.497003 0.028125 -0.351457
v -0.500713 0.030032 -0.357765
v -0.501901 0.029224 -0.352087
v -0.510409 0.023051 -0.317904
v -0.506923 0.021990 -0.314157
v -0.501522 0.022088 -0.318820
v -0.524388 0.020009 -0.294154
v -0.526873 0.020123 -0.289819
v -0.515910 0.020584 -0.293476
v -0.535498 0.021386 -0.305488
v -0.479161 0.023627 -0.286047
v -0.479776 0.025620 -0.276893
v -0.530849 0.034280 -0.387669
v -0.492913 0.026288 -0.266280
v -0.490784 0.024343 -0.275193
v -0.522697 0.020403 -0.298538
v -0.501560 0.021908 -0.286265
v -0.489407 0.020711 -0.308378
v -0.486713 0.022069 -0.291742
v -0.495117 0.021505 -0.292767
v -0.491187 0.022170 -0.289291
v -0.508530 0.027005 -0.258546
v -0.507198 0.024728 -0.267661
v -0.515955 0.025332 -0.263960
v -0.500330 0.028086 -0.348606
v -0.542487 0.034142 -0.422257
v -0.510101 0.021349 -0.286743
v -0.473015 0.024157 -0.288745
v -0.544530 0.031397 -0.355885
v -0.540123 0.031283 -0.350407
v -0.493718 0.021353 -0.321118
v -0.520434 0.027349 -0.329998
v -0.520206 0.024726 -0.320479
v -0.510821 0.025395 -0.326571
v -0.502217 0.023731 -0.326042
v -0.503669 0.021069 -0.292196
v -0.490167 0.025594 -0.347991
v -0.502904 0.021258 -0.311904
v -0.513355 0.021875 -0.311076
v -0.521284 0.029066 -0.337707
v -0.528759 0.028951 -0.334783
v -0.485357 0.021447 -0.300778
v -0.531339 0.025730 -0.322139
v -0.535649 0.027525 -0.328401
v -0.531660 0.019925 -0.298342
v -0.561036 0.029472 -0.356567
v -0.557930 0.029457 -0.349169
v -0.524645 0.021516 -0.278348
v -0.495282 0.027661 -0.260066
v -0.500764 0.027942 -0.257337
v -0.496021 0.029259 -0.252887
v -0.543597 0.033775 -0.413543
v -0.557534 0.032330 -0.415761
v -0.545825 0.030403 -0.347492
v -0.547140 0.026673 -0.324835
v -0.552273 0.027306 -0.328035
v -0.530501 0.019817 -0.294295
v -0.558629 0.028657 -0.339920
v -0.559129 0.028732 -0.343261
v -0.560773 0.029702 -0.365049
v -0.494782 0.028658 -0.357825
v -0.516672 0.021189 -0.305492
v -0.541480 0.033822 -0.404865
v -0.551859 0.032618 -0.407595
v -0.506696 0.023243 -0.274817
v -0.574641 0.027197 -0.381659
v -0.540910 0.027823 -0.330378
v -0.553303 0.029270 -0.342090
v -0.539784 0.024980 -0.318449
v -0.546254 0.029617 -0.340373
v -0.560153 0.030145 -0.381374
v -0.513405 0.023634 -0.270804
v -0.522588 0.022985 -0.270403
v -0.500611 0.026299 -0.263743
v -0.576854 0.026655 -0.367362
v -0.590757 0.023607 -0.367393
v -0.567473 0.028135 -0.349571
v -0.562994 0.028670 -0.345786
v -0.635578 0.026119 -0.410965
v -0.620503 0.024124 -0.403074
v -0.617369 0.020303 -0.377747
v -0.598356 0.021924 -0.378862
v -0.602600 0.022109 -0.391410
v -0.585893 0.024512 -0.376593
v -0.588642 0.024237 -0.388510
v -0.616532 0.022219 -0.393391
v -0.556621 0.024458 -0.316354
v -0.566339 0.028729 -0.362914
v -0.495452 0.031366 -0.373366
v -0.504411 0.031915 -0.368628
v -0.570913 0.027809 -0.356599
v -0.561988 0.028787 -0.350616
v -0.575867 0.026713 -0.344567
v -0.557812 0.030256 -0.370362
v -0.503298 0.025999 -0.335324
v -0.495278 0.022386 -0.326690
v -0.453387 0.025749 -0.291054
v -0.517033 0.028222 -0.336090
v -0.528543 0.027296 -0.329105
v -0.504789 0.029178 -0.250142
v -0.484452 0.027500 -0.267372
v -0.566070 0.028880 -0.371401
v -0.484426 0.030840 -0.253807
v -0.489172 0.029039 -0.258473
v -0.488722 0.031459 -0.246883
v -0.483672 0.030152 -0.258458
v -0.484465 0.029064 -0.261915
v -0.476025 0.028362 -0.269406
v -0.494014 0.021115 -0.316630
v 0.440742 0.042636 0.053969
v 0.432338 0.041652 0.049946
v 0.430893 0.041567 0.056433
v 0.432564 0.041426 0.062417
v 0.423576 0.041244 0.064717
v 0.479864 0.047128 0.039428
v 0.481937 0.046598 0.041061
v 0.486656 0.047063 0.039403
v 0.469686 0.042573 0.077749
v 0.473741 0.042960 0.076890
v 0.468873 0.042832 0.074384
v 0.503179 0.043884 0.069226
v 0.507132 0.043309 0.068377
v 0.503817 0.044047 0.064227
v 0.509513 0.044289 0.054752
v 0.507665 0.044364 0.052267
v 0.506327 0.044103 0.055560
v 0.506766 0.042036 0.102430
v 0.508133 0.041588 0.107213
v 0.512223 0.041444 0.103579
v 0.489534 0.045402 0.053803
v 0.482374 0.045089 0.051783
v 0.481116 0.044666 0.057954
v 0.476408 0.045409 0.046899
v 0.475191 0.045335 0.050886
v 0.472032 0.043538 0.067530
v 0.475548 0.043584 0.069548
v 0.477525 0.044119 0.064527
v 0.480315 0.044024 0.068535
v 0.495144 0.044317 0.070237
v 0.494105 0.043640 0.074041
v 0.496949 0.043686 0.074787
v 0.508004 0.042859 0.077919
v 0.507240 0.042685 0.082942
v 0.509308 0.042579 0.080156
v 0.475636 0.043020 0.072990
v 0.479764 0.043419 0.073508
v 0.505949 0.043168 0.075391
v 0.509639 0.042891 0.072612
v 0.499588 0.042893 0.084845
v 0.502799 0.042785 0.084517
v 0.502567 0.043224 0.078588
v 0.506860 0.040956 0.115997
v 0.507104 0.041480 0.110876
v 0.502877 0.041336 0.113210
v 0.500749 0.044729 0.058430
v 0.503986 0.044580 0.058870
v 0.503034 0.044891 0.053747
v 0.498631 0.046097 0.045193
v 0.502559 0.045271 0.048502
v 0.504660 0.045603 0.044643
v 0.510588 0.040688 0.116863
v 0.512955 0.041145 0.110237
v 0.506990 0.042016 0.096359
v 0.510440 0.041558 0.099091
v 0.502938 0.041812 0.106909
v 0.489362 0.042667 0.089033
v 0.492581 0.042694 0.090242
v 0.490815 0.042961 0.085182
v 0.465657 0.042623 0.077799
v 0.463502 0.042653 0.072139
v 0.461108 0.042246 0.077258
v 0.472336 0.043194 0.072060
v 0.472064 0.043618 0.069409
v 0.504056 0.043538 0.072712
v 0.484353 0.043919 0.069998
v 0.511735 0.042515 0.076373
v 0.512120 0.042882 0.072699
v 0.488395 0.048048 0.030687
v 0.484327 0.047720 0.033855
v 0.492478 0.047472 0.036008
v 0.496738 0.045384 0.052158
v 0.491312 0.044773 0.057862
v 0.497510 0.044998 0.057852
v 0.458797 0.044348 0.049038
v 0.451277 0.043895 0.050191
v 0.457733 0.043947 0.053408
v 0.515198 0.042009 0.084310
v 0.514057 0.042048 0.088716
v 0.517196 0.041695 0.086339
v 0.510718 0.042553 0.082952
v 0.509885 0.042169 0.090252
v 0.516132 0.042105 0.078758
v 0.514636 0.042197 0.075406
v 0.478967 0.042349 0.088448
v 0.484369 0.042685 0.088401
v 0.480177 0.042851 0.085649
v 0.526866 0.040766 0.082894
v 0.526399 0.040887 0.079113
v 0.520818 0.041533 0.081139
v 0.497435 0.043468 0.080482
v 0.494076 0.043242 0.079385
v 0.495417 0.043078 0.085698
v 0.521983 0.041479 0.076468
v 0.520922 0.042172 0.071578
v 0.517405 0.041941 0.074821
v 0.501250 0.044218 0.062026
v 0.497336 0.042372 0.092347
v 0.513879 0.043250 0.060952
v 0.508889 0.043873 0.060116
v 0.492041 0.042526 0.095630
v 0.488087 0.042736 0.092014
v 0.485055 0.042173 0.096634
v 0.518320 0.041805 0.084141
v 0.521459 0.041604 0.085484
v 0.514949 0.042622 0.072652
v 0.517318 0.042223 0.068317
v 0.519276 0.042037 0.078618
v 0.514275 0.043299 0.064270
v 0.515046 0.042914 0.066298
v 0.513052 0.042949 0.069568
v 0.517504 0.041614 0.089366
v 0.510806 0.043212 0.068228
v 0.521391 0.041095 0.088100
v 0.526220 0.040742 0.087797
v 0.450891 0.043075 0.058767
v 0.448554 0.042143 0.067751
v 0.458061 0.043002 0.066216
v 0.506545 0.042468 0.093125
v 0.487964 0.044401 0.067126
v 0.487568 0.044207 0.071006
v 0.499380 0.044244 0.067740
v 0.498527 0.044560 0.061727
v 0.515736 0.041297 0.098451
v 0.513553 0.041623 0.096480
v 0.502166 0.042519 0.090642
v 0.496973 0.041691 0.109871
v 0.424070 0.041295 0.042588
v 0.428920 0.042004 0.036121
v 0.421829 0.041870 0.037580
v 0.497675 0.041816 0.103607
v 0.501600 0.042321 0.098938
v 0.491410 0.041995 0.103193
v 0.484567 0.041835 0.102465
v 0.477768 0.041721 0.099174
v 0.476523 0.042135 0.094435
v 0.453102 0.041833 0.081025
v 0.462319 0.041975 0.082300
v 0.456555 0.041900 0.078413
v 0.422788 0.041120 0.056003
v 0.427821 0.041623 0.052790
v 0.425640 0.041199 0.048514
v 0.517084 0.041003 0.102042
v 0.515511 0.040988 0.105280
v 0.435909 0.041803 0.058225
v 0.438535 0.042024 0.059867
v 0.506499 0.042291 0.088872
v 0.467898 0.043490 0.065735
v 0.468885 0.043256 0.069803
v 0.475311 0.042711 0.084114
v 0.474919 0.042534 0.087434
v 0.482253 0.042392 0.092439
v 0.450510 0.041773 0.075191
v 0.456770 0.042525 0.073780
v 0.453338 0.042154 0.070901
v 0.476059 0.042483 0.090244
v 0.504604 0.042309 0.086142
v 0.505066 0.042621 0.081138
v 0.483475 0.044452 0.066306
v 0.457621 0.041470 0.085270
v 0.449831 0.041288 0.084606
v 0.470244 0.042279 0.081728
v 0.475144 0.042749 0.081051
v 0.471253 0.042326 0.085558
v 0.485881 0.043471 0.075542
v 0.479769 0.042963 0.080302
v 0.485424 0.042940 0.082726
v 0.493534 0.046047 0.045720
v 0.493002 0.045750 0.049149
v 0.483194 0.046282 0.043302
v 0.493484 0.044717 0.064377
v 0.485921 0.044665 0.062759
v 0.492608 0.043912 0.076103
v 0.499437 0.043766 0.072978
v 0.501283 0.043256 0.073193
v 0.512308 0.041536 0.093617
v 0.517222 0.041338 0.093954
v 0.490293 0.043485 0.078424
v 0.468025 0.041922 0.092040
v 0.490705 0.046538 0.043340
v 0.495061 0.046491 0.043673
v 0.494666 0.046977 0.040735
v 0.490976 0.043856 0.072029
v 0.430488 0.041188 0.043292
v 0.443330 0.041682 0.067247
v 0.443116 0.042231 0.062771
v 0.438828 0.041821 0.067098
v 0.504380 0.042187 0.094360
v 0.459171 0.043690 0.058801
v 0.465241 0.043764 0.060525
v 0.499587 0.043366 0.077371
v 0.437684 0.041649 0.063498
v 0.472370 0.044206 0.061373
v 0.508131 0.044798 0.047939
v 0.495870 0.042043 0.098881
v 0.487293 0.046270 0.047592
v 0.488832 0.045755 0.050811
v 0.478443 0.048362 0.029888
v 0.428734 0.041100 0.067464
v 0.439799 0.042658 0.044091
v 0.448841 0.045150 0.038246
v 0.440560 0.043737 0.037640
v 0.530148 0.039130 0.130417
v 0.536827 0.038496 0.135376
v 0.537538 0.038558 0.126593
v 0.435066 0.042141 0.038559
v 0.514335 0.040521 0.116385
v 0.474864 0.044816 0.054436
v 0.465567 0.044990 0.047230
v 0.470339 0.044993 0.049333
v 0.458059 0.046636 0.036731
v 0.456182 0.045634 0.039661
v 0.470244 0.044695 0.051911
v 0.433081 0.041369 0.071868
v 0.433915 0.041445 0.066484
v 0.464564 0.044625 0.050920
v 0.441113 0.041481 0.072164
v 0.450757 0.044434 0.043540
v 0.471896 0.044373 0.057895
v 0.465650 0.044305 0.055257
v 0.460819 0.045497 0.041788
v 0.467517 0.045607 0.043810
v 0.468309 0.046158 0.040579
v 0.544501 0.038096 0.120126
v 0.542167 0.037986 0.132952
v 0.551702 0.037094 0.132223
v 0.520429 0.040662 0.105645
v 0.522297 0.040697 0.099114
v 0.519790 0.040881 0.095942
v 0.524468 0.040690 0.093274
v 0.526695 0.039654 0.110274
v 0.519946 0.040175 0.114240
v 0.527103 0.039575 0.118395
v 0.541811 0.037372 0.147954
v 0.521740 0.039720 0.126319
v 0.458454 0.044779 0.045621
v 0.521651 0.040086 0.119345
v 0.516030 0.040139 0.121575
v 0.531259 0.039844 0.097302
v 0.529284 0.039794 0.104390
v 0.539546 0.038842 0.103356
v 0.533589 0.039163 0.120980
v 0.537989 0.038716 0.120294
v 0.438787 0.041039 0.081689
v 0.476041 0.046400 0.041974
v 0.467774 0.042395 0.084743
v 0.445776 0.041311 0.078878
v 0.521414 0.041169 0.090313
v 0.466995 0.041908 0.087713
v 0.458152 0.041202 0.089979
v 0.473759 0.047057 0.038175
v 0.479118 0.047904 0.032778
v 0.444858 0.043329 0.047843
v 0.546089 0.038259 0.111005
v 0.542940 0.038171 0.115036
v 0.435870 0.041218 0.068952
v 0.464464 0.046560 0.038447
v 0.536527 0.038918 0.113517
v 0.425053 0.041508 0.074872
v 0.551397 0.036118 0.158198
v 0.556601 0.036228 0.146270
v 0.499097 0.046592 0.038689
v 0.533081 0.039987 0.090980
v -0.046572 0.134873 0.022535
v -0.049323 0.139477 0.021926
v -0.048713 0.138166 0.025162
v -0.063587 0.151736 0.038638
v -0.066013 0.160352 0.038344
v -0.064778 0.155077 0.041624
v -0.048257 0.136073 0.019638
v -0.051769 0.138379 0.015582
v -0.050786 0.140385 0.018983
v -0.042059 0.133702 0.019867
v -0.047080 0.124351 0.018396
v -0.051871 0.124855 0.017741
v -0.048395 0.128206 0.017693
v -0.067528 0.163809 0.045603
v -0.067423 0.157405 0.047245
v -0.065276 0.158272 0.043625
v -0.050896 0.131856 0.015425
v -0.053032 0.135286 0.015003
v -0.050265 0.134666 0.015523
v -0.053942 0.142276 0.016914
v -0.056321 0.142603 0.014037
v -0.058463 0.146028 0.016404
v -0.047499 0.132825 0.017774
v -0.051053 0.119835 0.017476
v -0.052048 0.128568 0.016708
v -0.076012 0.168863 0.024950
v -0.071395 0.168183 0.026948
v -0.074090 0.166921 0.022007
v -0.079507 0.174144 0.032838
v -0.083497 0.174382 0.030679
v -0.082790 0.176347 0.032451
v -0.080948 0.176282 0.035228
v -0.075173 0.174869 0.037683
v -0.080150 0.169388 0.026319
v -0.078486 0.167410 0.022010
v -0.084623 0.167958 0.024546
v -0.079986 0.170809 0.030219
v -0.075920 0.171296 0.031697
v -0.076340 0.169808 0.028308
v -0.066755 0.163590 0.027754
v -0.065231 0.160819 0.023429
v -0.067720 0.163772 0.023664
v -0.063538 0.156236 0.020067
v -0.067111 0.157860 0.017762
v -0.066709 0.160532 0.020678
v -0.080253 0.126829 0.077661
v -0.078345 0.118579 0.078991
v -0.075433 0.120974 0.071940
v -0.084080 0.171204 0.028466
v -0.075415 0.163400 0.017929
v -0.072892 0.170497 0.033015
v -0.070178 0.163310 0.019916
v -0.065894 0.160427 0.031545
v -0.069181 0.167482 0.034168
v -0.070755 0.157605 0.014972
v -0.064855 0.151727 0.015173
v -0.060772 0.150082 0.019616
v -0.063600 0.157349 0.025669
v -0.088443 0.174449 0.030100
v -0.061838 0.153961 0.022200
v -0.063231 0.153622 0.031667
v -0.042956 0.128059 0.017976
v -0.055669 0.144288 0.021561
v -0.061530 0.145747 0.012473
v -0.047159 0.116494 0.016932
v -0.054864 0.113489 0.020227
v -0.060718 0.146639 0.034485
v -0.058988 0.146231 0.028012
v -0.055931 0.132798 0.015442
v -0.058730 0.139283 0.013131
v -0.068772 0.171012 0.042567
v -0.052521 0.139280 0.027637
v -0.051631 0.140517 0.024546
v -0.055147 0.142275 0.026504
v -0.060720 0.135611 0.013964
v -0.056067 0.127657 0.016673
v -0.063708 0.151181 0.042614
v -0.084069 0.129880 0.017771
v -0.078773 0.129481 0.018995
v -0.078586 0.122527 0.019131
v -0.081299 0.135165 0.018496
v -0.085863 0.137632 0.018760
v -0.083331 0.139242 0.018735
v -0.084938 0.142509 0.020129
v -0.089330 0.142210 0.020004
v -0.087816 0.147647 0.020940
v -0.080112 0.139507 0.016825
v -0.074064 0.132594 0.017251
v -0.057358 0.141478 0.030791
v -0.074572 0.114739 0.073398
v -0.073819 0.154980 0.060108
v -0.073180 0.152595 0.059139
v -0.071138 0.153795 0.055620
v -0.059493 0.123059 0.018283
v -0.077391 0.106501 0.077885
v -0.076844 0.101454 0.076455
v -0.072881 0.103828 0.069419
v -0.043162 0.134778 0.024078
v -0.072502 0.175225 0.051908
v -0.073974 0.170067 0.056687
v -0.070705 0.167866 0.051163
v -0.072713 0.177400 0.045116
v -0.071159 0.157707 0.053678
v -0.073735 0.159464 0.058092
v -0.070046 0.087123 0.060723
v -0.069777 0.093517 0.064367
v -0.072800 0.088664 0.068517
v -0.078200 0.097571 0.080339
v -0.073387 0.095709 0.072596
v -0.056143 0.128637 0.031851
v -0.058081 0.126653 0.038128
v -0.056051 0.125694 0.034518
v -0.069260 0.169781 0.047264
v -0.077114 0.156141 0.066316
v -0.081535 0.148598 0.076108
v -0.075694 0.148358 0.065836
v -0.081650 0.136146 0.077332
v -0.075444 0.130233 0.068773
v -0.077917 0.141512 0.069898
v -0.077397 0.112493 0.079237
v -0.074560 0.109560 0.073305
v -0.049353 0.136049 0.027610
v -0.052322 0.137101 0.028724
v -0.052799 0.135079 0.029156
v -0.058388 0.137818 0.033099
v -0.055243 0.137342 0.030115
v -0.069240 0.152567 0.012643
v -0.066445 0.149025 0.011737
v -0.070631 0.150249 0.011305
v -0.076954 0.158368 0.014858
v -0.074969 0.082015 0.065069
v -0.067410 0.145159 0.011173
v -0.065647 0.138693 0.012959
v -0.072042 0.143313 0.012259
v -0.074085 0.152705 0.062544
v -0.079322 0.094310 0.083754
v -0.079820 0.089979 0.084428
v -0.076947 0.092070 0.079433
v -0.062772 0.144571 0.042561
v -0.070090 0.161379 0.051272
v -0.080593 0.102764 0.083636
v -0.074730 0.089423 0.074225
v -0.073984 0.087577 0.071873
v -0.067185 0.150167 0.049241
v -0.065310 0.153735 0.044813
v -0.073216 0.165192 0.055755
v -0.083245 0.161039 0.077172
v -0.075472 0.084445 0.072172
v -0.059603 0.135862 0.037822
v -0.056963 0.133278 0.032330
v -0.057393 0.117962 0.019123
v -0.059846 0.141096 0.036146
v -0.081372 0.163672 0.018919
v -0.073058 0.153870 0.012328
v -0.065629 0.109612 0.023891
v -0.055547 0.105288 0.025028
v -0.076328 0.150731 0.011545
v -0.063737 0.131786 0.016024
v -0.050822 0.118512 0.036644
v -0.048462 0.121153 0.037855
v -0.051444 0.122252 0.035910
v -0.072400 0.138156 0.014217
v -0.078182 0.144717 0.014006
v -0.082637 0.151036 0.015291
v -0.045390 0.107132 0.026862
v -0.048529 0.110437 0.021590
v -0.083100 0.157488 0.016724
v -0.087576 0.163681 0.021397
v -0.083881 0.146545 0.017286
v -0.086833 0.152004 0.018987
v -0.074723 0.121264 0.020564
v -0.073419 0.125166 0.019907
v -0.091341 0.168368 0.025760
v -0.085391 0.155023 0.017906
v -0.088678 0.170734 0.027931
v -0.089293 0.157505 0.020582
v -0.095030 0.164196 0.024079
v -0.064029 0.117186 0.021495
v -0.090554 0.152389 0.021440
v -0.067329 0.126707 0.018592
v -0.081772 0.117556 0.086132
v -0.077481 0.086206 0.079061
v -0.078061 0.166509 0.064821
v -0.081149 0.108745 0.085783
v -0.060720 0.150583 0.024473
v -0.047282 0.123965 0.036623
v -0.061793 0.113144 0.048907
v -0.064324 0.120444 0.053335
v -0.065754 0.113963 0.056833
v -0.081610 0.097588 0.086235
v -0.061107 0.122851 0.046241
v -0.063989 0.128291 0.051312
v -0.070427 0.098810 0.065826
v -0.052868 0.115396 0.035938
v -0.053927 0.119071 0.035486
v -0.055386 0.116485 0.037206
v -0.049450 0.125439 0.034710
v -0.045472 0.127481 0.034796
v -0.049758 0.126081 0.032361
v -0.052060 0.124574 0.032614
v -0.072756 0.149264 0.059837
v -0.069193 0.156102 0.051446
v -0.051127 0.128441 0.030376
v -0.049541 0.133116 0.029211
v -0.053710 0.131817 0.029623
v -0.042838 0.125882 0.037439
v -0.037773 0.126637 0.038559
v -0.040682 0.128671 0.036765
v -0.064775 0.107968 0.053591
v -0.062154 0.104292 0.048960
v -0.040866 0.131934 0.034150
v -0.048188 0.127939 0.032252
v -0.048494 0.126927 0.033778
v -0.045826 0.130951 0.031228
v -0.057296 0.116738 0.041493
v -0.072288 0.116144 0.069256
v -0.072106 0.140920 0.061683
v -0.041880 0.133576 0.030672
v -0.056264 0.120810 0.037080
v -0.069822 0.118712 0.064002
v -0.079793 0.079020 0.076549
v -0.065905 0.091825 0.057665
v -0.066940 0.097370 0.060010
v -0.070872 0.111405 0.067719
v -0.070242 0.146818 0.055417
v -0.068926 0.101984 0.062809
v -0.068866 0.106331 0.062489
v -0.066479 0.102883 0.056072
v -0.063810 0.096738 0.053963
v -0.067782 0.111394 0.061854
v -0.068032 0.128695 0.058514
v -0.066195 0.138982 0.051858
v -0.061834 0.132869 0.045125
v -0.081092 0.122658 0.082654
v -0.064954 0.149772 0.044772
v -0.066916 0.108186 0.057614
v -0.066431 0.119688 0.058142
v -0.054777 0.125442 0.031699
v -0.054788 0.122938 0.034605
v -0.056281 0.123761 0.036264
v -0.062654 0.100059 0.051554
v -0.043924 0.122653 0.038002
v -0.083527 0.127802 0.085856
v -0.055508 0.111628 0.036148
v -0.037268 0.131420 0.037160
v -0.058741 0.108206 0.042052
v -0.035918 0.135505 0.035044
v -0.038706 0.135401 0.031842
v -0.077208 0.079976 0.070492
v -0.029775 0.129859 0.024785
v -0.031898 0.132645 0.021882
v -0.032976 0.134518 0.025717
v -0.032076 0.134407 0.031369
v -0.036749 0.137389 0.028980
v -0.081453 0.093489 0.087191
v -0.033094 0.132110 0.038193
v -0.029586 0.131779 0.034575
v -0.031808 0.134255 0.035246
v -0.034747 0.135464 0.020858
v -0.037665 0.135813 0.019945
v -0.038139 0.136775 0.023422
v -0.044527 0.134017 0.027677
v -0.040373 0.136042 0.026555
v -0.040611 0.135131 0.028978
v -0.040598 0.111596 0.020708
v -0.028009 0.128963 0.030630
v -0.030576 0.131620 0.029626
v -0.046618 0.134819 0.025177
v -0.084841 0.101681 0.090169
v -0.035520 0.134284 0.017123
v -0.042869 0.121976 0.016994
v -0.040712 0.118245 0.016464
v -0.038383 0.125671 0.016227
v -0.036772 0.121946 0.015842
v -0.043705 0.114051 0.018188
v -0.036185 0.129784 0.015805
v -0.034643 0.125497 0.015204
v -0.078019 0.075438 0.068493
v -0.079259 0.070416 0.070030
v -0.081494 0.072906 0.074035
v -0.037042 0.116681 0.017169
v -0.083192 0.105420 0.088636
v -0.084679 0.105816 0.092152
v -0.083167 0.107538 0.090436
v -0.083999 0.110517 0.092606
v -0.030429 0.130428 0.020420
v -0.030203 0.129467 0.015563
v -0.032152 0.133020 0.018908
v -0.032532 0.127438 0.014697
v -0.048454 0.113304 0.018990
v -0.096633 0.154032 0.024335
v -0.092828 0.147513 0.021770
v 0.462910 0.046797 0.005526
v 0.462955 0.047795 0.008839
v 0.470294 0.047663 0.005927
v 0.481085 0.049954 -0.036746
v 0.485990 0.051116 -0.035245
v 0.478460 0.051435 -0.042618
v 0.600880 0.038229 -0.019025
v 0.573939 0.040733 -0.008765
v 0.598555 0.038774 0.005967
v 0.484412 0.052781 -0.047511
v 0.488624 0.052326 -0.046309
v 0.490606 0.051927 -0.036344
v 0.493556 0.051841 -0.036729
v 0.489718 0.051978 -0.039844
v 0.603610 0.037484 -0.044732
v 0.624300 0.036630 -0.026104
v 0.620824 0.036346 -0.057823
v 0.525714 0.046728 -0.046263
v 0.523578 0.047523 -0.043729
v 0.528279 0.046916 -0.043149
v 0.482224 0.049537 0.010355
v 0.485724 0.049592 0.014632
v 0.489213 0.049271 0.010810
v 0.503897 0.048874 0.010409
v 0.501287 0.048986 0.011558
v 0.504223 0.048307 0.014120
v 0.498743 0.050511 -0.011840
v 0.501790 0.050714 -0.014035
v 0.497550 0.050766 -0.018646
v 0.496595 0.047477 0.032747
v 0.491692 0.048228 0.027062
v 0.488395 0.048048 0.030687
v 0.473022 0.049486 0.017595
v 0.464157 0.049054 0.020563
v 0.472759 0.049232 0.021248
v 0.624158 0.037353 0.004815
v 0.646260 0.036096 -0.011568
v 0.496552 0.048390 0.020777
v 0.498535 0.048351 0.023827
v 0.501464 0.048132 0.021463
v 0.480027 0.049255 0.017797
v 0.494837 0.049558 0.005294
v 0.491459 0.049786 0.001173
v 0.490351 0.049517 0.005458
v 0.458030 0.048636 0.025415
v 0.457234 0.048234 0.028700
v 0.461362 0.048622 0.027612
v 0.501386 0.051440 -0.030454
v 0.496985 0.051718 -0.036769
v 0.495739 0.051558 -0.034242
v 0.560264 0.042804 -0.004875
v 0.548615 0.044536 -0.000834
v 0.558881 0.042902 0.000533
v 0.564477 0.042183 -0.002088
v 0.565118 0.042017 0.008372
v 0.477189 0.046530 -0.008836
v 0.479429 0.046857 -0.012744
v 0.474978 0.043928 -0.015519
v 0.481745 0.048118 -0.008229
v 0.484381 0.048598 -0.011388
v 0.490918 0.052754 -0.048842
v 0.488709 0.052669 -0.052476
v 0.484490 0.052959 -0.051209
v 0.522157 0.047746 -0.048692
v 0.526144 0.046530 -0.048135
v 0.493669 0.048441 0.022525
v 0.487209 0.049100 0.019171
v 0.487542 0.049058 0.022915
v 0.473759 0.047057 0.038175
v 0.480920 0.047250 0.036568
v 0.476130 0.047650 0.034548
v 0.499732 0.049540 0.004638
v 0.496844 0.049028 0.011812
v 0.493890 0.050701 -0.021453
v 0.495195 0.050990 -0.025128
v 0.484264 0.048265 -0.018218
v 0.484404 0.048571 -0.023589
v 0.479641 0.046384 -0.023145
v 0.500290 0.050337 -0.053097
v 0.502381 0.050822 -0.050615
v 0.504196 0.050113 -0.052966
v 0.474736 0.050219 -0.040949
v 0.478471 0.048981 -0.035927
v 0.478333 0.050351 -0.039072
v 0.492916 0.050298 -0.010841
v 0.490867 0.049872 -0.005683
v 0.497000 0.050098 -0.004705
v 0.477871 0.053417 -0.052283
v 0.480775 0.052988 -0.046387
v 0.486081 0.049286 -0.002422
v 0.509305 0.046872 0.029696
v 0.502963 0.047358 0.027356
v 0.491255 0.052214 -0.041264
v 0.493804 0.051945 -0.041813
v 0.499306 0.047623 0.028824
v 0.469713 0.049386 0.015637
v 0.472226 0.048994 0.010656
v 0.460533 0.049250 0.016310
v 0.479118 0.047904 0.032778
v 0.473595 0.048049 0.032228
v 0.524296 0.046722 -0.050344
v 0.517117 0.048091 -0.050908
v 0.518695 0.048222 -0.047817
v 0.522184 0.047807 -0.047187
v 0.497471 0.051352 -0.051986
v 0.498216 0.051009 -0.054846
v 0.521322 0.047333 -0.046116
v 0.478443 0.048362 0.029888
v 0.474546 0.048877 0.025563
v 0.466382 0.048306 0.029523
v 0.484704 0.051989 -0.040916
v 0.494736 0.049952 0.000703
v 0.491144 0.052031 -0.054631
v 0.494534 0.051174 -0.057707
v 0.533289 0.046214 -0.038080
v 0.526224 0.047322 -0.040648
v 0.493080 0.049187 0.017019
v 0.489762 0.050147 -0.023665
v 0.492647 0.050368 -0.017395
v 0.480857 0.048991 0.021724
v 0.638275 0.037243 0.032013
v 0.644657 0.036764 0.011758
v 0.513269 0.048869 -0.049521
v 0.500570 0.050019 -0.056638
v 0.498206 0.050295 -0.059396
v 0.497796 0.050637 -0.057750
v 0.483795 0.048687 0.025987
v 0.519316 0.047308 -0.052714
v 0.515233 0.048515 -0.054111
v 0.475125 0.043397 -0.022431
v 0.479703 0.046268 -0.017686
v 0.506636 0.048850 0.007313
v 0.510424 0.048924 -0.052720
v 0.494305 0.051345 -0.031103
v 0.465534 0.048832 0.025001
v 0.471419 0.053657 -0.052298
v 0.480016 0.047102 -0.027636
v 0.483466 0.049283 -0.030272
v 0.477938 0.047405 -0.031776
v 0.493683 0.051644 -0.051147
v 0.477754 0.049439 0.014289
v 0.480926 0.049103 0.004283
v 0.503785 0.048444 0.017099
v 0.492849 0.052254 -0.045561
v 0.480424 0.047908 0.034424
v 0.501174 0.050197 -0.008070
v 0.488202 0.049031 -0.019275
v 0.467889 0.047177 0.003720
v 0.495950 0.050506 -0.012841
v 0.472877 0.044082 -0.010400
v 0.472956 0.045660 -0.005370
v 0.471845 0.046756 0.001023
v 0.477181 0.047580 -0.002673
v 0.507379 0.048213 0.014627
v 0.466555 0.047549 0.034511
v 0.454818 0.047338 0.032625
v 0.501143 0.049856 -0.001840
v 0.460780 0.048359 0.012404
v 0.505767 0.049944 -0.007461
v 0.504806 0.049572 0.001096
v 0.501587 0.050747 -0.019439
v 0.499336 0.049941 0.000054
v 0.499891 0.051073 -0.022983
v 0.530698 0.045768 -0.048247
v 0.498111 0.051993 -0.038922
v 0.498521 0.051659 -0.040900
v 0.525388 0.048159 -0.030643
v 0.528112 0.047621 -0.033865
v 0.523709 0.048384 -0.035056
v 0.510094 0.047047 0.025292
v 0.506244 0.050962 -0.034131
v 0.502141 0.051639 -0.036312
v 0.506025 0.051287 -0.031304
v 0.512852 0.049522 -0.008439
v 0.511938 0.048730 0.001722
v 0.507014 0.048318 0.017097
v 0.529327 0.045771 0.019603
v 0.526092 0.046762 0.014387
v 0.522169 0.047069 0.017160
v 0.515527 0.049882 -0.028372
v 0.515096 0.050045 -0.025994
v 0.518263 0.049586 -0.024230
v 0.514032 0.047938 0.011523
v 0.509892 0.050396 -0.016925
v 0.506168 0.049570 -0.056083
v 0.504758 0.050779 -0.016587
v 0.503927 0.050696 -0.021659
v 0.523388 0.046600 -0.053318
v 0.488822 0.049621 -0.013716
v 0.479712 0.049546 0.008489
v 0.508360 0.048500 0.012017
v 0.510009 0.047697 0.021431
v 0.512892 0.047482 0.020223
v 0.497412 0.051621 -0.048604
v 0.494030 0.052063 -0.048703
v 0.498358 0.052008 -0.045950
v 0.473266 0.047535 -0.036610
v 0.500336 0.051016 -0.026542
v 0.469610 0.041417 -0.013016
v 0.469807 0.039205 -0.020446
v 0.498131 0.051927 -0.043443
v 0.526973 0.047835 -0.025500
v 0.537498 0.045854 -0.028552
v 0.530637 0.047146 -0.030895
v 0.503352 0.051102 -0.041960
v 0.507495 0.051029 -0.024699
v 0.511654 0.047794 0.015570
v 0.508019 0.049781 -0.049054
v 0.501127 0.052124 -0.040976
v 0.527297 0.048006 -0.010252
v 0.522218 0.048525 -0.007867
v 0.528806 0.047168 -0.005720
v 0.481616 0.053117 -0.056167
v 0.663726 0.036137 0.008208
v 0.516391 0.048172 0.006937
v 0.517655 0.047039 0.019224
v 0.515250 0.050167 -0.032569
v 0.520395 0.049176 -0.029582
v 0.503391 0.051031 -0.046531
v 0.504159 0.051340 -0.037984
v 0.477386 0.053690 -0.055511
v 0.509373 0.050639 -0.027160
v 0.513908 0.050412 -0.023962
v 0.512044 0.050646 -0.027627
v 0.510327 0.050918 -0.031167
v 0.522305 0.048646 -0.018316
v 0.521358 0.048346 -0.013555
v 0.525930 0.048140 -0.014952
v 0.513646 0.049579 -0.047239
v 0.512289 0.049748 -0.044467
v 0.520774 0.047111 0.010742
v 0.528186 0.046835 0.007109
v 0.509488 0.050164 -0.041195
v 0.508817 0.051041 -0.037726
v 0.512263 0.050069 -0.037924
v 0.508960 0.050557 -0.034309
v 0.494926 0.051862 -0.046426
v 0.514195 0.049957 -0.038793
v 0.527690 0.045907 -0.053108
v 0.525281 0.048006 -0.037768
v 0.514796 0.049417 -0.040882
v 0.530950 0.045860 0.014831
v 0.517866 0.048458 -0.003024
v 0.516917 0.049003 -0.008972
v 0.673249 0.035314 -0.040336
v 0.515834 0.049830 -0.035675
v 0.519062 0.049034 -0.037636
v 0.518112 0.048532 -0.045104
v 0.511824 0.050647 -0.021268
v 0.479504 0.053612 -0.055585
v 0.512268 0.050287 -0.032021
v 0.519632 0.047878 0.005584
v 0.520104 0.048498 -0.041061
v 0.480882 0.048418 -0.003753
v 0.506414 0.051496 -0.028382
v 0.525382 0.047679 -0.001318
v 0.515825 0.047919 0.004107
v 0.547324 0.044643 -0.015888
v 0.554754 0.043106 -0.024600
v 0.539627 0.045858 -0.018331
v 0.520540 0.049116 -0.033502
v 0.517893 0.049533 -0.032586
v 0.532436 0.046946 -0.013236
v 0.541437 0.045677 -0.009555
v 0.489841 0.050782 -0.029041
v 0.521556 0.047649 0.002189
v 0.517158 0.048402 0.002079
v 0.534901 0.046464 -0.001568
v 0.539330 0.045632 0.006232
v 0.536108 0.045465 0.012170
v 0.515445 0.049371 -0.012839
v 0.514520 0.049292 -0.010325
v 0.516388 0.049599 -0.018286
v 0.520945 0.049301 -0.025671
v 0.518813 0.049336 -0.021416
v 0.469632 0.043421 -0.007804
v 0.465238 0.046038 0.002011
v 0.518758 0.049024 -0.011024
v 0.523088 0.048436 -0.021913
v 0.529505 0.047541 -0.019769
v 0.525828 0.048326 -0.021968
v 0.642117 0.035912 -0.040089
v 0.474211 0.044259 -0.029359
v 0.484404 0.052818 -0.057606
v 0.488156 0.052062 -0.058254
v 0.532310 0.047071 -0.007958
v 0.467718 0.044734 -0.002928
v 0.553623 0.043649 -0.010985
v 0.546581 0.042612 -0.048814
v 0.583431 0.039927 0.017741
v 0.673430 0.036468 0.038594
v 0.607385 0.038243 0.026404
v 0.577525 0.039353 -0.041510
v 0.591611 0.036873 -0.074685
v 0.464464 0.046560 0.038447
v 0.458059 0.046636 0.036731
v 0.531931 0.044010 -0.059208
v -0.394844 0.028823 0.204082
v -0.407439 0.028303 0.208344
v -0.392928 0.028699 0.213720
v -0.414031 0.027459 0.216832
v -0.403089 0.027842 0.220274
v -0.421376 0.024159 0.245619
v -0.410265 0.024877 0.240493
v -0.411257 0.026584 0.227529
v -0.421705 0.025163 0.235081
v -0.421430 0.026559 0.223664
v -0.391524 0.028241 0.222561
v -0.441482 0.027342 0.209129
v -0.438044 0.026204 0.223158
v -0.432245 0.027127 0.214086
v -0.451632 0.026856 0.209564
v -0.449305 0.027409 0.201348
v -0.458424 0.027510 0.200506
v -0.429106 0.026788 0.220472
v -0.422180 0.027379 0.210230
v -0.444130 0.024925 0.236337
v -0.431029 0.025597 0.230552
v -0.402801 0.028450 0.195818
v -0.417063 0.027864 0.196434
v -0.432233 0.027306 0.207324
v -0.397523 0.025635 0.242842
v -0.404926 0.024255 0.249894
v -0.442326 0.027752 0.186593
v -0.452707 0.027692 0.191438
v -0.443813 0.027602 0.197117
v -0.413679 0.024013 0.250451
v -0.441230 0.028300 0.177808
v -0.451405 0.028033 0.179535
v -0.410520 0.028080 0.183408
v -0.386652 0.031140 0.162731
v -0.395115 0.029997 0.170178
v -0.434197 0.027795 0.184235
v -0.431551 0.028560 0.176311
v -0.397656 0.028269 0.186046
v -0.390130 0.028790 0.195229
v -0.414670 0.027692 0.211463
v -0.424161 0.028046 0.184869
v -0.431837 0.027539 0.196423
v -0.398068 0.026973 0.231876
v -0.401093 0.028977 0.177534
v -0.388932 0.028535 0.185569
v -0.393349 0.028965 0.180081
v -0.395793 0.024881 0.251354
v -0.397137 0.024211 0.261648
v -0.409828 0.023617 0.260780
v -0.401843 0.024081 0.255846
v -0.391893 0.026036 0.245477
v -0.392684 0.028410 0.184236
v -0.436418 0.019604 0.556673
v -0.428816 0.022682 0.482554
v -0.428373 0.022342 0.487884
v -0.424416 0.022560 0.485125
v -0.468959 0.022108 0.482537
v -0.455312 0.019806 0.517386
v -0.451408 0.019828 0.514492
v -0.459998 0.021039 0.495216
v -0.455189 0.020740 0.498988
v -0.448310 0.021558 0.493166
v -0.438686 0.019780 0.539630
v -0.445869 0.019619 0.540973
v -0.439802 0.019653 0.547924
v -0.471706 0.022112 0.478645
v -0.478640 0.021780 0.484794
v -0.470563 0.020094 0.507698
v -0.479469 0.020132 0.509291
v -0.476242 0.019773 0.515979
v -0.450011 0.019671 0.520334
v -0.457271 0.019626 0.521737
v -0.452790 0.019628 0.529705
v -0.448670 0.019564 0.563126
v -0.461060 0.022830 0.466607
v -0.462777 0.022988 0.460083
v -0.469379 0.022525 0.466172
v -0.470895 0.022416 0.459714
v -0.477007 0.021880 0.464104
v -0.474036 0.021635 0.454295
v -0.477180 0.021576 0.458444
v -0.443878 0.025588 0.438289
v -0.452033 0.024377 0.442337
v -0.446489 0.024646 0.445100
v -0.430084 0.021913 0.492130
v -0.454144 0.023263 0.466288
v -0.436819 0.024850 0.454322
v -0.431727 0.025448 0.450045
v -0.436551 0.025535 0.449184
v -0.478452 0.022124 0.477684
v -0.472767 0.022344 0.471508
v -0.468920 0.021192 0.493863
v -0.467365 0.021649 0.487470
v -0.453298 0.020260 0.509875
v -0.448101 0.020379 0.505551
v -0.455819 0.020442 0.505450
v -0.450948 0.022938 0.471717
v -0.488722 0.020207 0.515319
v -0.486037 0.020363 0.507024
v -0.447026 0.020357 0.510039
v -0.466428 0.022543 0.453905
v -0.428328 0.023638 0.471666
v -0.424581 0.025385 0.454336
v -0.424094 0.024676 0.464506
v -0.445244 0.022660 0.477972
v -0.453592 0.022593 0.477219
v -0.461338 0.019659 0.517252
v -0.463560 0.019586 0.524972
v -0.478986 0.021053 0.495817
v -0.480240 0.021516 0.490837
v -0.489295 0.020843 0.497373
v -0.446919 0.021895 0.485897
v -0.452523 0.021983 0.482494
v -0.458170 0.021665 0.488110
v -0.455024 0.023576 0.459468
v -0.460203 0.023329 0.454509
v -0.469636 0.019669 0.521997
v -0.464746 0.019950 0.511359
v -0.436500 0.022676 0.479846
v -0.483253 0.019940 0.516605
v -0.447395 0.024117 0.457642
v -0.447820 0.023532 0.463179
v -0.442587 0.024212 0.457935
v -0.427319 0.024411 0.462308
v -0.448665 0.024382 0.451333
v -0.450963 0.023980 0.456927
v -0.431889 0.024494 0.461156
v -0.428753 0.025063 0.456900
v -0.442800 0.020104 0.521203
v -0.445542 0.019848 0.524830
v -0.437652 0.020087 0.525799
v -0.472103 0.020407 0.503224
v -0.477148 0.020897 0.501665
v -0.455495 0.023703 0.452744
v -0.438673 0.023259 0.473379
v -0.460779 0.020521 0.499519
v -0.468891 0.020748 0.498792
v -0.471006 0.019468 0.531811
v -0.475936 0.019724 0.523677
v -0.470454 0.019960 0.555162
v -0.473690 0.020458 0.575916
v -0.441343 0.019970 0.530202
v -0.435837 0.019853 0.530512
v -0.433656 0.026250 0.439726
v -0.438293 0.026299 0.432846
v -0.438229 0.025871 0.440341
v -0.434390 0.023824 0.469108
v -0.440508 0.023827 0.466483
v -0.435505 0.020919 0.506094
v -0.431805 0.021269 0.500389
v -0.440503 0.021186 0.502896
v -0.433762 0.023187 0.473968
v -0.434747 0.020692 0.510798
v -0.436767 0.024398 0.462150
v -0.449113 0.023540 0.468285
v -0.416503 0.019962 0.575917
v -0.417942 0.019926 0.575917
v -0.430698 0.021396 0.495750
v -0.416484 0.019962 0.575917
v -0.416502 0.019962 0.575917
v -0.442095 0.020317 0.515354
v -0.415733 0.019978 0.575917
v -0.458097 0.019536 0.543755
v -0.482151 0.020732 0.501905
v -0.485802 0.020775 0.501851
v -0.468423 0.019345 0.526266
v -0.463991 0.020143 0.575917
v -0.457481 0.020107 0.575917
v -0.451304 0.019953 0.575917
v -0.436155 0.025673 0.445182
v -0.457631 0.023475 0.462976
v -0.426706 0.026611 0.440901
v -0.431196 0.026870 0.431866
v -0.454654 0.023798 0.448266
v -0.415704 0.019976 0.575917
v -0.421107 0.027849 0.425840
v -0.478091 0.022197 0.470985
v -0.436551 0.021479 0.495970
v -0.436852 0.021936 0.488776
v -0.427629 0.027647 0.424247
v -0.425846 0.027213 0.431541
v -0.421316 0.028378 0.417527
v -0.442776 0.026536 0.424350
v -0.434364 0.027110 0.423891
v -0.464286 0.022548 0.433234
v -0.428714 0.028091 0.414026
v -0.436399 0.027528 0.415527
v -0.461863 0.023063 0.445975
v -0.449357 0.025285 0.432464
v -0.457825 0.023996 0.435108
v -0.418294 0.028772 0.411737
v -0.422082 0.028636 0.410055
v -0.441280 0.027496 0.410790
v -0.463439 0.022675 0.438518
v -0.461039 0.023544 0.427574
v -0.441821 0.019878 0.575917
v -0.430426 0.020864 0.511831
v -0.446587 0.020978 0.499109
v -0.477952 0.020518 0.575917
v -0.488561 0.020846 0.575917
v -0.483989 0.020754 0.575917
v -0.441809 0.021394 0.493973
v -0.435880 0.020257 0.520655
v -0.483980 0.021352 0.490995
v -0.459854 0.022214 0.482449
v -0.453162 0.021684 0.490458
v -0.289932 0.025646 -0.385155
v -0.293446 0.024703 -0.377366
v -0.284955 0.027529 -0.476417
v -0.286315 0.027794 -0.482522
v -0.285792 0.027060 -0.395895
v -0.289057 0.027928 -0.434472
v -0.293274 0.027849 -0.427130
v -0.283581 0.028303 -0.424863
v -0.287862 0.027754 -0.464091
v -0.292494 0.027870 -0.418731
v -0.279233 0.027553 -0.453311
v -0.295573 0.025160 -0.354956
v -0.300113 0.027675 -0.438703
v -0.291882 0.027398 -0.406524
v -0.286122 0.027679 -0.471265
v -0.277921 0.027426 -0.463222
v -0.280966 0.027609 -0.481776
v -0.280983 0.027508 -0.472839
v -0.272046 0.027428 -0.480410
v -0.274366 0.027365 -0.470420
v -0.295146 0.024606 -0.362848
v -0.277579 0.027710 -0.491708
v -0.447829 0.034365 0.100325
v -0.439287 0.034160 0.105454
v -0.441745 0.035046 0.093970
v -0.411668 0.032773 0.135442
v -0.412971 0.031982 0.141916
v -0.408006 0.031893 0.141688
v -0.402389 0.036293 0.068143
v -0.398757 0.036156 0.077659
v -0.395385 0.036203 0.073727
v -0.388291 0.036107 0.071870
v -0.390392 0.036065 0.080040
v -0.382630 0.036111 0.080442
v -0.399031 0.033179 0.106534
v -0.389881 0.032929 0.113774
v -0.387905 0.033385 0.105039
v -0.383047 0.031891 0.153059
v -0.381925 0.032359 0.138417
v -0.368421 0.036496 0.083512
v -0.369019 0.036084 0.072181
v -0.375948 0.036052 0.077275
v -0.429212 0.035370 0.089516
v -0.435629 0.035310 0.090059
v -0.394096 0.035712 0.085381
v -0.383930 0.035393 0.090060
v -0.445888 0.031719 0.125783
v -0.441717 0.031893 0.130525
v -0.437360 0.032643 0.125354
v -0.455633 0.030740 0.145202
v -0.442150 0.031075 0.144132
v -0.446784 0.031286 0.135541
v -0.395175 0.034373 0.094708
v -0.403105 0.035683 0.084090
v -0.396736 0.033125 0.119471
v -0.415717 0.030477 0.158134
v -0.423506 0.030696 0.151457
v -0.422314 0.030008 0.158753
v -0.447501 0.028941 0.172368
v -0.447251 0.033360 0.110011
v -0.457132 0.032198 0.115404
v -0.448605 0.032209 0.117949
v -0.379658 0.035919 0.068980
v -0.381704 0.035923 0.074961
v -0.379125 0.034019 0.101999
v -0.421544 0.032673 0.135609
v -0.430971 0.031582 0.142927
v -0.419403 0.031881 0.142269
v -0.457927 0.031085 0.129792
v -0.471383 0.028331 0.171590
v -0.462231 0.029527 0.166813
v -0.470639 0.029511 0.161498
v -0.487145 0.030705 0.135806
v -0.490933 0.030924 0.127815
v -0.493142 0.030631 0.134469
v -0.406141 0.036096 0.075312
v -0.413391 0.035671 0.080355
v -0.378351 0.037113 0.048643
v -0.412449 0.031462 0.148294
v -0.482498 0.031117 0.122161
v -0.481205 0.030997 0.129061
v -0.476855 0.031287 0.124289
v -0.496139 0.030022 0.140616
v -0.488005 0.030084 0.144594
v -0.478843 0.030811 0.137441
v -0.480474 0.030086 0.147444
v -0.377796 0.033134 0.126257
v -0.407186 0.033605 0.114463
v -0.409822 0.033920 0.104651
v -0.419126 0.034562 0.109918
v -0.482142 0.028555 0.166928
v -0.480724 0.028021 0.176952
v -0.477511 0.028210 0.173534
v -0.436658 0.031983 0.134536
v -0.427077 0.032982 0.132288
v -0.428578 0.033700 0.124172
v -0.408953 0.029683 0.168217
v -0.421304 0.029460 0.164856
v -0.424244 0.035364 0.081308
v -0.417809 0.034795 0.093699
v -0.433276 0.033420 0.119850
v -0.397241 0.032628 0.131444
v -0.404151 0.032755 0.133291
v -0.403445 0.032246 0.137913
v -0.429721 0.029122 0.168225
v -0.381416 0.036437 0.059143
v -0.374880 0.037123 0.054628
v -0.436963 0.029582 0.161276
v -0.446641 0.030161 0.156605
v -0.460222 0.030139 0.157414
v -0.453146 0.029844 0.164454
v -0.416103 0.034169 0.124714
v -0.387476 0.036381 0.064295
v -0.429844 0.034105 0.113284
v -0.439644 0.032998 0.116886
v -0.430456 0.034987 0.099601
v -0.454344 0.029157 0.170730
v -0.403900 0.036358 0.059055
v -0.398456 0.036964 0.056411
v -0.395739 0.036479 0.063953
v -0.397396 0.031779 0.146694
v -0.390837 0.036680 0.056362
v -0.385863 0.036453 0.054031
v -0.428422 0.029704 0.159120
v -0.451986 0.031832 0.122879
v -0.505805 0.029243 0.147662
v -0.430218 0.030383 0.151475
v -0.436463 0.030379 0.152810
v -0.461569 0.028518 0.174792
v -0.395621 0.035961 0.069753
v -0.373016 0.036560 0.062574
v -0.366020 0.036575 0.064724
v -0.364832 0.037697 0.057324
v -0.472943 0.030610 0.144069
v -0.467112 0.030314 0.150650
v -0.464396 0.030757 0.140959
v -0.405917 0.034099 0.096447
v -0.409175 0.034871 0.088950
v -0.387430 0.032773 0.124193
v -0.380264 0.033142 0.114617
v -0.375915 0.036059 0.085593
v -0.487405 0.028049 0.173697
v -0.488545 0.029140 0.155333
v -0.496033 0.029278 0.149700
v -0.474214 0.027836 0.177116
v -0.473034 0.027613 0.184719
v -0.468198 0.027883 0.178664
v -0.363052 0.037048 0.062813
v -0.487816 0.027723 0.184071
v -0.386255 0.034291 0.097807
v -0.403497 0.034702 0.090858
v -0.477770 0.029708 0.154789
v -0.368796 0.038386 0.047118
v -0.423234 0.034413 0.118125
v -0.469061 0.031072 0.133473
v -0.437212 0.031596 0.140911
v -0.406148 0.033221 0.129810
v -0.404409 0.033529 0.123268
v -0.387195 0.037100 0.047465
v -0.453826 0.034341 0.097502
v -0.454687 0.033658 0.104755
v -0.474379 0.031043 0.128610
v -0.459897 0.033060 0.107245
v -0.493258 0.028390 0.164858
v -0.406801 0.030957 0.155815
v -0.462458 0.027547 0.190747
v -0.489495 0.028330 0.169413
v -0.450705 0.034352 0.092030
v -0.360707 0.038308 0.041386
v -0.360233 0.038594 0.035534
v -0.362493 0.038720 0.029488
v -0.358987 0.038968 0.021382
v -0.357066 0.038308 0.029142
v -0.070522 0.223633 0.054338
v -0.075304 0.223403 0.049949
v -0.074963 0.226773 0.053788
v -0.076163 0.218601 0.047733
v -0.080430 0.222103 0.043904
v -0.071988 0.220067 0.051796
v -0.079997 0.228927 0.049095
v -0.070433 0.217028 0.053654
v -0.073025 0.217023 0.050167
v -0.072373 0.214059 0.050219
v -0.075079 0.214784 0.046581
v -0.071421 0.210218 0.052798
v -0.109852 0.217430 0.027534
v -0.108320 0.222320 0.028522
v -0.103813 0.219101 0.027901
v -0.073574 0.210875 0.046617
v -0.073029 0.206818 0.047280
v -0.074542 0.207846 0.042817
v -0.074438 0.202860 0.041857
v -0.074429 0.201042 0.049892
v -0.092454 0.242678 0.061000
v -0.096264 0.243422 0.061831
v -0.095168 0.244483 0.066547
v -0.122674 0.216221 0.030718
v -0.122098 0.218471 0.030856
v -0.120535 0.215388 0.029442
v -0.104711 0.228857 0.082403
v -0.104186 0.235367 0.080710
v -0.109924 0.230849 0.079823
v -0.111835 0.227208 0.031186
v -0.118043 0.229607 0.035551
v -0.112011 0.233308 0.036564
v -0.098884 0.230814 0.081843
v -0.098147 0.237015 0.080280
v -0.084145 0.197336 0.075098
v -0.080034 0.200161 0.069149
v -0.081966 0.203697 0.072234
v -0.101480 0.226860 0.083920
v -0.104722 0.225134 0.084557
v -0.100288 0.223939 0.086541
v -0.108992 0.225117 0.082560
v -0.097202 0.226282 0.084043
v -0.081625 0.213244 0.035642
v -0.086014 0.216494 0.035076
v -0.082752 0.217724 0.038717
v -0.081145 0.190486 0.041682
v -0.080517 0.187706 0.045506
v -0.084123 0.184868 0.038690
v -0.085936 0.221848 0.037787
v -0.081136 0.183170 0.042040
v -0.081313 0.179654 0.038346
v -0.076934 0.211277 0.040378
v -0.079096 0.216177 0.041852
v -0.084230 0.186208 0.029916
v -0.082034 0.188390 0.033042
v -0.083982 0.183877 0.033305
v -0.077620 0.202233 0.029470
v -0.076406 0.206130 0.035998
v -0.076937 0.199742 0.035529
v -0.089055 0.185716 0.029381
v -0.090198 0.191126 0.025863
v -0.084996 0.191188 0.027297
v -0.086073 0.209832 0.027789
v -0.080857 0.208559 0.029356
v -0.086614 0.206293 0.025422
v -0.081204 0.196610 0.027153
v -0.082391 0.202219 0.025590
v -0.078897 0.196787 0.030861
v -0.079020 0.209765 0.035175
v -0.080958 0.192139 0.029727
v -0.079507 0.193671 0.034021
v -0.078662 0.180551 0.041769
v -0.106261 0.236686 0.037404
v -0.105704 0.232413 0.033433
v -0.083735 0.235259 0.055128
v -0.079199 0.229987 0.055117
v -0.107301 0.212602 0.026901
v -0.109379 0.206964 0.025820
v -0.112941 0.209149 0.027237
v -0.081515 0.230030 0.071989
v -0.081528 0.231288 0.068107
v -0.084548 0.232746 0.071072
v -0.076335 0.229064 0.064818
v -0.076441 0.229184 0.070727
v -0.069267 0.227937 0.066487
v -0.085125 0.230877 0.074619
v -0.082934 0.229662 0.075356
v -0.079099 0.229866 0.068100
v -0.081782 0.227028 0.086450
v -0.087013 0.225764 0.086748
v -0.086218 0.225416 0.089535
v -0.080227 0.228933 0.076814
v -0.072725 0.229462 0.075594
v -0.082114 0.227720 0.081757
v -0.076438 0.228801 0.081981
v -0.081886 0.226506 0.093056
v -0.074586 0.229275 0.088873
v -0.086612 0.226616 0.083808
v -0.101709 0.241390 0.046669
v -0.105372 0.239618 0.041427
v -0.107487 0.241462 0.044184
v -0.102385 0.238539 0.040814
v -0.097602 0.238708 0.042753
v -0.097323 0.241070 0.048148
v -0.095439 0.239796 0.047323
v -0.093116 0.235690 0.040819
v -0.089915 0.235869 0.044498
v -0.089127 0.232816 0.041513
v -0.092473 0.239016 0.047307
v -0.098377 0.243203 0.061826
v -0.097666 0.242743 0.059806
v -0.100149 0.243969 0.060826
v -0.097463 0.242643 0.055823
v -0.075173 0.174869 0.037683
v -0.086408 0.234979 0.047788
v -0.089788 0.239683 0.054562
v -0.091472 0.231938 0.038512
v -0.094661 0.240737 0.049492
v -0.094545 0.242412 0.057750
v -0.096180 0.241955 0.051781
v -0.094253 0.241051 0.053043
v -0.080948 0.176282 0.035228
v -0.083993 0.179564 0.034971
v -0.082790 0.176347 0.032451
v -0.085879 0.179758 0.030926
v -0.083497 0.174382 0.030679
v -0.088443 0.174449 0.030100
v -0.076385 0.180217 0.044248
v -0.067078 0.220648 0.056127
v -0.063836 0.220866 0.059855
v -0.068009 0.215785 0.057337
v -0.079759 0.230436 0.065330
v -0.076165 0.228216 0.059495
v -0.079329 0.230213 0.062284
v -0.071184 0.226376 0.058386
v -0.063113 0.226162 0.062951
v -0.066372 0.225573 0.058971
v -0.101664 0.236254 0.037135
v -0.101908 0.243502 0.054279
v -0.104254 0.244431 0.059237
v -0.103262 0.244043 0.064431
v -0.107202 0.244093 0.061212
v -0.106608 0.242641 0.064415
v -0.076999 0.194641 0.053922
v -0.075733 0.200428 0.057700
v -0.077496 0.195162 0.060535
v -0.069550 0.220388 0.054336
v -0.061376 0.221549 0.066841
v -0.061983 0.227527 0.067324
v -0.105577 0.244672 0.054885
v -0.067218 0.216284 0.062927
v -0.072477 0.210550 0.059514
v -0.073806 0.205768 0.056306
v -0.077653 0.201565 0.063459
v -0.078490 0.195534 0.066047
v -0.088269 0.192793 0.077634
v -0.088731 0.186484 0.075264
v -0.085362 0.190833 0.073963
v -0.075991 0.205421 0.060599
v -0.077862 0.179073 0.058443
v -0.076029 0.179768 0.054126
v -0.078474 0.182898 0.055296
v -0.072502 0.175225 0.051908
v -0.076080 0.181590 0.050158
v -0.079109 0.188142 0.056119
v -0.080648 0.189151 0.064570
v -0.078423 0.184642 0.052423
v -0.078870 0.189913 0.050497
v -0.097524 0.235164 0.037320
v -0.079031 0.186715 0.050171
v -0.080138 0.210662 0.076605
v -0.073668 0.216442 0.079534
v -0.080516 0.212499 0.082963
v -0.110104 0.241143 0.045429
v -0.109071 0.242595 0.048159
v -0.078272 0.184426 0.049907
v -0.077565 0.173786 0.061236
v -0.081123 0.183342 0.060779
v -0.073974 0.170067 0.056687
v -0.110645 0.244811 0.060161
v -0.110210 0.242779 0.062418
v -0.080871 0.232147 0.059386
v -0.112735 0.240799 0.046636
v -0.108617 0.246023 0.057333
v -0.112674 0.245098 0.058040
v -0.114726 0.242333 0.060693
v -0.108809 0.245082 0.052397
v -0.105556 0.243349 0.050277
v -0.080195 0.208150 0.072075
v -0.084143 0.206083 0.076049
v -0.081166 0.193176 0.070606
v -0.085209 0.202221 0.075863
v -0.077968 0.207255 0.065632
v -0.077653 0.196013 0.041301
v -0.115463 0.220019 0.028740
v -0.125719 0.230745 0.041908
v -0.125913 0.232898 0.045348
v -0.124365 0.234157 0.043493
v -0.120017 0.224579 0.032489
v -0.081472 0.190056 0.037257
v -0.085903 0.196623 0.025529
v -0.082780 0.186476 0.035100
v -0.062184 0.227986 0.086140
v -0.064054 0.225771 0.086061
v -0.061609 0.224759 0.081443
v -0.061139 0.229638 0.080338
v -0.064674 0.230897 0.083688
v -0.065282 0.229539 0.089523
v -0.066020 0.226222 0.089537
v -0.083540 0.183457 0.066653
v -0.084416 0.186945 0.070319
v -0.059171 0.227092 0.076382
v -0.087870 0.181079 0.072249
v -0.082372 0.178433 0.065971
v -0.065402 0.229957 0.076914
v -0.069871 0.230555 0.082826
v -0.061654 0.229559 0.076084
v -0.068439 0.230978 0.088623
v -0.067928 0.229934 0.091728
v -0.115206 0.213462 0.027623
v -0.061691 0.222644 0.074497
v -0.059300 0.226111 0.070677
v -0.062256 0.229129 0.072203
v -0.115499 0.205177 0.026338
v -0.118145 0.208295 0.027896
v -0.099960 0.231994 0.033263
v -0.071256 0.229983 0.093685
v -0.081741 0.172901 0.068358
v -0.078061 0.166509 0.064821
v -0.084671 0.208095 0.081173
v -0.087402 0.202237 0.079158
v -0.127000 0.221362 0.035358
v -0.127470 0.226797 0.039925
v -0.123714 0.227683 0.037053
v -0.086221 0.200091 0.077395
v -0.117160 0.232604 0.038927
v -0.084071 0.211618 0.087470
v -0.102911 0.207824 0.025606
v -0.099466 0.214410 0.027835
v -0.077400 0.204958 0.063142
v -0.084958 0.229353 0.076678
v -0.121618 0.232101 0.040644
v -0.093124 0.210336 0.027078
v -0.087485 0.215221 0.098845
v -0.080827 0.217357 0.095015
v -0.081073 0.220039 0.101690
v -0.105517 0.203103 0.023684
v -0.107291 0.204762 0.024961
v -0.116440 0.242859 0.057460
v -0.113150 0.244990 0.054095
v -0.117521 0.242155 0.053964
v -0.115162 0.242228 0.050673
v -0.110923 0.239612 0.043538
v -0.091624 0.197675 0.081281
v -0.092134 0.203061 0.085042
v -0.096193 0.201018 0.085337
v -0.116349 0.239060 0.047568
v -0.114238 0.236654 0.044476
v -0.076543 0.228388 0.095306
v -0.074640 0.224786 0.099250
v -0.095712 0.218598 0.096472
v -0.098986 0.214426 0.096955
v -0.095541 0.215202 0.099368
v -0.072363 0.222974 0.092742
v -0.068871 0.222293 0.085581
v -0.099790 0.202498 0.023300
v -0.089459 0.209246 0.089989
v -0.112099 0.201339 0.023433
v -0.086660 0.222389 0.100126
v -0.091744 0.179421 0.028931
v -0.093896 0.173981 0.028071
v -0.092175 0.203049 0.024324
v -0.106339 0.198275 0.021752
v -0.089581 0.223425 0.093632
v -0.096701 0.198548 0.022756
v -0.101033 0.196363 0.022165
v -0.076035 0.212485 0.070918
v -0.121826 0.211223 0.029231
v -0.088993 0.205127 0.083985
v -0.105361 0.191654 0.021637
v -0.080916 0.224713 0.101478
v -0.092682 0.198280 0.023787
v -0.096409 0.192568 0.022706
v -0.066567 0.220945 0.078490
v -0.090338 0.195996 0.024231
v -0.101899 0.184339 0.024380
v -0.094830 0.185188 0.026530
v -0.094814 0.231107 0.035281
v -0.103303 0.226403 0.029863
v -0.097341 0.227310 0.031396
v -0.068858 0.227305 0.093638
v -0.087719 0.197826 0.078552
v -0.099248 0.210418 0.094192
v -0.092968 0.214012 0.098221
v -0.076445 0.217189 0.087942
v -0.094861 0.209085 0.092030
v -0.096982 0.179848 0.027353
v -0.091663 0.217730 0.101603
v -0.089589 0.227437 0.036690
v -0.080593 0.226213 0.098063
v -0.093712 0.225375 0.032429
v -0.090459 0.218760 0.032079
v -0.097212 0.221166 0.029340
v -0.084730 0.224610 0.096755
v -0.086378 0.213004 0.030772
v -0.088078 0.200860 0.024726
v -0.099875 0.244518 0.068715
v -0.099661 0.244258 0.065231
v -0.122353 0.234755 0.043508
v -0.123129 0.236676 0.047822
v -0.118906 0.234411 0.043197
v -0.114587 0.234407 0.040258
v -0.118525 0.236819 0.046036
v -0.087179 0.239474 0.068053
v -0.084819 0.236090 0.068442
v -0.085219 0.237839 0.066419
v -0.086159 0.228403 0.079660
v -0.092420 0.228032 0.081519
v -0.084835 0.237893 0.063243
v -0.115942 0.240803 0.063480
v -0.112930 0.241781 0.063320
v -0.119218 0.238045 0.048363
v -0.110370 0.237812 0.040230
v -0.118886 0.239514 0.050578
v -0.089172 0.237721 0.072645
v -0.090056 0.241350 0.069401
v -0.092502 0.242781 0.070889
v -0.112385 0.237583 0.073495
v -0.113124 0.238391 0.069556
v -0.116425 0.237708 0.068906
v -0.124725 0.236130 0.053178
v -0.121702 0.238637 0.054207
v -0.089480 0.242255 0.065204
v -0.087911 0.240124 0.060064
v -0.094354 0.233286 0.080033
v -0.125826 0.236343 0.057146
v -0.122155 0.238538 0.057996
v -0.119428 0.240165 0.059553
v -0.123274 0.238196 0.060382
v -0.072429 0.213202 0.065237
v -0.068187 0.217583 0.070277
v -0.120297 0.239868 0.063063
v -0.094820 0.216031 0.029025
v -0.116326 0.239048 0.066037
v -0.120924 0.237600 0.066630
v -0.098663 0.242085 0.051629
v -0.092315 0.243112 0.068345
v -0.124706 0.214619 0.033056
v -0.119329 0.240426 0.056887
v -0.082239 0.233294 0.064699
v -0.089047 0.231890 0.077137
v -0.112547 0.238951 0.066744
v -0.113621 0.240281 0.064684
v -0.093738 0.237368 0.077239
v -0.098218 0.243831 0.063631
v -0.110004 0.240907 0.065594
v -0.092413 0.224624 0.087149
v -0.097989 0.221217 0.090815
v -0.110758 0.238376 0.071749
v -0.108934 0.239216 0.070070
v -0.111660 0.243330 0.050471
v -0.083318 0.233371 0.068184
v -0.096667 0.243978 0.071125
v -0.094587 0.241675 0.074240
v -0.100046 0.243526 0.073389
v -0.104825 0.241983 0.068860
v -0.108744 0.239144 0.073697
v -0.087160 0.232997 0.073929
v -0.078709 0.183460 0.046139
v -0.078262 0.193335 0.047316
v -0.084617 0.228028 0.042801
v -0.097851 0.240841 0.076747
v -0.102048 0.240095 0.078275
v -0.101175 0.241819 0.075922
v -0.072713 0.177400 0.045116
v -0.084569 0.236482 0.065896
v -0.104394 0.241312 0.074140
v -0.109666 0.235760 0.078171
v -0.106970 0.239001 0.077106
v -0.114860 0.232941 0.075740
v -0.335307 0.026600 -0.324381
v -0.329638 0.025886 -0.331869
v -0.340055 0.026095 -0.327994
v -0.320472 0.022062 -0.381555
v -0.315356 0.023009 -0.372912
v -0.308558 0.023707 -0.382552
v -0.303017 0.025366 -0.348469
v -0.310634 0.024442 -0.353379
v -0.310017 0.025169 -0.346359
v -0.342126 0.027072 -0.319603
v -0.311577 0.026081 -0.336629
v -0.326167 0.024516 -0.345642
v -0.306223 0.027812 -0.321793
v -0.295846 0.027349 -0.329584
v -0.298822 0.026365 -0.339955
v -0.315347 0.024854 -0.347846
v -0.347955 0.025904 -0.327750
v -0.334618 0.024873 -0.341462
v -0.340786 0.024003 -0.349119
v -0.330630 0.023388 -0.356826
v -0.319806 0.023803 -0.355306
v -0.339100 0.023088 -0.356974
v -0.344288 0.025069 -0.336750
v -0.379067 0.024922 -0.328899
v -0.389143 0.024650 -0.326665
v -0.368603 0.025505 -0.327193
v -0.354391 0.024107 -0.344586
v -0.337114 0.022070 -0.364741
v -0.347282 0.022827 -0.356515
v -0.350744 0.023496 -0.350985
v -0.356401 0.025235 -0.332821
v -0.323157 0.022986 -0.364633
v -0.311428 0.023718 -0.363483
v -0.358371 0.022584 -0.353066
v -0.302964 0.024466 -0.358823
v -0.326700 0.021808 -0.373593
v -0.352756 0.029455 -0.506638
v -0.358120 0.029412 -0.510916
v -0.350462 0.025908 -0.554473
v -0.357573 0.023860 -0.575917
v -0.384837 0.026381 -0.554764
v -0.368303 0.029513 -0.515222
v -0.376216 0.029811 -0.513325
v -0.370209 0.029549 -0.511130
v -0.375198 0.030085 -0.506933
v -0.383450 0.030053 -0.509152
v -0.381307 0.029482 -0.518506
v -0.387495 0.029990 -0.513626
v -0.334891 0.028289 -0.522241
v -0.339363 0.028730 -0.513702
v -0.330788 0.028314 -0.518893
v -0.393408 0.030379 -0.507250
v -0.361399 0.030029 -0.504305
v -0.350641 0.029729 -0.499015
v -0.345322 0.029269 -0.505936
v -0.312953 0.028369 -0.508340
v -0.306040 0.028146 -0.512914
v -0.312696 0.027946 -0.517978
v -0.315604 0.028840 -0.501526
v -0.318823 0.028718 -0.505478
v -0.316345 0.028557 -0.510602
v -0.364324 0.030134 -0.498331
v -0.358255 0.029844 -0.500782
v -0.308918 0.027639 -0.529761
v -0.303215 0.027056 -0.534740
v -0.359098 0.030358 -0.495273
v -0.386272 0.030934 -0.496272
v -0.386175 0.030586 -0.499724
v -0.321457 0.028402 -0.511243
v -0.339103 0.029046 -0.505679
v -0.368758 0.030199 -0.502642
v -0.371520 0.030779 -0.494217
v -0.324126 0.027883 -0.527620
v -0.316916 0.027365 -0.534706
v -0.319575 0.027907 -0.524945
v -0.299969 0.027761 -0.518718
v -0.299727 0.028090 -0.509419
v -0.342671 0.029380 -0.500136
v -0.371326 0.029245 -0.519873
v -0.337189 0.029220 -0.500812
v -0.331302 0.028794 -0.508232
v -0.375027 0.024092 -0.336706
v -0.372503 0.024805 -0.333008
v -0.366733 0.024282 -0.337916
v -0.332297 0.029223 -0.496640
v -0.372572 0.023205 -0.343940
v -0.381480 0.030621 -0.497888
v -0.318952 0.023241 -0.575917
v -0.323564 0.025938 -0.551862
v -0.314325 0.023193 -0.575918
v -0.383640 0.024582 -0.330626
v -0.304849 0.028376 -0.498485
v -0.308425 0.028421 -0.503895
v -0.349630 0.028743 -0.519554
v -0.391678 0.022413 -0.339489
v -0.395072 0.023061 -0.333592
v -0.389195 0.023223 -0.335974
v -0.384370 0.030512 -0.503680
v -0.363636 0.028391 -0.529647
v -0.372238 0.028085 -0.536277
v -0.337129 0.023389 -0.575917
v -0.342923 0.023520 -0.575917
v -0.330880 0.027819 -0.528474
v -0.401341 0.023856 -0.326243
v -0.304452 0.027869 -0.522276
v -0.357111 0.029068 -0.518121
v -0.362385 0.029053 -0.519878
v -0.363682 0.029505 -0.513516
v -0.346190 0.029040 -0.510607
v -0.380592 0.030899 -0.491793
v -0.315124 0.027852 -0.525970
v -0.345645 0.028887 -0.515955
v -0.364501 0.023163 -0.346419
v -0.340968 0.028014 -0.528611
v -0.382352 0.031001 -0.466239
v -0.382658 0.030550 -0.460850
v -0.375533 0.030192 -0.460040
v -0.372217 0.030687 -0.466608
v -0.347749 0.026955 -0.447804
v -0.353475 0.027753 -0.451438
v -0.354307 0.026464 -0.444630
v -0.356614 0.030409 -0.490789
v -0.351917 0.030026 -0.492857
v -0.342893 0.029684 -0.493264
v -0.362700 0.028253 -0.452456
v -0.363250 0.027363 -0.448023
v -0.365975 0.023181 -0.432947
v -0.366302 0.025287 -0.438967
v -0.375995 0.024589 -0.433707
v -0.391522 0.022549 -0.422631
v -0.385123 0.023480 -0.427860
v -0.396875 0.025817 -0.427495
v -0.321018 0.029183 -0.484358
v -0.374450 0.031137 -0.484981
v -0.384134 0.031304 -0.485221
v -0.346197 0.025834 -0.442023
v -0.362918 0.030722 -0.476481
v -0.389631 0.031180 -0.462143
v -0.309176 0.028655 -0.489005
v -0.302464 0.028294 -0.495496
v -0.373351 0.013342 -0.394232
v -0.383309 0.028640 -0.530802
v -0.312626 0.028823 -0.496130
v -0.321520 0.029235 -0.495982
v -0.336122 0.028109 -0.452860
v -0.327416 0.028444 -0.458243
v -0.336267 0.028827 -0.460276
v -0.298620 0.028410 -0.479190
v -0.304930 0.028485 -0.471135
v -0.383999 0.017639 -0.364972
v -0.374665 0.018976 -0.364111
v -0.379429 0.016589 -0.372326
v -0.377239 0.031197 -0.472156
v -0.386436 0.027973 -0.441594
v -0.377034 0.028068 -0.447004
v -0.383891 0.029077 -0.448383
v -0.322181 0.029184 -0.478358
v -0.333031 0.029689 -0.483860
v -0.389540 0.014114 -0.398322
v -0.398903 0.014420 -0.390939
v -0.367456 0.026798 -0.444027
v -0.361729 0.026531 -0.444586
v -0.320787 0.028007 -0.452918
v -0.318468 0.028468 -0.459141
v -0.308901 0.027199 -0.431341
v -0.320214 0.026798 -0.436680
v -0.319332 0.025998 -0.425972
v -0.367538 0.018379 -0.420906
v -0.358032 0.017989 -0.420309
v -0.362823 0.020482 -0.426866
v -0.317537 0.029037 -0.489654
v -0.344380 0.028550 -0.457339
v -0.393099 0.031420 -0.464570
v -0.320412 0.027556 -0.445791
v -0.327302 0.027846 -0.450591
v -0.331410 0.026884 -0.442957
v -0.338530 0.018830 -0.390484
v -0.333474 0.020129 -0.381917
v -0.328108 0.020851 -0.388563
v -0.344202 0.027741 -0.451574
v -0.341294 0.026997 -0.446878
v -0.383324 0.026544 -0.436725
v -0.380318 0.027684 -0.442551
v -0.339385 0.022593 -0.425830
v -0.336039 0.024274 -0.430740
v -0.342431 0.023107 -0.429903
v -0.374377 0.028774 -0.451827
v -0.374853 0.020712 -0.425264
v -0.381519 0.019257 -0.358825
v -0.365311 0.014650 -0.390508
v -0.368132 0.030884 -0.472006
v -0.359722 0.030377 -0.470079
v -0.372458 0.027424 -0.445212
v -0.362617 0.030685 -0.489137
v -0.376231 0.030448 -0.501082
v -0.351736 0.030486 -0.481262
v -0.303402 0.028100 -0.457287
v -0.297095 0.028103 -0.465643
v -0.343319 0.018120 -0.386380
v -0.331967 0.029097 -0.465072
v -0.322289 0.028960 -0.467733
v -0.354628 0.020098 -0.425969
v -0.355783 0.022416 -0.431327
v -0.341489 0.030021 -0.485249
v -0.367779 0.026196 -0.442062
v -0.372966 0.026231 -0.439986
v -0.328877 0.025775 -0.433691
v -0.327975 0.024776 -0.426481
v -0.370316 0.028219 -0.451001
v -0.366004 0.028956 -0.456177
v -0.374571 0.029270 -0.455691
v -0.352391 0.028294 -0.527588
v -0.372873 0.013432 -0.400023
v -0.364756 0.014244 -0.404228
v -0.347564 0.030062 -0.489044
v -0.332578 0.020182 -0.393109
v -0.339798 0.026434 -0.442529
v -0.356794 0.024923 -0.438504
v -0.312033 0.028037 -0.451946
v -0.359759 0.026065 -0.442225
v -0.388489 0.016010 -0.370756
v -0.383731 0.014916 -0.378196
v -0.391810 0.020617 -0.416743
v -0.384913 0.020516 -0.420882
v -0.355117 0.029028 -0.459161
v -0.346307 0.024091 -0.434426
v -0.380487 0.031276 -0.478936
v -0.310504 0.027447 -0.441445
v -0.302759 0.027760 -0.447370
v -0.332309 0.023395 -0.422370
v -0.340847 0.019990 -0.416663
v -0.333089 0.020990 -0.406574
v -0.330286 0.022742 -0.414591
v -0.364593 0.030479 -0.494563
v -0.312777 0.028806 -0.476009
v -0.335181 0.029648 -0.489064
v -0.310178 0.026699 -0.421704
v -0.315363 0.025515 -0.412600
v -0.303775 0.026910 -0.413217
v -0.342454 0.029499 -0.464922
v -0.385478 0.031328 -0.490260
v -0.395748 0.028000 -0.435759
v -0.367870 0.030777 -0.486973
v -0.386796 0.021789 -0.345310
v -0.355448 0.015458 -0.408141
v -0.350770 0.016075 -0.404379
v -0.350834 0.016351 -0.409449
v -0.379020 0.017654 -0.416466
v -0.327006 0.029538 -0.482575
v -0.316072 0.023364 -0.390586
v -0.345111 0.030169 -0.472358
v -0.332728 0.029593 -0.471070
v -0.364306 0.016656 -0.416574
v -0.366931 0.020896 -0.358280
v -0.357807 0.021321 -0.360615
v -0.361910 0.019249 -0.369045
v -0.393193 0.028906 -0.441835
v -0.346510 0.021762 -0.427032
v -0.385723 0.030987 -0.492838
v -0.373136 0.018338 -0.419777
v -0.338930 0.025599 -0.437896
v -0.324220 0.024563 -0.419043
v -0.372022 0.014024 -0.406493
v -0.387596 0.016998 -0.410660
v -0.364585 0.029917 -0.462573
v -0.342390 0.018110 -0.405298
v -0.382022 0.023630 -0.336858
v -0.358297 0.015945 -0.387923
v -0.356218 0.015163 -0.395791
v -0.311854 0.028392 -0.463643
v -0.350949 0.023688 -0.575917
v -0.347491 0.028333 -0.524659
v -0.361761 0.016325 -0.383388
v -0.336673 0.020687 -0.373970
v -0.359627 0.015668 -0.412938
v -0.338549 0.029467 -0.497354
v -0.357732 0.014928 -0.402772
v -0.362067 0.014394 -0.398574
v -0.385360 0.013215 -0.392451
v -0.346554 0.016752 -0.396678
v -0.378895 0.014459 -0.383210
v -0.378284 0.013673 -0.388285
v -0.326410 0.029301 -0.488688
v -0.344640 0.020593 -0.370250
v -0.349334 0.021768 -0.362573
v -0.353038 0.029896 -0.466117
v -0.379560 0.014422 -0.406718
v -0.367753 0.016100 -0.381489
v -0.371749 0.016049 -0.414446
v -0.376717 0.013574 -0.402268
v -0.349698 0.019076 -0.421054
v -0.363283 0.017376 -0.377088
v -0.327433 0.023265 -0.575916
v -0.308644 0.025641 -0.403099
v -0.317313 0.024108 -0.400926
v -0.366168 0.015061 -0.410993
v -0.302322 0.026412 -0.404278
v -0.302014 0.025542 -0.394148
v -0.368390 0.022215 -0.350607
v -0.377275 0.021290 -0.351873
v -0.355802 0.017714 -0.379582
v -0.380314 0.013292 -0.392186
v -0.398618 0.025018 -0.319560
v -0.351103 0.017001 -0.414424
v -0.346663 0.017339 -0.410047
v -0.380164 0.013312 -0.397754
v -0.311893 0.027160 -0.533939
v -0.345310 0.018864 -0.379274
v -0.375110 0.015567 -0.379038
v -0.369843 0.017215 -0.374147
v -0.337139 0.019276 -0.397875
v -0.326490 0.021981 -0.397435
v -0.310972 0.024679 -0.396455
v -0.383536 0.020381 -0.353465
v -0.388157 0.019728 -0.355163
v -0.388030 0.031243 -0.473541
v -0.301648 0.027457 -0.423828
v -0.309227 0.023213 -0.575918
v -0.324086 0.023524 -0.407788
v -0.394837 0.021386 -0.343575
v -0.304479 0.023287 -0.575918
v -0.392562 0.017367 -0.362138
v -0.354052 0.021967 -0.358084
v -0.351621 0.019227 -0.372737
v -0.353246 0.020411 -0.366907
v -0.396809 0.019381 -0.352489
v -0.403792 0.019183 -0.350165
v -0.117023 0.205928 0.085008
v -0.111486 0.211460 0.087536
v -0.115823 0.215674 0.082901
v -0.123134 0.200564 0.083763
v -0.121097 0.196214 0.084162
v -0.117780 0.191771 0.083129
v -0.124341 0.186888 0.080961
v -0.132675 0.227257 0.057643
v -0.131765 0.228661 0.052923
v -0.134124 0.222766 0.053534
v -0.105799 0.115928 0.107581
v -0.104433 0.113474 0.109958
v -0.102651 0.116973 0.107434
v -0.107649 0.207457 0.089221
v -0.103334 0.217314 0.091476
v -0.105917 0.213250 0.091100
v -0.101607 0.215083 0.094773
v -0.132189 0.201633 0.074683
v -0.127972 0.203792 0.078989
v -0.129239 0.204934 0.076323
v -0.093843 0.188763 0.079442
v -0.100111 0.188741 0.081096
v -0.098322 0.183824 0.080248
v -0.126549 0.195378 0.082734
v -0.126580 0.199189 0.082514
v -0.130290 0.198507 0.080194
v -0.109649 0.216574 0.088114
v -0.095712 0.218598 0.096472
v -0.097989 0.221217 0.090815
v -0.100995 0.122795 0.097707
v -0.099600 0.124524 0.094185
v -0.103568 0.128345 0.097360
v -0.122084 0.205360 0.082835
v -0.114520 0.184882 0.080802
v -0.120157 0.181679 0.079695
v -0.117379 0.177868 0.078933
v -0.121801 0.211010 0.080056
v -0.133626 0.217568 0.064091
v -0.133783 0.212327 0.062717
v -0.132358 0.214191 0.067070
v -0.098986 0.214426 0.096955
v -0.102480 0.212115 0.093391
v -0.125376 0.202355 0.081994
v -0.126067 0.181586 0.075932
v -0.122350 0.178376 0.077320
v -0.105685 0.163852 0.088821
v -0.102401 0.161680 0.090501
v -0.097997 0.169438 0.087623
v -0.123719 0.233981 0.067866
v -0.121903 0.229095 0.072206
v -0.118776 0.235262 0.070761
v -0.131130 0.210964 0.038984
v -0.133241 0.211687 0.043633
v -0.131894 0.216766 0.040114
v -0.099900 0.118632 0.104075
v -0.099145 0.119721 0.100295
v -0.102625 0.123278 0.100792
v -0.121792 0.220274 0.076138
v -0.115047 0.224752 0.078843
v -0.127000 0.221362 0.035358
v -0.130633 0.223555 0.041830
v -0.126278 0.234731 0.062911
v -0.120297 0.239868 0.063063
v -0.123274 0.238196 0.060382
v -0.123129 0.236676 0.047822
v -0.125913 0.232898 0.045348
v -0.127446 0.232750 0.047903
v -0.125826 0.236343 0.057146
v -0.127891 0.233448 0.052160
v -0.130090 0.231845 0.057702
v -0.119426 0.189642 0.024220
v -0.110443 0.187446 0.023155
v -0.113575 0.183024 0.026819
v -0.134236 0.211691 0.048575
v -0.134717 0.216503 0.051435
v -0.133593 0.215284 0.045735
v -0.103476 0.111104 0.114417
v -0.099389 0.109715 0.115593
v -0.101299 0.114426 0.112939
v -0.129860 0.213800 0.038149
v -0.128569 0.212175 0.035876
v -0.134807 0.203291 0.046529
v -0.133428 0.200863 0.040970
v -0.135949 0.200349 0.047368
v -0.087409 0.172809 0.080112
v -0.085780 0.175547 0.074047
v -0.090743 0.177242 0.080433
v -0.098223 0.116996 0.107944
v -0.105946 0.121423 0.104201
v -0.107549 0.119348 0.105304
v -0.095264 0.121760 0.093904
v -0.096739 0.125328 0.093778
v -0.133198 0.220398 0.046246
v -0.103502 0.121375 0.103865
v -0.088269 0.192793 0.077634
v -0.088731 0.186484 0.075264
v -0.091698 0.146539 0.091855
v -0.088765 0.142651 0.090052
v -0.087218 0.151326 0.086349
v -0.134651 0.217516 0.058473
v -0.137475 0.191775 0.066799
v -0.138473 0.194589 0.061803
v -0.137941 0.189981 0.060938
v -0.098418 0.130095 0.094730
v -0.133863 0.222479 0.061078
v -0.095215 0.116133 0.104968
v -0.092182 0.111390 0.104327
v -0.096371 0.113164 0.110676
v -0.120865 0.160437 0.080334
v -0.118979 0.162468 0.082911
v -0.118188 0.167028 0.079286
v -0.110997 0.131943 0.100823
v -0.110530 0.140714 0.100152
v -0.114664 0.135577 0.100797
v -0.124890 0.138953 0.097066
v -0.124598 0.131873 0.096785
v -0.119459 0.133120 0.099834
v -0.130509 0.206160 0.037612
v -0.133380 0.206864 0.043223
v -0.097971 0.119383 0.095863
v -0.105789 0.124693 0.101917
v -0.091070 0.138760 0.093354
v -0.087544 0.133541 0.091443
v -0.097003 0.117827 0.102479
v -0.137912 0.194581 0.055762
v -0.137936 0.193164 0.048738
v -0.137356 0.190111 0.054470
v -0.107276 0.181729 0.025550
v -0.101899 0.184339 0.024380
v -0.107537 0.134693 0.099032
v -0.109484 0.170785 0.031206
v -0.109879 0.165998 0.037280
v -0.114506 0.168287 0.038550
v -0.104065 0.158416 0.036120
v -0.106940 0.156785 0.042102
v -0.105808 0.162496 0.037075
v -0.116221 0.123149 0.101956
v -0.112696 0.115534 0.104470
v -0.111489 0.120197 0.103729
v -0.108104 0.114848 0.106920
v -0.105761 0.184222 0.079760
v -0.101795 0.163306 0.028274
v -0.105627 0.165587 0.032716
v -0.134579 0.195511 0.074930
v -0.131336 0.191498 0.078792
v -0.127226 0.208918 0.076594
v -0.135450 0.193946 0.039590
v -0.133463 0.186240 0.038524
v -0.136796 0.189136 0.044901
v -0.124303 0.205907 0.080543
v -0.136332 0.196962 0.045436
v -0.137387 0.197464 0.051390
v -0.134525 0.207265 0.049846
v -0.135887 0.202538 0.052407
v -0.134596 0.206060 0.055588
v -0.106243 0.140757 0.098315
v -0.102865 0.136520 0.096477
v -0.102734 0.143215 0.096332
v -0.120436 0.141980 0.098360
v -0.114173 0.128387 0.101634
v -0.134270 0.209229 0.046009
v -0.100773 0.148739 0.094658
v -0.096432 0.141438 0.094628
v -0.093892 0.155103 0.092238
v -0.134444 0.211080 0.055476
v -0.121100 0.126354 0.099074
v -0.109296 0.125023 0.102582
v -0.103166 0.161596 0.032680
v -0.131179 0.220958 0.067705
v -0.115246 0.164544 0.084562
v -0.112484 0.169808 0.081542
v -0.114003 0.173586 0.079301
v -0.115615 0.178564 0.030381
v -0.117386 0.175008 0.032504
v -0.108001 0.174144 0.081135
v -0.138668 0.192539 0.058396
v -0.109576 0.131974 0.053594
v -0.114225 0.126125 0.062815
v -0.116098 0.134043 0.065264
v -0.128296 0.215831 0.036123
v -0.124706 0.214619 0.033056
v -0.119706 0.172103 0.037481
v -0.135537 0.185248 0.057303
v -0.134894 0.184391 0.049189
v -0.130743 0.176683 0.057398
v -0.116846 0.148113 0.096987
v -0.122859 0.145932 0.095803
v -0.114119 0.137932 0.059883
v -0.107476 0.128897 0.100207
v -0.105057 0.126424 0.100159
v -0.092906 0.182873 0.077334
v -0.108374 0.137066 0.050495
v -0.111001 0.138118 0.054608
v -0.106098 0.137261 0.045214
v -0.115982 0.141798 0.099775
v -0.109760 0.141959 0.050479
v -0.113686 0.164783 0.043820
v -0.119882 0.167224 0.046072
v -0.124725 0.236130 0.053178
v -0.102593 0.154883 0.093506
v -0.110801 0.148735 0.097013
v -0.105921 0.146626 0.096751
v -0.113483 0.144046 0.058284
v -0.096913 0.177011 0.083599
v -0.093611 0.174723 0.085280
v -0.132174 0.197997 0.036186
v -0.128083 0.202455 0.033028
v -0.092166 0.130234 0.094358
v -0.137010 0.199285 0.059044
v -0.106887 0.144174 0.045410
v -0.094363 0.126116 0.094061
v -0.103703 0.172792 0.027043
v -0.101469 0.168585 0.026592
v -0.087870 0.181079 0.072249
v -0.082372 0.178433 0.065971
v -0.119843 0.173137 0.077357
v -0.125321 0.134434 0.085865
v -0.121864 0.126556 0.083449
v -0.123600 0.127701 0.091448
v -0.088820 0.162657 0.086136
v -0.097564 0.161983 0.090689
v -0.101610 0.177049 0.026992
v -0.096982 0.179848 0.027353
v -0.083245 0.161039 0.077172
v -0.086795 0.167847 0.081437
v -0.111294 0.147186 0.052476
v -0.108582 0.146975 0.048072
v -0.134123 0.207293 0.061009
v -0.135129 0.203193 0.058375
v -0.134869 0.202846 0.063923
v -0.106843 0.149779 0.043747
v -0.104686 0.144979 0.040436
v -0.083932 0.169729 0.074974
v -0.113088 0.148060 0.055798
v -0.114588 0.150096 0.057685
v -0.090180 0.171110 0.085866
v -0.126868 0.141144 0.087827
v -0.126696 0.143040 0.093096
v -0.126166 0.146871 0.089028
v -0.088678 0.170734 0.027931
v -0.093896 0.173981 0.028071
v -0.088443 0.174449 0.030100
v -0.087649 0.120447 0.094244
v -0.081772 0.117556 0.086132
v -0.083527 0.127802 0.085856
v -0.126940 0.208915 0.032968
v -0.109476 0.162071 0.043298
v -0.083999 0.110517 0.092606
v -0.120561 0.123679 0.096525
v -0.122808 0.127499 0.095750
v -0.119647 0.121778 0.088859
v -0.119898 0.120054 0.084471
v -0.129941 0.185171 0.075466
v -0.127953 0.179852 0.070938
v -0.121700 0.164402 0.075949
v -0.117242 0.118013 0.100319
v -0.123135 0.178865 0.035827
v -0.125549 0.144883 0.083663
v -0.120198 0.120044 0.079263
v -0.126795 0.136174 0.091943
v -0.113673 0.110529 0.104694
v -0.107138 0.168380 0.084831
v -0.094735 0.117191 0.099309
v -0.097541 0.170611 0.026343
v -0.081535 0.148598 0.076108
v -0.085552 0.140634 0.085105
v -0.081650 0.136146 0.077332
v -0.112713 0.160975 0.089467
v -0.109811 0.156396 0.093345
v -0.119473 0.129945 0.071635
v -0.119825 0.142941 0.068707
v -0.118760 0.114566 0.090287
v -0.118116 0.151608 0.062818
v -0.121877 0.159142 0.065147
v -0.122237 0.152302 0.070401
v -0.112297 0.192792 0.083166
v -0.106636 0.190612 0.081523
v -0.118664 0.153000 0.093334
v -0.123389 0.152249 0.090458
v -0.122801 0.149124 0.093582
v -0.119125 0.119907 0.094276
v -0.116693 0.112172 0.098566
v -0.078061 0.166509 0.064821
v -0.122103 0.169478 0.073910
v -0.123688 0.164462 0.072050
v -0.124707 0.169855 0.068536
v -0.124473 0.164642 0.067215
v -0.121314 0.162658 0.060519
v -0.119049 0.164383 0.055487
v -0.118472 0.159134 0.059834
v -0.129991 0.178216 0.047365
v -0.127102 0.177742 0.042123
v -0.125937 0.172800 0.045742
v -0.115949 0.162601 0.051089
v -0.118145 0.208295 0.027896
v -0.115499 0.205177 0.026338
v -0.121639 0.203742 0.028144
v -0.126139 0.170526 0.063384
v -0.110727 0.157063 0.048951
v -0.112551 0.161378 0.049032
v -0.081741 0.172901 0.068358
v -0.124261 0.168684 0.054887
v -0.123683 0.166289 0.061557
v -0.116618 0.161117 0.056189
v -0.127934 0.174969 0.066310
v -0.122102 0.165652 0.058250
v -0.124248 0.151841 0.084735
v -0.121372 0.157471 0.085414
v -0.126332 0.170636 0.059290
v -0.094284 0.117845 0.095195
v -0.116425 0.237708 0.068906
v -0.120924 0.237600 0.066630
v -0.110478 0.178828 0.079530
v -0.124917 0.147031 0.093070
v -0.122166 0.155971 0.082704
v -0.096633 0.154032 0.024335
v -0.101102 0.155340 0.031458
v -0.136362 0.197848 0.067843
v -0.120305 0.136353 0.072676
v -0.122050 0.133616 0.079107
v -0.121049 0.126749 0.076758
v -0.123148 0.148760 0.077576
v -0.123027 0.141306 0.077700
v -0.125275 0.139279 0.082625
v -0.121520 0.184020 0.029703
v -0.118691 0.158546 0.088683
v -0.093047 0.164996 0.089691
v -0.118799 0.160979 0.085824
v -0.120451 0.193647 0.024947
v -0.123756 0.194887 0.026269
v -0.118147 0.195920 0.023923
v -0.103790 0.200670 0.086885
v -0.094861 0.209085 0.092030
v -0.099248 0.210418 0.094192
v -0.130163 0.212160 0.071347
v -0.126567 0.216032 0.073890
v -0.122998 0.174310 0.074588
v -0.132931 0.208293 0.067323
v -0.112322 0.193828 0.021722
v -0.130897 0.181208 0.042787
v -0.122990 0.154846 0.075449
v -0.122597 0.155088 0.079694
v -0.123691 0.159174 0.071355
v -0.122749 0.159512 0.075903
v -0.100808 0.194195 0.083232
v -0.114556 0.156904 0.055292
v -0.112308 0.151478 0.053652
v -0.096193 0.201018 0.085337
v -0.096593 0.193685 0.082019
v -0.091624 0.197675 0.081281
v -0.124273 0.174194 0.070659
v -0.130627 0.206177 0.072860
v -0.124485 0.177723 0.073787
v -0.108254 0.177337 0.027600
v -0.127470 0.226797 0.039925
v -0.109899 0.151955 0.047943
v -0.124108 0.175348 0.039856
v -0.121826 0.211223 0.029231
v -0.123473 0.206773 0.030252
v -0.101891 0.147023 0.035493
v -0.104136 0.152472 0.038029
v -0.102136 0.174256 0.083143
v -0.101859 0.179206 0.081138
v -0.131776 0.226083 0.047730
v -0.111735 0.220501 0.083868
v -0.108992 0.225117 0.082560
v -0.128797 0.229419 0.044467
v -0.125719 0.230745 0.041908
v -0.130263 0.195647 0.031418
v -0.091341 0.168368 0.025760
v -0.134669 0.189221 0.072081
v -0.105910 0.221149 0.087412
v -0.127686 0.228939 0.067412
v -0.104722 0.225134 0.084557
v -0.112099 0.201339 0.023433
v -0.129579 0.209236 0.036461
v -0.132556 0.191287 0.035003
v -0.127585 0.189440 0.030535
v -0.127639 0.184112 0.034522
v -0.130590 0.180030 0.065721
v -0.100288 0.223939 0.086541
v -0.109924 0.230849 0.079823
v -0.114860 0.232941 0.075740
v -0.124832 0.199677 0.028778
v -0.129354 0.182054 0.038297
v -0.134955 0.185228 0.064684
v -0.095030 0.164196 0.024079
v -0.119349 0.200396 0.025613
v -0.127630 0.180065 0.040063
v -0.133335 0.203160 0.069644
v -0.137135 0.189039 0.049317
v -0.106339 0.198275 0.021752
v -0.105361 0.191654 0.021637
v -0.131903 0.184053 0.070247
v -0.136033 0.193630 0.070731
v -0.088403 0.111043 0.098467
v -0.091385 0.114999 0.099566
v -0.091575 0.116365 0.095930
v -0.091898 0.123007 0.094522
v -0.091209 0.119643 0.095004
v -0.106492 0.111479 0.110305
v -0.104873 0.111074 0.111926
v -0.129817 0.230249 0.048842
v -0.126499 0.223367 0.071469
v -0.096038 0.180417 0.080763
v -0.113516 0.198787 0.085454
v -0.131236 0.228140 0.062746
v -0.112385 0.237583 0.073495
v 0.137824 0.018097 0.447338
v 0.129205 0.016648 0.454308
v 0.135607 0.016157 0.461312
v 0.299496 0.022938 0.374950
v 0.305132 0.022900 0.373704
v 0.303139 0.022845 0.368597
v 0.208989 0.020245 0.415849
v 0.212141 0.020097 0.421451
v 0.215853 0.020791 0.419053
v 0.265489 0.020013 0.435082
v 0.259538 0.020592 0.432110
v 0.261784 0.018770 0.446473
v 0.130915 0.028782 0.403120
v 0.138105 0.030143 0.397976
v 0.130723 0.030337 0.393851
v 0.168390 0.016854 0.453021
v 0.173517 0.016778 0.452236
v 0.162537 0.017603 0.446424
v 0.155570 0.029070 0.376045
v 0.144407 0.030341 0.379262
v 0.150545 0.030136 0.384516
v 0.151532 0.018110 0.445717
v 0.145816 0.019282 0.440363
v 0.144615 0.017897 0.447738
v 0.172272 0.017692 0.444595
v 0.165210 0.018903 0.436949
v 0.167771 0.021249 0.422881
v 0.157130 0.023680 0.419737
v 0.162617 0.021107 0.428057
v 0.141294 0.030825 0.389529
v 0.137175 0.026530 0.361141
v 0.144063 0.026363 0.362235
v 0.138379 0.025757 0.357091
v 0.163865 0.016650 0.454880
v 0.165190 0.016280 0.460313
v 0.168591 0.016390 0.458267
v 0.131506 0.026045 0.413517
v 0.141468 0.026385 0.415685
v 0.141475 0.028641 0.405398
v 0.178512 0.019624 0.427676
v 0.187277 0.019084 0.430533
v 0.182239 0.019765 0.423936
v 0.249416 0.020123 0.438792
v 0.252942 0.019180 0.444943
v 0.255206 0.019601 0.440341
v 0.194264 0.024527 0.377652
v 0.199381 0.025997 0.370457
v 0.190296 0.026439 0.371416
v 0.130727 0.018492 0.441072
v 0.235793 0.022298 0.420665
v 0.230732 0.022113 0.416636
v 0.231402 0.021711 0.425239
v 0.199334 0.027783 0.363104
v 0.183908 0.028188 0.366269
v 0.192964 0.017808 0.441551
v 0.196063 0.018426 0.436602
v 0.187268 0.018525 0.435884
v 0.140153 0.020919 0.434086
v 0.202356 0.019397 0.418913
v 0.201059 0.019836 0.408034
v 0.256353 0.018562 0.447094
v 0.196868 0.020929 0.398599
v 0.204483 0.021340 0.398370
v 0.196080 0.019427 0.414354
v 0.196367 0.019232 0.420763
v 0.248842 0.024139 0.391618
v 0.240584 0.024216 0.391835
v 0.248580 0.023599 0.403239
v 0.138361 0.023867 0.423268
v 0.172793 0.028081 0.369338
v 0.162275 0.027841 0.367986
v 0.165301 0.027999 0.376601
v 0.278894 0.023548 0.398071
v 0.272743 0.023188 0.404973
v 0.279549 0.023311 0.402018
v 0.145547 0.024397 0.352469
v 0.287221 0.024524 0.350708
v 0.285902 0.025247 0.343233
v 0.278199 0.024654 0.351385
v 0.271078 0.025077 0.349803
v 0.260950 0.025612 0.350395
v 0.268706 0.024981 0.354821
v 0.209732 0.021318 0.404459
v 0.216228 0.021782 0.406186
v 0.216044 0.022294 0.399156
v 0.306192 0.022933 0.379638
v 0.300067 0.022891 0.380218
v 0.302318 0.022766 0.385326
v 0.256066 0.023729 0.396712
v 0.256579 0.024214 0.385392
v 0.198749 0.016692 0.456372
v 0.199079 0.016088 0.463487
v 0.204791 0.016472 0.461101
v 0.161612 0.025263 0.396809
v 0.163866 0.023696 0.402009
v 0.167793 0.024424 0.392582
v 0.216053 0.017272 0.458011
v 0.210319 0.016613 0.461668
v 0.216301 0.016517 0.465094
v 0.249916 0.019198 0.445884
v 0.254113 0.018310 0.450844
v 0.234669 0.017169 0.462005
v 0.229016 0.017965 0.456513
v 0.224546 0.017005 0.461948
v 0.208416 0.019778 0.424268
v 0.203709 0.025105 0.373205
v 0.203387 0.023670 0.380218
v 0.173313 0.022648 0.396211
v 0.170327 0.021989 0.406801
v 0.192057 0.022255 0.388938
v 0.203333 0.022221 0.389727
v 0.221998 0.022441 0.402701
v 0.291936 0.023449 0.366500
v 0.286796 0.023424 0.370304
v 0.288337 0.023507 0.372467
v 0.249237 0.018238 0.452661
v 0.187400 0.017710 0.443357
v 0.248356 0.025257 0.372635
v 0.246380 0.024746 0.381164
v 0.254867 0.024839 0.376441
v 0.219696 0.020321 0.432373
v 0.214019 0.019618 0.435270
v 0.217871 0.019675 0.439106
v 0.234337 0.024131 0.390509
v 0.234226 0.023542 0.399223
v 0.230185 0.023639 0.393044
v 0.241962 0.025306 0.370169
v 0.246377 0.025371 0.368897
v 0.249478 0.025663 0.364518
v 0.298381 0.022819 0.391999
v 0.295826 0.023040 0.388025
v 0.131600 0.023108 0.421821
v 0.131574 0.020899 0.429162
v 0.271924 0.023822 0.392066
v 0.269005 0.023814 0.387957
v 0.265899 0.023801 0.392554
v 0.254508 0.025077 0.369579
v 0.272297 0.024536 0.360329
v 0.260872 0.025179 0.362310
v 0.206905 0.015854 0.467550
v 0.145209 0.023593 0.426262
v 0.145130 0.025129 0.420357
v 0.276216 0.025067 0.346656
v 0.269618 0.025657 0.344731
v 0.221684 0.021785 0.412824
v 0.223331 0.021278 0.423886
v 0.263228 0.023677 0.396414
v 0.261647 0.023816 0.390918
v 0.189008 0.019760 0.415034
v 0.192757 0.020054 0.407017
v 0.183428 0.020745 0.405737
v 0.241804 0.025792 0.360110
v 0.233369 0.025795 0.362328
v 0.229688 0.022814 0.407290
v 0.266451 0.021568 0.423932
v 0.272675 0.022499 0.414833
v 0.266406 0.022400 0.416752
v 0.202095 0.019032 0.429453
v 0.274848 0.023496 0.396471
v 0.281889 0.023465 0.390267
v 0.236192 0.024475 0.386032
v 0.266791 0.018828 0.444428
v 0.270283 0.019649 0.439308
v 0.227797 0.019242 0.447986
v 0.233529 0.020327 0.441827
v 0.223123 0.019483 0.444190
v 0.241406 0.027035 0.341426
v 0.248087 0.026048 0.352558
v 0.252034 0.026417 0.342940
v 0.208093 0.018567 0.441311
v 0.276269 0.023660 0.385836
v 0.226140 0.020871 0.433531
v 0.245678 0.023269 0.413096
v 0.246534 0.021991 0.425559
v 0.250772 0.022989 0.413931
v 0.188406 0.016428 0.457860
v 0.191301 0.016993 0.450751
v 0.182256 0.017190 0.449679
v 0.183637 0.023885 0.383596
v 0.213718 0.018083 0.450056
v 0.215160 0.018812 0.444334
v 0.191182 0.019160 0.425122
v 0.306257 0.023082 0.357729
v 0.300443 0.023231 0.363993
v 0.307725 0.022815 0.363004
v 0.234968 0.018087 0.455338
v 0.234352 0.019085 0.449238
v 0.229274 0.018462 0.452243
v 0.242254 0.020647 0.437542
v 0.236475 0.021613 0.430028
v 0.266724 0.026733 0.333970
v 0.258975 0.027058 0.331417
v 0.261828 0.026295 0.339772
v 0.223051 0.018370 0.452536
v 0.291463 0.021955 0.415711
v 0.290735 0.022712 0.406796
v 0.284977 0.022335 0.413769
v 0.208314 0.017011 0.456660
v 0.288425 0.024057 0.357874
v 0.280895 0.024336 0.357289
v 0.275749 0.024188 0.366495
v 0.237186 0.026442 0.351659
v 0.282110 0.023708 0.374670
v 0.214540 0.026903 0.361391
v 0.221973 0.025536 0.366271
v 0.225297 0.026699 0.355864
v 0.204963 0.017498 0.450833
v 0.284700 0.021477 0.421892
v 0.163914 0.022733 0.412946
v 0.157452 0.024745 0.409620
v 0.198152 0.017593 0.446492
v 0.175821 0.023711 0.388298
v 0.181506 0.022711 0.390301
v 0.210034 0.019467 0.431906
v 0.155707 0.017053 0.453586
v 0.265684 0.024147 0.384191
v 0.236918 0.022748 0.414436
v 0.152114 0.021722 0.430181
v 0.264056 0.024432 0.375525
v 0.266849 0.024710 0.367276
v 0.259845 0.025030 0.371257
v 0.297777 0.022326 0.407725
v 0.217681 0.027492 0.354980
v 0.237691 0.024867 0.380542
v 0.235970 0.023356 0.408240
v 0.292811 0.023104 0.381789
v 0.184361 0.025329 0.377335
v 0.171606 0.025482 0.383177
v 0.189438 0.020986 0.399485
v 0.142629 0.016955 0.454799
v 0.277951 0.025509 0.341160
v 0.267058 0.023752 0.395036
v 0.268703 0.023667 0.397941
v 0.299486 0.022641 0.398731
v 0.291588 0.023148 0.397456
v 0.281652 0.022999 0.406888
v 0.284231 0.023267 0.397729
v 0.176509 0.017979 0.440952
v 0.263406 0.023165 0.410699
v 0.269143 0.023008 0.411665
v 0.174778 0.019140 0.433453
v 0.230609 0.027935 0.334225
v 0.239235 0.028003 0.328318
v 0.241305 0.018309 0.453329
v 0.241910 0.017350 0.460171
v 0.239184 0.023238 0.411339
v 0.223385 0.015948 0.472194
v 0.254034 0.023500 0.409006
v 0.256563 0.023351 0.405233
v 0.199055 0.029213 0.354465
v 0.188108 0.029434 0.358637
v 0.173260 0.028993 0.349052
v 0.164547 0.026948 0.347793
v 0.166552 0.027594 0.354975
v 0.212309 0.023541 0.380975
v 0.211931 0.024868 0.372348
v 0.227414 0.023169 0.398968
v 0.222874 0.023154 0.392808
v 0.207456 0.026050 0.368185
v 0.215338 0.020283 0.427802
v 0.211459 0.028854 0.336156
v 0.206634 0.029339 0.323035
v 0.202293 0.028858 0.332231
v 0.253247 0.021020 0.430744
v 0.137622 0.015066 0.471204
v 0.149158 0.014988 0.474610
v 0.148339 0.015941 0.462563
v 0.262927 0.023514 0.402250
v 0.213920 0.021021 0.411124
v 0.274699 0.023756 0.381379
v 0.272803 0.024068 0.376113
v 0.209284 0.028903 0.342254
v 0.204249 0.029015 0.338323
v 0.203945 0.029152 0.346444
v 0.182490 0.029574 0.343441
v 0.180716 0.028321 0.334310
v 0.174276 0.028289 0.338313
v 0.246046 0.019534 0.444340
v 0.241007 0.019498 0.446329
v 0.212527 0.022291 0.391877
v 0.152448 0.024748 0.345082
v 0.141298 0.025646 0.338817
v 0.195026 0.029063 0.337814
v 0.159678 0.016192 0.461438
v 0.157555 0.015639 0.469291
v 0.167874 0.016012 0.466218
v 0.177174 0.020964 0.410395
v 0.176924 0.021608 0.402900
v 0.150420 0.025027 0.358365
v 0.182037 0.030054 0.352508
v 0.191331 0.029718 0.348010
v 0.278230 0.021275 0.424863
v 0.278793 0.022062 0.417220
v 0.272069 0.021415 0.423095
v 0.260303 0.022240 0.420769
v 0.254146 0.022149 0.421944
v 0.256500 0.021457 0.426460
v 0.294433 0.023196 0.372390
v 0.181852 0.020136 0.417491
v 0.209199 0.028310 0.355141
v 0.154714 0.019163 0.438893
v 0.167967 0.027366 0.341691
v 0.268746 0.020949 0.428172
v 0.230345 0.024242 0.384428
v 0.158080 0.028299 0.386622
v 0.146900 0.029811 0.394279
v 0.151685 0.028002 0.399309
v 0.157545 0.028838 0.380663
v 0.160949 0.026319 0.392882
v 0.173720 0.020939 0.417106
v 0.149791 0.026283 0.411955
v 0.186775 0.028851 0.337353
v 0.187397 0.028321 0.330202
v 0.189188 0.029392 0.342186
v 0.240981 0.023560 0.406028
v 0.240729 0.022684 0.417036
v 0.221388 0.028243 0.338856
v 0.217261 0.028350 0.346684
v 0.228420 0.027380 0.345583
v 0.178504 0.026993 0.373465
v 0.230061 0.024798 0.373437
v 0.221540 0.023823 0.382006
v 0.149893 0.024554 0.421983
v 0.147776 0.017091 0.452637
v 0.150370 0.028531 0.370335
v 0.126434 0.023234 0.418171
v 0.134232 0.028089 0.367111
v 0.141851 0.028794 0.370997
v 0.171605 0.016470 0.455426
v 0.182610 0.020371 0.412254
v 0.230211 0.020896 0.437221
v 0.174009 0.028884 0.360445
v 0.163079 0.027073 0.360865
v 0.154874 0.026430 0.362559
v 0.254076 0.027121 0.335771
v 0.249884 0.027800 0.328601
v 0.247364 0.027304 0.335390
v 0.214358 0.025973 0.366720
v 0.167481 0.026858 0.335136
v 0.194982 0.028665 0.325927
v 0.157160 0.024908 0.353964
v 0.272847 0.020658 0.430926
v 0.134351 0.029908 0.377083
v 0.134367 0.030723 0.385751
v 0.284567 0.023289 0.379477
v 0.293456 0.024426 0.348968
v 0.182568 0.021712 0.397036
v 0.160351 0.026087 0.339818
v 0.162705 0.026136 0.329756
v 0.155880 0.026207 0.332702
v 0.151595 0.025621 0.337986
v 0.157037 0.025773 0.402102
v 0.158698 0.025454 0.346933
v 0.218154 0.028799 0.329329
v 0.305078 0.022782 0.391097
v 0.257638 0.023429 0.409601
v 0.280199 0.024909 0.346041
v 0.172156 0.026417 0.327944
v 0.254372 0.025639 0.357378
v 0.256480 0.022968 0.414229
v 0.132263 0.026572 0.358582
v 0.126832 0.021271 0.424376
v 0.133866 0.025785 0.349257
v 0.270404 0.026002 0.338849
v 0.296771 0.023676 0.358244
v 0.128797 0.015357 0.468355
v 0.161759 0.015090 0.478907
v 0.224272 0.019039 0.448243
v 0.132387 0.026397 0.341249
v 0.127006 0.015832 0.461959
v 0.280909 0.020551 0.431238
v 0.233622 0.022867 0.411535
v 0.234666 0.027138 0.343679
v 0.284082 0.023712 0.367809
v 0.290489 0.023840 0.362425
v 0.219946 0.024459 0.374004
v 0.289272 0.023452 0.390892
v 0.296560 0.024159 0.351231
v 0.263920 0.024208 0.380988
v 0.138888 0.014454 0.479772
v 0.282087 0.021244 0.426182
v 0.306551 0.022118 0.402762
v 0.311577 0.022175 0.395829
v 0.292475 0.025058 0.343977
v 0.299805 0.024919 0.341479
v 0.183773 0.015997 0.465914
v 0.185483 0.015418 0.472443
v 0.188649 0.015892 0.467852
v 0.194930 0.015612 0.469047
v 0.191942 0.016068 0.463298
v 0.125129 0.015054 0.474480
v 0.175578 0.015572 0.473531
v 0.181709 0.014627 0.481101
v 0.176199 0.016113 0.465754
v 0.200233 0.015132 0.473889
v 0.286675 0.027150 0.327620
v 0.284382 0.026378 0.334416
v 0.290374 0.026627 0.329936
v 0.267605 0.027345 0.326032
v 0.173405 0.016234 0.459966
v 0.129498 0.014571 0.484905
v 0.179970 0.016412 0.458496
v 0.191963 0.014809 0.476913
v 0.149649 0.014344 0.481699
v 0.275134 0.026509 0.333518
v 0.279505 0.027333 0.327476
v 0.282768 0.026947 0.330970
v 0.273520 0.020015 0.436462
v 0.294392 0.027116 0.323993
v 0.303594 0.026894 0.322459
v 0.299712 0.026029 0.330757
v 0.304549 0.023947 0.350048
v 0.210757 0.014991 0.477437
v 0.214182 0.015881 0.470620
v 0.293304 0.025939 0.335271
v 0.280978 0.026528 0.331838
v 0.282791 0.026722 0.332577
v -0.624100 0.035482 0.187524
v -0.624699 0.032391 0.176083
v -0.633428 0.032059 0.176671
v -0.625856 0.027004 0.158790
v -0.620672 0.027039 0.155223
v -0.629488 0.026594 0.153566
v -0.609856 0.031071 0.122057
v -0.605101 0.031340 0.128507
v -0.600400 0.031347 0.120201
v -0.615089 0.029284 0.166562
v -0.609918 0.030105 0.169699
v -0.649889 0.027334 0.089364
v -0.644120 0.027603 0.089812
v -0.650525 0.028479 0.082091
v -0.626254 0.028682 0.093435
v -0.618313 0.029365 0.095780
v -0.620947 0.029283 0.089908
v -0.591363 0.030858 0.080286
v -0.597382 0.030664 0.082261
v -0.594136 0.030949 0.086549
v -0.526015 0.029969 0.140828
v -0.579216 0.030777 0.144834
v -0.587316 0.030590 0.144630
v -0.583673 0.029716 0.150058
v -0.589218 0.031646 0.095585
v -0.591001 0.031454 0.098992
v -0.584312 0.031853 0.097247
v -0.597041 0.030523 0.142230
v -0.604888 0.030968 0.135903
v -0.607503 0.030115 0.142325
v -0.601014 0.028645 0.153105
v -0.604296 0.029458 0.147176
v -0.641678 0.027446 0.104290
v -0.626000 0.028887 0.103571
v -0.634905 0.027845 0.095802
v -0.623491 0.032002 0.061977
v -0.619126 0.031459 0.061329
v -0.619862 0.031668 0.055989
v -0.622346 0.027300 0.151335
v -0.587944 0.031387 0.091159
v -0.594885 0.031030 0.093664
v -0.593505 0.028827 0.152999
v -0.593738 0.027967 0.157546
v -0.585691 0.028438 0.156152
v -0.653071 0.032746 0.057239
v -0.648193 0.031932 0.063362
v -0.649586 0.032718 0.058195
v -0.538775 0.029432 0.138904
v -0.547344 0.029523 0.136848
v -0.547575 0.029231 0.145735
v -0.627666 0.033078 0.055797
v -0.624334 0.032451 0.049212
v -0.591576 0.031652 0.116272
v -0.590701 0.031526 0.111420
v -0.595941 0.031415 0.111241
v -0.656619 0.028490 0.157133
v -0.655684 0.029338 0.162065
v -0.606677 0.033011 0.178378
v -0.600256 0.030325 0.171010
v -0.595949 0.030888 0.069720
v -0.587796 0.030777 0.073728
v -0.587234 0.031125 0.063665
v -0.615883 0.030857 0.128096
v -0.616725 0.030720 0.120887
v -0.618698 0.030708 0.125817
v -0.606443 0.030830 0.111888
v -0.610828 0.030062 0.101704
v -0.615456 0.030083 0.108842
v -0.599380 0.031336 0.126432
v -0.592343 0.031643 0.123849
v -0.612772 0.027866 0.158704
v -0.598341 0.028180 0.159042
v -0.618165 0.030386 0.134376
v -0.624012 0.029285 0.140089
v -0.616222 0.029239 0.143173
v -0.579420 0.031619 0.052451
v -0.593980 0.031016 0.055872
v -0.604498 0.030314 0.086078
v -0.617403 0.029961 0.081906
v -0.614304 0.029776 0.089556
v -0.610853 0.037080 0.193215
v -0.615413 0.037480 0.198451
v -0.687675 0.029199 0.074405
v -0.684698 0.028180 0.081990
v -0.675781 0.028358 0.080342
v -0.600650 0.030554 0.047225
v -0.609875 0.030742 0.046454
v -0.577379 0.028993 0.170718
v -0.582432 0.030474 0.175033
v -0.566051 0.032058 0.073923
v -0.644952 0.029533 0.078137
v -0.636973 0.028962 0.081533
v -0.584873 0.031991 0.118837
v -0.517606 0.032258 0.123796
v -0.525575 0.031671 0.127646
v -0.520007 0.031439 0.133506
v -0.630320 0.029246 0.113006
v -0.633739 0.028462 0.107532
v -0.586776 0.031240 0.137931
v -0.578678 0.031602 0.137528
v -0.581006 0.031806 0.131261
v -0.637820 0.030487 0.073205
v -0.641713 0.031645 0.067468
v -0.590758 0.031373 0.134546
v -0.594745 0.031352 0.134043
v -0.592302 0.031182 0.137019
v -0.598541 0.030937 0.103301
v -0.588923 0.031783 0.105631
v -0.598929 0.030712 0.052106
v -0.605738 0.030780 0.055232
v -0.559352 0.030937 0.132801
v -0.552887 0.030377 0.131512
v -0.557574 0.031342 0.124399
v -0.616948 0.031501 0.043568
v -0.610955 0.030942 0.038606
v -0.621354 0.030071 0.114066
v -0.613808 0.030508 0.115005
v -0.555399 0.029676 0.149109
v -0.561946 0.030633 0.143848
v -0.561470 0.029852 0.151938
v -0.603964 0.030487 0.096114
v -0.560878 0.033054 0.083997
v -0.572117 0.032087 0.082877
v -0.567138 0.033090 0.092107
v -0.589088 0.031731 0.130825
v -0.584448 0.031805 0.125385
v -0.626299 0.027159 0.148987
v -0.623678 0.032723 0.040883
v -0.628746 0.033542 0.045800
v -0.623814 0.030450 0.130645
v -0.616102 0.033538 0.178720
v -0.609202 0.035567 0.186008
v -0.627080 0.028976 0.086088
v -0.632918 0.028262 0.089134
v -0.524863 0.031254 0.132439
v -0.524922 0.030951 0.135457
v -0.568623 0.032466 0.115115
v -0.575623 0.032269 0.122517
v -0.567570 0.032088 0.122324
v -0.658665 0.029635 0.074212
v -0.658381 0.028163 0.082404
v -0.572526 0.033007 0.099571
v -0.580531 0.032482 0.104595
v -0.573643 0.032873 0.110051
v -0.644819 0.033546 0.033612
v -0.639962 0.033564 0.040109
v -0.647405 0.032720 0.050811
v -0.648697 0.032956 0.055216
v -0.619085 0.030516 0.130173
v -0.611396 0.030757 0.134154
v -0.635390 0.033466 0.055951
v -0.640911 0.033384 0.048215
v -0.610230 0.030131 0.094226
v -0.569429 0.031926 0.131764
v -0.575017 0.031914 0.133038
v -0.573378 0.031577 0.140294
v -0.623443 0.028140 0.145265
v -0.631723 0.027831 0.145023
v -0.687984 0.027639 0.088424
v -0.679222 0.027624 0.086555
v -0.600004 0.031293 0.132799
v -0.590378 0.029693 0.149018
v -0.595658 0.031476 0.129271
v -0.589507 0.027921 0.160233
v -0.584837 0.027873 0.163840
v -0.540597 0.028938 0.151098
v -0.630611 0.032436 0.062203
v -0.668716 0.029047 0.077366
v -0.666163 0.029453 0.073730
v -0.676529 0.030084 0.070189
v -0.567846 0.031290 0.142289
v -0.572427 0.030471 0.148844
v -0.634372 0.034038 0.037143
v -0.589437 0.030173 0.172565
v -0.597660 0.030652 0.077272
v -0.579080 0.032052 0.090582
v -0.560702 0.032208 0.116524
v -0.564694 0.033142 0.105984
v -0.636435 0.029496 0.131278
v -0.631721 0.029648 0.131946
v -0.634362 0.029648 0.123510
v -0.585805 0.032050 0.111664
v -0.564243 0.031375 0.135205
v -0.563279 0.031685 0.126937
v -0.600428 0.030960 0.063832
v -0.638301 0.028087 0.088615
v -0.648182 0.027149 0.093827
v -0.621926 0.033410 0.031365
v -0.660484 0.028625 0.136883
v -0.660489 0.028464 0.126438
v -0.671186 0.028598 0.134673
v -0.680786 0.028367 0.128538
v -0.669752 0.028126 0.127452
v -0.649165 0.028712 0.132579
v -0.640664 0.029106 0.128034
v -0.644753 0.028595 0.120186
v -0.650386 0.026826 0.099005
v -0.642807 0.027353 0.095913
v -0.651515 0.028500 0.123357
v -0.571220 0.029232 0.155514
v -0.574897 0.028155 0.161089
v -0.638688 0.026894 0.150076
v -0.631927 0.027064 0.149463
v -0.688929 0.027097 0.104985
v -0.678290 0.026802 0.102586
v -0.689364 0.027141 0.096862
v -0.652232 0.027742 0.116394
v -0.658546 0.031444 0.063856
v -0.666490 0.030513 0.068347
v -0.545248 0.030050 0.129108
v -0.653628 0.026982 0.093059
v -0.550693 0.031419 0.118187
v -0.643139 0.027645 0.160166
v -0.636877 0.028124 0.164102
v -0.638383 0.026651 0.156748
v -0.627723 0.035633 0.193015
v -0.623005 0.036567 0.197678
v -0.599935 0.034775 0.185143
v -0.638952 0.029182 0.121914
v -0.638106 0.028973 0.116804
v -0.595952 0.029292 0.149696
v -0.548429 0.028974 0.153051
v -0.621042 0.030286 0.121862
v -0.626421 0.029982 0.120852
v -0.556194 0.033596 0.089258
v -0.558133 0.033763 0.096044
v -0.550990 0.033868 0.090967
v -0.650503 0.029327 0.165155
v -0.577508 0.029343 0.152576
v -0.629277 0.029323 0.138049
v -0.647267 0.027684 0.112122
v -0.619999 0.030342 0.169892
v -0.672615 0.027413 0.088206
v -0.677610 0.027028 0.094310
v -0.667379 0.026948 0.093206
v -0.641208 0.028742 0.135742
v -0.553534 0.028565 0.160312
v -0.651891 0.027967 0.157944
v -0.666370 0.027332 0.088951
v -0.657052 0.026763 0.107188
v -0.668821 0.026598 0.100306
v -0.610170 0.028769 0.149618
v -0.647982 0.028340 0.160583
v -0.616836 0.031481 0.049572
v -0.643212 0.031454 0.176273
v -0.640258 0.030156 0.170058
v -0.535884 0.032693 0.111258
v -0.541906 0.033251 0.104032
v -0.544144 0.032154 0.112714
v -0.637097 0.028987 0.136897
v -0.648260 0.031855 0.181338
v -0.651892 0.030574 0.171717
v -0.659491 0.027522 0.117352
v -0.639667 0.028723 0.140399
v -0.635507 0.028603 0.140350
v -0.572261 0.031580 0.064757
v -0.625590 0.031240 0.068317
v -0.627216 0.030626 0.072873
v -0.621937 0.030396 0.074278
v -0.642041 0.028121 0.112377
v -0.628909 0.029936 0.077290
v -0.633382 0.031268 0.068534
v -0.671243 0.027657 0.120488
v -0.637372 0.028339 0.110307
v -0.579758 0.032399 0.113350
v -0.560295 0.028829 0.157071
v -0.560436 0.028033 0.163341
v -0.644302 0.028275 0.140378
v -0.643443 0.028668 0.083534
v -0.646872 0.027130 0.154397
v -0.648892 0.027822 0.144812
v -0.640345 0.027951 0.144242
v -0.636688 0.032765 0.060854
v -0.641776 0.032453 0.062212
v -0.566390 0.030227 0.151292
v -0.654976 0.028183 0.120419
v -0.526554 0.032077 0.121489
v -0.532508 0.032098 0.117923
v -0.532753 0.031303 0.124226
v -0.624621 0.036486 0.205304
v -0.622991 0.028268 0.163879
v -0.629203 0.028199 0.164758
v -0.625590 0.029778 0.168952
v -0.629883 0.033773 0.040001
v -0.627182 0.034068 0.035894
v -0.630730 0.034150 0.034935
v -0.654265 0.027833 0.151500
v -0.551987 0.029688 0.140557
v -0.556339 0.030290 0.139101
v -0.634303 0.029931 0.170351
v -0.625802 0.029849 0.115315
v -0.654425 0.028403 0.139617
v -0.658507 0.028443 0.144905
v -0.631965 0.026998 0.159286
v -0.668945 0.028902 0.145967
v -0.629840 0.030496 0.171111
v -0.652880 0.032745 0.050808
v -0.606153 0.030673 0.073825
v -0.632476 0.029193 0.167363
v -0.666562 0.027031 0.112716
v -0.603264 0.036560 0.190968
v -0.540188 0.031314 0.120315
v -0.537924 0.030298 0.128852
v -0.613160 0.031713 0.032146
v -0.617568 0.031886 0.037445
v -0.602980 0.028455 0.162577
v -0.587138 0.031096 0.085708
v -0.547639 0.032526 0.109954
v -0.664587 0.032186 0.057514
v -0.658903 0.032472 0.053730
v -0.576914 0.031251 0.074036
v -0.582431 0.031153 0.081307
v -0.697935 0.029634 0.067488
v -0.615471 0.035864 0.186987
v -0.531615 0.028964 0.147283
v -0.640167 0.027730 0.092290
v -0.615092 0.030425 0.072749
v -0.631079 0.033768 0.048274
v -0.511579 0.031560 0.132103
v -0.553038 0.033104 0.105679
v -0.650275 0.030430 0.071691
v -0.691725 0.028163 0.080962
v -0.534420 0.033054 0.105196
v -0.667507 0.031686 0.062141
v -0.592158 0.032694 0.179657
v -0.666207 0.029044 0.155723
v -0.674164 0.031491 0.063238
v -0.644212 0.028670 0.164209
v -0.618144 0.028213 0.163041
v -0.659487 0.026569 0.097452
v -0.618519 0.031034 0.067018
v -0.551279 0.033376 0.084232
v -0.578757 0.032450 0.097773
v -0.531401 0.033021 0.098767
v -0.651924 0.033441 0.035486
v -0.645716 0.033436 0.040543
v -0.615269 0.028444 0.148204
v -0.560710 0.033432 0.090600
v -0.567123 0.028126 0.166924
v -0.620025 0.027669 0.159558
v -0.669596 0.026482 0.107078
v -0.666015 0.027862 0.083442
v -0.663116 0.028868 0.078272
v -0.521751 0.030723 0.138070
v -0.614613 0.031036 0.059488
v -0.610266 0.030933 0.065398
v -0.530416 0.030561 0.133166
v -0.549858 0.033755 0.096271
v -0.594026 0.028194 0.163678
v -0.546897 0.028494 0.166029
v -0.556959 0.028181 0.171186
v -0.629203 0.035661 0.196197
v -0.613499 0.031007 0.053199
v -0.563652 0.032120 0.066883
v -0.566019 0.033331 0.098584
v -0.634088 0.033752 0.044629
v -0.680899 0.032037 0.057163
v -0.649706 0.033029 0.044718
v -0.679494 0.027221 0.111587
v -0.546288 0.033606 0.098528
v -0.695835 0.027449 0.092069
v -0.658423 0.032842 0.043172
v -0.581021 0.031074 0.068936
v -0.661049 0.027139 0.089708
v -0.654073 0.027712 0.087685
v 0.055611 0.027759 0.313532
v 0.047426 0.026691 0.306033
v 0.049529 0.026975 0.314512
v 0.030252 0.023952 0.289179
v 0.069243 0.028871 0.303607
v 0.059488 0.028510 0.290413
v 0.057131 0.028251 0.303241
v 0.051854 0.028373 0.245612
v 0.049539 0.029014 0.238729
v 0.043431 0.027869 0.243591
v 0.045881 0.030786 0.228079
v 0.039151 0.031340 0.221181
v 0.033064 0.022951 0.314054
v 0.030999 0.022730 0.303622
v 0.025487 0.022368 0.312518
v 0.064169 0.028239 0.314178
v 0.041427 0.027143 0.260492
v 0.037621 0.025464 0.287210
v 0.042976 0.029825 0.232017
v 0.046697 0.029848 0.233700
v 0.038661 0.024255 0.308626
v 0.038793 0.024963 0.318626
v 0.039313 0.026223 0.277598
v 0.048023 0.027316 0.282399
v 0.039084 0.024899 0.298490
v 0.047525 0.027102 0.293919
v 0.044754 0.026056 0.313798
v 0.042790 0.032627 0.204866
v 0.040359 0.033082 0.197350
v 0.061413 0.028072 0.323070
v 0.047935 0.031688 0.220575
v 0.046252 0.026976 0.270898
v 0.038889 0.033097 0.191581
v 0.041445 0.028790 0.236012
v 0.044908 0.032200 0.213187
v 0.046882 0.033269 0.191332
v -0.074840 0.046557 0.085858
v -0.076116 0.042722 0.091337
v -0.073171 0.043049 0.087404
v 0.059360 0.027928 0.276560
v 0.048654 0.028028 0.252359
v 0.054141 0.027979 0.263642
v 0.045851 0.026796 0.321406
v 0.053560 0.027713 0.322898
v 0.027444 0.023018 0.295143
v 0.032667 0.023825 0.294468
v 0.029651 0.023187 0.325079
v 0.068716 0.028100 0.323432
v 0.403184 0.021820 0.490659
v 0.389676 0.021256 0.493990
v 0.396866 0.021976 0.506378
v 0.324710 0.016569 0.481698
v 0.337129 0.017148 0.475205
v 0.329989 0.016797 0.473729
v 0.356730 0.018997 0.451543
v 0.346928 0.018090 0.456630
v 0.356336 0.018780 0.457009
v 0.429063 0.022165 0.437815
v 0.429557 0.022366 0.449750
v 0.438270 0.022776 0.443120
v 0.285936 0.020670 0.428974
v 0.287835 0.019875 0.435101
v 0.291710 0.020141 0.432037
v 0.389907 0.020827 0.463497
v 0.390069 0.020644 0.468000
v 0.398067 0.021220 0.463964
v 0.329677 0.016651 0.466721
v 0.323850 0.016617 0.466802
v 0.323578 0.016504 0.473570
v 0.301742 0.014879 0.492867
v 0.308805 0.015431 0.488923
v 0.302433 0.014974 0.487889
v 0.366336 0.019619 0.446707
v 0.376100 0.020045 0.441782
v 0.367408 0.020072 0.440033
v 0.405926 0.021477 0.459406
v 0.397989 0.020931 0.453023
v 0.398903 0.021084 0.458776
v 0.402600 0.021648 0.474047
v 0.407226 0.021791 0.468850
v 0.397405 0.021271 0.471159
v 0.276985 0.014240 0.481284
v 0.278430 0.014748 0.476780
v 0.272421 0.014630 0.479791
v 0.389508 0.020410 0.450331
v 0.394244 0.020439 0.446808
v 0.388199 0.020091 0.444159
v 0.422309 0.022088 0.457398
v 0.424510 0.022054 0.451182
v 0.395698 0.022369 0.544748
v 0.375796 0.022078 0.561648
v 0.391296 0.022352 0.565052
v 0.383281 0.020480 0.465953
v 0.380928 0.020201 0.470374
v 0.385496 0.020584 0.469591
v 0.281709 0.016460 0.462020
v 0.288274 0.017131 0.456765
v 0.281565 0.017608 0.454385
v 0.432751 0.022580 0.459354
v 0.436467 0.022714 0.451106
v 0.386721 0.020639 0.475131
v 0.296595 0.021535 0.417869
v 0.298997 0.020973 0.423118
v 0.303513 0.021410 0.416581
v 0.414633 0.021980 0.463248
v 0.414910 0.021753 0.456474
v 0.320293 0.019999 0.427326
v 0.323251 0.020315 0.424167
v 0.316149 0.020347 0.424158
v 0.420424 0.021853 0.450917
v 0.415965 0.021782 0.448919
v 0.415947 0.021651 0.452381
v 0.418348 0.021962 0.454786
v 0.493384 0.022887 0.530651
v 0.456675 0.022993 0.533307
v 0.480435 0.022735 0.549919
v 0.466556 0.023873 0.454198
v 0.443347 0.023086 0.471106
v 0.463767 0.023474 0.478734
v 0.330838 0.021615 0.567211
v 0.320595 0.021743 0.575917
v 0.325834 0.021858 0.575917
v 0.412005 0.022166 0.575917
v 0.423031 0.022312 0.575917
v 0.419218 0.022601 0.552109
v 0.295674 0.015183 0.477229
v 0.288223 0.014959 0.474656
v 0.287954 0.014220 0.480332
v 0.277207 0.020144 0.435757
v 0.272847 0.020658 0.430926
v 0.273520 0.020015 0.436462
v 0.342237 0.017949 0.451761
v 0.342914 0.018303 0.448183
v 0.336668 0.017773 0.448360
v 0.399921 0.022249 0.575917
v 0.318180 0.019414 0.435518
v 0.315075 0.019513 0.434679
v 0.317669 0.019027 0.437698
v 0.377191 0.019755 0.475386
v 0.392756 0.020796 0.459089
v 0.380006 0.022124 0.533239
v 0.372965 0.021358 0.510803
v 0.349372 0.021586 0.536734
v 0.362667 0.020164 0.433907
v 0.356657 0.019514 0.444309
v 0.275712 0.019365 0.441701
v 0.334620 0.020710 0.414359
v 0.336022 0.020424 0.417865
v 0.339116 0.020542 0.416755
v 0.323375 0.018574 0.440803
v 0.321605 0.018485 0.442865
v 0.322585 0.017912 0.445801
v 0.375778 0.018975 0.469631
v 0.373483 0.020055 0.448862
v 0.342090 0.019310 0.438805
v 0.338568 0.019469 0.433508
v 0.338136 0.019047 0.439289
v 0.346731 0.018996 0.444856
v 0.348994 0.019673 0.437397
v 0.335371 0.016995 0.469653
v 0.576284 0.022831 0.575917
v 0.561947 0.023071 0.563280
v 0.564159 0.022727 0.575917
v 0.304953 0.015835 0.474350
v 0.297397 0.015735 0.471619
v 0.409554 0.021357 0.449197
v 0.400381 0.020764 0.446283
v 0.390970 0.019959 0.434995
v 0.387631 0.019896 0.438840
v 0.392043 0.020026 0.438535
v 0.315957 0.017438 0.452822
v 0.316064 0.017175 0.455878
v 0.319083 0.017167 0.453839
v 0.304733 0.017655 0.452638
v 0.298930 0.017263 0.455124
v 0.298512 0.016737 0.460609
v 0.418113 0.021693 0.444417
v 0.331212 0.020478 0.416627
v 0.329335 0.020799 0.411728
v 0.311564 0.021667 0.575916
v 0.304405 0.021304 0.571778
v 0.306114 0.021571 0.575917
v 0.335465 0.020045 0.425218
v 0.337649 0.020453 0.420831
v 0.334180 0.020320 0.420509
v 0.354144 0.020908 0.516273
v 0.342170 0.020671 0.523975
v 0.328077 0.020468 0.420928
v 0.329069 0.020059 0.425562
v 0.336929 0.017435 0.455334
v 0.348704 0.018745 0.449633
v 0.307210 0.015513 0.484335
v 0.300997 0.014979 0.484791
v 0.340979 0.020203 0.422420
v 0.320878 0.020460 0.420384
v 0.321847 0.020768 0.415115
v 0.367528 0.019327 0.457049
v 0.371900 0.019808 0.460235
v 0.371982 0.019778 0.454159
v 0.380943 0.020243 0.452372
v 0.347543 0.017452 0.467674
v 0.350246 0.018083 0.472793
v 0.353252 0.018279 0.465796
v 0.383581 0.020501 0.459859
v 0.341210 0.017163 0.459615
v 0.364849 0.019377 0.453885
v 0.375270 0.020029 0.433212
v 0.361192 0.018815 0.460434
v 0.284829 0.015991 0.467165
v 0.287208 0.015545 0.470346
v 0.290439 0.016001 0.466236
v 0.281343 0.014014 0.483203
v 0.388690 0.020582 0.454818
v 0.293967 0.017085 0.457472
v 0.379027 0.020700 0.467174
v 0.377226 0.020152 0.464967
v 0.371356 0.019423 0.466964
v 0.362778 0.018850 0.467841
v 0.340876 0.018601 0.445269
v 0.443456 0.022169 0.575917
v 0.457310 0.022252 0.572294
v 0.432458 0.022192 0.575917
v 0.332918 0.017374 0.484962
v 0.343760 0.017904 0.480555
v 0.355436 0.020219 0.430164
v 0.396910 0.020320 0.441076
v 0.289640 0.016538 0.462059
v 0.304594 0.021714 0.409212
v 0.297980 0.021812 0.413404
v 0.321822 0.017453 0.451974
v 0.314442 0.017856 0.449193
v 0.332364 0.021867 0.575917
v 0.290650 0.018527 0.446373
v 0.284432 0.018054 0.450053
v 0.312064 0.021006 0.562779
v 0.381609 0.020451 0.484102
v 0.389839 0.020976 0.483824
v 0.338100 0.017130 0.471317
v 0.341617 0.017180 0.469071
v 0.372412 0.019965 0.485798
v 0.379445 0.020148 0.480293
v 0.335781 0.019660 0.517154
v 0.344930 0.020083 0.513332
v 0.369119 0.019209 0.474432
v 0.361571 0.019505 0.483989
v 0.296748 0.017265 0.454440
v 0.295501 0.017588 0.452983
v 0.353809 0.019368 0.490959
v 0.349159 0.018795 0.488047
v 0.346251 0.018987 0.493863
v 0.465446 0.022147 0.575917
v 0.497146 0.022523 0.568363
v 0.522838 0.022830 0.547251
v 0.349421 0.021979 0.575917
v 0.358154 0.021914 0.560690
v 0.348922 0.019585 0.501431
v 0.343731 0.019251 0.501446
v 0.345942 0.019714 0.506318
v 0.356214 0.022044 0.575917
v 0.360847 0.020025 0.495198
v 0.397278 0.021324 0.477169
v 0.291291 0.015615 0.471684
v 0.294453 0.016041 0.468039
v 0.338742 0.019174 0.508515
v 0.333572 0.019274 0.511500
v 0.352402 0.018154 0.460990
v 0.371953 0.020332 0.427895
v 0.367181 0.020378 0.425330
v 0.352555 0.020253 0.505709
v 0.332328 0.020450 0.531031
v 0.332242 0.019917 0.523514
v 0.327724 0.019757 0.524456
v 0.319203 0.018015 0.512947
v 0.323374 0.018823 0.519380
v 0.326968 0.018810 0.512609
v 0.361943 0.020919 0.506376
v 0.370860 0.020693 0.498361
v 0.422972 0.021753 0.440819
v 0.424370 0.021971 0.445388
v 0.407972 0.021883 0.479526
v 0.360002 0.018870 0.475755
v 0.421395 0.022391 0.471042
v 0.396635 0.020391 0.434326
v 0.403562 0.020586 0.435443
v 0.287649 0.017758 0.452464
v 0.293023 0.017973 0.450327
v 0.309580 0.017138 0.455441
v 0.282781 0.015535 0.469839
v 0.279018 0.015943 0.467649
v 0.281221 0.015167 0.472058
v 0.269277 0.017367 0.455721
v 0.261784 0.018770 0.446473
v 0.264666 0.017016 0.460811
v 0.444628 0.023023 0.452229
v 0.362088 0.020349 0.421501
v 0.354662 0.020078 0.424096
v 0.405389 0.021064 0.441190
v 0.440101 0.022731 0.552928
v 0.454239 0.022676 0.554984
v 0.353028 0.018762 0.481504
v 0.380480 0.019951 0.445515
v 0.379153 0.020930 0.497438
v 0.412277 0.021317 0.441397
v 0.423526 0.022765 0.494584
v 0.450008 0.023221 0.489575
v 0.473498 0.023306 0.493997
v 0.431032 0.022928 0.520373
v 0.452107 0.023120 0.506896
v 0.483169 0.023083 0.513289
v 0.419205 0.021689 0.436821
v 0.280909 0.020551 0.431238
v 0.486754 0.023601 0.475818
v 0.494929 0.024191 0.451613
v 0.410551 0.021219 0.436079
v 0.330743 0.018467 0.507053
v 0.506916 0.023014 0.498195
v 0.520559 0.022874 0.520943
v 0.557733 0.022551 0.503744
v 0.583174 0.022672 0.575917
v 0.315765 0.021671 0.575917
v 0.289102 0.021085 0.427157
v 0.294136 0.020482 0.429155
v 0.291463 0.021955 0.415711
v 0.293988 0.021450 0.420303
v 0.340496 0.018458 0.493548
v 0.345256 0.018720 0.489447
v 0.341449 0.018205 0.488731
v 0.315750 0.016076 0.487646
v 0.312546 0.015868 0.484932
v 0.316740 0.018415 0.442603
v 0.288891 0.014007 0.486594
v 0.287225 0.013949 0.492678
v 0.293452 0.014069 0.491674
v 0.282395 0.013917 0.488283
v 0.306551 0.022118 0.402762
v 0.312158 0.021695 0.406134
v 0.295536 0.019366 0.438520
v 0.296947 0.014581 0.487906
v 0.295259 0.014485 0.497542
v 0.282342 0.019956 0.438108
v 0.282128 0.018766 0.445233
v 0.273500 0.016047 0.467650
v 0.304015 0.015356 0.481533
v 0.296074 0.014676 0.482494
v 0.300134 0.017798 0.451520
v 0.336363 0.018768 0.502694
v 0.301774 0.015311 0.478806
v 0.300060 0.018678 0.443789
v 0.299297 0.018112 0.448772
v 0.306656 0.018078 0.527643
v 0.310460 0.018787 0.532149
v 0.308035 0.017584 0.521754
v 0.325052 0.017138 0.492431
v 0.314465 0.016075 0.494617
v 0.322676 0.017255 0.498509
v 0.311064 0.020763 0.421905
v 0.306384 0.020768 0.421463
v 0.307984 0.020449 0.426480
v 0.307220 0.015695 0.478165
v 0.297173 0.021283 0.570046
v 0.296147 0.021571 0.575917
v 0.298316 0.021583 0.575917
v 0.309089 0.015893 0.480637
v 0.313603 0.016004 0.481155
v 0.303749 0.021603 0.575917
v 0.312233 0.016034 0.478206
v 0.325300 0.016958 0.487411
v 0.320674 0.016532 0.489154
v 0.301566 0.020863 0.564814
v 0.311847 0.016289 0.474779
v 0.317184 0.016392 0.483016
v 0.302245 0.016300 0.465529
v 0.324967 0.020769 0.547028
v 0.316762 0.016292 0.475736
v 0.301607 0.021584 0.575916
v 0.310573 0.016200 0.471902
v 0.319119 0.016367 0.479377
v 0.310438 0.016714 0.463105
v 0.306357 0.016649 0.460766
v 0.308446 0.016263 0.469023
v 0.319340 0.016530 0.470759
v 0.311899 0.016846 0.458801
v 0.314583 0.016372 0.469978
v 0.331938 0.019819 0.429161
v 0.325720 0.019855 0.427936
v 0.312652 0.021327 0.412324
v 0.266791 0.018828 0.444428
v 0.317379 0.016580 0.465433
v 0.317141 0.016818 0.459921
v 0.321056 0.016962 0.456429
v 0.326833 0.016595 0.462965
v 0.328652 0.019621 0.432498
v 0.331255 0.018885 0.438468
v 0.293764 0.020226 0.559347
v 0.336513 0.016815 0.463209
v 0.328378 0.016757 0.458272
v 0.329340 0.017515 0.450544
v 0.315227 0.021045 0.415854
v 0.310648 0.020893 0.417717
v 0.303980 0.020430 0.558130
v 0.309043 0.019114 0.438823
v 0.306970 0.018293 0.446165
v 0.336566 0.018431 0.443135
v 0.315741 0.019756 0.430005
v 0.322625 0.019675 0.430497
v 0.321370 0.019221 0.434831
v 0.315846 0.020678 0.419189
v 0.342212 0.018953 0.441896
v 0.329924 0.018214 0.444271
v 0.302194 0.019086 0.439193
v 0.277192 0.016395 0.463507
v 0.274522 0.016540 0.463413
v 0.308316 0.019688 0.432877
v 0.300601 0.020290 0.429767
v 0.397938 0.021413 0.484092
v 0.535731 0.022515 0.571410
v 0.407489 0.022553 0.522809
v 0.296747 0.019943 0.433469
v 0.270283 0.019649 0.439308
v 0.377444 0.020576 0.491591
v 0.347947 0.019969 0.428808
v 0.275361 0.016988 0.457997
v 0.296066 0.020786 0.426702
v 0.292049 0.021229 0.423434
v 0.284700 0.021477 0.421892
v 0.275823 0.014267 0.485270
v 0.302572 0.019624 0.435617
v 0.276159 0.018277 0.449265
v 0.282087 0.021244 0.426182
v 0.272220 0.017925 0.452551
v 0.383334 0.020021 0.440968
v 0.558582 0.023141 0.538001
v 0.297777 0.022326 0.407725
v 0.270853 0.018559 0.447097
v 0.288034 0.019280 0.440753
v 0.268371 0.015691 0.472301
v 0.334537 0.018290 0.497726
v 0.340223 0.018899 0.498101
v 0.342012 0.020133 0.427195
v 0.345709 0.020202 0.422914
v 0.335476 0.020265 0.524551
v 0.329282 0.019257 0.519056
v 0.367078 0.022138 0.575917
v 0.372001 0.022118 0.575917
v 0.389715 0.022217 0.575917
v 0.321402 0.021121 0.408017
v 0.383806 0.022142 0.575917
v 0.375346 0.022172 0.575917
v 0.277629 0.018827 0.445189
v 0.323403 0.016894 0.461449
v 0.531619 0.022485 0.575917
v 0.511090 0.022338 0.575917
v 0.324095 0.020253 0.537248
v 0.323172 0.019707 0.528647
v 0.383972 0.020885 0.490157
v 0.346116 0.018505 0.485247
v 0.317450 0.019760 0.537174
v 0.299094 0.018282 0.537612
v 0.293793 0.017282 0.533040
v 0.294564 0.018297 0.540776
v 0.311198 0.020000 0.549387
v 0.597762 0.023186 0.535540
v 0.384970 0.019951 0.434898
v 0.524058 0.023218 0.474027
v 0.280504 0.018108 0.450005
v 0.567664 0.022401 0.471121
v 0.311430 0.019435 0.541051
v 0.315079 0.018487 0.521363
v 0.345230 0.017520 0.463483
v 0.351517 0.020210 0.420111
v 0.352877 0.019516 0.498370
v 0.349014 0.019527 0.497145
v 0.361455 0.020382 0.428289
v 0.294050 0.019212 0.548669
v 0.284830 0.018202 0.543319
v 0.304177 0.019088 0.542313
v 0.307450 0.016952 0.513031
v 0.301648 0.019834 0.552158
v 0.493311 0.022150 0.575916
v 0.319503 0.017161 0.504685
v 0.344113 0.020280 0.417349
v 0.303011 0.018107 0.532566
v 0.348046 0.020655 0.417355
v 0.328382 0.018136 0.501733
v 0.310908 0.016727 0.508315
v 0.281506 0.019211 0.552725
v 0.387037 0.020177 0.426795
v 0.379767 0.020428 0.424792
v 0.393422 0.020246 0.429552
v 0.301689 0.017144 0.523662
v 0.472635 0.022194 0.575917
v 0.296484 0.016982 0.527379
v 0.287109 0.017511 0.536664
v 0.589724 0.023226 0.563709
v 0.363596 0.022083 0.575917
v 0.292759 0.014619 0.503120
v 0.299858 0.015376 0.503379
v 0.294364 0.015138 0.507891
v 0.298361 0.015624 0.507143
v 0.286541 0.014164 0.499068
v 0.293074 0.015356 0.511760
v 0.300140 0.016116 0.514029
v 0.293570 0.015469 0.516152
v 0.297739 0.016438 0.518989
v 0.277879 0.014216 0.494425
v 0.289313 0.014691 0.505247
v 0.291622 0.014619 0.505958
v 0.280817 0.014248 0.501072
v 0.290143 0.014755 0.508025
v 0.287555 0.014321 0.503313
v 0.286916 0.021051 0.567569
v 0.283831 0.014558 0.503454
v 0.287370 0.015162 0.512484
v 0.285839 0.014463 0.506682
v 0.289029 0.021739 0.575916
v 0.279175 0.014569 0.508709
v 0.289142 0.015562 0.518778
v 0.282309 0.015181 0.518535
v 0.289456 0.016206 0.524761
v 0.282613 0.016240 0.528805
v 0.340186 0.018079 0.485713
v 0.295133 0.016477 0.521863
v 0.302365 0.016323 0.507895
v 0.305539 0.016158 0.505872
v 0.306303 0.015601 0.501372
v 0.307147 0.015662 0.504839
v 0.328794 0.017824 0.496702
v 0.334762 0.017930 0.491462
v 0.340035 0.021759 0.575917
v 0.554330 0.022674 0.575917
v 0.087460 0.038967 0.108196
v 0.081428 0.038761 0.111746
v 0.088329 0.038648 0.114371
v 0.110110 0.034822 0.176264
v 0.112126 0.035242 0.169622
v 0.104601 0.035046 0.171385
v 0.102474 0.041503 0.079348
v 0.108824 0.040464 0.079366
v 0.105314 0.040747 0.073994
v 0.076135 0.028051 0.328723
v 0.085903 0.028859 0.320783
v 0.074276 0.028425 0.317137
v 0.116089 0.040176 0.069835
v 0.121855 0.040620 0.074011
v 0.120418 0.040901 0.066062
v 0.091635 0.041026 0.071475
v 0.091967 0.041431 0.074617
v 0.094909 0.041790 0.077331
v 0.084004 0.039334 0.097797
v 0.091903 0.039462 0.093387
v 0.086760 0.039748 0.091036
v 0.123475 0.039176 0.096912
v 0.115729 0.038714 0.096123
v 0.117463 0.038384 0.103556
v 0.079277 0.034830 0.168317
v 0.080043 0.035819 0.157587
v 0.075703 0.035819 0.158944
v 0.113147 0.040753 0.062111
v 0.123283 0.038501 0.110350
v 0.131347 0.039186 0.098528
v 0.097637 0.037379 0.133374
v 0.093868 0.038020 0.125325
v 0.090140 0.037608 0.136489
v 0.108977 0.035935 0.149244
v 0.103279 0.036834 0.141413
v 0.102985 0.036547 0.149945
v 0.052891 0.035880 0.150138
v 0.044221 0.035708 0.150164
v 0.045234 0.035065 0.158210
v 0.052590 0.040595 0.082499
v 0.055943 0.039984 0.091019
v 0.058564 0.041068 0.081410
v 0.098984 0.040959 0.071288
v 0.101498 0.039413 0.096711
v 0.091606 0.038934 0.102128
v 0.047935 0.031688 0.220575
v 0.053113 0.031892 0.221083
v 0.053152 0.032224 0.216062
v 0.107137 0.040449 0.034947
v 0.119355 0.040612 0.038326
v 0.114772 0.040626 0.028225
v 0.115158 0.038073 0.110477
v 0.053345 0.040452 0.069099
v 0.054326 0.040824 0.060153
v 0.114737 0.037204 0.131522
v 0.118797 0.037353 0.127160
v 0.115529 0.037187 0.124097
v 0.118606 0.038010 0.111686
v 0.111615 0.040593 0.049531
v 0.110007 0.040492 0.040806
v 0.124635 0.040336 0.012962
v 0.120716 0.039606 0.004364
v 0.110448 0.040470 0.012699
v 0.094326 0.035559 0.162905
v 0.089344 0.035684 0.162108
v 0.088054 0.035056 0.166883
v 0.069450 0.031977 0.220193
v 0.064825 0.031727 0.223374
v 0.071611 0.031560 0.226953
v 0.107646 0.037646 0.127101
v 0.111751 0.037790 0.118250
v 0.056832 0.032667 0.202249
v 0.060149 0.033001 0.197861
v 0.050420 0.032866 0.198949
v 0.095176 0.034897 0.171802
v 0.050780 0.041008 0.059310
v 0.122758 0.037633 0.122355
v 0.118010 0.037429 0.117598
v 0.072214 0.035498 0.164846
v 0.122313 0.039935 0.085153
v 0.113488 0.039477 0.086007
v 0.115685 0.039102 0.090394
v 0.127668 0.041183 0.050770
v 0.143170 0.041462 0.054241
v 0.136973 0.040732 0.042236
v 0.070496 0.041094 0.068033
v 0.073053 0.041607 0.073593
v 0.078510 0.041333 0.068348
v 0.124913 0.035096 0.180329
v 0.117809 0.034644 0.186097
v 0.125011 0.034346 0.189362
v 0.098221 0.041167 0.083696
v 0.089843 0.040568 0.084896
v 0.097416 0.039875 0.089429
v 0.143900 0.038814 0.003621
v 0.141119 0.039166 0.008479
v 0.144129 0.039558 0.013470
v 0.087384 0.036780 0.146846
v 0.079073 0.037496 0.142766
v 0.083265 0.036284 0.152592
v 0.112050 0.034838 0.153221
v 0.107200 0.035721 0.153775
v 0.112143 0.035851 0.144694
v 0.073272 0.035006 0.171768
v 0.074574 0.034422 0.179120
v 0.125162 0.040747 0.069666
v 0.130426 0.041069 0.073402
v 0.127631 0.041148 0.064063
v 0.106693 0.033332 0.200257
v 0.112775 0.033709 0.198409
v 0.107860 0.033670 0.195003
v 0.123693 0.035875 0.155158
v 0.111607 0.035028 0.158054
v 0.118663 0.035177 0.163774
v 0.060722 0.034565 0.179320
v 0.067940 0.035051 0.173928
v 0.061450 0.035056 0.172073
v 0.044908 0.032200 0.213187
v 0.110026 0.035170 0.165287
v 0.102683 0.035682 0.164607
v 0.081262 0.032518 0.211289
v 0.078605 0.031733 0.219892
v 0.087423 0.031930 0.216071
v 0.093180 0.041044 0.066008
v 0.057946 0.031821 0.221081
v 0.053691 0.031294 0.225961
v 0.062237 0.031127 0.228951
v 0.060318 0.035722 0.165490
v 0.058145 0.034985 0.170375
v 0.105128 0.040286 0.087409
v 0.055605 0.033486 0.191739
v 0.066936 0.041443 0.073248
v 0.122807 0.032719 0.206044
v 0.119185 0.032706 0.209538
v 0.127580 0.032597 0.209502
v 0.046882 0.033269 0.191332
v 0.040359 0.033082 0.197350
v 0.098749 0.030882 0.221769
v 0.089428 0.031246 0.222603
v 0.095303 0.030408 0.226032
v 0.120918 0.032392 0.215829
v 0.121918 0.037265 0.131821
v 0.131629 0.037016 0.126979
v 0.055081 0.035085 0.167055
v 0.116361 0.031991 0.222804
v 0.112368 0.032177 0.216248
v 0.054074 0.036886 0.128702
v 0.052963 0.036567 0.134603
v 0.056851 0.036493 0.139094
v 0.095957 0.036603 0.148005
v 0.100731 0.036128 0.156497
v 0.110049 0.039282 0.092838
v 0.059197 0.040682 0.058053
v 0.059500 0.040771 0.049440
v 0.107753 0.030409 0.316635
v 0.116352 0.030161 0.320102
v 0.114224 0.030430 0.312043
v 0.108595 0.039391 0.003207
v 0.135998 0.040400 0.084867
v 0.138129 0.041025 0.077289
v 0.131652 0.040591 0.081576
v 0.065569 0.036539 0.143744
v 0.072718 0.037672 0.131218
v 0.063631 0.037181 0.130054
v 0.067639 0.037840 0.120204
v 0.107204 0.029897 0.324389
v 0.117838 0.029289 0.330321
v 0.118733 0.033834 0.194025
v 0.123791 0.033373 0.196458
v 0.064891 0.040195 0.087499
v 0.063846 0.041474 0.078831
v 0.049249 0.036134 0.140024
v 0.045192 0.036800 0.134313
v 0.070831 0.041235 0.080236
v 0.062563 0.035775 0.155920
v 0.057336 0.035503 0.161294
v 0.061766 0.040722 0.039246
v 0.061986 0.040796 0.033015
v 0.080520 0.041115 0.077946
v 0.085063 0.041124 0.071818
v 0.105305 0.038113 0.112357
v 0.102094 0.038173 0.121226
v 0.073110 0.039007 0.112142
v 0.076185 0.039093 0.106958
v 0.071677 0.039351 0.105689
v 0.088954 0.041118 0.076056
v 0.099835 0.040887 0.063152
v 0.089974 0.041305 0.058885
v 0.105533 0.040673 0.058285
v 0.097576 0.041242 0.051158
v 0.050744 0.040867 0.076071
v 0.072366 0.040262 0.086866
v 0.070960 0.039782 0.093966
v 0.068711 0.039247 0.101590
v 0.076051 0.039754 0.100008
v 0.064547 0.038419 0.108783
v 0.063123 0.039131 0.097606
v 0.108670 0.038852 0.103774
v 0.082076 0.031074 0.228679
v 0.055019 0.038956 0.102731
v 0.110183 0.032842 0.207241
v 0.098762 0.028579 0.294291
v 0.105461 0.029183 0.298231
v 0.105625 0.028713 0.288782
v 0.112230 0.029729 0.288164
v 0.113775 0.031081 0.281453
v 0.069683 0.040766 0.033586
v 0.072752 0.041119 0.022317
v 0.062510 0.036064 0.149105
v 0.059110 0.035783 0.150951
v 0.116794 0.035427 0.151840
v 0.103211 0.040849 0.041507
v 0.063100 0.032221 0.217822
v 0.120116 0.040729 0.020147
v 0.117628 0.037572 0.113927
v 0.090957 0.036261 0.155245
v 0.122188 0.030669 0.263071
v 0.113164 0.031066 0.270008
v 0.126463 0.031904 0.274814
v 0.126342 0.040826 0.028505
v 0.131213 0.040610 0.035644
v 0.133463 0.040661 0.019607
v 0.108822 0.040326 0.069128
v 0.103325 0.040679 0.069520
v 0.103706 0.038497 0.107603
v 0.115642 0.040111 0.077499
v 0.059867 0.041263 0.073172
v 0.136708 0.040372 0.029849
v 0.071575 0.040882 0.048751
v 0.064918 0.040435 0.057153
v 0.073446 0.040562 0.057068
v 0.065930 0.035630 0.164548
v 0.071160 0.036116 0.154174
v 0.075947 0.040630 0.083760
v 0.079354 0.040216 0.089678
v 0.085635 0.040592 0.015961
v 0.079071 0.040895 0.018476
v 0.083939 0.041088 0.026523
v 0.055871 0.037883 0.111452
v 0.060211 0.037517 0.116030
v 0.096098 0.038388 0.115907
v 0.078976 0.028745 0.308878
v 0.098212 0.029836 0.318000
v 0.077428 0.036188 0.152581
v 0.052532 0.035329 0.160139
v 0.047800 0.034592 0.167202
v 0.103199 0.030080 0.308875
v 0.113756 0.030111 0.303804
v 0.081186 0.033898 0.178978
v 0.130712 0.037931 0.117059
v 0.084878 0.035482 0.160131
v 0.112754 0.036548 0.138610
v 0.117736 0.037021 0.136169
v 0.059556 0.032082 0.212422
v 0.057919 0.032102 0.216910
v 0.090946 0.034459 0.179624
v 0.099765 0.034366 0.181177
v 0.114067 0.035362 0.149046
v 0.119469 0.029975 0.308667
v 0.117499 0.030302 0.292905
v 0.054378 0.030102 0.233312
v 0.058676 0.029127 0.242210
v 0.063049 0.030011 0.236792
v 0.083578 0.041271 0.050274
v 0.080747 0.041208 0.060808
v 0.101047 0.029645 0.237569
v 0.094227 0.029106 0.238590
v 0.095301 0.028524 0.244516
v 0.081047 0.041155 0.041172
v 0.073885 0.040806 0.063348
v 0.094904 0.031850 0.215639
v 0.074585 0.040028 0.009005
v 0.064825 0.040989 0.016574
v 0.064169 0.028239 0.314178
v 0.068716 0.028100 0.323432
v 0.052526 0.037446 0.119118
v 0.119380 0.041007 0.058323
v 0.109382 0.039187 0.097596
v 0.064514 0.041119 0.068288
v 0.084543 0.039044 0.104777
v 0.130200 0.039912 0.089080
v 0.067550 0.040496 0.063058
v 0.134415 0.039549 0.008145
v 0.092180 0.029967 0.231775
v 0.102554 0.030449 0.228936
v 0.045881 0.030786 0.228079
v 0.069033 0.030486 0.233810
v 0.054929 0.041187 0.076179
v 0.097138 0.040932 0.020843
v 0.134305 0.038140 0.108067
v 0.084069 0.030122 0.234276
v 0.087898 0.029009 0.239103
v 0.093605 0.041019 0.036247
v 0.089375 0.033552 0.192536
v 0.081619 0.033454 0.188372
v 0.085320 0.033405 0.196620
v 0.124206 0.029451 0.313801
v 0.128977 0.040835 0.041611
v 0.124941 0.029134 0.324404
v 0.102229 0.030281 0.275165
v 0.060344 0.040723 0.064004
v 0.090339 0.038251 0.119547
v 0.129348 0.036771 0.136451
v 0.155339 0.039285 0.008570
v 0.108942 0.029088 0.293494
v 0.066677 0.040836 0.042579
v 0.073366 0.040906 0.040402
v 0.134767 0.039762 0.090451
v 0.103550 0.031966 0.215522
v 0.100293 0.032218 0.210400
v 0.123710 0.029700 0.303532
v 0.096337 0.033704 0.191624
v 0.090326 0.034090 0.186017
v 0.056801 0.035646 0.155698
v 0.111707 0.030095 0.260680
v 0.099814 0.038812 0.104846
v 0.099529 0.038471 0.109828
v 0.109488 0.040784 0.021739
v 0.104055 0.040767 0.027678
v 0.086515 0.040948 0.065654
v 0.106544 0.028859 0.332701
v 0.096862 0.029021 0.327065
v 0.085889 0.038305 0.122664
v 0.116075 0.034873 0.179412
v 0.145732 0.039988 0.025366
v 0.094571 0.039491 0.006392
v 0.093246 0.038535 0.109132
v 0.054612 0.034493 0.173993
v 0.045476 0.033889 0.175735
v 0.052059 0.033850 0.183989
v 0.077219 0.038355 0.121095
v 0.065912 0.029506 0.242729
v 0.071380 0.029424 0.239856
v 0.110866 0.030626 0.234945
v 0.135390 0.041474 0.059774
v 0.059677 0.037072 0.122875
v 0.118931 0.033245 0.202159
v 0.124383 0.035665 0.160891
v 0.136458 0.041068 0.067118
v 0.143424 0.041170 0.064661
v 0.107225 0.031488 0.221608
v 0.148410 0.040258 0.043402
v 0.078421 0.040871 0.034289
v 0.084139 0.041057 0.034539
v 0.137466 0.040849 0.072115
v 0.109897 0.034233 0.183954
v 0.112055 0.033980 0.190992
v 0.102929 0.037490 0.133312
v 0.108326 0.037237 0.134693
v 0.076183 0.040919 0.029423
v 0.137392 0.040256 0.035647
v 0.142529 0.039927 0.034798
v 0.049539 0.029014 0.238729
v 0.100371 0.037615 0.128624
v 0.056747 0.040827 0.041736
v 0.082466 0.029497 0.237447
v 0.076908 0.030300 0.234544
v 0.086273 0.034426 0.174419
v 0.127806 0.036107 0.165638
v 0.121513 0.031707 0.230626
v 0.112116 0.031397 0.228089
v 0.070302 0.032284 0.213421
v 0.050114 0.036951 0.133223
v 0.101403 0.033647 0.196393
v 0.080880 0.029247 0.261572
v 0.090131 0.028997 0.258222
v 0.074643 0.028829 0.249803
v 0.119519 0.035559 0.172148
v 0.128261 0.035848 0.173148
v 0.102151 0.029900 0.263704
v 0.085679 0.033989 0.181481
v 0.064584 0.029087 0.246601
v 0.061519 0.029149 0.253180
v 0.052923 0.032301 0.207247
v 0.093024 0.028414 0.250785
v 0.102615 0.028912 0.252730
v 0.063837 0.033319 0.191658
v 0.072124 0.033431 0.190305
v 0.068246 0.032799 0.197817
v 0.077098 0.033267 0.198090
v 0.071510 0.032970 0.202261
v 0.064111 0.032504 0.204982
v 0.104577 0.033916 0.190033
v 0.075137 0.032944 0.206007
v 0.093374 0.033472 0.198930
v 0.086429 0.028071 0.247183
v 0.079491 0.029062 0.241456
v 0.048654 0.028028 0.252359
v 0.054141 0.027979 0.263642
v 0.089545 0.029210 0.309544
v 0.072367 0.029386 0.260207
v 0.072730 0.028527 0.277577
v 0.084952 0.028888 0.279726
v 0.078114 0.029133 0.269625
v 0.089529 0.029479 0.270219
v 0.092834 0.028548 0.289099
v 0.079967 0.028443 0.289076
v 0.092846 0.028405 0.298707
v 0.080700 0.028591 0.300400
v 0.072061 0.028670 0.294531
v 0.066599 0.033788 0.184057
v 0.059931 0.033827 0.186076
v 0.059488 0.028510 0.290413
v 0.068402 0.028382 0.285380
v 0.059360 0.027928 0.276560
v 0.084697 0.032751 0.203809
v 0.094585 0.029363 0.280664
v 0.066526 0.029006 0.266376
v 0.100986 0.032995 0.203676
v 0.125533 0.032909 0.202353
v 0.097301 0.033564 0.195862
v 0.109214 0.030097 0.241343
v 0.120239 0.030804 0.241051
v 0.110298 0.029513 0.246780
v 0.120061 0.029759 0.252114
v 0.069243 0.028871 0.303607
v 0.076207 0.028733 0.303151
v 0.073917 0.028765 0.299760
v 0.103215 0.029206 0.245102
v 0.127411 0.035501 0.159888
v 0.059702 0.036346 0.145676
v 0.095728 0.029832 0.266921
v 0.051854 0.028373 0.245612
v 0.092227 0.032527 0.208566
v 0.048937 0.037267 0.129979
v 0.120335 0.036820 0.143719
v 0.126429 0.032586 0.223378
v 0.129357 0.036323 0.144899
v 0.042790 0.032627 0.204866
v 0.115266 0.032529 0.212016
v 0.061895 0.035962 0.147626
v 0.046697 0.029848 0.233700
v 0.081012 0.038081 0.130561
v 0.080303 0.039393 0.103953
v 0.132249 0.020167 -0.503299
v 0.123378 0.020102 -0.509993
v 0.124169 0.020373 -0.504222
v 0.266035 0.021822 -0.496035
v 0.270863 0.021949 -0.496571
v 0.268254 0.022102 -0.498253
v 0.270897 0.022081 -0.498890
v 0.216825 0.013209 -0.459434
v 0.212804 0.012841 -0.457695
v 0.217294 0.012281 -0.454529
v 0.152418 0.019467 -0.483938
v 0.147987 0.019794 -0.477684
v 0.155499 0.019404 -0.478938
v 0.222832 0.019976 -0.511713
v 0.235759 0.020355 -0.517479
v 0.226274 0.020298 -0.521793
v 0.276351 0.021944 -0.485317
v 0.283459 0.022363 -0.484946
v 0.278262 0.022153 -0.488424
v 0.174429 0.019603 -0.489843
v 0.171029 0.020153 -0.500636
v 0.162696 0.019595 -0.492769
v 0.172288 0.019398 -0.474561
v 0.172786 0.019211 -0.479888
v 0.167440 0.019169 -0.476123
v 0.268382 0.022352 -0.493652
v 0.272760 0.022110 -0.491863
v 0.260915 0.021598 -0.492091
v 0.263909 0.021528 -0.488527
v 0.266317 0.021889 -0.492143
v 0.276750 0.022479 -0.497374
v 0.173443 0.019132 -0.468448
v 0.162508 0.019504 -0.467499
v 0.166300 0.019648 -0.463468
v 0.283682 0.022384 -0.493812
v 0.264886 0.021435 -0.484146
v 0.267565 0.021976 -0.488524
v 0.217532 0.012190 -0.434857
v 0.221486 0.011873 -0.434738
v 0.216366 0.011600 -0.440777
v 0.222515 0.011527 -0.439731
v 0.270400 0.021819 -0.485207
v 0.218823 0.016387 -0.473810
v 0.209827 0.017796 -0.480666
v 0.210403 0.015819 -0.470693
v 0.281759 0.022330 -0.489758
v 0.183747 0.019172 -0.481795
v 0.177782 0.019405 -0.479585
v 0.181569 0.019055 -0.476014
v 0.269600 0.021468 -0.479480
v 0.273351 0.021761 -0.481661
v 0.251004 0.019384 -0.471655
v 0.259117 0.019882 -0.467164
v 0.257481 0.020363 -0.474406
v 0.154409 0.019943 -0.446507
v 0.150054 0.020304 -0.447449
v 0.150666 0.020057 -0.441470
v 0.249720 0.016518 -0.448122
v 0.254749 0.017250 -0.446825
v 0.255408 0.017809 -0.451435
v 0.278974 0.021984 -0.478740
v 0.287441 0.022215 -0.478578
v 0.156252 0.019944 -0.499004
v 0.250761 0.020149 -0.478328
v 0.274240 0.021495 -0.475039
v 0.274093 0.021557 -0.478797
v 0.285820 0.022064 -0.473179
v 0.280156 0.021563 -0.470618
v 0.273722 0.021186 -0.468917
v 0.129173 0.020359 -0.493277
v 0.125646 0.020429 -0.498887
v 0.278101 0.021178 -0.465680
v 0.282910 0.021455 -0.463881
v 0.150276 0.020263 -0.454095
v 0.158435 0.020049 -0.451198
v 0.160364 0.019904 -0.459253
v 0.244331 0.013327 -0.420670
v 0.243167 0.013305 -0.427008
v 0.239109 0.012606 -0.420046
v 0.290453 0.022007 -0.468534
v 0.285544 0.021819 -0.467895
v 0.289751 0.021825 -0.463551
v 0.286067 0.021373 -0.458431
v 0.291356 0.021856 -0.458664
v 0.147657 0.020001 -0.497624
v 0.147800 0.019905 -0.493264
v 0.198311 0.014259 -0.441480
v 0.194365 0.015104 -0.440637
v 0.198590 0.014331 -0.439473
v 0.194236 0.020170 -0.495344
v 0.197179 0.019877 -0.491706
v 0.200307 0.020294 -0.501056
v 0.125191 0.020236 -0.467128
v 0.161328 0.019254 -0.482122
v 0.158125 0.019312 -0.484621
v 0.135253 0.020346 -0.464176
v 0.131872 0.020269 -0.458675
v 0.188605 0.019786 -0.487893
v 0.200223 0.019119 -0.485635
v 0.267040 0.018654 -0.438590
v 0.271752 0.019363 -0.434861
v 0.270429 0.019203 -0.441816
v 0.190797 0.015457 -0.445829
v 0.197249 0.013933 -0.445135
v 0.193477 0.014670 -0.449510
v 0.114155 0.020413 -0.443112
v 0.116413 0.020400 -0.450416
v 0.178707 0.019473 -0.483849
v 0.146731 0.019880 -0.433991
v 0.153689 0.019529 -0.431273
v 0.157661 0.019336 -0.436357
v 0.121671 0.020465 -0.488790
v 0.125081 0.020568 -0.482405
v 0.202362 0.013025 -0.446075
v 0.198199 0.013795 -0.450707
v 0.138285 0.020166 -0.437889
v 0.135188 0.019959 -0.426525
v 0.231690 0.020043 -0.509384
v 0.235577 0.020063 -0.504699
v 0.243353 0.020641 -0.509755
v 0.157918 0.019503 -0.488025
v 0.164146 0.019357 -0.487026
v 0.213572 0.011698 -0.448237
v 0.207383 0.012080 -0.447484
v 0.211693 0.011904 -0.442277
v 0.258633 0.018779 -0.455272
v 0.252843 0.018152 -0.457337
v 0.150008 0.019584 -0.474235
v 0.257011 0.020868 -0.481842
v 0.191987 0.019070 -0.480744
v 0.202783 0.013605 -0.439318
v 0.195213 0.017007 -0.469202
v 0.193044 0.016315 -0.463142
v 0.198425 0.015364 -0.462982
v 0.206260 0.019212 -0.490804
v 0.203551 0.013010 -0.452706
v 0.181899 0.017388 -0.433357
v 0.177679 0.017555 -0.431506
v 0.181893 0.017229 -0.428195
v 0.282084 0.020861 -0.417574
v 0.279883 0.020456 -0.428561
v 0.273711 0.019823 -0.418525
v 0.127738 0.020192 -0.476893
v 0.155134 0.019696 -0.468453
v 0.148669 0.019853 -0.468772
v 0.148419 0.020021 -0.463050
v 0.224994 0.014378 -0.460888
v 0.220873 0.013750 -0.460562
v 0.225095 0.013203 -0.455550
v 0.282017 0.020943 -0.452000
v 0.289083 0.021497 -0.454998
v 0.281610 0.021228 -0.458766
v 0.207642 0.012430 -0.440885
v 0.209461 0.013573 -0.432728
v 0.259314 0.016837 -0.424033
v 0.262366 0.017609 -0.419428
v 0.269219 0.018953 -0.425323
v 0.134394 0.020097 -0.480366
v 0.133419 0.020153 -0.485177
v 0.236609 0.014116 -0.447088
v 0.233069 0.014642 -0.454632
v 0.228393 0.012884 -0.448476
v 0.169185 0.019421 -0.458381
v 0.163294 0.019141 -0.441458
v 0.168111 0.019008 -0.441256
v 0.166424 0.019483 -0.448161
v 0.119473 0.020513 -0.478890
v 0.122228 0.020410 -0.477479
v 0.118692 0.020693 -0.483475
v 0.122975 0.020180 -0.456771
v 0.167913 0.019299 -0.482147
v 0.173811 0.019424 -0.484388
v 0.144844 0.019827 -0.481492
v 0.135668 0.020084 -0.476440
v 0.141024 0.019848 -0.474970
v 0.118748 0.020077 -0.437759
v 0.121141 0.019973 -0.431090
v 0.160747 0.019369 -0.475674
v 0.262027 0.017614 -0.431141
v 0.267171 0.018657 -0.433514
v 0.128535 0.020373 -0.499784
v 0.191634 0.019934 -0.539031
v 0.182494 0.020373 -0.529979
v 0.197564 0.020744 -0.519518
v 0.151915 0.019774 -0.489298
v 0.266153 0.018440 -0.417388
v 0.263849 0.018718 -0.410052
v 0.187753 0.020379 -0.499039
v 0.179438 0.020561 -0.512837
v 0.206045 0.016759 -0.474502
v 0.280753 0.020484 -0.443488
v 0.286368 0.021045 -0.443588
v 0.143177 0.020096 -0.467584
v 0.142422 0.020022 -0.464493
v 0.186173 0.018371 -0.472312
v 0.193332 0.018211 -0.475633
v 0.188309 0.018660 -0.477035
v 0.162397 0.020006 -0.512668
v 0.148852 0.020006 -0.505364
v 0.143742 0.019931 -0.471257
v 0.259387 0.017273 -0.414240
v 0.174125 0.020318 -0.522049
v 0.122042 0.020317 -0.501445
v 0.141083 0.020169 -0.502139
v 0.138888 0.020023 -0.511829
v 0.278923 0.021140 -0.461911
v 0.140087 0.020335 -0.459947
v 0.202583 0.015717 -0.468356
v 0.147545 0.019760 -0.426398
v 0.241441 0.019802 -0.491035
v 0.250032 0.020805 -0.495041
v 0.242654 0.020353 -0.495907
v 0.154222 0.019667 -0.473382
v 0.193768 0.014890 -0.454476
v 0.224551 0.015270 -0.465935
v 0.226504 0.016638 -0.472397
v 0.175240 0.019163 -0.546773
v 0.164345 0.019125 -0.543069
v 0.170110 0.019722 -0.532674
v 0.201318 0.018456 -0.481148
v 0.260956 0.019209 -0.459492
v 0.219676 0.013218 -0.423434
v 0.226055 0.012534 -0.423055
v 0.221883 0.012428 -0.428829
v 0.139912 0.020091 -0.494500
v 0.192987 0.016687 -0.427215
v 0.188506 0.016703 -0.435490
v 0.187143 0.017083 -0.428402
v 0.243901 0.013815 -0.413324
v 0.247773 0.014203 -0.419162
v 0.186047 0.016268 -0.446161
v 0.182541 0.017405 -0.449294
v 0.181626 0.017455 -0.441459
v 0.177452 0.018862 -0.458818
v 0.173972 0.018991 -0.451419
v 0.179539 0.018404 -0.453161
v 0.263154 0.018844 -0.452433
v 0.207723 0.014434 -0.428785
v 0.211933 0.014503 -0.424987
v 0.260502 0.021327 -0.486217
v 0.231541 0.017289 -0.473144
v 0.225085 0.017805 -0.479481
v 0.200437 0.014704 -0.435463
v 0.129200 0.020258 -0.452873
v 0.132296 0.020286 -0.449131
v 0.138351 0.020320 -0.453758
v 0.176433 0.018992 -0.463987
v 0.180754 0.018775 -0.468385
v 0.195169 0.015159 -0.459144
v 0.198928 0.014115 -0.456412
v 0.228130 0.019555 -0.501569
v 0.194262 0.020019 -0.497883
v 0.236720 0.016217 -0.460040
v 0.243597 0.016326 -0.454109
v 0.243827 0.017610 -0.463012
v 0.245567 0.019303 -0.476926
v 0.255966 0.016169 -0.417766
v 0.155073 0.019873 -0.464510
v 0.199907 0.017227 -0.473563
v 0.199394 0.016623 -0.470631
v 0.125502 0.020186 -0.447104
v 0.167122 0.018229 -0.434233
v 0.302084 0.022596 -0.462576
v 0.295654 0.022381 -0.465884
v 0.295812 0.022084 -0.460804
v 0.144550 0.020359 -0.439016
v 0.143355 0.020252 -0.443485
v 0.144783 0.020069 -0.499060
v 0.215788 0.014064 -0.464147
v 0.278320 0.020837 -0.458032
v 0.233610 0.018071 -0.476107
v 0.238125 0.017876 -0.470767
v 0.187301 0.017530 -0.465459
v 0.183893 0.017481 -0.457705
v 0.204894 0.014429 -0.432238
v 0.218489 0.019313 -0.500336
v 0.224629 0.019039 -0.493335
v 0.295085 0.022901 -0.486452
v 0.288686 0.022663 -0.488830
v 0.291666 0.022497 -0.483953
v 0.294488 0.022482 -0.489420
v 0.299926 0.022887 -0.481759
v 0.143647 0.020569 -0.448879
v 0.140379 0.020461 -0.446179
v 0.190081 0.016233 -0.458879
v 0.229794 0.015041 -0.461182
v 0.232481 0.016582 -0.466852
v 0.282421 0.020683 -0.437758
v 0.203733 0.015291 -0.428293
v 0.276595 0.020078 -0.439251
v 0.212817 0.012580 -0.436139
v 0.214681 0.012013 -0.438421
v 0.252380 0.015272 -0.421603
v 0.250233 0.014754 -0.417017
v 0.218042 0.017406 -0.481101
v 0.217319 0.018454 -0.488921
v 0.274439 0.020833 -0.461871
v 0.127071 0.020119 -0.437569
v 0.120354 0.020136 -0.442799
v 0.216179 0.013222 -0.429586
v 0.136576 0.020105 -0.469675
v 0.158201 0.019846 -0.444332
v 0.211798 0.019961 -0.506959
v 0.213571 0.020330 -0.518045
v 0.205654 0.020440 -0.512480
v 0.289655 0.021349 -0.436240
v 0.268591 0.020853 -0.473236
v 0.180304 0.019094 -0.471988
v 0.183443 0.020563 -0.520668
v 0.173438 0.018637 -0.443163
v 0.146629 0.020374 -0.457856
v 0.270550 0.019785 -0.449256
v 0.261953 0.018364 -0.444630
v 0.139942 0.020198 -0.466932
v 0.293322 0.022506 -0.479493
v 0.288425 0.022657 -0.482080
v 0.196182 0.015866 -0.433102
v 0.199253 0.016398 -0.425296
v 0.204265 0.017576 -0.477920
v 0.206420 0.013645 -0.460819
v 0.232801 0.012014 -0.436225
v 0.230995 0.012476 -0.441911
v 0.228416 0.011832 -0.436878
v 0.274911 0.019919 -0.424164
v 0.136945 0.018918 -0.558424
v 0.143655 0.018676 -0.571437
v 0.276620 0.020374 -0.446096
v 0.275976 0.020384 -0.450635
v 0.178329 0.018337 -0.447976
v 0.187726 0.016274 -0.441801
v 0.240676 0.018583 -0.475311
v 0.245474 0.018511 -0.468388
v 0.291244 0.022670 -0.492567
v 0.138611 0.019040 -0.546565
v 0.148701 0.018794 -0.560269
v 0.191961 0.019989 -0.492761
v 0.132390 0.020140 -0.443840
v 0.137142 0.020426 -0.447765
v 0.160961 0.018394 -0.559894
v 0.152283 0.018973 -0.545316
v 0.127694 0.019919 -0.514530
v 0.132278 0.019647 -0.519951
v 0.267331 0.020392 -0.465481
v 0.263484 0.020591 -0.471587
v 0.144212 0.019318 -0.532069
v 0.148359 0.019674 -0.517710
v 0.155303 0.019674 -0.524290
v 0.199079 0.018047 -0.478270
v 0.275073 0.020391 -0.454755
v 0.248034 0.014213 -0.423687
v 0.276196 0.020328 -0.411981
v 0.188576 0.016146 -0.451917
v 0.141045 0.020066 -0.485613
v 0.197104 0.015078 -0.437796
v 0.221144 0.020159 -0.530920
v 0.205626 0.020172 -0.535854
v 0.153959 0.020025 -0.460484
v 0.251623 0.016252 -0.442385
v 0.242854 0.014726 -0.443143
v 0.245223 0.014349 -0.435682
v 0.273323 0.019727 -0.444442
v 0.302615 0.022653 -0.467422
v 0.294474 0.022451 -0.472805
v 0.252946 0.015413 -0.429368
v 0.263142 0.021232 -0.477877
v 0.236202 0.019241 -0.486015
v 0.239476 0.019036 -0.480169
v 0.243653 0.019442 -0.482954
v 0.252170 0.015584 -0.412722
v 0.176202 0.018016 -0.436409
v 0.138061 0.020385 -0.443784
v 0.226637 0.011830 -0.430943
v 0.306923 0.022793 -0.474861
v 0.305934 0.023014 -0.477922
v 0.300520 0.022887 -0.476527
v 0.268712 0.019907 -0.457490
v 0.238030 0.018963 -0.478693
v 0.233348 0.018618 -0.481454
v 0.212656 0.012240 -0.453631
v 0.208697 0.012356 -0.453256
v 0.304202 0.022988 -0.471872
v 0.232658 0.011616 -0.430505
v 0.206917 0.015754 -0.419163
v 0.181200 0.018661 -0.463475
v 0.232152 0.012238 -0.421348
v 0.235315 0.012633 -0.413842
v 0.235669 0.012326 -0.418609
v 0.211144 0.019428 -0.498106
v 0.236847 0.012198 -0.426284
v 0.164337 0.019819 -0.525489
v 0.221168 0.011756 -0.448029
v 0.201076 0.019436 -0.546441
v 0.296127 0.022014 -0.456181
v 0.257761 0.017045 -0.436639
v 0.139012 0.019504 -0.521980
v 0.131157 0.019336 -0.527702
v 0.225557 0.018419 -0.486436
v 0.168551 0.017401 -0.424447
v 0.162529 0.018574 -0.430409
v 0.249614 0.020276 -0.486015
v 0.236776 0.013136 -0.439653
v 0.237480 0.019956 -0.498492
v 0.241286 0.020212 -0.503049
v 0.171123 0.018408 -0.437749
v 0.237618 0.012435 -0.432594
v 0.270708 0.019727 -0.410224
v 0.261904 0.021654 -0.500702
v 0.263604 0.021596 -0.504388
v 0.257398 0.021241 -0.502517
v 0.252594 0.018833 -0.464254
v 0.225944 0.012050 -0.442971
v 0.158664 0.019304 -0.533190
v 0.243484 0.015387 -0.447944
v 0.246410 0.015553 -0.445561
v 0.218153 0.011522 -0.444233
v 0.258166 0.021243 -0.497272
v 0.266788 0.021797 -0.500629
v 0.272169 0.022175 -0.502100
v 0.271371 0.021913 -0.506295
v 0.267904 0.021508 -0.503643
v 0.173680 0.018064 -0.432250
v 0.136995 0.018706 -0.575917
v 0.173990 0.017373 -0.427008
v 0.177339 0.017257 -0.428428
v 0.280249 0.022319 -0.501131
v 0.276413 0.022112 -0.503735
v 0.170309 0.017775 -0.569310
v 0.186031 0.018239 -0.559022
v 0.231941 0.019347 -0.493429
v 0.229490 0.018754 -0.488342
v 0.139508 0.018663 -0.575917
v 0.259670 0.021498 -0.509827
v 0.242230 0.020249 -0.528816
v 0.218106 0.019492 -0.543347
v 0.255768 0.021077 -0.488952
v 0.291538 0.021701 -0.450344
v 0.261145 0.021051 -0.482353
v 0.256241 0.021210 -0.493349
v 0.251726 0.015720 -0.436286
v 0.244283 0.020610 -0.499046
v 0.249669 0.021020 -0.502914
v 0.252994 0.020887 -0.520009
v 0.263399 0.018157 -0.437086
v 0.253922 0.021158 -0.499661
v 0.418392 0.040264 0.112311
v 0.422403 0.040508 0.108983
v 0.419122 0.040563 0.107192
v 0.415513 0.040168 0.109405
v 0.412750 0.040190 0.112826
v 0.415496 0.039933 0.113825
v 0.347850 0.040329 0.094787
v 0.341635 0.040360 0.098864
v 0.350295 0.040878 0.101027
v 0.259299 0.041384 0.068588
v 0.250319 0.041785 0.060837
v 0.250274 0.041113 0.070581
v 0.299998 0.041074 0.042099
v 0.294391 0.041418 0.050466
v 0.305872 0.041287 0.048836
v 0.289246 0.040423 0.103394
v 0.286196 0.039912 0.107975
v 0.290429 0.040163 0.109929
v 0.422701 0.042288 0.082575
v 0.422181 0.042065 0.089152
v 0.430373 0.041446 0.087204
v 0.426948 0.040088 0.111890
v 0.421862 0.040088 0.115725
v 0.409571 0.041471 0.057719
v 0.416084 0.041344 0.061580
v 0.416952 0.041529 0.054667
v 0.380937 0.039790 0.116019
v 0.376991 0.040353 0.112360
v 0.375928 0.039860 0.117316
v 0.431555 0.040621 0.098415
v 0.427142 0.041122 0.096626
v 0.426759 0.041000 0.100338
v 0.333362 0.040550 0.049350
v 0.342167 0.040523 0.043462
v 0.332470 0.040479 0.041632
v 0.260286 0.040399 0.107275
v 0.255451 0.039823 0.105074
v 0.256078 0.039894 0.110429
v 0.414780 0.042859 0.035076
v 0.406675 0.041691 0.041913
v 0.412196 0.041673 0.044381
v 0.436631 0.040066 0.104422
v 0.438179 0.040219 0.097994
v 0.273452 0.041297 0.047263
v 0.282699 0.041197 0.036975
v 0.271784 0.040756 0.032184
v 0.216438 0.039099 0.007997
v 0.211360 0.039397 0.013394
v 0.220854 0.039593 0.016360
v 0.422071 0.040284 0.103699
v 0.417365 0.040827 0.103941
v 0.225200 0.039207 0.006304
v 0.234483 0.040000 0.014399
v 0.235440 0.039279 0.004336
v 0.316977 0.041656 0.069160
v 0.323593 0.041723 0.065534
v 0.316546 0.041843 0.061668
v 0.393314 0.039967 0.112801
v 0.388480 0.040491 0.112614
v 0.390951 0.039999 0.115546
v 0.408376 0.041635 0.050003
v 0.401107 0.041515 0.049517
v 0.262300 0.041480 0.056687
v 0.261303 0.041752 0.046484
v 0.251252 0.042201 0.047997
v 0.390696 0.041465 0.051134
v 0.385923 0.041525 0.059109
v 0.392579 0.041746 0.059529
v 0.388802 0.040030 0.106729
v 0.383707 0.040268 0.111202
v 0.425053 0.041508 0.074872
v 0.418633 0.041953 0.074689
v 0.418055 0.042397 0.079613
v 0.402148 0.042088 0.083546
v 0.410491 0.042489 0.081301
v 0.405788 0.042204 0.076976
v 0.275185 0.040058 0.106301
v 0.274675 0.039787 0.110665
v 0.277890 0.040017 0.107433
v 0.413380 0.041392 0.100252
v 0.421032 0.041858 0.096812
v 0.414015 0.042544 0.091870
v 0.270384 0.040073 0.108926
v 0.266338 0.040572 0.104686
v 0.261704 0.040232 0.114780
v 0.400351 0.039693 0.106107
v 0.405081 0.039909 0.110708
v 0.405776 0.039891 0.105770
v 0.307454 0.041557 0.063564
v 0.300687 0.041529 0.057132
v 0.299837 0.041341 0.062475
v 0.434177 0.040032 0.104857
v 0.433917 0.039767 0.108031
v 0.380528 0.040536 0.106914
v 0.325792 0.039993 0.102271
v 0.317732 0.040076 0.104818
v 0.322663 0.039062 0.106186
v 0.421112 0.041441 0.051079
v 0.417847 0.041500 0.049474
v 0.413498 0.042159 0.074617
v 0.193763 0.039351 0.004114
v 0.190900 0.039848 0.014888
v 0.201515 0.039770 0.015561
v 0.400855 0.042133 0.077989
v 0.396319 0.041839 0.078647
v 0.389023 0.040545 0.099880
v 0.386455 0.041177 0.093653
v 0.379536 0.041050 0.097818
v 0.328142 0.038945 0.108189
v 0.323813 0.039287 0.111837
v 0.331252 0.039110 0.110338
v 0.390986 0.041642 0.065521
v 0.311499 0.039277 0.112816
v 0.316822 0.039261 0.111078
v 0.314957 0.039760 0.108821
v 0.273368 0.040105 0.103414
v 0.278334 0.040168 0.104130
v 0.414357 0.042565 0.085192
v 0.409092 0.042595 0.087412
v 0.399647 0.039926 0.113692
v 0.364128 0.041212 0.053380
v 0.365155 0.041030 0.060788
v 0.369927 0.041138 0.058360
v 0.326473 0.039354 0.106574
v 0.377614 0.041228 0.060335
v 0.384084 0.041450 0.068327
v 0.230143 0.040458 0.023164
v 0.239453 0.040677 0.022269
v 0.395120 0.040888 0.095900
v 0.393206 0.041391 0.089062
v 0.313680 0.041549 0.055488
v 0.324916 0.041140 0.054647
v 0.320593 0.040719 0.046629
v 0.305106 0.038422 0.121522
v 0.305724 0.038973 0.114048
v 0.302884 0.038481 0.118194
v 0.257916 0.041618 0.040628
v 0.249979 0.041677 0.034497
v 0.393039 0.039419 0.116877
v 0.396108 0.039864 0.116945
v 0.243510 0.039783 0.009246
v 0.421829 0.041870 0.037580
v 0.418033 0.041279 0.043493
v 0.424070 0.041295 0.042588
v 0.350625 0.041439 0.076427
v 0.344284 0.041495 0.072594
v 0.341872 0.041691 0.078616
v 0.269510 0.039937 0.114810
v 0.265946 0.040913 0.097613
v 0.271543 0.040847 0.099348
v 0.272761 0.040962 0.092788
v 0.426598 0.040133 0.105830
v 0.431436 0.040150 0.103914
v 0.404461 0.040122 0.114714
v 0.264830 0.039787 0.123016
v 0.398030 0.041633 0.057552
v 0.413770 0.041448 0.050353
v 0.435057 0.040849 0.092356
v 0.431758 0.040702 0.093482
v 0.301556 0.039519 0.114916
v 0.302365 0.039816 0.109149
v 0.297421 0.040209 0.111477
v 0.284852 0.041589 0.046657
v 0.246335 0.040688 0.025506
v 0.238179 0.041572 0.031056
v 0.330617 0.038821 0.115238
v 0.396770 0.040239 0.100811
v 0.403512 0.039790 0.101993
v 0.316347 0.039198 0.114553
v 0.324763 0.041714 0.072531
v 0.297905 0.040261 0.102727
v 0.303084 0.040360 0.101323
v 0.297269 0.040726 0.097426
v 0.240674 0.042374 0.042627
v 0.265237 0.041387 0.039627
v 0.366603 0.039532 0.118834
v 0.364128 0.039974 0.115576
v 0.361648 0.039376 0.119494
v 0.246121 0.039931 0.017071
v 0.376450 0.041236 0.067972
v 0.371189 0.041360 0.073311
v 0.379312 0.041580 0.074098
v 0.364450 0.041155 0.073928
v 0.365355 0.041216 0.078247
v 0.367963 0.040808 0.089564
v 0.368466 0.040570 0.093469
v 0.372400 0.040818 0.089618
v 0.314175 0.040917 0.086982
v 0.313384 0.041124 0.082072
v 0.305715 0.040739 0.085325
v 0.371007 0.041025 0.098549
v 0.373509 0.040838 0.094204
v 0.363620 0.040584 0.090228
v 0.364400 0.041234 0.096620
v 0.359239 0.040715 0.093849
v 0.297369 0.039989 0.106558
v 0.299840 0.040007 0.106007
v 0.188968 0.040611 0.038861
v 0.189602 0.040805 0.031260
v 0.181744 0.041129 0.031648
v 0.351523 0.041186 0.083130
v 0.340351 0.040167 0.106587
v 0.344473 0.039568 0.110386
v 0.380379 0.041104 0.051063
v 0.241300 0.041693 0.081929
v 0.231738 0.041194 0.077130
v 0.233950 0.041847 0.084046
v 0.349823 0.039718 0.112011
v 0.348757 0.040206 0.107160
v 0.282818 0.040586 0.103581
v 0.282842 0.040004 0.108664
v 0.346969 0.039033 0.115366
v 0.358438 0.039719 0.114695
v 0.354204 0.039447 0.112843
v 0.351441 0.039216 0.120174
v 0.357206 0.039925 0.110339
v 0.361834 0.040252 0.111371
v 0.368497 0.040067 0.116554
v 0.372369 0.040171 0.115159
v 0.367926 0.040444 0.112610
v 0.359325 0.040805 0.106189
v 0.353556 0.040365 0.107621
v 0.279697 0.039496 0.111044
v 0.285550 0.039473 0.113676
v 0.365452 0.040935 0.108554
v 0.241840 0.041210 0.074191
v 0.315752 0.039876 0.032800
v 0.323165 0.039657 0.029134
v 0.318013 0.039716 0.028782
v 0.366133 0.041670 0.103095
v 0.372199 0.040898 0.108609
v 0.358435 0.041006 0.099989
v 0.382860 0.040836 0.102749
v 0.375315 0.041286 0.103072
v 0.401083 0.040788 0.097978
v 0.402630 0.041748 0.092368
v 0.251524 0.039850 0.107064
v 0.252536 0.039622 0.111887
v 0.372566 0.040181 0.112160
v 0.414391 0.041747 0.068411
v 0.407768 0.042015 0.070383
v 0.396550 0.041730 0.064357
v 0.403548 0.041643 0.063938
v 0.378747 0.041310 0.091092
v 0.384932 0.041355 0.087559
v 0.377144 0.041327 0.082362
v 0.252401 0.041855 0.055011
v 0.248631 0.042028 0.054616
v 0.233060 0.040131 0.101500
v 0.239555 0.041521 0.095597
v 0.232380 0.041627 0.093917
v 0.173940 0.040828 0.026734
v 0.166274 0.040692 0.026319
v 0.172348 0.041176 0.035732
v 0.353803 0.040401 0.094259
v 0.348027 0.040983 0.088216
v 0.270111 0.040593 0.080422
v 0.272824 0.040807 0.076701
v 0.265562 0.040894 0.077991
v 0.391772 0.041511 0.073200
v 0.399785 0.041871 0.071859
v 0.368786 0.041192 0.047863
v 0.364682 0.041168 0.046177
v 0.248635 0.039355 0.112075
v 0.253675 0.039090 0.116237
v 0.214866 0.041495 0.062740
v 0.211888 0.040779 0.070027
v 0.221268 0.041054 0.071590
v 0.274921 0.039007 0.121125
v 0.270919 0.039452 0.120261
v 0.270748 0.038916 0.126708
v 0.368262 0.041061 0.084505
v 0.252786 0.041328 0.091328
v 0.253336 0.040809 0.098610
v 0.259466 0.040986 0.094706
v 0.370900 0.041227 0.079897
v 0.426787 0.041519 0.092493
v 0.429392 0.041250 0.095133
v 0.411229 0.040064 0.107184
v 0.408621 0.040218 0.102614
v 0.425640 0.041199 0.048514
v 0.421069 0.041046 0.047027
v 0.394538 0.041524 0.068645
v 0.308360 0.039681 0.110678
v 0.311336 0.039518 0.107358
v 0.385186 0.041381 0.078044
v 0.246438 0.041766 0.093924
v 0.246912 0.041736 0.087656
v 0.408722 0.039697 0.115306
v 0.359322 0.041204 0.082711
v 0.318990 0.040653 0.085421
v 0.319627 0.041117 0.078149
v 0.247221 0.038909 0.118491
v 0.391324 0.041543 0.079818
v 0.388871 0.041441 0.084065
v 0.394215 0.041553 0.083732
v 0.240372 0.042376 0.055427
v 0.275001 0.038997 0.115856
v 0.305197 0.039899 0.032475
v 0.296242 0.040719 0.036370
v 0.331243 0.041208 0.079778
v 0.331661 0.041615 0.071297
v 0.321724 0.041527 0.059540
v 0.384178 0.041214 0.083337
v 0.312928 0.038953 0.117802
v 0.260757 0.040981 0.032118
v 0.355066 0.040791 0.054067
v 0.358905 0.040566 0.059804
v 0.355078 0.040656 0.103197
v 0.335577 0.039767 0.108459
v 0.334478 0.040330 0.103010
v 0.330484 0.039632 0.105856
v 0.313093 0.039637 0.029013
v 0.405814 0.041522 0.053903
v 0.182521 0.039554 0.007385
v 0.315304 0.041022 0.093286
v 0.321701 0.039966 0.091896
v 0.318518 0.040800 0.089800
v 0.287053 0.041465 0.085960
v 0.284370 0.041437 0.086757
v 0.288549 0.041596 0.089830
v 0.298387 0.041236 0.068970
v 0.291473 0.041250 0.062897
v 0.291482 0.041187 0.096620
v 0.295011 0.041245 0.091957
v 0.215981 0.040828 0.031435
v 0.222871 0.041078 0.040948
v 0.226444 0.041006 0.031645
v 0.394533 0.041095 0.044218
v 0.430041 0.039778 0.107768
v 0.431399 0.039868 0.111382
v 0.370486 0.041072 0.064883
v 0.206753 0.038954 0.003713
v 0.308695 0.041289 0.074019
v 0.238731 0.042760 0.089256
v 0.240281 0.039996 0.106519
v 0.245205 0.040402 0.101534
v 0.229441 0.041738 0.088207
v 0.227097 0.041593 0.092138
v 0.356135 0.040950 0.088871
v 0.245660 0.041044 0.079268
v 0.247434 0.040932 0.082700
v 0.250785 0.040623 0.079290
v 0.281008 0.041318 0.091506
v 0.280532 0.038745 0.119008
v 0.317875 0.038996 0.119214
v 0.277852 0.040831 0.099016
v 0.340851 0.040291 0.053793
v 0.340819 0.040354 0.049285
v 0.260170 0.040745 0.101393
v 0.290326 0.041006 0.034839
v 0.291180 0.041301 0.041740
v 0.228433 0.041181 0.082585
v 0.296050 0.041356 0.086666
v 0.323859 0.040351 0.095816
v 0.352736 0.040465 0.059561
v 0.347507 0.040241 0.056893
v 0.348549 0.040583 0.064228
v 0.284844 0.041568 0.055525
v 0.292575 0.041532 0.056651
v 0.346384 0.040074 0.035416
v 0.354123 0.040693 0.040205
v 0.280494 0.039648 0.106827
v 0.410171 0.041601 0.065026
v 0.345252 0.040179 0.104744
v 0.354623 0.040706 0.064062
v 0.361796 0.041037 0.067716
v 0.343055 0.040401 0.091764
v 0.337856 0.039775 0.032892
v 0.339476 0.040297 0.038784
v 0.301903 0.039665 0.021406
v 0.292008 0.039683 0.019657
v 0.295017 0.040213 0.028502
v 0.328375 0.040092 0.091188
v 0.332383 0.040442 0.086595
v 0.325734 0.040306 0.085056
v 0.230037 0.042189 0.056737
v 0.232719 0.041835 0.066148
v 0.324194 0.040047 0.036437
v 0.371803 0.039442 0.120264
v 0.342389 0.038888 0.115338
v 0.341023 0.038356 0.121771
v 0.345512 0.039155 0.118229
v 0.331841 0.040236 0.096906
v 0.274287 0.041264 0.058790
v 0.281494 0.041154 0.064412
v 0.311658 0.040495 0.040221
v 0.284229 0.039740 0.019780
v 0.276610 0.039595 0.018101
v 0.280308 0.040514 0.027239
v 0.257181 0.040920 0.076623
v 0.176890 0.039823 0.013022
v 0.178850 0.040403 0.020810
v 0.183621 0.039940 0.015359
v 0.334020 0.040660 0.056427
v 0.336651 0.038849 0.114345
v 0.418350 0.042539 0.085575
v 0.318955 0.040880 0.099149
v 0.403751 0.041697 0.056700
v 0.339681 0.041001 0.086159
v 0.330676 0.039699 0.029222
v 0.311694 0.038559 0.125042
v 0.308826 0.038912 0.118476
v 0.347691 0.041169 0.070721
v 0.343464 0.040946 0.067721
v 0.294607 0.040327 0.106107
v 0.359280 0.041178 0.074977
v 0.251860 0.041012 0.085333
v 0.259091 0.040760 0.085514
v 0.243715 0.039456 0.110683
v 0.243929 0.039464 0.114795
v 0.210722 0.041037 0.076911
v 0.215278 0.040603 0.074742
v 0.284146 0.038355 0.124844
v 0.286491 0.039209 0.120315
v 0.242832 0.041688 0.065241
v 0.400115 0.041313 0.039834
v 0.291172 0.039474 0.126669
v 0.291895 0.040120 0.117402
v 0.250957 0.038932 0.123960
v 0.161531 0.039614 0.010630
v 0.161578 0.040088 0.016803
v 0.168622 0.039508 0.006277
v 0.224646 0.040685 0.095784
v 0.394414 0.039937 0.104148
v 0.256101 0.039425 0.008604
v 0.261746 0.039642 0.016102
v 0.267864 0.039210 0.012616
v 0.362343 0.040856 0.041332
v 0.358305 0.041059 0.047183
v 0.340253 0.040590 0.061429
v 0.418840 0.041643 0.071080
v 0.217782 0.040359 0.078296
v 0.255048 0.038601 0.126082
v 0.259001 0.039401 0.123413
v 0.255976 0.038925 0.121118
v 0.283784 0.040901 0.073870
v 0.271071 0.041278 0.068479
v 0.309632 0.039729 0.025377
v 0.289010 0.041027 0.083125
v 0.279018 0.041031 0.084975
v 0.222015 0.040809 0.084148
v 0.224350 0.040617 0.078914
v 0.203052 0.041188 0.072999
v 0.423576 0.041244 0.064717
v 0.395336 0.039734 0.108232
v 0.220861 0.040445 0.025246
v 0.300988 0.040972 0.092183
v 0.183325 0.041377 0.045294
v 0.353416 0.040756 0.069841
v 0.348497 0.040711 0.049143
v 0.287456 0.040435 0.027458
v 0.407375 0.041205 0.097957
v 0.274523 0.040815 0.080711
v 0.269193 0.040485 0.085171
v 0.388466 0.039691 0.117536
v 0.330718 0.041216 0.062241
v 0.296989 0.040981 0.077379
v 0.297380 0.041020 0.082126
v 0.265274 0.040841 0.091658
v 0.170780 0.040129 0.018446
v 0.294071 0.040258 0.101120
v 0.231326 0.041978 0.047920
v 0.413352 0.039907 0.117760
v 0.251427 0.040110 0.102843
v 0.212916 0.040928 0.038678
v 0.215206 0.041078 0.047083
v 0.338793 0.041307 0.069513
v 0.255903 0.040206 0.022675
v 0.223756 0.041818 0.051545
v 0.336772 0.040371 0.091723
v 0.155339 0.039285 0.008570
v 0.231897 0.041686 0.038383
v 0.212738 0.041117 0.084805
v 0.221643 0.041261 0.090291
v 0.422788 0.041120 0.056003
v 0.311241 0.040504 0.101038
v 0.306955 0.039816 0.107031
v 0.373893 0.041006 0.045278
v 0.372692 0.041165 0.052743
v 0.265942 0.039931 0.022664
v 0.333995 0.038630 0.119541
v 0.299091 0.039396 0.120969
v 0.403706 0.039623 0.119829
v 0.205762 0.041361 0.063519
v 0.318968 0.039424 0.108468
v 0.307507 0.040836 0.094001
v 0.245905 0.039858 0.107197
v 0.186350 0.040646 0.022944
v 0.285078 0.041179 0.097077
v 0.223501 0.042202 0.061158
v 0.277654 0.038439 0.126815
v 0.391463 0.039741 0.118383
v 0.385157 0.040100 0.115070
v 0.322379 0.040213 0.088896
v 0.326231 0.039060 0.122052
v 0.428734 0.041100 0.067464
v 0.200251 0.041950 0.055529
v 0.208884 0.041726 0.053364
v 0.202419 0.041486 0.051479
v 0.205411 0.040971 0.043285
v 0.196432 0.040509 0.036462
v 0.205129 0.040720 0.031895
v 0.195752 0.040642 0.025287
v 0.217444 0.041901 0.055265
v 0.196699 0.041163 0.046838
v 0.203463 0.041398 0.048659
v 0.210837 0.040304 0.022679
v 0.192142 0.041914 0.054532
v 0.202941 0.040345 0.024041
v -0.112927 0.063607 0.074917
v -0.110874 0.058625 0.071984
v -0.111732 0.054616 0.073671
v -0.109262 0.063124 0.069048
v -0.110643 0.071861 0.070145
v -0.082207 0.068924 0.021438
v -0.083033 0.064457 0.025716
v -0.085280 0.072673 0.026886
v -0.088606 0.072334 0.032578
v -0.088714 0.076696 0.032948
v -0.080134 0.060807 0.019253
v -0.079615 0.056100 0.024998
v -0.087441 0.066389 0.033917
v -0.083279 0.059148 0.031511
v -0.081567 0.075178 0.020542
v -0.107612 0.068852 0.064572
v -0.105673 0.061963 0.064040
v -0.104038 0.064656 0.058659
v -0.105210 0.071631 0.059514
v -0.102671 0.058576 0.059553
v -0.101136 0.058068 0.052023
v -0.101220 0.054626 0.056823
v -0.101827 0.053460 0.061705
v -0.103839 0.056920 0.063981
v -0.106251 0.057713 0.067815
v -0.108778 0.057580 0.070486
v -0.109319 0.052177 0.071448
v -0.101632 0.049215 0.062609
v -0.100719 0.051133 0.059057
v -0.106415 0.053950 0.069852
v -0.102038 0.048233 0.058055
v -0.111415 0.047443 0.073298
v -0.105080 0.040895 0.058574
v -0.105983 0.042079 0.061891
v -0.104025 0.045084 0.060873
v -0.102727 0.052783 0.067483
v -0.103864 0.047405 0.065745
v -0.106690 0.049039 0.068733
v -0.109342 0.044077 0.068889
v -0.106508 0.044710 0.065103
v -0.112513 0.040201 0.073992
v -0.112360 0.042903 0.073342
v -0.111025 0.040683 0.071210
v -0.103298 0.041959 0.055019
v -0.102252 0.046000 0.055182
v -0.110671 0.039661 0.077278
v -0.114028 0.037192 0.074950
v -0.112776 0.037499 0.071672
v -0.111979 0.043778 0.076136
v -0.107810 0.039501 0.064694
v -0.110003 0.040430 0.069282
v -0.071499 0.050754 0.016296
v -0.074027 0.060177 0.015659
v -0.069277 0.061759 0.017455
v -0.076689 0.057314 0.015050
v -0.077685 0.051699 0.016857
v -0.075467 0.047866 0.015316
v -0.075361 0.044335 0.015574
v -0.076810 0.045907 0.017464
v -0.072287 0.040478 0.015232
v -0.066420 0.043228 0.017711
v -0.073882 0.065491 0.016336
v -0.064201 0.048604 0.018926
v -0.063371 0.055530 0.019219
v -0.071046 0.070736 0.018791
v -0.077402 0.063970 0.015486
v -0.079633 0.068948 0.017709
v -0.076440 0.069981 0.016097
v -0.079278 0.074041 0.016894
v -0.075822 0.076416 0.017939
v -0.072730 0.075935 0.020010
v -0.078866 0.048237 0.021907
v -0.078831 0.043280 0.021871
v -0.080237 0.043506 0.024860
v -0.079096 0.053999 0.020227
v -0.082950 0.042861 0.029988
v -0.080995 0.046826 0.027442
v -0.083586 0.049584 0.034006
v -0.081686 0.053481 0.034218
v -0.081050 0.049910 0.030756
v -0.083606 0.046824 0.031742
v -0.079763 0.053862 0.029794
v -0.079666 0.050762 0.026727
v -0.084874 0.056962 0.036928
v -0.088173 0.041742 0.038492
v -0.100072 0.046455 0.050611
v -0.099263 0.043277 0.048972
v -0.101007 0.043219 0.051947
v -0.091886 0.057666 0.042830
v -0.089494 0.061162 0.038784
v -0.088344 0.055969 0.039588
v -0.085956 0.044264 0.035121
v -0.086250 0.048217 0.036318
v -0.092873 0.049506 0.044041
v -0.089386 0.051739 0.040449
v -0.088956 0.046440 0.039844
v -0.085352 0.052375 0.037210
v -0.094658 0.046050 0.046326
v -0.090726 0.043940 0.044029
v -0.101210 0.050524 0.054064
v -0.097726 0.045329 0.047720
v -0.098487 0.050510 0.047680
v -0.095667 0.055666 0.045686
v -0.096344 0.063683 0.046432
v -0.082080 0.040649 0.025823
v -0.090674 0.071573 0.037417
v -0.096117 0.041515 0.045722
v -0.099116 0.070507 0.049112
v -0.095822 0.075872 0.046753
v -0.094385 0.070201 0.043719
v -0.077172 0.041967 0.019266
v -0.092229 0.053906 0.043840
v -0.080229 0.040869 0.022287
v -0.092226 0.062346 0.042646
v -0.086292 0.061000 0.035411
v -0.086263 0.040888 0.033383
v -0.091582 0.065931 0.041226
v -0.092054 0.075321 0.040588
v -0.101940 0.067166 0.053181
v -0.102508 0.072025 0.054318
v -0.102876 0.070026 0.055579
v 0.364591 0.024323 0.357517
v 0.356943 0.024272 0.357388
v 0.365742 0.023771 0.363474
v 0.354669 0.025768 0.336365
v 0.352104 0.026118 0.331784
v 0.346939 0.026249 0.335860
v 0.306257 0.023082 0.357729
v 0.314018 0.022421 0.356583
v 0.309150 0.023291 0.353038
v 0.313379 0.022482 0.363065
v 0.319102 0.022349 0.362837
v 0.342859 0.026572 0.327946
v 0.347963 0.026270 0.329832
v 0.353248 0.026394 0.324560
v 0.336857 0.026684 0.327141
v 0.339990 0.027102 0.322575
v 0.332960 0.026959 0.325445
v 0.304549 0.023947 0.350048
v 0.308310 0.024650 0.341098
v 0.299805 0.024919 0.341479
v 0.360649 0.025533 0.340409
v 0.354330 0.025823 0.341758
v 0.359603 0.025126 0.347714
v 0.419781 0.025420 0.322596
v 0.416574 0.024931 0.326928
v 0.417167 0.025022 0.331846
v 0.434327 0.026993 0.299681
v 0.431230 0.025806 0.310275
v 0.440711 0.027016 0.299006
v 0.445458 0.026500 0.301594
v 0.439097 0.025999 0.307049
v 0.345461 0.024306 0.358415
v 0.339907 0.024026 0.359972
v 0.344421 0.023593 0.366746
v 0.323245 0.022521 0.362000
v 0.323292 0.022266 0.367763
v 0.326657 0.022664 0.364816
v 0.376591 0.025390 0.332179
v 0.373023 0.025659 0.326300
v 0.371554 0.025230 0.337112
v 0.312638 0.023642 0.349087
v 0.441424 0.025852 0.307995
v 0.445597 0.025815 0.307955
v 0.351303 0.024315 0.358385
v 0.351424 0.023750 0.365055
v 0.341544 0.025830 0.341487
v 0.348166 0.025142 0.351011
v 0.350118 0.025600 0.344493
v 0.438016 0.025318 0.315961
v 0.335981 0.025144 0.347868
v 0.340599 0.024937 0.352284
v 0.339492 0.025602 0.345723
v 0.374805 0.025073 0.337965
v 0.374453 0.024831 0.342280
v 0.395763 0.023098 0.377367
v 0.388324 0.023082 0.376790
v 0.391130 0.022816 0.382425
v 0.325908 0.026493 0.329326
v 0.328885 0.027139 0.321245
v 0.357200 0.024001 0.363026
v 0.363178 0.023385 0.368444
v 0.515255 0.028216 0.292934
v 0.503146 0.027995 0.293533
v 0.519620 0.028031 0.300894
v 0.511340 0.028316 0.284379
v 0.495308 0.027274 0.309213
v 0.487160 0.027497 0.300041
v 0.488707 0.026924 0.311881
v 0.532085 0.028028 0.303863
v 0.537522 0.028276 0.298163
v 0.529213 0.028140 0.299284
v 0.534030 0.027748 0.310393
v 0.522901 0.027667 0.311540
v 0.538475 0.027437 0.317942
v 0.526652 0.027888 0.306599
v 0.539123 0.028617 0.290595
v 0.525455 0.028392 0.291040
v 0.337797 0.022913 0.371137
v 0.440605 0.024224 0.382030
v 0.452095 0.024871 0.379604
v 0.442482 0.024390 0.376762
v 0.447028 0.024706 0.325548
v 0.446613 0.024458 0.330995
v 0.449399 0.024532 0.328112
v 0.437676 0.024022 0.401668
v 0.433558 0.023254 0.412176
v 0.443306 0.024064 0.406967
v 0.468102 0.025104 0.344993
v 0.477668 0.025560 0.334944
v 0.468708 0.025080 0.338329
v 0.439868 0.024719 0.326071
v 0.448487 0.025096 0.318949
v 0.426403 0.023102 0.406271
v 0.427011 0.023416 0.398876
v 0.434863 0.023995 0.394821
v 0.489776 0.027866 0.287787
v 0.479790 0.027958 0.286038
v 0.435504 0.024332 0.337820
v 0.442336 0.024430 0.332799
v 0.452849 0.024916 0.397395
v 0.445957 0.024614 0.390976
v 0.428649 0.024590 0.337269
v 0.424460 0.024894 0.330628
v 0.422816 0.024594 0.342572
v 0.422998 0.023506 0.387441
v 0.420973 0.023507 0.381119
v 0.414368 0.023387 0.382635
v 0.418213 0.022866 0.403252
v 0.418999 0.023281 0.395158
v 0.471699 0.027094 0.302384
v 0.477913 0.026875 0.305503
v 0.442903 0.024341 0.341725
v 0.447499 0.024486 0.336283
v 0.513707 0.027266 0.320346
v 0.497865 0.027125 0.316981
v 0.500915 0.026779 0.326636
v 0.485920 0.026278 0.322585
v 0.478865 0.026337 0.316439
v 0.474796 0.025737 0.325428
v 0.480799 0.025839 0.392914
v 0.470038 0.025518 0.397027
v 0.466492 0.025309 0.404660
v 0.457283 0.024796 0.345507
v 0.463235 0.025042 0.340066
v 0.456120 0.024784 0.337074
v 0.472830 0.025710 0.390012
v 0.476950 0.025817 0.381173
v 0.466499 0.025493 0.388083
v 0.453376 0.026009 0.307192
v 0.452046 0.026526 0.301975
v 0.505766 0.027693 0.307133
v 0.459333 0.025273 0.385065
v 0.413187 0.024368 0.348324
v 0.416990 0.024128 0.351366
v 0.418756 0.024344 0.345991
v 0.463919 0.026371 0.305896
v 0.461530 0.026561 0.301625
v 0.512133 0.026607 0.337733
v 0.512544 0.026888 0.331133
v 0.500169 0.026319 0.340561
v 0.409638 0.024223 0.352283
v 0.410967 0.023935 0.360870
v 0.427803 0.023734 0.393198
v 0.488306 0.025921 0.378336
v 0.495416 0.026088 0.369353
v 0.486317 0.026080 0.371636
v 0.417837 0.023856 0.360332
v 0.422384 0.023908 0.360441
v 0.420528 0.024147 0.353191
v 0.469314 0.026780 0.304617
v 0.469983 0.026665 0.306602
v 0.414986 0.023132 0.389388
v 0.411432 0.022911 0.392521
v 0.438557 0.024264 0.346814
v 0.436267 0.024280 0.350675
v 0.439899 0.024282 0.354284
v 0.481149 0.025907 0.382336
v 0.483008 0.025766 0.354905
v 0.498888 0.026206 0.357664
v 0.452639 0.024629 0.409797
v 0.497460 0.026148 0.379851
v 0.505441 0.025977 0.385848
v 0.510812 0.026154 0.376898
v 0.493695 0.026617 0.324251
v 0.435800 0.024480 0.330771
v 0.484043 0.025901 0.365465
v 0.506082 0.026188 0.366866
v 0.474916 0.025833 0.376100
v 0.433839 0.024304 0.347633
v 0.477108 0.027589 0.293123
v 0.436676 0.024133 0.387355
v 0.469092 0.027288 0.298356
v 0.479085 0.025488 0.345736
v 0.469371 0.025214 0.355381
v 0.463064 0.025382 0.398336
v 0.471786 0.025524 0.370406
v 0.514527 0.026478 0.346039
v 0.449767 0.024566 0.342600
v 0.476364 0.027357 0.297716
v 0.453132 0.024921 0.385570
v 0.415880 0.024253 0.355627
v 0.531148 0.026623 0.347334
v 0.524276 0.026442 0.351398
v 0.414419 0.023724 0.369417
v 0.411606 0.023606 0.368484
v 0.490005 0.026181 0.332660
v 0.408840 0.022939 0.386215
v 0.519587 0.026099 0.370145
v 0.431479 0.023891 0.381596
v 0.407096 0.023379 0.375771
v 0.414154 0.023533 0.374874
v 0.409429 0.023464 0.369425
v 0.424129 0.023685 0.376663
v 0.448243 0.024546 0.351455
v 0.456976 0.025146 0.320163
v 0.460909 0.025358 0.316621
v 0.454375 0.025028 0.319172
v 0.462928 0.027348 0.295832
v 0.457430 0.027205 0.299277
v 0.471497 0.027525 0.294353
v 0.454974 0.024938 0.324483
v 0.405608 0.023451 0.366925
v 0.402123 0.023401 0.369379
v 0.466294 0.025169 0.332047
v 0.419629 0.023672 0.372287
v 0.488475 0.025882 0.342195
v 0.481469 0.026726 0.309039
v 0.458888 0.024867 0.353171
v 0.484222 0.025755 0.338791
v 0.429857 0.024211 0.346784
v 0.393103 0.023802 0.355344
v 0.399865 0.023722 0.361380
v 0.399236 0.024175 0.351486
v 0.471914 0.026286 0.311998
v 0.466509 0.025341 0.365464
v 0.432476 0.022682 0.423505
v 0.420202 0.021896 0.424945
v 0.423460 0.021882 0.430562
v 0.465767 0.025492 0.321799
v 0.459484 0.025399 0.320659
v 0.419438 0.023684 0.366460
v 0.434210 0.024700 0.328840
v 0.454813 0.027205 0.297479
v 0.420577 0.022088 0.420776
v 0.424564 0.022211 0.421571
v 0.423744 0.022311 0.417258
v 0.442805 0.023839 0.412603
v 0.437937 0.023260 0.416631
v 0.451370 0.024772 0.330927
v 0.458669 0.024903 0.329706
v 0.430749 0.024678 0.326690
v 0.405173 0.024220 0.352842
v 0.435989 0.024150 0.373858
v 0.444655 0.024423 0.359355
v 0.450707 0.024753 0.365326
v 0.420091 0.024624 0.338140
v 0.438633 0.024196 0.360720
v 0.444109 0.024426 0.363607
v 0.426153 0.023958 0.355409
v 0.432627 0.024098 0.354145
v 0.463839 0.026050 0.310485
v 0.429496 0.024065 0.362990
v 0.445941 0.025577 0.312153
v 0.427215 0.023905 0.371060
v 0.437677 0.024289 0.367169
v 0.444061 0.025119 0.316909
v 0.450750 0.025361 0.313000
v 0.457623 0.025801 0.310093
v 0.456060 0.025453 0.314482
v 0.457228 0.025171 0.316441
v 0.567664 0.022401 0.471121
v 0.591852 0.022208 0.487859
v 0.598469 0.022643 0.469772
v 0.524330 0.026804 0.337833
v 0.429269 0.025047 0.320390
v 0.518609 0.026255 0.358848
v 0.425315 0.024153 0.347530
v 0.425337 0.022777 0.411784
v 0.527853 0.027073 0.329050
v 0.450759 0.026615 0.298948
v 0.396928 0.024165 0.347056
v 0.393532 0.024644 0.343180
v 0.391268 0.024232 0.350024
v 0.544775 0.027985 0.305820
v 0.527832 0.027318 0.320694
v 0.373549 0.021357 0.404567
v 0.379373 0.021368 0.407419
v 0.380078 0.021615 0.400848
v 0.386381 0.022093 0.394717
v 0.378687 0.022214 0.391339
v 0.377300 0.021891 0.395702
v 0.370715 0.021027 0.412041
v 0.366939 0.021172 0.404424
v 0.364525 0.021010 0.409559
v 0.369275 0.022007 0.393684
v 0.371535 0.021614 0.399683
v 0.673064 0.033888 0.233922
v 0.668170 0.034414 0.254972
v 0.696490 0.033215 0.239977
v 0.708391 0.032255 0.269778
v 0.363391 0.020998 0.407241
v 0.360428 0.021335 0.404948
v 0.547260 0.027584 0.314044
v 0.635945 0.031156 0.284310
v 0.620240 0.032510 0.263947
v 0.608164 0.030337 0.284421
v 0.668918 0.032054 0.287211
v 0.685139 0.029163 0.317828
v 0.697173 0.030925 0.296367
v 0.543619 0.026963 0.328169
v 0.555095 0.028706 0.293521
v 0.632947 0.028741 0.313417
v 0.660819 0.027108 0.342571
v 0.533384 0.026929 0.335611
v 0.541790 0.026945 0.335598
v 0.564806 0.027897 0.312251
v 0.588976 0.028677 0.301440
v 0.559174 0.027297 0.323650
v 0.722664 0.032945 0.230841
v 0.555115 0.026875 0.337202
v 0.539653 0.026747 0.342230
v 0.645716 0.033023 0.269261
v 0.688223 0.025791 0.366168
v 0.695910 0.027266 0.342758
v 0.579561 0.027012 0.335187
v 0.560623 0.026919 0.333100
v 0.587998 0.027544 0.322244
v 0.608529 0.026796 0.346734
v 0.570467 0.026733 0.342510
v 0.556104 0.026627 0.345042
v 0.646070 0.025550 0.372401
v 0.421567 0.025745 0.313324
v 0.411877 0.025472 0.321148
v 0.575458 0.026475 0.356528
v 0.548804 0.026610 0.352970
v 0.536629 0.026295 0.358366
v 0.660675 0.024214 0.398286
v 0.630042 0.025034 0.390237
v 0.535542 0.026079 0.371726
v 0.597895 0.025651 0.378593
v 0.560438 0.026081 0.369847
v 0.380407 0.024719 0.343486
v 0.383593 0.024874 0.337306
v 0.378595 0.024964 0.338271
v 0.646835 0.034529 0.226548
v 0.633767 0.034364 0.245179
v 0.317497 0.023059 0.352218
v 0.320320 0.022586 0.356924
v 0.322770 0.023692 0.350139
v 0.688158 0.033097 0.222915
v 0.366283 0.025658 0.334449
v 0.407595 0.025204 0.328819
v 0.400152 0.024940 0.332404
v 0.405887 0.024837 0.335905
v 0.407084 0.026226 0.310686
v 0.404555 0.025845 0.319596
v 0.411647 0.025954 0.312071
v 0.344473 0.023049 0.372739
v 0.380638 0.025732 0.320305
v 0.375739 0.025894 0.317404
v 0.333081 0.025673 0.340592
v 0.330248 0.024706 0.348765
v 0.353548 0.024975 0.349306
v 0.336448 0.026538 0.332444
v 0.386226 0.026089 0.312834
v 0.380826 0.026123 0.312809
v 0.377568 0.025562 0.326135
v 0.411119 0.025040 0.334732
v 0.413728 0.024919 0.338922
v 0.357902 0.023356 0.368038
v 0.361120 0.026142 0.327842
v 0.367407 0.025856 0.327010
v 0.368077 0.025122 0.343395
v 0.383847 0.025417 0.324785
v 0.380433 0.025498 0.326568
v 0.348678 0.023125 0.371193
v 0.387442 0.025859 0.319174
v 0.348121 0.022631 0.377660
v 0.352506 0.022711 0.376758
v 0.325514 0.022848 0.358662
v 0.335884 0.024401 0.354022
v 0.390845 0.024731 0.339367
v 0.385591 0.024285 0.347036
v 0.332557 0.023985 0.356056
v 0.355460 0.025954 0.329125
v 0.328517 0.023762 0.355508
v 0.360112 0.025701 0.334959
v 0.351677 0.022473 0.380786
v 0.320138 0.025961 0.332189
v 0.324112 0.025374 0.340092
v 0.368490 0.025211 0.338831
v 0.335355 0.023588 0.361096
v 0.330737 0.023078 0.362474
v 0.312511 0.022440 0.390039
v 0.311577 0.022175 0.395829
v 0.320798 0.022046 0.392711
v 0.344145 0.022510 0.380754
v 0.349829 0.022261 0.383616
v 0.337091 0.022219 0.386645
v 0.332532 0.022513 0.380968
v 0.333113 0.022075 0.387384
v 0.309563 0.022679 0.384756
v 0.319393 0.022445 0.387451
v 0.316945 0.022597 0.381182
v 0.609723 0.024357 0.411919
v 0.597858 0.022731 0.457353
v 0.641627 0.023119 0.442440
v 0.580297 0.023431 0.444434
v 0.556911 0.025452 0.395881
v 0.513957 0.025956 0.386652
v 0.564979 0.024436 0.424781
v 0.526832 0.025872 0.383759
v 0.473221 0.025485 0.406362
v 0.537128 0.024913 0.424383
v 0.547585 0.024007 0.441240
v 0.508991 0.025844 0.392523
v 0.495863 0.025768 0.398189
v 0.481899 0.025639 0.404333
v 0.479084 0.024848 0.430101
v 0.466556 0.023873 0.454198
v 0.494929 0.024191 0.451613
v 0.518734 0.025611 0.403546
v 0.459587 0.025003 0.414582
v 0.466176 0.025068 0.414522
v 0.446175 0.023460 0.430349
v 0.438723 0.022943 0.433214
v 0.444289 0.023146 0.436218
v 0.429063 0.022165 0.437815
v 0.452223 0.024176 0.421930
v 0.460325 0.024539 0.420714
v 0.704974 0.033451 0.221886
v 0.520842 0.024197 0.443761
v 0.517694 0.025177 0.424137
v 0.490452 0.025458 0.408332
v 0.499303 0.025237 0.422038
v 0.331211 0.022175 0.394548
v 0.327844 0.022194 0.390140
v 0.302318 0.022766 0.385326
v 0.305078 0.022782 0.391097
v 0.326146 0.022265 0.384830
v 0.336521 0.022020 0.391071
v 0.311917 0.022685 0.375149
v 0.317353 0.022308 0.369326
v 0.310170 0.022418 0.368751
v 0.317760 0.021752 0.401701
v 0.326757 0.021654 0.400972
v 0.323175 0.021823 0.397360
v 0.327347 0.021409 0.404963
v 0.328767 0.022501 0.371894
v 0.323021 0.022450 0.373280
v 0.305132 0.022900 0.373704
v 0.306192 0.022933 0.379638
v 0.339234 0.022346 0.382223
v 0.319058 0.022516 0.376157
v 0.324751 0.022411 0.378558
v 0.310801 0.022655 0.379852
v 0.333140 0.021723 0.398972
v 0.303139 0.022845 0.368597
v 0.307725 0.022815 0.363004
v 0.334132 0.021208 0.403706
v 0.334992 0.020733 0.409709
v 0.343091 0.021935 0.388812
v 0.321402 0.021121 0.408017
v 0.397990 0.026133 0.313579
v 0.392227 0.026456 0.307018
v 0.391468 0.025985 0.314707
v 0.524058 0.023218 0.474027
v 0.463715 0.024492 0.429309
v 0.474758 0.025226 0.415374
v 0.418410 0.026095 0.308682
v 0.413156 0.026267 0.307705
v 0.310773 0.022473 0.359748
v 0.368315 0.024667 0.350861
v 0.382974 0.025285 0.330901
v 0.391588 0.025288 0.329855
v 0.387700 0.025428 0.325177
v 0.312158 0.021695 0.406134
v 0.328269 0.020942 0.408133
v 0.329335 0.020799 0.411728
v 0.306551 0.022118 0.402762
v 0.368128 0.025992 0.319192
v 0.592661 0.031891 0.258213
v 0.576619 0.030066 0.278656
v 0.544781 0.023437 0.457807
v 0.457380 0.024254 0.425823
v 0.484204 0.025469 0.413571
v 0.416494 0.024620 0.340129
v 0.317374 0.023948 0.348143
v 0.383189 0.023638 0.357385
v 0.390991 0.023706 0.360240
v 0.390881 0.023287 0.365796
v 0.391238 0.023227 0.371586
v 0.396967 0.023387 0.369542
v 0.487363 0.025716 0.405008
v 0.443444 0.023618 0.418746
v 0.442822 0.023387 0.425563
v 0.452133 0.023800 0.432439
v 0.426693 0.026424 0.305008
v 0.438270 0.022776 0.443120
v 0.446863 0.023256 0.441649
v 0.377947 0.023435 0.363640
v 0.383510 0.023559 0.366288
v 0.359992 0.022468 0.382571
v 0.363753 0.022095 0.388162
v 0.367783 0.022522 0.383000
v 0.347099 0.020510 0.410924
v 0.348046 0.020655 0.417355
v 0.351371 0.020738 0.413614
v 0.371315 0.022585 0.386682
v 0.374716 0.022609 0.384133
v 0.341139 0.021086 0.406885
v 0.357496 0.020500 0.417952
v 0.355059 0.020742 0.414094
v 0.351517 0.020210 0.420111
v 0.362955 0.020721 0.414219
v 0.359864 0.020817 0.410903
v 0.354662 0.020078 0.424096
v 0.362088 0.020349 0.421501
v 0.339116 0.020542 0.416755
v 0.344113 0.020280 0.417349
v 0.341673 0.020554 0.412320
v 0.378821 0.023119 0.371342
v 0.377241 0.023267 0.367298
v 0.373059 0.023116 0.368001
v 0.341330 0.021312 0.401591
v 0.348256 0.021167 0.400339
v 0.341216 0.021467 0.395981
v 0.368325 0.022678 0.377590
v 0.373217 0.022961 0.374410
v 0.367372 0.023014 0.372782
v 0.355967 0.022978 0.372946
v 0.334620 0.020710 0.414359
v 0.412742 0.025223 0.324823
v 0.412982 0.025218 0.328457
v 0.362635 0.023028 0.373116
v 0.362220 0.022791 0.378244
v 0.374492 0.022856 0.380197
v 0.391368 0.025707 0.320666
v 0.412789 0.025672 0.315333
v 0.355058 0.022179 0.384386
v 0.351229 0.020693 0.409352
v 0.355181 0.020945 0.408340
v 0.403148 0.020851 0.428689
v 0.396635 0.020391 0.434326
v 0.403562 0.020586 0.435443
v 0.368317 0.023288 0.369606
v 0.416527 0.025842 0.314340
v 0.386109 0.021699 0.399990
v 0.392520 0.020525 0.422803
v 0.387037 0.020177 0.426795
v 0.392879 0.020450 0.425143
v 0.393422 0.020246 0.429552
v 0.398576 0.020844 0.422737
v 0.363191 0.021626 0.398786
v 0.357133 0.022816 0.378496
v 0.385708 0.022445 0.387188
v 0.391845 0.022708 0.388179
v 0.391340 0.021873 0.400834
v 0.385529 0.021482 0.404626
v 0.408492 0.021159 0.431466
v 0.350673 0.020881 0.405582
v 0.398147 0.021306 0.415264
v 0.402697 0.021985 0.407371
v 0.394875 0.021751 0.406989
v 0.396784 0.022905 0.384869
v 0.400123 0.022709 0.388188
v 0.402037 0.022855 0.382306
v 0.385996 0.024874 0.339902
v 0.411220 0.021558 0.419963
v 0.412080 0.021360 0.427067
v 0.415743 0.021510 0.431093
v 0.401166 0.023500 0.374796
v 0.389588 0.021584 0.406133
v 0.354798 0.022504 0.380813
v 0.404565 0.022686 0.393171
v 0.346299 0.020944 0.404784
v 0.369746 0.020582 0.419118
v 0.417276 0.022378 0.411104
v 0.372298 0.022256 0.389304
v 0.378237 0.022541 0.386377
v 0.372470 0.020683 0.420357
v 0.376539 0.020940 0.416322
v 0.410412 0.022240 0.405955
v 0.407948 0.021892 0.412249
v 0.375854 0.024326 0.349165
v 0.396188 0.022584 0.392408
v 0.411328 0.022805 0.398813
v 0.374932 0.020452 0.422165
v 0.379767 0.020428 0.424792
v 0.381478 0.020794 0.418773
v 0.367181 0.020378 0.425330
v 0.399453 0.022038 0.400473
v 0.372769 0.023467 0.363643
v 0.375387 0.023838 0.360370
v 0.394723 0.020885 0.419871
v 0.399466 0.024733 0.340865
v 0.354553 0.021940 0.388767
v 0.348527 0.022120 0.387754
v 0.378176 0.021004 0.411727
v 0.405532 0.022223 0.401296
v 0.388966 0.020731 0.419846
v 0.360347 0.021997 0.392839
v 0.355288 0.021193 0.401962
v 0.366999 0.021802 0.400544
v 0.386155 0.021051 0.411750
v 0.395292 0.024204 0.350854
v 0.372081 0.023987 0.356035
v 0.352136 0.021573 0.394397
v 0.364388 0.024457 0.353535
v 0.370218 0.023898 0.360146
v 0.375116 0.023437 0.366113
v 0.371953 0.020332 0.427895
v 0.410551 0.021219 0.436079
v 0.419205 0.021689 0.436821
v 0.387103 0.023587 0.362727
v 0.384715 0.022703 0.382125
v 0.403430 0.024557 0.344962
v 0.408411 0.024150 0.347551
v 0.387618 0.023337 0.368870
v 0.385168 0.022985 0.372032
v 0.378930 0.022533 0.382291
v 0.380840 0.022864 0.377051
v 0.316467 0.025016 0.341365
v 0.357723 0.024785 0.352933
v 0.345774 0.023110 0.369815
v 0.316487 0.026535 0.325023
v 0.347050 0.026715 0.321493
v 0.356908 0.026026 0.332065
v 0.318958 0.025531 0.336603
v 0.315469 0.025821 0.332341
v 0.409077 0.024741 0.341107
v 0.360519 0.026206 0.321810
v 0.310210 0.026260 0.326974
v 0.305746 0.025727 0.332505
v 0.311447 0.025370 0.334254
v 0.321591 0.027144 0.319099
v 0.299712 0.026029 0.330757
v 0.303594 0.026894 0.322459
v 0.747109 0.032251 0.243588
v 0.749038 0.033061 0.200985
v 0.454802 0.023679 0.441387
v 0.444628 0.023023 0.452229
v 0.716616 0.030073 0.304069
v 0.359593 0.029933 0.276171
v 0.359140 0.030950 0.270998
v 0.355547 0.030425 0.273151
v 0.280948 0.038041 0.138427
v 0.285015 0.037856 0.137273
v 0.283679 0.038098 0.132082
v 0.346013 0.038338 0.124809
v 0.351441 0.039216 0.120174
v 0.341023 0.038356 0.121771
v 0.319995 0.036034 0.191034
v 0.323178 0.035737 0.198817
v 0.327018 0.036818 0.193904
v 0.366955 0.033712 0.227532
v 0.360475 0.033861 0.229716
v 0.363631 0.033808 0.231946
v 0.366983 0.034565 0.213845
v 0.372204 0.034773 0.214031
v 0.370211 0.035077 0.210283
v 0.359983 0.037967 0.136797
v 0.361933 0.038383 0.135791
v 0.359877 0.038444 0.133484
v 0.333003 0.036951 0.180329
v 0.330139 0.036802 0.183639
v 0.330649 0.037101 0.187846
v 0.337646 0.035732 0.195260
v 0.337772 0.035232 0.201520
v 0.343610 0.034959 0.196234
v 0.331469 0.037280 0.174132
v 0.328785 0.036936 0.176277
v 0.366395 0.038783 0.129118
v 0.367273 0.038684 0.133939
v 0.370271 0.038993 0.130620
v 0.348751 0.032508 0.238415
v 0.343509 0.032132 0.237307
v 0.345307 0.032310 0.243443
v 0.328683 0.037144 0.169365
v 0.360905 0.034543 0.210298
v 0.362852 0.034598 0.217175
v 0.379603 0.036222 0.202242
v 0.383093 0.035572 0.208377
v 0.386013 0.036182 0.205475
v 0.341335 0.037809 0.143607
v 0.341593 0.036941 0.148302
v 0.342750 0.037754 0.146069
v 0.281199 0.038125 0.168504
v 0.282966 0.038157 0.162082
v 0.277112 0.038622 0.164899
v 0.349988 0.033037 0.233523
v 0.346160 0.032602 0.233373
v 0.375356 0.036064 0.175316
v 0.372501 0.035947 0.175893
v 0.372848 0.036192 0.178210
v 0.366906 0.037041 0.160047
v 0.355234 0.038432 0.129933
v 0.353704 0.037946 0.136523
v 0.356925 0.038475 0.135232
v 0.400977 0.038513 0.138455
v 0.393841 0.038601 0.135762
v 0.395137 0.038171 0.141272
v 0.364359 0.038395 0.139174
v 0.313801 0.027332 0.316508
v 0.306601 0.027664 0.312701
v 0.309581 0.027045 0.320010
v 0.346624 0.038055 0.172692
v 0.348623 0.037219 0.181397
v 0.353733 0.037786 0.175354
v 0.311529 0.029353 0.269239
v 0.306767 0.030170 0.263440
v 0.302237 0.028613 0.269904
v 0.342197 0.035595 0.192229
v 0.338744 0.037047 0.150086
v 0.339880 0.036893 0.154404
v 0.372662 0.033598 0.223574
v 0.372921 0.033556 0.227110
v 0.368203 0.034276 0.219954
v 0.323404 0.036895 0.154534
v 0.326384 0.036976 0.157222
v 0.329202 0.036667 0.155277
v 0.357458 0.038379 0.140318
v 0.350575 0.037862 0.143011
v 0.357097 0.037327 0.146510
v 0.338480 0.038402 0.137060
v 0.335796 0.038090 0.138972
v 0.337509 0.037976 0.141620
v 0.342515 0.030522 0.266374
v 0.345031 0.029916 0.272672
v 0.348111 0.031093 0.269030
v 0.338718 0.032511 0.228716
v 0.336897 0.032367 0.234306
v 0.345101 0.032916 0.230041
v 0.333170 0.038699 0.124765
v 0.335897 0.038256 0.129474
v 0.354215 0.036147 0.153512
v 0.346715 0.036815 0.151349
v 0.349594 0.036766 0.155608
v 0.266187 0.037616 0.148648
v 0.258585 0.037614 0.153618
v 0.262485 0.037917 0.158962
v 0.266281 0.038314 0.165126
v 0.272939 0.038423 0.157930
v 0.391550 0.036499 0.178447
v 0.396772 0.035915 0.179934
v 0.394354 0.036388 0.174337
v 0.388434 0.038787 0.134104
v 0.389144 0.038021 0.136617
v 0.361648 0.039376 0.119494
v 0.360771 0.039033 0.124276
v 0.366229 0.036368 0.169155
v 0.367657 0.036615 0.164641
v 0.364177 0.037162 0.163669
v 0.327236 0.036997 0.182876
v 0.323029 0.036590 0.176571
v 0.366112 0.033713 0.233390
v 0.360729 0.033412 0.237154
v 0.365663 0.033488 0.239934
v 0.293094 0.032879 0.246915
v 0.296942 0.033909 0.240303
v 0.291673 0.033690 0.241906
v 0.351852 0.038077 0.166546
v 0.381302 0.036605 0.191548
v 0.381111 0.036558 0.195988
v 0.385835 0.036635 0.194668
v 0.339050 0.036351 0.187026
v 0.333157 0.036583 0.193022
v 0.399236 0.039202 0.124491
v 0.393819 0.039183 0.125620
v 0.396465 0.039581 0.127985
v 0.359233 0.034911 0.202851
v 0.353648 0.034459 0.206735
v 0.364366 0.038342 0.126372
v 0.361911 0.038673 0.128964
v 0.353925 0.033191 0.256183
v 0.353504 0.032332 0.261986
v 0.361582 0.032548 0.258499
v 0.328739 0.028040 0.305726
v 0.338241 0.027632 0.298561
v 0.330510 0.028199 0.298114
v 0.336499 0.036830 0.156425
v 0.337847 0.036659 0.159308
v 0.377553 0.035148 0.210558
v 0.399888 0.039435 0.131170
v 0.384058 0.039259 0.130218
v 0.391913 0.038933 0.129678
v 0.363745 0.038648 0.133175
v 0.298745 0.028183 0.301407
v 0.291665 0.027984 0.310948
v 0.299529 0.027911 0.308104
v 0.344729 0.037588 0.145097
v 0.346025 0.034735 0.203312
v 0.354653 0.035336 0.199472
v 0.330140 0.035856 0.160574
v 0.333933 0.036473 0.157663
v 0.378544 0.039429 0.130224
v 0.382463 0.038864 0.137369
v 0.342333 0.036613 0.161133
v 0.365839 0.035599 0.201667
v 0.361127 0.036013 0.196654
v 0.364790 0.036305 0.187086
v 0.368107 0.036376 0.185996
v 0.361934 0.036781 0.184676
v 0.367099 0.035125 0.208110
v 0.372224 0.035099 0.206006
v 0.336621 0.033213 0.222933
v 0.332317 0.032887 0.230089
v 0.380685 0.036243 0.179887
v 0.385714 0.036589 0.177601
v 0.379857 0.036203 0.176147
v 0.360232 0.037297 0.173584
v 0.360432 0.037135 0.179077
v 0.364122 0.036711 0.178833
v 0.390236 0.038554 0.139221
v 0.388229 0.038010 0.144473
v 0.371304 0.038796 0.137347
v 0.372068 0.037810 0.144573
v 0.373694 0.038267 0.141098
v 0.366435 0.036283 0.195057
v 0.364352 0.036500 0.190644
v 0.390199 0.036483 0.175414
v 0.354375 0.037005 0.185549
v 0.356116 0.037202 0.180567
v 0.375163 0.039117 0.133636
v 0.308642 0.028383 0.301282
v 0.306745 0.028373 0.296328
v 0.304224 0.028251 0.303734
v 0.335632 0.037830 0.172080
v 0.294269 0.030784 0.260178
v 0.295922 0.029467 0.265320
v 0.300611 0.030164 0.261953
v 0.341962 0.034318 0.209166
v 0.337699 0.035030 0.207783
v 0.354381 0.034035 0.227260
v 0.361864 0.034676 0.223373
v 0.356497 0.034460 0.218797
v 0.333655 0.034563 0.220134
v 0.331725 0.035205 0.218730
v 0.328723 0.034189 0.222935
v 0.371699 0.036735 0.162527
v 0.377893 0.036738 0.164412
v 0.375751 0.037199 0.156988
v 0.367049 0.038923 0.124019
v 0.370222 0.037712 0.157612
v 0.328161 0.032627 0.245468
v 0.326634 0.032596 0.236974
v 0.319337 0.032927 0.243536
v 0.369235 0.037587 0.152258
v 0.375764 0.037631 0.150177
v 0.358159 0.036480 0.150459
v 0.314194 0.034229 0.202165
v 0.319284 0.035031 0.202473
v 0.315202 0.034441 0.196250
v 0.341172 0.038219 0.170415
v 0.337059 0.037373 0.164645
v 0.335118 0.036749 0.160255
v 0.362107 0.037238 0.149570
v 0.365548 0.038034 0.145866
v 0.340614 0.037619 0.177330
v 0.302831 0.032838 0.228738
v 0.307480 0.033489 0.229500
v 0.308785 0.033572 0.224913
v 0.371859 0.036051 0.198949
v 0.368933 0.036215 0.196841
v 0.359549 0.037428 0.166025
v 0.373367 0.035945 0.167107
v 0.376499 0.036143 0.170431
v 0.342479 0.029270 0.277479
v 0.345942 0.028885 0.282802
v 0.347461 0.029656 0.277092
v 0.334501 0.037048 0.143445
v 0.337372 0.037155 0.146403
v 0.359243 0.033893 0.250313
v 0.362093 0.033352 0.253877
v 0.367331 0.033504 0.250293
v 0.349122 0.031612 0.265070
v 0.347470 0.032179 0.261191
v 0.308886 0.031452 0.259395
v 0.309690 0.032447 0.254419
v 0.305020 0.031366 0.258249
v 0.393858 0.037142 0.163880
v 0.399623 0.036427 0.164621
v 0.396580 0.037272 0.161668
v 0.389916 0.037419 0.154557
v 0.383192 0.037978 0.151517
v 0.383126 0.037460 0.158649
v 0.312896 0.032834 0.235106
v 0.313982 0.032896 0.239958
v 0.318506 0.032747 0.237247
v 0.385879 0.036465 0.189583
v 0.391162 0.036221 0.192195
v 0.367472 0.037185 0.156320
v 0.364358 0.037246 0.155793
v 0.288355 0.030693 0.261981
v 0.281084 0.030822 0.262734
v 0.287122 0.029772 0.268985
v 0.379080 0.039820 0.123181
v 0.373709 0.036479 0.192042
v 0.340737 0.037687 0.139254
v 0.344929 0.037820 0.139385
v 0.341846 0.032087 0.260711
v 0.395075 0.036774 0.168871
v 0.316075 0.034517 0.222366
v 0.321500 0.035300 0.219101
v 0.316895 0.035845 0.213641
v 0.372923 0.034978 0.210015
v 0.361206 0.038000 0.144266
v 0.376694 0.038288 0.141712
v 0.375943 0.038401 0.138656
v 0.390557 0.039224 0.126141
v 0.395124 0.038059 0.147795
v 0.395882 0.037348 0.154149
v 0.354249 0.031468 0.267977
v 0.359556 0.036653 0.153542
v 0.386211 0.039493 0.125461
v 0.389510 0.036855 0.172564
v 0.330505 0.036070 0.199893
v 0.352994 0.034306 0.213527
v 0.345799 0.034074 0.211500
v 0.346325 0.033706 0.218289
v 0.349805 0.035503 0.196040
v 0.337947 0.032349 0.256948
v 0.335836 0.031223 0.263200
v 0.312368 0.032032 0.258368
v 0.346214 0.037374 0.163128
v 0.346935 0.036670 0.159064
v 0.371508 0.036131 0.171921
v 0.370891 0.036367 0.175356
v 0.389676 0.036098 0.184468
v 0.307431 0.032893 0.233595
v 0.311172 0.033239 0.230919
v 0.321419 0.036675 0.184353
v 0.318214 0.036941 0.179366
v 0.375200 0.035968 0.181816
v 0.345452 0.032739 0.255670
v 0.333174 0.037355 0.146445
v 0.327926 0.037013 0.148662
v 0.334928 0.036742 0.150150
v 0.350348 0.032970 0.249185
v 0.351747 0.032823 0.241825
v 0.389053 0.037915 0.149151
v 0.399526 0.037868 0.150720
v 0.356420 0.036400 0.191854
v 0.389950 0.039500 0.122507
v 0.323397 0.035800 0.206193
v 0.317435 0.035219 0.206634
v 0.344543 0.037660 0.166416
v 0.367540 0.036276 0.175593
v 0.386043 0.036323 0.200956
v 0.390618 0.036352 0.198450
v 0.355387 0.037066 0.161118
v 0.351186 0.037221 0.159118
v 0.360766 0.036753 0.159236
v 0.379750 0.038278 0.145518
v 0.347715 0.036050 0.190170
v 0.357951 0.037064 0.177336
v 0.394241 0.039117 0.120798
v 0.398819 0.039352 0.119352
v 0.296717 0.032392 0.225075
v 0.296073 0.033044 0.232026
v 0.324654 0.034988 0.222010
v 0.322113 0.034291 0.225156
v 0.388874 0.037377 0.166800
v 0.396108 0.039864 0.116945
v 0.381773 0.036524 0.184832
v 0.299004 0.027588 0.315342
v 0.333937 0.036708 0.154031
v 0.317978 0.033475 0.230292
v 0.304972 0.034196 0.205380
v 0.311781 0.034449 0.207236
v 0.308827 0.034025 0.202419
v 0.357900 0.031996 0.263601
v 0.361690 0.031666 0.265704
v 0.334827 0.030147 0.269944
v 0.325984 0.030548 0.267424
v 0.331710 0.029451 0.274560
v 0.300234 0.032670 0.220722
v 0.304616 0.033626 0.218047
v 0.327285 0.035359 0.218366
v 0.334908 0.028431 0.282641
v 0.335489 0.027913 0.293098
v 0.341324 0.028071 0.289879
v 0.321839 0.032906 0.249111
v 0.322719 0.033012 0.245928
v 0.408722 0.039697 0.115306
v 0.410466 0.039622 0.123030
v 0.413352 0.039907 0.117760
v 0.329430 0.035716 0.213244
v 0.324801 0.036180 0.213553
v 0.335233 0.029569 0.274866
v 0.339133 0.029514 0.273740
v 0.292337 0.033725 0.237110
v 0.308568 0.032723 0.238641
v 0.308513 0.032992 0.245887
v 0.393806 0.037756 0.158757
v 0.388680 0.037511 0.161346
v 0.382435 0.036580 0.170541
v 0.360951 0.033508 0.243596
v 0.364715 0.033742 0.245832
v 0.384191 0.037172 0.164686
v 0.404661 0.039189 0.126678
v 0.403706 0.039623 0.119829
v 0.368955 0.035978 0.180495
v 0.330383 0.031658 0.257915
v 0.313533 0.031218 0.263029
v 0.369969 0.036501 0.167127
v 0.330725 0.033153 0.227093
v 0.326251 0.033124 0.229429
v 0.330999 0.035961 0.207893
v 0.333528 0.035400 0.211920
v 0.390861 0.039081 0.119979
v 0.301595 0.032326 0.254199
v 0.339844 0.032385 0.246154
v 0.340140 0.031810 0.242654
v 0.335828 0.032583 0.245004
v 0.373538 0.038880 0.126742
v 0.352604 0.033243 0.237086
v 0.384038 0.036541 0.202569
v 0.358810 0.033130 0.254916
v 0.336062 0.027172 0.318548
v 0.328885 0.027139 0.321245
v 0.332960 0.026959 0.325445
v 0.337502 0.035118 0.214800
v 0.370758 0.035373 0.177315
v 0.316487 0.026535 0.325023
v 0.378446 0.036501 0.173054
v 0.324722 0.036444 0.158866
v 0.330943 0.037664 0.142463
v 0.343360 0.033270 0.224330
v 0.291299 0.028684 0.283265
v 0.294459 0.028903 0.275709
v 0.286575 0.029411 0.276271
v 0.356304 0.033134 0.243525
v 0.349816 0.034104 0.222237
v 0.325249 0.036786 0.188315
v 0.351166 0.030490 0.273322
v 0.353543 0.029472 0.279394
v 0.301782 0.033375 0.235613
v 0.305074 0.032884 0.237194
v 0.293686 0.032110 0.253538
v 0.288664 0.032530 0.251175
v 0.287019 0.031875 0.256744
v 0.388466 0.039691 0.117536
v 0.310101 0.034391 0.217477
v 0.376142 0.034113 0.218100
v 0.285087 0.037824 0.140790
v 0.310210 0.026260 0.326974
v 0.341904 0.034042 0.216682
v 0.292281 0.038543 0.138566
v 0.295076 0.037918 0.148461
v 0.300292 0.037743 0.145673
v 0.337104 0.038390 0.133849
v 0.384535 0.039859 0.120026
v 0.380937 0.039790 0.116019
v 0.305106 0.038422 0.121522
v 0.299091 0.039396 0.120969
v 0.302701 0.038709 0.125553
v 0.396873 0.035862 0.187844
v 0.303579 0.033514 0.240914
v 0.330728 0.031997 0.254663
v 0.334225 0.032280 0.253537
v 0.300976 0.038721 0.131304
v 0.301414 0.037953 0.139048
v 0.370775 0.033654 0.242416
v 0.291172 0.039474 0.126669
v 0.284146 0.038355 0.124844
v 0.319665 0.037127 0.144411
v 0.320013 0.037332 0.150501
v 0.319179 0.032219 0.257446
v 0.303004 0.037436 0.142549
v 0.335342 0.032350 0.240060
v 0.332318 0.038245 0.136106
v 0.287073 0.033238 0.245763
v 0.319287 0.031069 0.264138
v 0.391463 0.039741 0.118383
v 0.305311 0.038375 0.126934
v 0.399647 0.039926 0.113692
v 0.375928 0.039860 0.117316
v 0.328309 0.032379 0.252355
v 0.405302 0.039532 0.130848
v 0.305363 0.037754 0.148419
v 0.306604 0.037656 0.142647
v 0.409193 0.039099 0.129487
v 0.325370 0.038021 0.138713
v 0.328932 0.038587 0.130375
v 0.305520 0.038367 0.135902
v 0.320954 0.038309 0.131258
v 0.300779 0.037658 0.152853
v 0.309215 0.037586 0.152728
v 0.310237 0.037496 0.147452
v 0.405826 0.038884 0.135767
v 0.400859 0.037175 0.154584
v 0.404858 0.038144 0.150778
v 0.407840 0.038936 0.132660
v 0.314174 0.037001 0.143764
v 0.316728 0.037299 0.141079
v 0.313124 0.038052 0.135145
v 0.411217 0.038766 0.134718
v 0.416300 0.039191 0.130117
v 0.318404 0.038575 0.125077
v 0.315712 0.038082 0.129105
v 0.326231 0.039060 0.122052
v 0.418208 0.038475 0.137797
v 0.402286 0.037829 0.146343
v 0.403983 0.038128 0.142153
v 0.399855 0.038063 0.143046
v 0.405289 0.038738 0.139839
v 0.410193 0.038573 0.143033
v 0.412218 0.038013 0.151650
v 0.355773 0.032977 0.238521
v 0.424715 0.038532 0.134023
v 0.422195 0.039308 0.126795
v 0.383077 0.034977 0.212970
v 0.421017 0.039591 0.121026
v 0.417426 0.039971 0.117305
v 0.416631 0.039477 0.123267
v 0.348764 0.038160 0.127544
v 0.342710 0.038472 0.130464
v 0.298553 0.037462 0.149024
v 0.334146 0.038049 0.140008
v 0.322385 0.036636 0.162950
v 0.380556 0.034606 0.215330
v 0.304965 0.034219 0.212026
v 0.299973 0.033745 0.214459
v 0.371275 0.033545 0.230855
v 0.371806 0.033550 0.235954
v 0.323846 0.036916 0.156855
v 0.318960 0.037384 0.138218
v 0.320325 0.036853 0.169928
v 0.378741 0.033328 0.224455
v 0.426144 0.039599 0.117331
v 0.423297 0.039395 0.119350
v 0.425627 0.039577 0.122874
v 0.371803 0.039442 0.120264
v 0.299571 0.033366 0.247026
v 0.321019 0.036741 0.158124
v 0.348452 0.038276 0.133968
v 0.351663 0.034161 0.217893
v 0.315459 0.033014 0.249769
v 0.331581 0.035632 0.215452
v 0.344533 0.038244 0.134270
v 0.316790 0.037413 0.143041
v 0.311694 0.038559 0.125042
v 0.307098 0.038834 0.131098
v 0.314766 0.037076 0.149116
v 0.302623 0.037975 0.135494
v 0.366603 0.039532 0.118834
v 0.317875 0.038996 0.119214
v 0.385157 0.040100 0.115070
v 0.335444 0.038118 0.137247
v 0.308836 0.037544 0.159703
v 0.316290 0.037289 0.155092
v 0.316365 0.037171 0.160346
v 0.270748 0.038916 0.126708
v 0.273400 0.038273 0.130826
v 0.277654 0.038439 0.126815
v 0.276321 0.038421 0.134138
v 0.333995 0.038630 0.119541
v 0.287881 0.037359 0.148250
v 0.355715 0.033605 0.233501
v 0.290787 0.031157 0.258002
v 0.328321 0.028491 0.283112
v 0.321656 0.028789 0.283860
v 0.328373 0.028241 0.287524
v 0.399421 0.037089 0.159122
v 0.406574 0.037209 0.157225
v 0.404540 0.036336 0.162117
v 0.403050 0.036049 0.172415
v 0.405714 0.036304 0.165775
v 0.421862 0.040088 0.115725
v 0.430367 0.039753 0.115965
v 0.431399 0.039868 0.111382
v 0.426948 0.040088 0.111890
v 0.338644 0.027650 0.306469
v 0.329667 0.027767 0.313448
v 0.309293 0.028079 0.305572
v 0.297943 0.028570 0.291282
v 0.293569 0.029185 0.269324
v 0.311164 0.028670 0.287017
v 0.304223 0.028829 0.278638
v 0.299631 0.028667 0.282941
v 0.322093 0.028242 0.305532
v 0.317798 0.027894 0.309785
v 0.310587 0.028798 0.276008
v 0.319278 0.029308 0.274950
v 0.323920 0.028180 0.301089
v 0.317951 0.028276 0.303151
v 0.282656 0.029005 0.283208
v 0.280551 0.029899 0.272652
v 0.339990 0.027102 0.322575
v 0.317797 0.030195 0.268142
v 0.323413 0.028247 0.293179
v 0.331212 0.028211 0.291438
v 0.312756 0.028344 0.303803
v 0.313493 0.028353 0.299229
v 0.354983 0.030266 0.275765
v 0.291040 0.028164 0.299688
v 0.288707 0.028410 0.291220
v 0.326993 0.029101 0.277953
v 0.303594 0.026894 0.322459
v 0.346034 0.027370 0.299871
v 0.287059 0.033833 0.237905
v 0.314658 0.028958 0.280328
v 0.340357 0.027334 0.311949
v 0.318659 0.028324 0.299312
v 0.346967 0.027662 0.293529
v 0.415496 0.039933 0.113825
v 0.321591 0.027144 0.319099
v 0.315770 0.028526 0.295113
v 0.291524 0.029917 0.265269
v 0.294392 0.027116 0.323993
v 0.355474 0.028270 0.286799
v 0.347353 0.028127 0.288153
v 0.418392 0.040264 0.112311
v 0.393039 0.039419 0.116877
v 0.320882 0.028228 0.297107
v 0.310620 0.028854 0.280610
v 0.287341 0.035271 0.189564
v 0.283015 0.035654 0.187414
v 0.282861 0.035516 0.193379
v 0.334648 0.032589 0.248780
v 0.311271 0.035683 0.187862
v 0.307860 0.034214 0.192223
v 0.341315 0.032536 0.250942
v 0.310074 0.034511 0.211957
v 0.308173 0.033387 0.197418
v 0.308115 0.034334 0.209339
v 0.290450 0.033205 0.232906
v 0.264547 0.038653 0.131237
v 0.264830 0.039787 0.123016
v 0.308171 0.037337 0.169349
v 0.315021 0.037149 0.165607
v 0.290983 0.037385 0.167562
v 0.294843 0.036631 0.171885
v 0.299294 0.037031 0.171372
v 0.274781 0.037942 0.141941
v 0.269733 0.038075 0.135786
v 0.298712 0.037580 0.162280
v 0.317717 0.037111 0.174781
v 0.314762 0.037174 0.171215
v 0.260253 0.037906 0.144690
v 0.256435 0.037305 0.148263
v 0.286561 0.036804 0.152449
v 0.285044 0.037344 0.155055
v 0.288444 0.037271 0.153902
v 0.279859 0.036775 0.179678
v 0.285083 0.037451 0.172294
v 0.280668 0.037466 0.173067
v 0.280933 0.037297 0.151067
v 0.282916 0.037281 0.147966
v 0.279131 0.037861 0.145969
v 0.274619 0.037753 0.153626
v 0.275508 0.037745 0.149387
v 0.271806 0.037492 0.152178
v 0.282138 0.037836 0.143647
v 0.278317 0.037792 0.154766
v 0.275952 0.038120 0.170813
v 0.269839 0.038259 0.169422
v 0.270003 0.037656 0.176476
v 0.298574 0.034326 0.207646
v 0.293316 0.037506 0.154003
v 0.300278 0.034288 0.201748
v 0.294879 0.034559 0.201106
v 0.313604 0.037011 0.176361
v 0.284769 0.037363 0.150961
v 0.261184 0.038043 0.138755
v 0.292434 0.034463 0.206150
v 0.293329 0.033483 0.214084
v 0.307512 0.036890 0.178500
v 0.315147 0.036734 0.183186
v 0.272382 0.038838 0.165426
v 0.269919 0.036508 0.188017
v 0.277438 0.035917 0.189608
v 0.258487 0.038749 0.129913
v 0.290294 0.034997 0.195567
v 0.289701 0.035123 0.201896
v 0.285284 0.037975 0.167996
v 0.290982 0.036469 0.175900
v 0.296347 0.036716 0.173598
v 0.299310 0.036528 0.178010
v 0.294274 0.034750 0.188562
v 0.288279 0.035694 0.183447
v 0.294288 0.035779 0.181467
v 0.281406 0.035241 0.205682
v 0.284321 0.035669 0.200161
v 0.274867 0.035841 0.197286
v 0.301877 0.034095 0.190068
v 0.305105 0.035379 0.187504
v 0.299683 0.035464 0.184530
v 0.274003 0.036318 0.191864
v 0.304539 0.036139 0.183064
v 0.264571 0.037739 0.171544
v 0.278708 0.038241 0.142373
v 0.286894 0.033311 0.231917
v 0.276279 0.035316 0.205411
v 0.279324 0.034886 0.209972
v 0.299455 0.033663 0.195770
v 0.304530 0.033494 0.193928
v 0.287724 0.034775 0.206890
v 0.284622 0.033824 0.214352
v 0.304746 0.033834 0.200249
v 0.289752 0.037501 0.159612
v 0.289504 0.032601 0.224896
v 0.295146 0.032670 0.221095
v 0.259001 0.039401 0.123413
v 0.255048 0.038601 0.126082
v -0.522375 0.013049 0.405314
v -0.522548 0.014851 0.414210
v -0.515401 0.014294 0.406291
v -0.495197 0.013838 0.421511
v -0.493475 0.013865 0.428072
v -0.489351 0.014718 0.421673
v -0.488359 0.017614 0.406778
v -0.443519 0.024021 0.305659
v -0.451831 0.023491 0.315490
v -0.441269 0.024352 0.317665
v -0.523761 0.016945 0.366652
v -0.527266 0.017265 0.362932
v -0.442358 0.021671 0.342269
v -0.434402 0.021274 0.343261
v -0.440458 0.023598 0.331489
v -0.482159 0.019793 0.327015
v -0.488711 0.017925 0.330621
v -0.476907 0.020348 0.330277
v -0.566742 0.013798 0.331764
v -0.572272 0.016203 0.332872
v -0.562409 0.013551 0.335981
v -0.457066 0.023170 0.308689
v -0.461963 0.023108 0.301783
v -0.464089 0.022321 0.315929
v -0.516780 0.013649 0.389432
v -0.522429 0.011668 0.386649
v -0.515406 0.014965 0.415005
v -0.517305 0.015868 0.420911
v -0.522147 0.016023 0.422187
v -0.532729 0.018221 0.426913
v -0.426533 0.024506 0.300036
v -0.435082 0.023654 0.290079
v -0.436690 0.023958 0.299046
v -0.515260 0.017138 0.368187
v -0.574649 0.016696 0.328628
v -0.570054 0.014251 0.326114
v -0.531496 0.015647 0.414255
v -0.536519 0.017729 0.420250
v -0.528103 0.016738 0.420969
v -0.525018 0.017179 0.427775
v -0.543020 0.019799 0.427728
v -0.488335 0.018146 0.373681
v -0.480836 0.018520 0.369051
v -0.494375 0.016060 0.368236
v -0.510424 0.014806 0.420042
v -0.548810 0.015803 0.386073
v -0.584553 0.021456 0.328689
v -0.580842 0.019725 0.321487
v -0.585429 0.021936 0.320771
v -0.561240 0.011744 0.328574
v -0.515121 0.013938 0.396582
v -0.542159 0.019754 0.438056
v -0.549065 0.020732 0.434933
v -0.495203 0.016137 0.408184
v -0.490556 0.018199 0.400746
v -0.494300 0.018736 0.383770
v -0.484312 0.020077 0.386778
v -0.485111 0.019468 0.379888
v -0.569417 0.022100 0.370806
v -0.573345 0.022802 0.370317
v -0.569771 0.022563 0.378190
v -0.552227 0.021115 0.428848
v -0.562858 0.022452 0.423388
v -0.557138 0.021728 0.435810
v -0.536693 0.010175 0.394160
v -0.542670 0.012143 0.392756
v -0.540192 0.012088 0.398062
v -0.444795 0.023848 0.293727
v -0.442530 0.024029 0.283941
v -0.518821 0.016323 0.426875
v -0.452235 0.023724 0.302710
v -0.454131 0.023950 0.294299
v -0.511388 0.014714 0.412605
v -0.519655 0.012516 0.399521
v -0.446102 0.026584 0.388304
v -0.442268 0.025815 0.381409
v -0.452617 0.024273 0.377083
v -0.539253 0.012014 0.382154
v -0.537792 0.010207 0.387974
v -0.508679 0.015124 0.407358
v -0.434796 0.020809 0.361926
v -0.435567 0.020036 0.355371
v -0.444982 0.020697 0.356618
v -0.573218 0.016537 0.317662
v -0.577180 0.017665 0.325193
v -0.484311 0.019698 0.322316
v -0.446231 0.024556 0.273842
v -0.550241 0.013466 0.339907
v -0.556852 0.014074 0.340016
v -0.554556 0.015858 0.345626
v -0.508552 0.015650 0.399645
v -0.514337 0.015768 0.425659
v -0.510047 0.015016 0.428036
v -0.510914 0.015639 0.390853
v -0.523998 0.013356 0.379855
v -0.525454 0.014294 0.349348
v -0.520426 0.015686 0.357474
v -0.515699 0.013953 0.352455
v -0.540197 0.017284 0.368961
v -0.520148 0.016864 0.432231
v -0.486991 0.015132 0.426530
v -0.415709 0.023112 0.363971
v -0.424100 0.020940 0.359908
v -0.421537 0.022995 0.367304
v -0.488518 0.019436 0.315329
v -0.482844 0.019927 0.317542
v -0.514400 0.016136 0.431818
v -0.535302 0.011386 0.399808
v -0.575962 0.018946 0.338991
v -0.569843 0.016742 0.339432
v -0.479422 0.020344 0.400709
v -0.538594 0.013376 0.403181
v -0.546366 0.015000 0.399919
v -0.543094 0.015861 0.407744
v -0.479587 0.019565 0.408055
v -0.483939 0.016834 0.416622
v -0.477246 0.019212 0.416134
v -0.501823 0.014010 0.419727
v -0.505982 0.014514 0.412961
v -0.500388 0.014886 0.412176
v -0.501899 0.016069 0.404775
v -0.476505 0.020601 0.376607
v -0.519625 0.014294 0.382652
v -0.543537 0.018075 0.357415
v -0.547289 0.016816 0.350667
v -0.553584 0.019212 0.359473
v -0.570840 0.022637 0.391410
v -0.565109 0.021606 0.387502
v -0.539214 0.016814 0.414072
v -0.563964 0.021410 0.370690
v -0.532119 0.008959 0.390015
v -0.525911 0.009580 0.391871
v -0.528659 0.009697 0.385566
v -0.557927 0.019774 0.382732
v -0.555732 0.017857 0.352368
v -0.495324 0.014522 0.416962
v -0.497024 0.014652 0.414180
v -0.548624 0.014946 0.344833
v -0.570409 0.021923 0.364393
v -0.489795 0.015605 0.415815
v -0.552344 0.019389 0.364023
v -0.555203 0.019778 0.368082
v -0.552661 0.020848 0.421717
v -0.553649 0.019104 0.374452
v -0.547361 0.017412 0.374238
v -0.554858 0.012088 0.334162
v -0.524850 0.011180 0.399407
v -0.534691 0.012960 0.377771
v -0.578553 0.023461 0.368441
v -0.578720 0.023690 0.375703
v -0.545701 0.018986 0.417560
v -0.530787 0.012944 0.405606
v -0.560665 0.021669 0.416153
v -0.522260 0.010931 0.391507
v -0.530861 0.010055 0.396981
v -0.562437 0.020605 0.362785
v -0.547209 0.018638 0.364983
v -0.541205 0.014464 0.377624
v -0.563191 0.021146 0.378710
v -0.492258 0.015590 0.412432
v -0.554131 0.018117 0.388771
v -0.559487 0.020047 0.391090
v -0.557439 0.019686 0.397408
v -0.552103 0.018206 0.404514
v -0.575595 0.022708 0.365030
v -0.554591 0.020554 0.415361
v -0.548929 0.015858 0.392788
v -0.531740 0.014898 0.373772
v -0.613348 0.025925 0.332173
v -0.607630 0.026056 0.331611
v -0.609269 0.026204 0.324994
v -0.542870 0.013595 0.342286
v -0.540359 0.015808 0.373487
v -0.551710 0.019176 0.410779
v -0.540975 0.017085 0.352999
v -0.615746 0.024944 0.374894
v -0.609225 0.025115 0.369972
v -0.626401 0.025107 0.366020
v -0.565825 0.018535 0.349102
v -0.560446 0.017722 0.349411
v -0.441063 0.023084 0.370893
v -0.444255 0.024385 0.376119
v -0.434718 0.025175 0.377775
v -0.561032 0.021171 0.404349
v -0.526277 0.015139 0.374553
v -0.615344 0.026216 0.323693
v -0.480128 0.018791 0.338665
v -0.471490 0.020891 0.337792
v -0.485224 0.016011 0.422250
v -0.603137 0.025827 0.328569
v -0.445140 0.027117 0.405449
v -0.441409 0.027586 0.399928
v -0.620345 0.024761 0.384203
v -0.614276 0.024622 0.392079
v -0.609486 0.025057 0.382165
v -0.454913 0.021417 0.356901
v -0.461285 0.021419 0.348271
v -0.465044 0.020947 0.353416
v -0.502208 0.012447 0.342180
v -0.507862 0.011844 0.341437
v -0.502738 0.012138 0.347427
v -0.609154 0.027465 0.313282
v -0.605585 0.027219 0.311629
v -0.605569 0.025168 0.363433
v -0.602259 0.025152 0.370610
v -0.495930 0.014581 0.362605
v -0.488662 0.016152 0.365121
v -0.466261 0.023695 0.391779
v -0.473932 0.022020 0.388431
v -0.468958 0.023265 0.396091
v -0.450408 0.023233 0.329530
v -0.446692 0.023776 0.322780
v -0.452029 0.024180 0.285049
v -0.523572 0.016887 0.360585
v -0.428392 0.020323 0.351276
v -0.437003 0.020407 0.348800
v -0.459761 0.021985 0.365501
v -0.449686 0.023296 0.371323
v -0.449571 0.022062 0.365218
v -0.415862 0.027178 0.381217
v -0.425356 0.026442 0.381440
v -0.425066 0.028097 0.390566
v -0.494718 0.013011 0.351927
v -0.491707 0.013801 0.347654
v -0.497840 0.012675 0.346138
v -0.493130 0.018811 0.390379
v -0.490849 0.018894 0.395411
v -0.486250 0.019978 0.392668
v -0.457202 0.022437 0.335081
v -0.465765 0.021985 0.329730
v -0.463303 0.021798 0.340487
v -0.496398 0.017703 0.397853
v -0.502214 0.016865 0.397200
v -0.504479 0.017091 0.392005
v -0.511265 0.012083 0.347164
v -0.501186 0.012940 0.355550
v -0.505628 0.017513 0.383952
v -0.518434 0.016088 0.377322
v -0.511840 0.016808 0.381024
v -0.510128 0.017173 0.377323
v -0.499241 0.017829 0.392751
v -0.455483 0.025883 0.404136
v -0.450025 0.026563 0.407444
v -0.453284 0.026226 0.401426
v -0.483596 0.016842 0.363242
v -0.477885 0.018158 0.363105
v -0.482094 0.016412 0.357781
v -0.499435 0.018088 0.388332
v -0.641822 0.024604 0.389111
v -0.611792 0.025409 0.354987
v -0.624486 0.025424 0.347598
v -0.611512 0.026816 0.317956
v -0.484706 0.015584 0.350272
v -0.479285 0.017423 0.352780
v -0.462235 0.024188 0.410863
v -0.458605 0.025036 0.411933
v -0.459739 0.025044 0.405502
v -0.477456 0.021292 0.395347
v -0.434081 0.026985 0.386623
v -0.495812 0.017011 0.402949
v -0.473333 0.021847 0.382724
v -0.478949 0.020837 0.383986
v -0.404265 0.026237 0.371309
v -0.415084 0.024900 0.371128
v -0.447982 0.021279 0.360727
v -0.442134 0.021406 0.363979
v -0.420629 0.023719 0.289482
v -0.426540 0.024043 0.333294
v -0.430166 0.022899 0.337521
v -0.503914 0.013175 0.336424
v -0.472024 0.021404 0.307762
v -0.476537 0.020707 0.316927
v -0.420542 0.025491 0.311249
v -0.427421 0.025017 0.312901
v -0.419849 0.025794 0.377336
v -0.456717 0.025290 0.388613
v -0.459221 0.025165 0.396646
v -0.449982 0.026548 0.398185
v -0.496515 0.013495 0.341578
v -0.495953 0.014997 0.335939
v -0.496596 0.017069 0.327241
v -0.499169 0.015489 0.330995
v -0.475908 0.018612 0.350197
v -0.477839 0.020667 0.324261
v -0.514583 0.011536 0.340060
v -0.474387 0.018770 0.357640
v -0.470895 0.019814 0.353195
v -0.427647 0.023654 0.286973
v -0.428333 0.021943 0.367151
v -0.601734 0.025279 0.360785
v -0.472035 0.021270 0.323474
v -0.605215 0.025580 0.340398
v -0.603146 0.025403 0.351721
v -0.434775 0.024746 0.324207
v -0.488001 0.015853 0.341681
v -0.508487 0.013371 0.354382
v -0.482378 0.017555 0.342545
v -0.518420 0.013742 0.385554
v -0.490378 0.014492 0.359376
v -0.416926 0.028291 0.391054
v -0.423510 0.028569 0.401437
v -0.412300 0.028790 0.395976
v -0.619364 0.026019 0.327836
v -0.462118 0.023811 0.418654
v -0.454375 0.025560 0.414753
v -0.435143 0.022059 0.367440
v -0.457922 0.022848 0.325087
v -0.471019 0.020252 0.364996
v -0.467667 0.020458 0.359732
v -0.434617 0.024544 0.308437
v -0.432573 0.024980 0.317803
v -0.506343 0.014922 0.361679
v -0.598802 0.025332 0.348629
v -0.598930 0.025039 0.355111
v -0.598318 0.025225 0.337633
v -0.592250 0.024639 0.347415
v -0.591997 0.024183 0.338868
v -0.465592 0.023620 0.387668
v -0.422881 0.025329 0.325034
v -0.412973 0.025538 0.315292
v -0.569613 0.029487 0.274374
v -0.563806 0.027471 0.270718
v -0.566907 0.031282 0.264389
v -0.526243 0.013779 0.314809
v -0.532238 0.012312 0.315810
v -0.518473 0.018767 0.279409
v -0.526223 0.018122 0.275066
v -0.523154 0.018044 0.283880
v -0.543454 0.010743 0.319620
v -0.535860 0.010900 0.322773
v -0.538739 0.011822 0.314628
v -0.574332 0.027005 0.289285
v -0.567220 0.025432 0.284585
v -0.574740 0.028417 0.284479
v -0.536709 0.016476 0.274335
v -0.544534 0.015711 0.280979
v -0.537795 0.015789 0.285008
v -0.532653 0.012376 0.340967
v -0.522232 0.012586 0.344292
v -0.525968 0.011267 0.336978
v -0.557322 0.019478 0.287817
v -0.552672 0.017111 0.291834
v -0.550313 0.016502 0.286320
v -0.545775 0.015459 0.290850
v -0.485234 0.019548 0.308740
v -0.482269 0.020019 0.313995
v -0.479224 0.020239 0.310100
v -0.508045 0.018048 0.314242
v -0.500869 0.018529 0.315969
v -0.503778 0.019115 0.306043
v -0.527995 0.017393 0.281480
v -0.563565 0.021942 0.292339
v -0.558233 0.018759 0.295546
v -0.551028 0.014457 0.305103
v -0.544941 0.012564 0.310051
v -0.580659 0.032689 0.275851
v -0.580933 0.030354 0.284018
v -0.461925 0.023792 0.289304
v -0.547595 0.011655 0.333997
v -0.586181 0.029622 0.290479
v -0.585911 0.027806 0.296405
v -0.579948 0.027345 0.293526
v -0.486869 0.020173 0.294365
v -0.481813 0.021096 0.288822
v -0.488941 0.020118 0.287939
v -0.503700 0.017375 0.320376
v -0.509378 0.016396 0.319316
v -0.545888 0.010576 0.326396
v -0.493669 0.020007 0.274025
v -0.484659 0.022040 0.268360
v -0.534324 0.015559 0.291081
v -0.531119 0.015665 0.298001
v -0.528540 0.016826 0.288362
v -0.540061 0.015118 0.293229
v -0.591276 0.028562 0.297088
v -0.588163 0.027063 0.301383
v -0.542200 0.018959 0.260965
v -0.539291 0.020514 0.251656
v -0.545188 0.021421 0.253747
v -0.483399 0.020373 0.297084
v -0.532511 0.014372 0.347288
v -0.532706 0.016521 0.354240
v -0.545847 0.017081 0.270331
v -0.553372 0.019377 0.273579
v -0.551507 0.017269 0.279757
v -0.551775 0.016182 0.297949
v -0.558976 0.016978 0.303170
v -0.431666 0.024196 0.330491
v -0.475341 0.022771 0.279984
v -0.484747 0.021196 0.280361
v -0.532016 0.016390 0.284843
v -0.581104 0.034594 0.268687
v -0.577712 0.035512 0.261120
v -0.582668 0.036317 0.261098
v -0.527988 0.011130 0.327221
v -0.520108 0.011274 0.334589
v -0.558422 0.023314 0.272599
v -0.563397 0.025192 0.276742
v -0.565377 0.020669 0.298660
v -0.568178 0.019267 0.305002
v -0.473652 0.023296 0.272143
v -0.462828 0.024137 0.275874
v -0.491823 0.019495 0.296424
v -0.492558 0.019263 0.306281
v -0.487162 0.019533 0.301202
v -0.576856 0.021183 0.308459
v -0.587397 0.024818 0.308829
v -0.582075 0.021300 0.315464
v -0.591473 0.023904 0.331457
v -0.590961 0.023820 0.323256
v -0.601835 0.027630 0.307517
v -0.598395 0.026809 0.312952
v -0.582137 0.025407 0.300892
v -0.584664 0.023145 0.345594
v -0.575858 0.021893 0.354709
v -0.577088 0.020874 0.345934
v -0.591940 0.027169 0.303802
v -0.533706 0.010726 0.331683
v -0.588308 0.023544 0.316780
v -0.573757 0.023464 0.299272
v -0.516453 0.018229 0.299187
v -0.521707 0.017309 0.301404
v -0.577114 0.022638 0.360376
v -0.583065 0.023461 0.354866
v -0.580583 0.023458 0.362562
v -0.595944 0.024860 0.327178
v -0.588359 0.024218 0.358178
v -0.597210 0.025536 0.320476
v -0.601789 0.026113 0.319364
v -0.600462 0.028963 0.300205
v -0.605717 0.028374 0.303925
v -0.569183 0.017037 0.310918
v -0.563037 0.015655 0.309383
v -0.592960 0.025292 0.314999
v -0.603767 0.029648 0.296992
v -0.587114 0.023088 0.336829
v -0.581917 0.021275 0.337945
v -0.607539 0.029766 0.293758
v -0.491447 0.020069 0.279964
v -0.494057 0.019490 0.288262
v -0.599439 0.025619 0.325107
v -0.609588 0.027675 0.308451
v -0.564358 0.014102 0.314348
v -0.553133 0.010765 0.321981
v -0.570096 0.024267 0.293498
v -0.608084 0.028921 0.299913
v -0.610081 0.028361 0.303898
v -0.535867 0.017760 0.362984
v -0.585291 0.024272 0.367452
v -0.548639 0.021129 0.260364
v -0.539697 0.010548 0.327044
v -0.504494 0.019015 0.293678
v -0.510085 0.019010 0.297559
v -0.512978 0.017650 0.310733
v -0.510823 0.018453 0.308040
v -0.523299 0.017578 0.293663
v -0.467593 0.023322 0.283916
v -0.471702 0.022622 0.290583
v -0.574738 0.025451 0.293871
v -0.540407 0.015754 0.349144
v -0.553562 0.021878 0.266519
v -0.499669 0.019275 0.282234
v -0.514958 0.016623 0.314175
v -0.501692 0.016586 0.325761
v -0.508298 0.014079 0.328811
v -0.540143 0.011247 0.333817
v -0.535899 0.014454 0.346709
v -0.555650 0.012024 0.315179
v -0.424510 0.024333 0.373614
v -0.544182 0.014411 0.300710
v -0.585775 0.033368 0.275983
v -0.587818 0.031618 0.284048
v -0.560113 0.027052 0.265236
v -0.494999 0.018376 0.321890
v -0.495988 0.018984 0.313817
v -0.507171 0.015842 0.323858
v -0.517330 0.018985 0.272008
v -0.512444 0.012072 0.334944
v -0.471609 0.022118 0.298838
v -0.479747 0.020413 0.302936
v -0.497839 0.019285 0.296430
v -0.526445 0.016333 0.301067
v -0.529398 0.014739 0.306873
v -0.523025 0.015866 0.308438
v -0.465448 0.023204 0.381509
v -0.604191 0.024985 0.381189
v -0.537365 0.014633 0.299255
v -0.513601 0.014914 0.321937
v -0.510872 0.018704 0.303769
v -0.477927 0.021249 0.295632
v -0.577625 0.032696 0.272856
v -0.574602 0.033303 0.266978
v -0.532632 0.019553 0.259392
v -0.532302 0.018183 0.266689
v -0.525331 0.019355 0.264720
v -0.520208 0.014443 0.317767
v -0.518798 0.011774 0.340710
v -0.615572 0.025868 0.341657
v -0.562255 0.030106 0.259955
v -0.562613 0.011953 0.320681
v -0.472820 0.019951 0.345956
v -0.466409 0.022821 0.295324
v -0.531696 0.016870 0.279304
v -0.536561 0.012682 0.310755
v -0.539417 0.013295 0.306857
v -0.509963 0.019037 0.289375
v -0.516139 0.018655 0.289528
v -0.471698 0.023896 0.264655
v -0.445326 0.026964 0.409869
v -0.538848 0.017537 0.266834
v -0.518901 0.012477 0.326230
v -0.507009 0.019112 0.284509
v -0.514452 0.015514 0.384666
v -0.534720 0.013814 0.306135
v -0.558427 0.021009 0.279527
v -0.507721 0.019085 0.272325
v -0.537212 0.018800 0.261367
v -0.565922 0.032841 0.256996
v -0.575546 0.023526 0.384849
v -0.570730 0.022751 0.385987
v -0.608123 0.024714 0.393503
v -0.572841 0.023247 0.410733
v -0.571667 0.023122 0.404331
v -0.581079 0.024005 0.407260
v -0.574723 0.023697 0.417120
v -0.594418 0.024825 0.354551
v -0.584573 0.023887 0.427226
v -0.581023 0.023880 0.422081
v -0.587440 0.024091 0.421857
v -0.589795 0.024704 0.370381
v -0.586505 0.024658 0.377626
v -0.567655 0.022971 0.429678
v -0.594938 0.024771 0.398186
v -0.596651 0.024951 0.386779
v -0.600461 0.024901 0.391261
v -0.593544 0.024808 0.363684
v -0.597799 0.025252 0.369131
v -0.591157 0.024938 0.386636
v -0.588214 0.024577 0.399008
v -0.585314 0.024579 0.392751
v -0.574355 0.023512 0.423718
v -0.457149 0.024375 0.381788
v -0.512567 0.018976 0.281539
v -0.590921 0.024303 0.405611
v -0.587190 0.024135 0.414160
v -0.587540 0.024353 0.406591
v -0.578237 0.024027 0.392560
v -0.581680 0.024261 0.399083
v -0.527162 0.020573 0.255389
v -0.603304 0.025038 0.375543
v -0.432136 0.023276 0.371593
v -0.569558 0.023172 0.423114
v -0.449380 0.022104 0.340269
v -0.453677 0.021473 0.347042
v -0.444141 0.020804 0.348885
v -0.422802 0.022532 0.341400
v -0.446264 0.022671 0.335830
v -0.488123 0.014470 0.353973
v -0.587918 0.023457 0.437851
v -0.595521 0.023884 0.422906
v -0.599046 0.025356 0.343274
v -0.499758 0.017877 0.376177
v -0.473847 0.021584 0.402221
v -0.466008 0.022201 0.373914
v -0.420400 0.021601 0.347605
v -0.427186 0.021470 0.344746
v -0.581261 0.024041 0.383482
v -0.585365 0.024536 0.386307
v -0.502602 0.016458 0.369427
v -0.592923 0.025115 0.373605
v -0.415784 0.023198 0.342593
v -0.419270 0.021207 0.353534
v -0.466930 0.022995 0.410314
v -0.468065 0.023121 0.403635
v -0.470969 0.022123 0.407457
v -0.496373 0.017058 0.372251
v -0.466897 0.021172 0.345037
v -0.407515 0.024681 0.364003
v -0.447604 0.026566 0.415590
v -0.455182 0.025654 0.409106
v -0.405815 0.028184 0.384936
v -0.412849 0.022530 0.356886
v -0.474543 0.020841 0.410056
v -0.472629 0.020877 0.416148
v -0.470642 0.021844 0.412350
v -0.469126 0.021672 0.421277
v -0.466474 0.022244 0.426719
v -0.463874 0.024127 0.400943
v -0.464027 0.024044 0.406104
v -0.470975 0.020799 0.426025
v -0.468663 0.022396 0.416164
v -0.431216 0.027679 0.392087
v -0.429801 0.028154 0.396580
v -0.435880 0.027689 0.394795
v -0.453238 0.025380 0.423913
v -0.568058 0.022116 0.398243
v -0.562551 0.019480 0.355004
v -0.544873 0.017658 0.412648
v -0.561010 0.021394 0.410367
v -0.567128 0.022633 0.411208
v -0.568628 0.020724 0.357832
v -0.571122 0.018767 0.344975
v -0.570569 0.020467 0.351712
v -0.578073 0.018756 0.331849
v -0.567208 0.022814 0.415584
v -0.596851 0.025122 0.378175
v -0.600280 0.025176 0.380858
v -0.594284 0.024226 0.409518
v -0.602565 0.024308 0.404443
v -0.606498 0.023414 0.441584
v 0.130590 0.032589 0.202777
v 0.127580 0.032597 0.209502
v 0.136612 0.032985 0.207122
v 0.127806 0.036107 0.165638
v 0.128261 0.035848 0.173148
v 0.134209 0.035777 0.171141
v 0.133782 0.034485 0.184952
v 0.124913 0.035096 0.180329
v 0.125011 0.034346 0.189362
v 0.142926 0.034270 0.186268
v 0.137387 0.033754 0.193206
v 0.129940 0.033611 0.195479
v 0.123791 0.033373 0.196458
v 0.125533 0.032909 0.202353
v 0.133134 0.035389 0.176917
v 0.134795 0.033129 0.199464
v 0.142114 0.033666 0.200606
v 0.142203 0.035199 0.175530
v 0.143721 0.033785 0.192926
v 0.138192 0.036252 0.165158
v 0.131577 0.035694 0.158353
v 0.127411 0.035501 0.159888
v 0.123693 0.035875 0.155158
v 0.154227 0.040766 0.053013
v 0.158345 0.041154 0.061594
v 0.163444 0.041077 0.058231
v 0.269374 0.034597 0.204248
v 0.260201 0.035297 0.201195
v 0.263911 0.034189 0.208193
v 0.257381 0.032834 0.240144
v 0.256052 0.031911 0.249878
v 0.263787 0.031608 0.247962
v 0.140494 0.038552 0.110451
v 0.134305 0.038140 0.108067
v 0.137298 0.037764 0.114679
v 0.138199 0.036875 0.126393
v 0.138012 0.036899 0.132946
v 0.144022 0.037140 0.127903
v 0.145377 0.037224 0.133369
v 0.192142 0.041914 0.054532
v 0.195366 0.042008 0.064500
v 0.200251 0.041950 0.055529
v 0.220274 0.038123 0.128016
v 0.215349 0.038823 0.125488
v 0.217017 0.038339 0.129293
v 0.225080 0.038449 0.121709
v 0.221857 0.038396 0.124196
v 0.227306 0.038463 0.127396
v 0.218567 0.038407 0.132435
v 0.227222 0.038339 0.133672
v 0.223347 0.038050 0.131445
v 0.222248 0.038161 0.141886
v 0.222700 0.038006 0.135935
v 0.217269 0.038547 0.137349
v 0.227971 0.038069 0.139000
v 0.220742 0.038341 0.119501
v 0.227303 0.037276 0.142819
v 0.226556 0.037658 0.146426
v 0.232997 0.037752 0.144692
v 0.238046 0.035289 0.199094
v 0.226820 0.034908 0.199899
v 0.235507 0.034398 0.206792
v 0.223889 0.033991 0.208153
v 0.265528 0.035392 0.197578
v 0.268262 0.035858 0.194124
v 0.264231 0.035934 0.192765
v 0.269919 0.036508 0.188017
v 0.274867 0.035841 0.197286
v 0.259474 0.036230 0.188181
v 0.261347 0.037029 0.178862
v 0.258285 0.035527 0.194848
v 0.214556 0.029993 0.260136
v 0.211554 0.030144 0.268551
v 0.218918 0.029544 0.263760
v 0.134530 0.027719 0.322773
v 0.143088 0.027026 0.315622
v 0.134901 0.028030 0.307837
v 0.246915 0.028701 0.285838
v 0.243136 0.028661 0.296829
v 0.252359 0.028820 0.292223
v 0.245241 0.028531 0.309910
v 0.252933 0.028546 0.302389
v 0.124941 0.029134 0.324404
v 0.124206 0.029451 0.313801
v 0.192827 0.030017 0.259154
v 0.200700 0.030341 0.258181
v 0.197628 0.030523 0.253758
v 0.154871 0.028692 0.259303
v 0.159218 0.028951 0.267809
v 0.163284 0.028598 0.259742
v 0.229570 0.029321 0.291501
v 0.234490 0.028752 0.294513
v 0.234014 0.028850 0.285042
v 0.168901 0.029889 0.274137
v 0.176343 0.030555 0.280845
v 0.177741 0.029873 0.272170
v 0.236394 0.031092 0.252001
v 0.226327 0.030077 0.255431
v 0.232681 0.029867 0.260443
v 0.226277 0.029728 0.282384
v 0.239271 0.028544 0.274370
v 0.240438 0.028666 0.285519
v 0.246195 0.028582 0.277567
v 0.165189 0.025666 0.320293
v 0.172478 0.025193 0.316097
v 0.165607 0.026014 0.309944
v 0.184944 0.030062 0.281946
v 0.187553 0.029966 0.289129
v 0.195243 0.030130 0.282027
v 0.174637 0.029411 0.265031
v 0.258960 0.029082 0.268278
v 0.263401 0.029179 0.273806
v 0.264774 0.029438 0.268491
v 0.233409 0.028613 0.310253
v 0.231700 0.028447 0.322595
v 0.235256 0.028232 0.319594
v 0.126463 0.031904 0.274814
v 0.143044 0.031082 0.273360
v 0.132392 0.031234 0.266128
v 0.207880 0.030419 0.258222
v 0.190131 0.030095 0.271736
v 0.200814 0.030032 0.268072
v 0.272970 0.028821 0.290296
v 0.276990 0.028394 0.299614
v 0.281437 0.028437 0.292897
v 0.267584 0.029166 0.284099
v 0.262249 0.028974 0.289936
v 0.146010 0.029578 0.256807
v 0.138737 0.030091 0.254516
v 0.139948 0.030516 0.261938
v 0.219118 0.030172 0.256867
v 0.222076 0.029926 0.260220
v 0.117499 0.030302 0.292905
v 0.134600 0.031692 0.285727
v 0.123192 0.031681 0.283747
v 0.214166 0.030135 0.307886
v 0.206505 0.029913 0.312628
v 0.212231 0.029527 0.316053
v 0.213284 0.031154 0.296245
v 0.221007 0.030004 0.301919
v 0.239654 0.028327 0.317836
v 0.239235 0.028003 0.328318
v 0.149582 0.026613 0.330592
v 0.156592 0.026507 0.325445
v 0.150312 0.026930 0.320821
v 0.183661 0.031011 0.251210
v 0.183043 0.029879 0.264298
v 0.224713 0.029575 0.265273
v 0.202351 0.031098 0.290205
v 0.209846 0.031388 0.287659
v 0.271852 0.029338 0.279506
v 0.276340 0.029468 0.277405
v 0.271838 0.029734 0.270316
v 0.251095 0.028741 0.264029
v 0.246657 0.028438 0.271884
v 0.280187 0.027869 0.311621
v 0.275871 0.028096 0.312664
v 0.282400 0.028002 0.314183
v 0.230609 0.027935 0.334225
v 0.193887 0.030027 0.302522
v 0.183733 0.029250 0.302979
v 0.194183 0.029169 0.312988
v 0.217942 0.029284 0.315035
v 0.239395 0.030593 0.256707
v 0.188802 0.029652 0.296175
v 0.193682 0.030132 0.290752
v 0.203389 0.030715 0.302647
v 0.167302 0.027944 0.302085
v 0.173340 0.029469 0.298621
v 0.163296 0.029157 0.294250
v 0.230651 0.029224 0.270477
v 0.225200 0.029654 0.275117
v 0.164953 0.029117 0.254678
v 0.170436 0.029267 0.256862
v 0.166448 0.029905 0.249821
v 0.215617 0.029199 0.321130
v 0.224124 0.028788 0.320695
v 0.155880 0.026207 0.332702
v 0.240499 0.029486 0.262629
v 0.143571 0.026943 0.326315
v 0.267315 0.029241 0.277248
v 0.262548 0.029236 0.281318
v 0.162705 0.026136 0.329756
v 0.172156 0.026417 0.327944
v 0.149142 0.029637 0.265418
v 0.206634 0.029339 0.323035
v 0.218154 0.028799 0.329329
v 0.177612 0.030086 0.256811
v 0.252288 0.028391 0.317469
v 0.257790 0.028402 0.311430
v 0.175168 0.028064 0.305963
v 0.152033 0.029803 0.285627
v 0.145404 0.029264 0.291701
v 0.212148 0.031055 0.283169
v 0.217086 0.030845 0.287751
v 0.132387 0.026397 0.341249
v 0.141298 0.025646 0.338817
v 0.129266 0.027815 0.333419
v 0.166616 0.030277 0.285589
v 0.178529 0.030454 0.291503
v 0.267605 0.027345 0.326032
v 0.260016 0.028047 0.318959
v 0.256307 0.027940 0.324038
v 0.186084 0.027423 0.321057
v 0.187397 0.028321 0.330202
v 0.194982 0.028665 0.325927
v 0.196262 0.030330 0.296938
v 0.219315 0.030938 0.249341
v 0.214119 0.030824 0.253595
v 0.245640 0.028471 0.317687
v 0.186120 0.027684 0.314760
v 0.175397 0.026328 0.311363
v 0.171027 0.025555 0.321093
v 0.167412 0.028892 0.265063
v 0.157051 0.029854 0.276797
v 0.131733 0.029876 0.296237
v 0.123710 0.029700 0.303532
v 0.255199 0.029034 0.280690
v 0.251355 0.028618 0.271759
v 0.157841 0.026233 0.316744
v 0.152883 0.026473 0.309680
v 0.159145 0.027363 0.300990
v 0.153986 0.028443 0.293882
v 0.149367 0.027512 0.299233
v 0.152326 0.029005 0.251476
v 0.158824 0.030020 0.245433
v 0.151527 0.029338 0.246666
v 0.267720 0.028021 0.317009
v 0.182700 0.030009 0.274699
v 0.203089 0.030974 0.252829
v 0.260660 0.028360 0.304591
v 0.140812 0.028459 0.298119
v 0.138219 0.029975 0.292261
v 0.151595 0.025621 0.337986
v 0.131033 0.030353 0.257880
v 0.144318 0.027167 0.305644
v 0.213437 0.030646 0.277743
v 0.205684 0.030821 0.279719
v 0.217313 0.030622 0.281114
v 0.220311 0.030063 0.273798
v 0.160154 0.028985 0.253403
v 0.170018 0.030038 0.293312
v 0.247821 0.030116 0.258905
v 0.222476 0.030248 0.293766
v 0.228734 0.030685 0.247511
v 0.227810 0.029285 0.300229
v 0.223183 0.029218 0.309340
v 0.122188 0.030669 0.263071
v 0.176988 0.026024 0.320918
v 0.180211 0.027045 0.326649
v 0.180716 0.028321 0.334310
v 0.277048 0.029207 0.283481
v 0.225124 0.029632 0.271957
v 0.144537 0.029742 0.248353
v 0.179926 0.026306 0.315488
v 0.183195 0.027801 0.310403
v 0.113775 0.031081 0.281453
v 0.276350 0.027832 0.319782
v 0.152224 0.029621 0.271160
v 0.249884 0.027800 0.328601
v 0.243984 0.028210 0.322563
v 0.192828 0.031044 0.249708
v 0.248974 0.028107 0.321778
v 0.267355 0.028111 0.309207
v 0.201072 0.031039 0.283734
v 0.260838 0.029940 0.260944
v 0.266915 0.029766 0.262718
v 0.252012 0.030782 0.256343
v 0.280358 0.032247 0.252236
v 0.273392 0.030748 0.260138
v 0.281084 0.030822 0.262734
v 0.230504 0.033531 0.214671
v 0.224466 0.033721 0.221232
v 0.232463 0.033822 0.222303
v 0.231525 0.031525 0.242040
v 0.230361 0.032386 0.237165
v 0.222772 0.031821 0.240825
v 0.251928 0.034877 0.221092
v 0.256834 0.034391 0.217736
v 0.251064 0.034655 0.212112
v 0.236480 0.031987 0.244983
v 0.260253 0.037906 0.144690
v 0.261184 0.038043 0.138755
v 0.256274 0.037761 0.142585
v 0.256272 0.035037 0.205430
v 0.249496 0.035581 0.198120
v 0.238397 0.034030 0.213209
v 0.238037 0.034052 0.218297
v 0.244471 0.034529 0.217641
v 0.266771 0.033341 0.215889
v 0.259104 0.033941 0.212297
v 0.286894 0.033311 0.231917
v 0.289504 0.032601 0.224896
v 0.280664 0.033396 0.232671
v 0.246553 0.031420 0.253441
v 0.245836 0.032313 0.244589
v 0.238757 0.035645 0.182019
v 0.246406 0.035416 0.185547
v 0.247000 0.035741 0.178870
v 0.287059 0.033833 0.237905
v 0.280388 0.032875 0.242370
v 0.242588 0.038151 0.143622
v 0.246329 0.038197 0.140503
v 0.243443 0.038186 0.137419
v 0.272219 0.031634 0.246254
v 0.256694 0.037858 0.168076
v 0.264571 0.037739 0.171544
v 0.266281 0.038314 0.165126
v 0.230631 0.035377 0.192456
v 0.235195 0.038633 0.135580
v 0.237654 0.039515 0.125124
v 0.235681 0.037290 0.153100
v 0.244120 0.037799 0.153158
v 0.239365 0.037164 0.151761
v 0.230587 0.039369 0.120202
v 0.287073 0.033238 0.245763
v 0.262125 0.033868 0.220050
v 0.257728 0.034682 0.223470
v 0.225715 0.038915 0.116674
v 0.246967 0.034793 0.225127
v 0.267258 0.032429 0.241271
v 0.221081 0.034820 0.202848
v 0.218412 0.035717 0.197461
v 0.268901 0.030588 0.254481
v 0.248198 0.038430 0.137366
v 0.245311 0.038526 0.134597
v 0.239937 0.034300 0.224316
v 0.243885 0.034230 0.230976
v 0.273692 0.032903 0.238294
v 0.273595 0.033496 0.233307
v 0.246049 0.035642 0.190694
v 0.239889 0.035497 0.192815
v 0.239180 0.037578 0.149099
v 0.243498 0.037734 0.148665
v 0.250475 0.037624 0.142632
v 0.252532 0.035743 0.190276
v 0.243929 0.039464 0.114795
v 0.243715 0.039456 0.110683
v 0.237578 0.040043 0.114778
v 0.227281 0.033529 0.226880
v 0.225068 0.032884 0.232889
v 0.234238 0.033668 0.230507
v 0.270136 0.029544 0.275233
v 0.250957 0.038932 0.123960
v 0.247221 0.038909 0.118491
v 0.244646 0.038414 0.124184
v 0.238710 0.033038 0.238344
v 0.248078 0.033271 0.237194
v 0.268134 0.033898 0.224380
v 0.237604 0.037826 0.168115
v 0.232367 0.037725 0.161014
v 0.229592 0.037596 0.166900
v 0.247308 0.038630 0.130737
v 0.242917 0.038620 0.128224
v 0.242201 0.038275 0.131997
v 0.251770 0.032234 0.247104
v 0.230671 0.039834 0.113256
v 0.234310 0.040182 0.108431
v 0.278167 0.034079 0.214609
v 0.273654 0.033470 0.219520
v 0.280466 0.033269 0.222442
v 0.261749 0.034271 0.227145
v 0.260237 0.033428 0.233007
v 0.266978 0.033875 0.233223
v 0.258910 0.030941 0.255383
v 0.253893 0.033925 0.229722
v 0.253473 0.035938 0.182980
v 0.275247 0.034605 0.209411
v 0.279324 0.034886 0.209972
v 0.240281 0.039996 0.106519
v 0.219954 0.033283 0.227721
v 0.243183 0.034565 0.210675
v 0.252982 0.038429 0.129689
v 0.242460 0.038874 0.119359
v 0.271485 0.033750 0.212046
v 0.274270 0.033768 0.227619
v 0.254431 0.034793 0.208448
v 0.252973 0.036651 0.176450
v 0.246190 0.037591 0.171091
v 0.221341 0.033592 0.215572
v 0.212310 0.032927 0.223113
v 0.251602 0.035405 0.205368
v 0.224537 0.035319 0.194915
v 0.223451 0.035908 0.189232
v 0.243896 0.038264 0.162128
v 0.284622 0.033824 0.214352
v 0.253443 0.038382 0.136196
v 0.258487 0.038749 0.129913
v 0.241368 0.035516 0.188168
v 0.236024 0.035595 0.187883
v 0.244657 0.035150 0.205089
v 0.216329 0.032545 0.234684
v 0.276279 0.035316 0.205411
v 0.238911 0.036543 0.175028
v 0.248281 0.037694 0.148379
v 0.270003 0.037656 0.176476
v 0.230492 0.035909 0.185045
v 0.262485 0.037917 0.158962
v 0.253086 0.038081 0.158592
v 0.225019 0.036705 0.179838
v 0.231241 0.036915 0.172566
v 0.223787 0.036606 0.171612
v 0.171053 0.041075 0.058811
v 0.176633 0.041370 0.053561
v 0.168703 0.040860 0.049337
v 0.206684 0.037052 0.166170
v 0.203387 0.037643 0.159546
v 0.200265 0.037308 0.165217
v 0.215882 0.034936 0.205327
v 0.210954 0.035736 0.202047
v 0.206424 0.034390 0.208349
v 0.173153 0.034963 0.186962
v 0.176407 0.034801 0.194030
v 0.180605 0.035311 0.187886
v 0.212579 0.037858 0.161577
v 0.210289 0.038437 0.154444
v 0.190776 0.039024 0.110432
v 0.182793 0.039147 0.109739
v 0.184567 0.038990 0.115389
v 0.172959 0.037525 0.151408
v 0.173831 0.037507 0.143815
v 0.166692 0.037688 0.152230
v 0.232949 0.036107 0.178420
v 0.189509 0.037884 0.127262
v 0.189551 0.038543 0.119702
v 0.181452 0.038389 0.121389
v 0.192784 0.037228 0.176554
v 0.202462 0.036853 0.173538
v 0.193200 0.037513 0.168638
v 0.213939 0.036831 0.170254
v 0.222639 0.037517 0.163289
v 0.193806 0.039616 0.105756
v 0.195165 0.038898 0.108426
v 0.222117 0.039251 0.113003
v 0.217723 0.039342 0.110663
v 0.216342 0.039080 0.116553
v 0.190102 0.037351 0.139203
v 0.189316 0.037696 0.134141
v 0.183389 0.037154 0.138061
v 0.205882 0.040081 0.094513
v 0.202749 0.039935 0.095288
v 0.206608 0.039824 0.101374
v 0.215180 0.036427 0.187485
v 0.207982 0.036470 0.185763
v 0.210834 0.036396 0.179532
v 0.192038 0.041635 0.071418
v 0.195656 0.041583 0.072989
v 0.177528 0.039419 0.101082
v 0.177548 0.039987 0.096272
v 0.173827 0.039169 0.098213
v 0.211031 0.036460 0.196164
v 0.145515 0.036910 0.151168
v 0.151518 0.036729 0.142651
v 0.145716 0.036449 0.144477
v 0.190059 0.041678 0.076678
v 0.154223 0.038367 0.121299
v 0.152917 0.038496 0.115799
v 0.149617 0.037826 0.117476
v 0.192335 0.037464 0.143283
v 0.198877 0.037610 0.139962
v 0.193787 0.037904 0.139842
v 0.214462 0.038794 0.142720
v 0.208776 0.038512 0.147296
v 0.219222 0.038822 0.149353
v 0.142296 0.036995 0.135434
v 0.140344 0.036988 0.138281
v 0.145757 0.036603 0.139158
v 0.190632 0.039559 0.101645
v 0.198329 0.039509 0.105228
v 0.256435 0.037305 0.148263
v 0.140017 0.039256 0.093000
v 0.151051 0.039480 0.089019
v 0.144158 0.039906 0.085411
v 0.255048 0.038601 0.126082
v 0.195579 0.035026 0.206852
v 0.186513 0.035062 0.201063
v 0.184166 0.034046 0.210643
v 0.151296 0.037236 0.135939
v 0.226809 0.039267 0.111617
v 0.162058 0.035497 0.183875
v 0.167548 0.035105 0.186989
v 0.168323 0.036095 0.177765
v 0.204368 0.036430 0.181759
v 0.202187 0.036603 0.187083
v 0.198159 0.036953 0.150330
v 0.218036 0.038430 0.156404
v 0.226700 0.037850 0.154942
v 0.135423 0.036271 0.140037
v 0.134886 0.036233 0.146293
v 0.140529 0.036426 0.143515
v 0.194871 0.035967 0.199157
v 0.198701 0.036449 0.193118
v 0.189825 0.036212 0.191350
v 0.208376 0.039391 0.120657
v 0.206677 0.038485 0.132130
v 0.151215 0.036586 0.159883
v 0.156835 0.037263 0.149736
v 0.182456 0.034894 0.195279
v 0.159063 0.037188 0.160798
v 0.154191 0.036534 0.170387
v 0.162515 0.036891 0.169606
v 0.196001 0.036512 0.187492
v 0.198000 0.036458 0.181513
v 0.258585 0.037614 0.153618
v 0.252462 0.037823 0.152905
v 0.207430 0.038103 0.140977
v 0.160387 0.036199 0.177024
v 0.211817 0.038259 0.137580
v 0.197384 0.041772 0.081426
v 0.204674 0.041479 0.085142
v 0.205505 0.041206 0.079505
v 0.189152 0.041373 0.083704
v 0.193558 0.041102 0.088961
v 0.214333 0.038567 0.132452
v 0.170748 0.037356 0.126654
v 0.175184 0.037559 0.126945
v 0.172273 0.037679 0.123949
v 0.137283 0.037222 0.121090
v 0.130712 0.037931 0.117059
v 0.196561 0.038015 0.136482
v 0.196991 0.037847 0.132848
v 0.179084 0.037244 0.140028
v 0.176217 0.036788 0.134903
v 0.206492 0.036729 0.192264
v 0.203917 0.036313 0.200087
v 0.151391 0.040942 0.072156
v 0.160850 0.040965 0.067713
v 0.154749 0.041103 0.065224
v 0.161378 0.037560 0.131241
v 0.158734 0.038012 0.126695
v 0.156788 0.037356 0.132996
v 0.191974 0.036603 0.183430
v 0.203986 0.039683 0.112047
v 0.140724 0.040640 0.082333
v 0.138129 0.041025 0.077289
v 0.152244 0.037330 0.139170
v 0.155249 0.037195 0.138033
v 0.172789 0.037170 0.159533
v 0.168437 0.036724 0.168468
v 0.174332 0.036436 0.170239
v 0.185541 0.036031 0.181727
v 0.177708 0.035753 0.179896
v 0.178797 0.037633 0.150477
v 0.203389 0.037780 0.144830
v 0.187146 0.037274 0.148123
v 0.163031 0.039156 0.098376
v 0.154503 0.039486 0.098581
v 0.165273 0.038909 0.105321
v 0.166111 0.037296 0.140247
v 0.152549 0.039851 0.018174
v 0.155339 0.039285 0.008570
v 0.144129 0.039558 0.013470
v 0.229544 0.037173 0.149718
v 0.225656 0.037973 0.149839
v 0.208309 0.031810 0.246770
v 0.279505 0.027333 0.327476
v 0.258804 0.028610 0.298401
v 0.285341 0.027697 0.320668
v 0.291665 0.027984 0.310948
v 0.172348 0.041176 0.035732
v 0.163164 0.041113 0.034604
v 0.167541 0.040931 0.041021
v 0.156530 0.040405 0.027422
v 0.151599 0.039944 0.034639
v 0.157646 0.040715 0.034644
v 0.158990 0.040858 0.043338
v 0.173689 0.041128 0.044642
v 0.161578 0.040088 0.016803
v 0.166274 0.040692 0.026319
v 0.137466 0.040849 0.072115
v 0.142121 0.041133 0.071662
v 0.136458 0.041068 0.067118
v 0.145732 0.039988 0.025366
v 0.181399 0.037439 0.143744
v 0.148410 0.040258 0.043402
v 0.142529 0.039927 0.034798
v 0.144802 0.040773 0.078279
v 0.149556 0.040551 0.081412
v 0.152748 0.041123 0.059341
v 0.156177 0.040944 0.081622
v 0.166084 0.041517 0.081696
v 0.160004 0.041394 0.075820
v 0.149198 0.041188 0.062970
v 0.143170 0.041462 0.054241
v 0.143424 0.041170 0.064661
v 0.291040 0.028164 0.299688
v 0.282457 0.028181 0.306334
v 0.137517 0.036128 0.150527
v 0.217823 0.036712 0.177850
v 0.185044 0.037373 0.156880
v 0.177751 0.041149 0.065521
v 0.172413 0.041168 0.074697
v 0.181318 0.041106 0.076599
v 0.182820 0.037433 0.130598
v 0.162022 0.039721 0.094002
v 0.185347 0.041702 0.058877
v 0.131629 0.037016 0.126979
v 0.229870 0.039625 0.108134
v 0.267904 0.028386 0.300318
v 0.172344 0.038897 0.102304
v 0.171710 0.038635 0.106760
v 0.214298 0.033014 0.228989
v 0.150779 0.037583 0.122482
v 0.146923 0.037701 0.123016
v 0.150987 0.037914 0.127654
v 0.197558 0.038579 0.118747
v 0.195822 0.038825 0.122013
v 0.200463 0.038694 0.120577
v 0.208239 0.041162 0.090231
v 0.211048 0.040154 0.096350
v 0.197597 0.038752 0.113249
v 0.201585 0.038397 0.126902
v 0.159230 0.038917 0.115623
v 0.214464 0.039918 0.101401
v 0.212482 0.039650 0.105015
v 0.216848 0.038899 0.106069
v 0.183762 0.036742 0.171930
v 0.194152 0.038652 0.118274
v 0.193213 0.038843 0.121224
v 0.150028 0.036744 0.139205
v 0.168636 0.040856 0.067106
v 0.165533 0.037039 0.161970
v 0.221944 0.039993 0.102196
v 0.221079 0.039595 0.107674
v 0.225807 0.039617 0.106825
v 0.187042 0.041583 0.068907
v 0.167563 0.040500 0.090094
v 0.160013 0.040471 0.087730
v 0.172039 0.036893 0.130355
v 0.166541 0.037426 0.130520
v 0.170849 0.037163 0.134452
v 0.177145 0.039042 0.106870
v 0.143680 0.036461 0.160154
v 0.188725 0.040026 0.093803
v 0.182963 0.039962 0.097845
v 0.176570 0.038447 0.118730
v 0.174220 0.038176 0.121883
v 0.217778 0.040519 0.096943
v 0.214715 0.041299 0.092234
v 0.211845 0.039731 0.110653
v 0.199560 0.033970 0.212785
v 0.233060 0.040131 0.101500
v 0.201201 0.041204 0.089826
v 0.194781 0.037102 0.160798
v 0.205466 0.033052 0.216419
v 0.200325 0.032607 0.224189
v 0.162702 0.037345 0.128738
v 0.214133 0.033406 0.212562
v 0.132137 0.035792 0.151033
v 0.129357 0.036323 0.144899
v 0.143274 0.038315 0.116774
v 0.183602 0.039455 0.104329
v 0.168195 0.039425 0.097507
v 0.137375 0.039627 0.088620
v 0.134767 0.039762 0.090451
v 0.157197 0.039580 0.091905
v 0.165415 0.041361 0.074024
v 0.183325 0.041377 0.045294
v 0.187028 0.037199 0.164274
v 0.180603 0.036779 0.164905
v 0.149893 0.038679 0.102389
v 0.145406 0.038802 0.100513
v 0.148844 0.038408 0.109395
v 0.158540 0.037275 0.141205
v 0.172343 0.037367 0.137670
v 0.203052 0.041188 0.072999
v 0.196359 0.038237 0.125799
v 0.192901 0.038254 0.123957
v 0.173516 0.040087 0.093536
v 0.180587 0.040443 0.091876
v 0.174050 0.041181 0.087231
v 0.186655 0.037167 0.142589
v 0.138452 0.035776 0.156354
v 0.155948 0.039230 0.106091
v 0.165596 0.037972 0.118983
v 0.169287 0.038168 0.114079
v 0.140284 0.038390 0.104420
v 0.197342 0.039987 0.096270
v 0.163793 0.038002 0.123934
v 0.161169 0.037017 0.135943
v 0.186626 0.040804 0.088842
v 0.181952 0.041197 0.084516
v 0.169981 0.038097 0.108788
v 0.169093 0.037313 0.122141
v 0.146506 0.039168 0.095545
v 0.205762 0.041361 0.063519
v 0.142112 0.037813 0.122913
v 0.173432 0.038528 0.117524
v 0.177321 0.038987 0.114225
v 0.219587 0.041069 0.094207
v 0.281946 0.028095 0.299652
v 0.285379 0.028178 0.298034
v 0.258975 0.027058 0.331417
v 0.288707 0.028410 0.291220
v 0.274205 0.028201 0.306398
v 0.194204 0.037795 0.137147
v 0.294392 0.027116 0.323993
v 0.286675 0.027150 0.327620
v 0.136684 0.038572 0.100464
v 0.131347 0.039186 0.098528
v 0.173457 0.038855 0.109653
v 0.175032 0.041288 0.081140
v 0.282656 0.029005 0.283208
v 0.280551 0.029899 0.272652
v 0.212738 0.041117 0.084805
v 0.161387 0.041024 0.063066
v 0.209781 0.032510 0.231913
v 0.278726 0.028784 0.287456
v 0.196994 0.033370 0.218641
v 0.224646 0.040685 0.095784
v 0.221643 0.041261 0.090291
v 0.185439 0.041008 0.080875
v 0.151731 0.038666 0.103667
v 0.129348 0.036771 0.136451
v 0.161002 0.034662 0.201345
v 0.150827 0.033854 0.203745
v 0.157250 0.033680 0.210399
v 0.149766 0.033902 0.196682
v 0.191664 0.032898 0.228246
v 0.185216 0.033033 0.233902
v 0.192867 0.032145 0.236214
v 0.154280 0.033090 0.218855
v 0.146548 0.033975 0.209970
v 0.174638 0.032735 0.217589
v 0.175123 0.033409 0.210260
v 0.167074 0.033338 0.211391
v 0.171445 0.035362 0.199793
v 0.166243 0.035124 0.196688
v 0.140943 0.033623 0.212231
v 0.136193 0.033253 0.215544
v 0.144075 0.033352 0.217489
v 0.216303 0.031803 0.244317
v 0.139320 0.033100 0.221935
v 0.133703 0.032449 0.228118
v 0.146365 0.032296 0.226751
v 0.162308 0.032997 0.216459
v 0.164113 0.032440 0.223961
v 0.167732 0.032815 0.217580
v 0.178572 0.033093 0.230872
v 0.178591 0.032297 0.240081
v 0.152073 0.031157 0.233480
v 0.155703 0.032174 0.226695
v 0.162709 0.034992 0.191741
v 0.190968 0.033673 0.221292
v 0.195355 0.033069 0.222977
v 0.214611 0.032207 0.240943
v 0.209831 0.032508 0.237981
v 0.155747 0.034730 0.192909
v 0.156527 0.034930 0.187642
v 0.138338 0.031518 0.233961
v 0.144955 0.031299 0.233560
v 0.170717 0.034691 0.205646
v 0.150013 0.034322 0.189350
v 0.201963 0.031980 0.237059
v 0.197803 0.032171 0.231143
v 0.168962 0.030992 0.242199
v 0.173988 0.030803 0.248767
v 0.192361 0.033952 0.214588
v 0.133365 0.032656 0.221438
v 0.179129 0.034819 0.199421
v 0.162793 0.031379 0.234783
v 0.172280 0.032231 0.234796
v 0.172424 0.032584 0.227558
v 0.134873 0.035631 0.154556
v 0.184343 0.033727 0.218834
v 0.153205 0.035389 0.181108
v 0.121513 0.031707 0.230626
v 0.129652 0.031675 0.235236
v 0.133721 0.029815 0.249447
v 0.120061 0.029759 0.252114
v 0.141347 0.030443 0.240321
v 0.199483 0.031227 0.249295
v 0.159461 0.031701 0.230008
v 0.169459 0.034924 0.193059
v 0.185191 0.033678 0.225764
v 0.128765 0.032730 0.217590
v 0.145795 0.036333 0.166308
v 0.196564 0.031604 0.243434
v 0.179199 0.033541 0.223878
v 0.178121 0.034591 0.204745
v 0.120239 0.030804 0.241051
v 0.129293 0.030134 0.244533
v 0.151711 0.030095 0.241456
v 0.126429 0.032586 0.223378
v 0.131962 0.030900 0.239277
v 0.187452 0.031824 0.242480
v 0.203826 0.032257 0.229441
v 0.120918 0.032392 0.215829
v 0.287019 0.031875 0.256744
v 0.288664 0.032530 0.251175
v 0.210722 0.041037 0.076911
v 0.026901 0.025965 0.354620
v 0.028618 0.026190 0.366897
v 0.103711 0.026214 0.369516
v 0.097367 0.026218 0.374836
v 0.105386 0.027034 0.378359
v 0.093567 0.025425 0.393770
v 0.099976 0.024597 0.401008
v 0.106135 0.027090 0.396735
v 0.124459 0.027330 0.342671
v 0.114000 0.028100 0.339299
v 0.117549 0.027467 0.347719
v 0.101972 0.027450 0.389699
v 0.091411 0.026357 0.386753
v 0.129205 0.016648 0.454308
v 0.130727 0.018492 0.441072
v 0.123970 0.016985 0.447938
v 0.089576 0.020902 0.410573
v 0.082939 0.022074 0.403612
v 0.079409 0.021340 0.413817
v 0.122268 0.018886 0.432416
v 0.116954 0.017124 0.443304
v 0.079675 0.023721 0.395772
v 0.085812 0.023553 0.396534
v 0.108904 0.016979 0.442006
v 0.112827 0.018164 0.432153
v 0.106050 0.017945 0.432949
v 0.092183 0.017493 0.437660
v 0.098687 0.018313 0.430429
v 0.088593 0.018524 0.429444
v 0.038793 0.024963 0.318626
v 0.039212 0.025741 0.329505
v 0.045851 0.026796 0.321406
v 0.120141 0.021468 0.419918
v 0.126832 0.021271 0.424376
v 0.126434 0.023234 0.418171
v 0.092215 0.026964 0.345209
v 0.104025 0.027728 0.340809
v 0.097316 0.028042 0.335662
v 0.064090 0.026177 0.372621
v 0.075533 0.026157 0.371657
v 0.068034 0.025544 0.362855
v 0.039597 0.024779 0.342567
v 0.031607 0.024250 0.337725
v 0.031709 0.024691 0.348472
v 0.059763 0.024621 0.414995
v 0.063302 0.025096 0.406681
v 0.055446 0.025820 0.406417
v 0.125387 0.016232 0.455161
v 0.124321 0.027869 0.364375
v 0.115913 0.027663 0.366672
v 0.120486 0.028306 0.370503
v 0.117367 0.027413 0.357473
v 0.125019 0.026926 0.353527
v 0.103371 0.027760 0.543311
v 0.094496 0.028561 0.547453
v 0.099659 0.029105 0.554964
v 0.082589 0.025973 0.355276
v 0.087238 0.025499 0.364122
v 0.095460 0.025682 0.359568
v 0.026645 0.023982 0.334330
v 0.029651 0.023187 0.325079
v 0.066695 0.027859 0.332444
v 0.076135 0.028051 0.328723
v 0.068716 0.028100 0.323432
v 0.112839 0.019777 0.423118
v 0.111125 0.022236 0.414050
v 0.103256 0.020470 0.417093
v 0.108137 0.026773 0.361257
v 0.111639 0.027316 0.352303
v 0.103961 0.027012 0.350280
v 0.063446 0.028746 0.555964
v 0.060313 0.027379 0.543898
v 0.051761 0.027409 0.548981
v 0.110991 0.027495 0.345572
v 0.074842 0.026922 0.342362
v 0.086869 0.027950 0.333545
v 0.119057 0.028447 0.398853
v 0.112015 0.028356 0.392716
v 0.099929 0.022016 0.409131
v 0.095376 0.020201 0.415914
v 0.075159 0.024654 0.391882
v 0.075661 0.023259 0.400756
v 0.082788 0.026391 0.380308
v 0.096793 0.026751 0.381547
v 0.047714 0.027075 0.332344
v 0.053560 0.027713 0.322898
v 0.112985 0.016089 0.454614
v 0.101604 0.016311 0.450641
v 0.102750 0.015819 0.459652
v 0.070686 0.023523 0.407785
v 0.067297 0.025694 0.390403
v 0.087149 0.024146 0.515800
v 0.089159 0.022361 0.506757
v 0.077995 0.023685 0.511861
v 0.078362 0.025790 0.363614
v 0.061413 0.028072 0.323070
v 0.057160 0.027833 0.331610
v 0.082564 0.025291 0.389117
v 0.075650 0.025584 0.385502
v 0.087899 0.019730 0.419746
v 0.068015 0.022224 0.421563
v 0.080496 0.019675 0.424501
v 0.109996 0.027007 0.368185
v 0.114804 0.028008 0.375378
v 0.044752 0.026948 0.376605
v 0.056493 0.026643 0.379582
v 0.051081 0.026054 0.366974
v 0.093984 0.025695 0.368791
v 0.087240 0.025922 0.372744
v 0.132263 0.026572 0.358582
v 0.133866 0.025785 0.349257
v 0.134232 0.028089 0.367111
v 0.126000 0.029016 0.373302
v 0.124729 0.029729 0.383046
v 0.134351 0.029908 0.377083
v 0.097027 0.019262 0.422305
v 0.058159 0.029945 0.575917
v 0.057860 0.029799 0.571949
v 0.054584 0.029668 0.575917
v 0.110792 0.025410 0.404911
v 0.134367 0.030723 0.385751
v 0.130723 0.030337 0.393851
v 0.128161 0.029945 0.389227
v 0.072647 0.026249 0.379681
v 0.061660 0.026644 0.340392
v 0.053159 0.026772 0.338918
v 0.055082 0.024997 0.347969
v 0.002064 0.021284 0.575917
v 0.002074 0.021284 0.575917
v 0.071581 0.025591 0.354450
v 0.051116 0.025787 0.407735
v 0.052402 0.024961 0.414839
v 0.120645 0.024024 0.412801
v 0.131506 0.026045 0.413517
v 0.122814 0.026828 0.406408
v 0.085903 0.028859 0.320783
v 0.131574 0.020899 0.429162
v 0.105341 0.019058 0.425624
v 0.111315 0.028235 0.385167
v 0.121607 0.029431 0.391076
v 0.119190 0.016422 0.451128
v 0.047423 0.028642 0.567341
v 0.037713 0.027674 0.568538
v 0.041938 0.028504 0.575917
v 0.107122 0.026612 0.366833
v 0.010559 0.022162 0.575914
v 0.012487 0.021436 0.572551
v 0.006544 0.021604 0.575915
v 0.054638 0.026534 0.392376
v 0.091526 0.022700 0.402090
v 0.130915 0.028782 0.403120
v 0.096862 0.029021 0.327065
v 0.106544 0.028859 0.332701
v 0.076164 0.018486 0.433344
v 0.038819 0.028145 0.575917
v 0.100632 0.017288 0.439847
v 0.064267 0.025477 0.348110
v 0.047696 0.025689 0.342815
v 0.039735 0.026044 0.362480
v 0.032856 0.025899 0.357873
v 0.065854 0.019194 0.434679
v 0.057321 0.024847 0.359488
v 0.046280 0.024888 0.353321
v 0.037579 0.024823 0.353324
v 0.132387 0.026397 0.341249
v 0.099300 0.021019 0.503890
v 0.095184 0.023247 0.513292
v 0.104179 0.022045 0.511296
v 0.062671 0.024893 0.354312
v 0.010062 0.014964 0.507722
v 0.047917 0.026433 0.400092
v 0.127006 0.015832 0.461959
v 0.120662 0.015507 0.465074
v 0.128797 0.015357 0.468355
v 0.121913 0.016074 0.457414
v 0.084255 0.017513 0.438062
v 0.125895 0.016063 0.458485
v 0.039578 0.026187 0.394196
v 0.044810 0.026836 0.388455
v 0.070736 0.017877 0.439273
v 0.011837 0.014253 0.498604
v 0.107853 0.023893 0.521987
v 0.113983 0.024127 0.525545
v 0.116561 0.021442 0.515282
v 0.117895 0.017549 0.497988
v 0.119856 0.018834 0.505808
v 0.132690 0.016043 0.501982
v 0.126759 0.018689 0.509722
v 0.132195 0.020359 0.518671
v 0.123900 0.022916 0.525123
v 0.049070 0.026051 0.538432
v 0.118723 0.025312 0.533922
v 0.108287 0.025857 0.532421
v 0.111826 0.027528 0.543029
v 0.133191 0.024648 0.539315
v 0.133640 0.022436 0.528968
v 0.127852 0.023839 0.531696
v 0.052206 0.029503 0.575917
v 0.067688 0.023877 0.513181
v 0.068152 0.022744 0.506293
v 0.121078 0.019581 0.510087
v 0.124566 0.026031 0.540744
v 0.117945 0.027628 0.546655
v 0.124925 0.027484 0.549467
v 0.131618 0.027403 0.554257
v 0.118103 0.023418 0.524823
v 0.083892 0.021322 0.500780
v 0.130471 0.022062 0.525195
v 0.134128 0.021401 0.524452
v 0.101064 0.023777 0.518235
v 0.100704 0.026712 0.534268
v 0.101208 0.025218 0.526270
v 0.107247 0.022753 0.516056
v 0.092279 0.025231 0.522898
v 0.082381 0.025591 0.522767
v 0.087264 0.026836 0.532030
v 0.076313 0.021901 0.503141
v 0.079132 0.020924 0.498532
v 0.071672 0.020829 0.497186
v 0.126497 0.015345 0.492650
v 0.110039 0.020021 0.504879
v 0.105609 0.018717 0.495648
v 0.094626 0.019305 0.493419
v 0.132777 0.029292 0.567073
v 0.131252 0.030452 0.572232
v 0.131820 0.031008 0.575915
v 0.129279 0.028642 0.559829
v 0.120118 0.031115 0.572170
v 0.123676 0.029166 0.560914
v 0.095274 0.026420 0.530499
v -0.001625 0.008850 0.546312
v 0.003048 0.010243 0.542978
v 0.133624 0.030872 0.575917
v 0.058463 0.023311 0.509767
v 0.082919 0.019251 0.490957
v 0.095027 0.027417 0.538299
v 0.054096 0.024053 0.517633
v 0.063041 0.025528 0.525351
v 0.062657 0.024495 0.517374
v -0.001544 0.009803 0.552070
v 0.060591 0.022088 0.502767
v 0.069540 0.028203 0.547761
v 0.137926 0.030346 0.575917
v 0.080124 0.030502 0.566255
v 0.084157 0.030001 0.559048
v 0.074409 0.029708 0.561132
v 0.112843 0.016753 0.489411
v 0.003413 0.011394 0.535203
v 0.091604 0.030284 0.559717
v 0.093660 0.029861 0.561893
v 0.095383 0.029544 0.558498
v -0.004039 0.021125 0.575917
v 0.025094 0.021302 0.522429
v 0.018263 0.019195 0.520534
v 0.017119 0.019530 0.531425
v 0.036934 0.023380 0.522550
v 0.031983 0.021706 0.511500
v 0.072640 0.027746 0.540657
v 0.072237 0.026706 0.532348
v 0.065886 0.026865 0.535553
v 0.033835 0.023847 0.531319
v 0.028254 0.022782 0.531393
v 0.031387 0.024513 0.540917
v 0.052457 0.028313 0.557811
v 0.104026 0.017684 0.488484
v 0.092742 0.016444 0.448034
v 0.085859 0.016985 0.444484
v 0.107555 0.016801 0.484278
v 0.112955 0.015902 0.479863
v 0.125129 0.015054 0.474480
v 0.129498 0.014571 0.484905
v 0.023019 0.021546 0.530790
v 0.022494 0.022019 0.539355
v 0.090480 0.015954 0.463377
v 0.090635 0.016934 0.479502
v 0.100951 0.015940 0.471813
v 0.018881 0.020677 0.548103
v 0.025384 0.023648 0.551562
v 0.023503 0.018900 0.497482
v 0.016873 0.016817 0.500782
v 0.022546 0.019740 0.510445
v 0.117838 0.029289 0.330321
v 0.075718 0.016244 0.469273
v 0.078693 0.016903 0.477244
v 0.110392 0.015544 0.467033
v 0.101358 0.016887 0.482204
v 0.082339 0.016334 0.453030
v 0.120677 0.015674 0.486722
v 0.100986 0.015791 0.464671
v 0.009669 0.018089 0.565665
v 0.009060 0.015396 0.560083
v 0.071444 0.025372 0.521467
v 0.082315 0.017850 0.483277
v 0.055566 0.025162 0.524958
v 0.048420 0.024705 0.525864
v 0.010953 0.016105 0.532064
v 0.006810 0.013949 0.527348
v 0.007559 0.013661 0.539409
v 0.039680 0.024914 0.534848
v 0.039112 0.025953 0.544546
v 0.042737 0.025787 0.540322
v 0.066857 0.030527 0.575917
v 0.070063 0.030715 0.575917
v 0.068035 0.029920 0.567930
v 0.003296 0.013350 0.520221
v 0.002081 0.021284 0.575917
v 0.100951 0.028546 0.562116
v 0.108699 0.028704 0.555236
v 0.105116 0.029077 0.564181
v 0.097216 0.028326 0.560913
v 0.110498 0.029934 0.566614
v 0.098943 0.030271 0.570082
v 0.101401 0.031134 0.575916
v 0.094861 0.029798 0.565197
v 0.092332 0.029620 0.555020
v 0.086244 0.029138 0.550712
v 0.087951 0.030822 0.571488
v 0.097064 0.031101 0.575917
v 0.094077 0.031151 0.575916
v 0.078913 0.028634 0.546319
v 0.079710 0.027417 0.537256
v 0.088561 0.030270 0.564207
v 0.078710 0.026520 0.529442
v 0.087239 0.028198 0.541999
v 0.076421 0.029249 0.553804
v 0.091524 0.031139 0.575917
v 0.084710 0.031267 0.575917
v 0.080687 0.031222 0.575917
v 0.077372 0.031110 0.575916
v 0.019012 0.024031 0.575917
v 0.021101 0.024573 0.575916
v 0.010199 0.013727 0.437806
v 0.012172 0.016035 0.408724
v 0.017900 0.016861 0.400521
v 0.012478 0.013078 0.475966
v 0.006452 0.012624 0.483751
v 0.056807 0.021306 0.429575
v 0.058076 0.023385 0.421801
v 0.051025 0.023290 0.422616
v 0.057472 0.029036 0.564034
v 0.021630 0.017611 0.486762
v 0.017225 0.015128 0.479232
v 0.015435 0.015100 0.490759
v 0.015869 0.020286 0.564066
v 0.066511 0.027483 0.542104
v 0.057976 0.026132 0.533202
v 0.045015 0.026554 0.545394
v 0.015864 0.013231 0.447366
v 0.023704 0.014578 0.445491
v 0.019549 0.013796 0.436723
v 0.019621 0.021240 0.556939
v 0.012166 0.016663 0.550763
v 0.006176 0.011866 0.547609
v 0.005890 0.012166 0.555591
v 0.012622 0.016884 0.523528
v 0.008655 0.015068 0.517338
v 0.062696 0.027031 0.538767
v 0.016250 0.023284 0.575917
v 0.012175 0.017099 0.538711
v 0.015957 0.019165 0.541777
v 0.029578 0.020649 0.501393
v 0.001182 0.011110 0.555781
v 0.019991 0.023590 0.571556
v 0.023301 0.024958 0.575917
v 0.062209 0.030233 0.575916
v 0.035645 0.021644 0.504630
v 0.002667 0.009731 0.550663
v 0.074639 0.031053 0.575917
v 0.010635 0.012837 0.489587
v 0.026828 0.025378 0.568510
v 0.014761 0.017248 0.513327
v 0.012059 0.022487 0.575917
v 0.043308 0.027470 0.555104
v 0.036776 0.021009 0.497578
v 0.033641 0.026096 0.554810
v 0.014268 0.022839 0.575917
v 0.036329 0.027741 0.575917
v 0.033053 0.027222 0.575917
v 0.045898 0.022574 0.506837
v 0.045502 0.023584 0.517587
v 0.129266 0.027815 0.333419
v 0.029203 0.026485 0.575917
v 0.027554 0.025991 0.575917
v 0.124941 0.029134 0.324404
v 0.117404 0.028876 0.556708
v 0.108209 0.031354 0.575917
v 0.111889 0.031571 0.575917
v 0.115984 0.031687 0.575916
v 0.119778 0.031743 0.575917
v 0.122085 0.031782 0.575917
v 0.124884 0.031550 0.575915
v 0.127980 0.031406 0.575917
v 0.074812 0.016556 0.455056
v 0.076082 0.017089 0.445004
v 0.063307 0.016866 0.467920
v 0.049977 0.017549 0.461642
v 0.051264 0.017735 0.471032
v 0.068205 0.016716 0.459436
v 0.066944 0.016922 0.452506
v 0.036139 0.026330 0.381382
v 0.067911 0.017243 0.476129
v 0.058877 0.017466 0.451471
v 0.059702 0.017183 0.458514
v 0.019942 0.021529 0.377247
v 0.023101 0.021024 0.385512
v 0.024319 0.023614 0.375128
v 0.041922 0.023803 0.417387
v 0.031721 0.021266 0.416916
v 0.034833 0.020716 0.423115
v 0.032658 0.017025 0.450683
v 0.023447 0.015358 0.455868
v 0.030821 0.017713 0.464814
v 0.057810 0.019177 0.438141
v 0.063833 0.017839 0.443704
v 0.017296 0.018442 0.391958
v 0.021512 0.019157 0.394541
v 0.013754 0.013042 0.455888
v 0.018041 0.013917 0.455100
v 0.047222 0.025624 0.408834
v 0.029186 0.018097 0.426678
v 0.037575 0.018215 0.470728
v 0.039556 0.017817 0.460338
v 0.073577 0.018869 0.487570
v 0.021720 0.015303 0.428616
v 0.014720 0.013756 0.427959
v 0.058632 0.020515 0.494109
v 0.043980 0.017807 0.468209
v 0.021766 0.018634 0.398724
v 0.025832 0.015785 0.433642
v 0.042291 0.025808 0.404820
v 0.023142 0.016695 0.470430
v 0.029067 0.016074 0.440322
v 0.040269 0.018373 0.441830
v 0.012710 0.015049 0.418212
v 0.025809 0.020969 0.398744
v 0.031378 0.024351 0.389827
v 0.044270 0.017837 0.452461
v 0.046732 0.021321 0.428768
v 0.052580 0.017500 0.453813
v 0.052372 0.018290 0.445270
v 0.049411 0.019652 0.436577
v 0.033682 0.023960 0.404393
v 0.076701 0.016167 0.460887
v 0.028649 0.018533 0.477394
v 0.078385 0.016216 0.456774
v 0.028233 0.019555 0.489846
v 0.054294 0.019514 0.487642
v 0.046276 0.020510 0.492829
v 0.021634 0.016968 0.418477
v 0.026986 0.020649 0.409616
v 0.008483 0.013436 0.457318
v 0.011368 0.012851 0.464540
v 0.065149 0.018436 0.483927
v 0.046812 0.019389 0.484620
v 0.045139 0.018313 0.476487
v 0.031505 0.026903 0.575916
v 0.041614 0.019481 0.434416
v 0.025948 0.025651 0.575917
v 0.033792 0.017906 0.434479
v 0.038193 0.020234 0.427978
v 0.036643 0.019565 0.484296
v 0.032618 0.020365 0.493209
v 0.055778 0.018113 0.478877
v 0.017638 0.014089 0.464965
v 0.033316 0.018389 0.473417
v 0.022573 0.018696 0.407971
v 0.021227 0.018098 0.402973
v 0.018154 0.016663 0.409564
v 0.028991 0.024620 0.379504
v 0.009192 0.013735 0.444382
v -0.335462 0.018938 0.575917
v -0.403310 0.025752 0.365839
v -0.405797 0.023691 0.284722
v -0.399888 0.023743 0.273223
v -0.412916 0.023558 0.274074
v -0.407606 0.023745 0.351431
v -0.404809 0.025667 0.316663
v -0.407069 0.025589 0.308988
v -0.399915 0.025305 0.320260
v -0.402017 0.024387 0.293390
v -0.403154 0.024876 0.301732
v -0.402771 0.025553 0.333155
v -0.411478 0.024722 0.336181
v -0.335469 0.018937 0.575917
v -0.409808 0.023938 0.343239
v -0.195715 0.021497 0.575917
v -0.195631 0.021497 0.575917
v -0.195640 0.021497 0.575917
v -0.415055 0.023625 0.284593
v -0.460403 0.037973 0.018549
v -0.451194 0.037833 0.020321
v -0.476221 0.032468 0.108291
v -0.472232 0.034278 0.097629
v -0.482168 0.033644 0.099468
v -0.410297 0.037752 0.038368
v -0.422445 0.037650 0.036822
v -0.421206 0.037076 0.045949
v -0.424251 0.038284 0.029461
v -0.415508 0.038240 0.031202
v -0.505926 0.032941 0.097746
v -0.511674 0.033013 0.090840
v -0.512970 0.032854 0.098425
v -0.460040 0.037276 0.050592
v -0.468356 0.038005 0.053089
v -0.445326 0.036030 0.070801
v -0.438239 0.036155 0.064422
v -0.446380 0.036494 0.062581
v -0.473015 0.039137 0.040883
v -0.463403 0.038118 0.044087
v -0.464382 0.038786 0.034362
v -0.528373 0.034304 0.060502
v -0.521131 0.034108 0.066519
v -0.523534 0.035367 0.054942
v -0.554737 0.032724 0.074593
v -0.554909 0.032538 0.064485
v -0.494965 0.031536 0.118304
v -0.483106 0.031579 0.113842
v -0.490268 0.032080 0.109404
v -0.428843 0.035530 0.074459
v -0.429076 0.035748 0.065887
v -0.435852 0.035653 0.071410
v -0.418186 0.038465 0.024724
v -0.531446 0.037598 0.021310
v -0.540861 0.036633 0.023926
v -0.531435 0.036512 0.032469
v -0.521436 0.037169 0.028359
v -0.440662 0.035663 0.075443
v -0.435681 0.035409 0.080849
v -0.462566 0.034194 0.091716
v -0.457074 0.033922 0.093505
v -0.455242 0.034408 0.087623
v -0.500470 0.036107 0.057682
v -0.503718 0.036203 0.051626
v -0.508495 0.035995 0.052969
v -0.470499 0.036844 0.064235
v -0.478674 0.037282 0.057494
v -0.585508 0.033557 -0.074781
v -0.591443 0.033884 -0.080017
v -0.592930 0.032894 -0.074280
v -0.615642 0.028754 -0.120279
v -0.612225 0.028864 -0.122869
v -0.618548 0.028039 -0.126155
v -0.634132 0.029461 -0.057668
v -0.639755 0.028892 -0.051437
v -0.629966 0.028923 -0.053236
v -0.632273 0.032428 -0.090401
v -0.638501 0.031066 -0.093476
v -0.637047 0.032787 -0.086520
v -0.528847 0.030952 -0.206158
v -0.538032 0.029824 -0.210652
v -0.538157 0.030372 -0.202567
v -0.407616 0.037914 0.030658
v -0.411743 0.038191 0.026325
v -0.557622 0.030012 -0.179584
v -0.565697 0.029468 -0.179477
v -0.561065 0.029998 -0.171410
v -0.631696 0.028708 -0.046927
v -0.627288 0.028851 -0.049918
v -0.552342 0.031131 -0.162508
v -0.542604 0.032155 -0.156379
v -0.545431 0.031699 -0.162354
v -0.549362 0.032281 -0.140934
v -0.543704 0.033122 -0.134340
v -0.538894 0.033310 -0.140469
v -0.584587 0.029699 -0.135776
v -0.575983 0.030267 -0.134342
v -0.578389 0.029882 -0.139564
v -0.536128 0.032039 -0.171316
v -0.539693 0.031239 -0.181872
v -0.543704 0.031331 -0.175652
v -0.572876 0.033645 -0.089867
v -0.560361 0.035170 -0.082745
v -0.559447 0.034303 -0.092625
v -0.625095 0.032514 -0.091446
v -0.617606 0.032686 -0.089443
v -0.618578 0.031246 -0.096241
v -0.528455 0.033043 -0.164256
v -0.538323 0.032185 -0.162999
v -0.528480 0.033396 -0.155502
v -0.603179 0.031558 -0.069669
v -0.596028 0.031800 -0.068608
v -0.601852 0.032674 -0.074873
v -0.609020 0.033128 -0.087232
v -0.602949 0.033703 -0.081574
v -0.600849 0.033518 -0.086260
v -0.602319 0.028449 -0.138733
v -0.596640 0.029098 -0.134052
v -0.542955 0.034493 -0.097745
v -0.548981 0.034586 -0.092025
v -0.540583 0.034904 -0.090308
v -0.625207 0.028553 -0.046756
v -0.547790 0.033070 -0.126881
v -0.538267 0.033987 -0.127546
v -0.642200 0.029244 -0.058003
v -0.633652 0.030388 -0.064495
v -0.644925 0.029836 -0.063268
v -0.552074 0.030396 -0.179430
v -0.553864 0.030519 -0.171628
v -0.610602 0.030447 -0.064091
v -0.614095 0.029572 -0.058501
v -0.606355 0.030034 -0.059769
v -0.570019 0.029690 -0.163597
v -0.576629 0.029106 -0.164962
v -0.572522 0.029721 -0.158909
v -0.590735 0.031500 -0.061639
v -0.601048 0.030772 -0.063325
v -0.595312 0.030749 -0.058447
v -0.571239 0.029887 -0.153629
v -0.566301 0.030446 -0.150151
v -0.563468 0.030398 -0.159688
v -0.609774 0.032057 -0.072513
v -0.569157 0.029460 -0.169619
v -0.574339 0.029798 -0.146170
v -0.578327 0.029457 -0.153500
v -0.579042 0.029070 -0.159495
v -0.585370 0.028461 -0.163504
v -0.592252 0.028358 -0.150706
v -0.590097 0.028395 -0.156904
v -0.557621 0.030468 -0.166211
v -0.540435 0.030638 -0.195377
v -0.547394 0.030113 -0.191374
v -0.538565 0.030994 -0.189112
v -0.571030 0.032148 -0.103928
v -0.567837 0.032879 -0.101634
v -0.564463 0.032793 -0.104308
v -0.543924 0.032444 -0.148095
v -0.547276 0.030608 -0.181900
v -0.554366 0.029926 -0.186297
v -0.528361 0.032712 -0.169929
v -0.456660 0.037831 0.033149
v -0.447440 0.038263 0.029205
v -0.458668 0.038084 0.026598
v -0.596703 0.033985 -0.082846
v -0.597506 0.033484 -0.078756
v -0.535261 0.033099 -0.151496
v -0.532212 0.033709 -0.146212
v -0.534867 0.034037 -0.134675
v -0.561030 0.032198 -0.120054
v -0.557770 0.032042 -0.127575
v -0.568430 0.030972 -0.129343
v -0.560313 0.030932 -0.150165
v -0.562305 0.031111 -0.142893
v -0.554227 0.031556 -0.146506
v -0.553761 0.034830 -0.087582
v -0.545628 0.031359 -0.168894
v -0.554664 0.033386 -0.109589
v -0.559127 0.033566 -0.100537
v -0.567817 0.032941 -0.098636
v -0.575361 0.032246 -0.098812
v -0.583591 0.031734 -0.097895
v -0.584172 0.032764 -0.090526
v -0.552268 0.032999 -0.120293
v -0.541729 0.033931 -0.116612
v -0.531622 0.031464 -0.191885
v -0.554550 0.031983 -0.134588
v -0.548673 0.030792 -0.175755
v -0.580423 0.028712 -0.165696
v -0.431855 0.037809 0.034062
v -0.439787 0.038003 0.033442
v -0.583520 0.029504 -0.139695
v -0.587655 0.029194 -0.142674
v -0.571179 0.030536 -0.135985
v -0.553290 0.031342 -0.153397
v -0.620661 0.028871 -0.051933
v -0.624867 0.029624 -0.059585
v -0.566427 0.032182 -0.112174
v -0.621665 0.028375 -0.118138
v -0.626309 0.027456 -0.124722
v -0.621803 0.029099 -0.109580
v -0.628142 0.028337 -0.113559
v -0.578478 0.031384 -0.104956
v -0.579794 0.028721 -0.168996
v -0.574568 0.029015 -0.169927
v -0.548132 0.035166 -0.083122
v -0.612780 0.031791 -0.093004
v -0.607542 0.031444 -0.093934
v -0.610579 0.030435 -0.099540
v -0.603022 0.028031 -0.143594
v -0.597216 0.028651 -0.140971
v -0.615965 0.031111 -0.068671
v -0.624751 0.031372 -0.069827
v -0.622827 0.030598 -0.065392
v -0.585200 0.033911 -0.080634
v -0.580542 0.033898 -0.084152
v -0.588793 0.030097 -0.117090
v -0.586586 0.030568 -0.108523
v -0.580253 0.030576 -0.118539
v -0.587571 0.032646 -0.068601
v -0.578836 0.033947 -0.069999
v -0.529637 0.033688 -0.150236
v -0.564818 0.035408 -0.073606
v -0.557736 0.035412 -0.074867
v -0.593222 0.029930 -0.122418
v -0.598024 0.029924 -0.123262
v -0.597829 0.029969 -0.120095
v -0.570188 0.030514 -0.140118
v -0.563617 0.031223 -0.135085
v -0.529097 0.034429 -0.139427
v -0.508357 0.033949 0.081138
v -0.511124 0.033348 0.083447
v -0.502345 0.033805 0.086704
v -0.642378 0.032228 -0.085490
v -0.647412 0.031974 -0.084715
v -0.641149 0.032514 -0.081797
v -0.593971 0.030301 -0.116772
v -0.480202 0.035758 0.080324
v -0.480460 0.035309 0.089053
v -0.474619 0.035624 0.082658
v -0.604854 0.030031 -0.104260
v -0.610253 0.029691 -0.106935
v -0.571535 0.034825 -0.079748
v -0.570598 0.031269 -0.121014
v -0.616837 0.033508 -0.084158
v -0.622424 0.033734 -0.086060
v -0.589738 0.029734 -0.129075
v -0.586122 0.030101 -0.123506
v -0.579295 0.030252 -0.127977
v -0.611996 0.027885 -0.137868
v -0.593194 0.030296 -0.112394
v -0.600012 0.030222 -0.114448
v -0.597036 0.030089 -0.106644
v -0.426834 0.038057 0.022464
v -0.465841 0.033839 0.099789
v -0.492677 0.039127 0.023473
v -0.491783 0.038243 0.014927
v -0.502446 0.037475 0.014339
v -0.512688 0.032727 0.105472
v -0.509242 0.032462 0.115416
v -0.499418 0.032496 0.106263
v -0.633256 0.033242 -0.080963
v -0.499173 0.031185 0.126751
v -0.481068 0.039480 0.026646
v -0.483035 0.039085 0.020072
v -0.537126 0.032827 0.077146
v -0.525583 0.033089 0.075351
v -0.534877 0.033681 0.063991
v -0.578411 0.034426 -0.076749
v -0.543433 0.034639 0.044244
v -0.547887 0.033462 0.055525
v -0.538373 0.034371 0.053425
v -0.470837 0.039376 0.023460
v -0.538001 0.037464 0.015371
v -0.573615 0.031279 -0.115069
v -0.578325 0.030952 -0.111714
v -0.573229 0.031531 -0.110107
v -0.421266 0.035527 0.071585
v -0.545221 0.032938 0.068728
v -0.497495 0.033269 0.096884
v -0.490432 0.034151 0.092814
v -0.509190 0.037328 0.033434
v -0.514718 0.037541 0.024748
v -0.601873 0.027669 -0.150868
v -0.596607 0.028237 -0.146172
v -0.522284 0.036331 0.042801
v -0.626105 0.030317 -0.100238
v -0.635591 0.029703 -0.100313
v -0.631415 0.031252 -0.094955
v -0.518829 0.032823 0.084936
v -0.435954 0.037402 0.050559
v -0.583724 0.029126 -0.149172
v -0.429695 0.037477 0.043393
v -0.500444 0.035058 0.074871
v -0.507412 0.034196 0.077612
v -0.499753 0.038387 0.029808
v -0.503458 0.038054 0.022433
v -0.611289 0.029441 -0.114752
v -0.604505 0.029958 -0.109212
v -0.463552 0.036657 0.062284
v -0.456063 0.035888 0.065055
v -0.439295 0.037552 0.040922
v -0.441806 0.036786 0.056579
v -0.444534 0.037440 0.048787
v -0.469303 0.035303 0.086518
v -0.458482 0.034628 0.078518
v -0.470105 0.035721 0.078522
v -0.528705 0.032671 0.086425
v -0.479280 0.036321 0.070477
v -0.490164 0.036570 0.057812
v -0.494615 0.035973 0.066933
v -0.516664 0.032696 0.101383
v -0.520104 0.032697 0.094688
v -0.444903 0.037970 0.036978
v -0.452355 0.037827 0.037402
v -0.556827 0.032668 0.057481
v -0.561829 0.032141 0.061965
v -0.515574 0.035950 0.052005
v -0.513821 0.036274 0.046512
v -0.532144 0.034642 0.055745
v -0.597765 0.027698 -0.155961
v -0.564407 0.027654 -0.227188
v -0.568635 0.027717 -0.221393
v -0.565090 0.028041 -0.216457
v -0.617705 0.027318 -0.135567
v -0.514570 0.028425 -0.250992
v -0.512900 0.029960 -0.243878
v -0.603692 0.029732 -0.124071
v -0.574738 0.028910 -0.175343
v -0.626293 0.021349 -0.200025
v -0.626487 0.020758 -0.205972
v -0.629012 0.020569 -0.203615
v -0.581455 0.021967 -0.311687
v -0.542789 0.034397 -0.105059
v -0.555080 0.019184 -0.277523
v -0.556040 0.018552 -0.282770
v -0.561901 0.019004 -0.276647
v -0.609136 0.027463 -0.145711
v -0.616116 0.026948 -0.143499
v -0.643937 0.031909 -0.089810
v -0.534978 0.031419 -0.184816
v -0.600101 0.030173 -0.056600
v -0.606781 0.029574 -0.054026
v -0.619105 0.012970 -0.294912
v -0.624793 0.011876 -0.292208
v -0.620291 0.011649 -0.290463
v -0.563251 0.018354 -0.283990
v -0.556611 0.018280 -0.286707
v -0.552137 0.035455 -0.076604
v -0.596326 0.024995 -0.212935
v -0.572754 0.034748 -0.072874
v -0.576182 0.018908 -0.268339
v -0.567390 0.019615 -0.269159
v -0.574212 0.018310 -0.274311
v -0.519553 0.027259 -0.255476
v -0.525789 0.027178 -0.254749
v -0.526893 0.028819 -0.247874
v -0.596335 0.023147 -0.228458
v -0.601948 0.022445 -0.225898
v -0.595862 0.023910 -0.222425
v -0.556852 0.022575 -0.309402
v -0.552181 0.021133 -0.304641
v -0.550612 0.022948 -0.311375
v -0.588671 0.023680 -0.333983
v -0.583663 0.024987 -0.339925
v -0.612974 0.029293 -0.052597
v -0.639359 0.028870 -0.042647
v -0.631979 0.028828 -0.107154
v -0.596725 0.029626 -0.126802
v -0.498279 0.030559 -0.245604
v -0.592222 0.032296 -0.092133
v -0.562682 0.019336 -0.297093
v -0.570391 0.018798 -0.291994
v -0.564497 0.018418 -0.290180
v -0.578340 0.017969 -0.280555
v -0.571831 0.018154 -0.280971
v -0.617291 0.030002 -0.103463
v -0.599245 0.029821 -0.049590
v -0.528872 0.032354 -0.178113
v -0.506027 0.030455 0.138638
v -0.504146 0.031167 0.130732
v -0.609195 0.029255 -0.050362
v -0.583280 0.019127 -0.259394
v -0.585911 0.019793 -0.252807
v -0.581103 0.021054 -0.252124
v -0.540424 0.019481 -0.282689
v -0.548998 0.018829 -0.281002
v -0.541931 0.019899 -0.276238
v -0.520879 0.031092 -0.217957
v -0.523980 0.030533 -0.224796
v -0.530790 0.030073 -0.220243
v -0.642886 0.030746 -0.069596
v -0.625896 0.028631 -0.042230
v -0.629985 0.028609 -0.038096
v -0.641619 0.029018 -0.035410
v -0.633710 0.029048 -0.032438
v -0.412985 0.035967 0.068853
v -0.421020 0.036307 0.061596
v -0.595281 0.031762 -0.094005
v -0.601084 0.030636 -0.098704
v -0.571383 0.023680 -0.315362
v -0.569813 0.021481 -0.305565
v -0.564644 0.023880 -0.314920
v -0.606507 0.026704 -0.161474
v -0.613873 0.026138 -0.160013
v -0.636060 0.018973 -0.205677
v -0.637391 0.020395 -0.195223
v -0.631254 0.020898 -0.199394
v -0.635405 0.027096 -0.122272
v -0.642345 0.026543 -0.128741
v -0.646431 0.027062 -0.118050
v -0.643579 0.029402 -0.100564
v -0.617467 0.030389 -0.063710
v -0.550235 0.027278 -0.247696
v -0.542584 0.028327 -0.246355
v -0.540442 0.026748 -0.254607
v -0.632168 0.031588 -0.072020
v -0.600804 0.032301 -0.091382
v -0.592479 0.030775 -0.099765
v -0.519020 0.037658 0.019580
v -0.525314 0.037771 0.015292
v -0.568714 0.025552 -0.324158
v -0.560205 0.026680 -0.327070
v -0.564609 0.026961 -0.331516
v -0.549261 0.019971 -0.274336
v -0.582694 0.022521 -0.242630
v -0.557571 0.018486 -0.291106
v -0.611927 0.033215 -0.079287
v -0.618405 0.032304 -0.074456
v -0.453115 0.036676 0.055365
v -0.607689 0.031235 -0.067757
v -0.488499 0.035842 0.077049
v -0.561049 0.025218 -0.320642
v -0.475143 0.039595 0.031948
v -0.563554 0.027989 -0.338656
v -0.569596 0.026736 -0.333561
v -0.553257 0.033907 0.040876
v -0.545708 0.034714 0.037460
v -0.548216 0.035190 0.030584
v -0.607892 0.020825 -0.229744
v -0.609747 0.021503 -0.223774
v -0.602760 0.017875 -0.307317
v -0.600614 0.016853 -0.300134
v -0.596276 0.019057 -0.307958
v -0.586360 0.018315 -0.293970
v -0.581636 0.019909 -0.299445
v -0.646094 0.030651 -0.094858
v -0.615602 0.029597 -0.108515
v -0.622979 0.012362 -0.258697
v -0.620083 0.013893 -0.253082
v -0.648409 0.031376 -0.077944
v -0.637718 0.032112 -0.075947
v -0.524097 0.025678 -0.260829
v -0.639117 0.028518 -0.106025
v -0.646920 0.028090 -0.107856
v -0.519414 0.032432 -0.195443
v -0.536697 0.028724 -0.246305
v -0.637244 0.027713 -0.113578
v -0.629923 0.027721 -0.118707
v -0.545315 0.020284 -0.301291
v -0.552357 0.019210 -0.297685
v -0.582527 0.018648 -0.293808
v -0.628773 0.033625 -0.085686
v -0.539348 0.029180 -0.240954
v -0.611250 0.025432 -0.176878
v -0.617525 0.024897 -0.176665
v -0.615775 0.025331 -0.171629
v -0.504769 0.030394 -0.244386
v -0.594872 0.024610 -0.217728
v -0.599002 0.024139 -0.217708
v -0.624977 0.026921 -0.132098
v -0.546880 0.037019 0.014902
v -0.552399 0.036081 0.021303
v -0.623962 0.024086 -0.179365
v -0.630971 0.023076 -0.181741
v -0.629592 0.023834 -0.177259
v -0.514743 0.033691 0.076667
v -0.604662 0.023009 -0.219556
v -0.557145 0.024369 -0.254389
v -0.555176 0.025740 -0.250767
v -0.551765 0.024822 -0.256276
v -0.585689 0.017376 -0.266551
v -0.580076 0.018679 -0.265581
v -0.581189 0.017744 -0.272037
v -0.569405 0.019951 -0.297920
v -0.568317 0.018541 -0.276773
v -0.625335 0.019327 -0.220106
v -0.621106 0.020511 -0.216856
v -0.617880 0.020433 -0.221778
v -0.549594 0.029042 -0.210155
v -0.553565 0.029104 -0.204654
v -0.546473 0.029753 -0.201897
v -0.544818 0.029160 -0.218181
v -0.541701 0.029128 -0.227546
v -0.550477 0.028544 -0.226689
v -0.568432 0.018362 -0.286557
v -0.608172 0.026008 -0.172123
v -0.602864 0.026152 -0.179110
v -0.536115 0.023741 -0.264511
v -0.530574 0.023495 -0.266066
v -0.536537 0.021729 -0.270230
v -0.590140 0.025405 -0.216778
v -0.579496 0.022854 -0.315050
v -0.583927 0.022371 -0.316444
v -0.624365 0.014299 -0.250197
v -0.632860 0.013525 -0.250268
v -0.542204 0.023639 -0.313642
v -0.545612 0.024457 -0.316513
v -0.576202 0.019436 -0.295938
v -0.610837 0.024479 -0.193785
v -0.615067 0.023686 -0.196650
v -0.577087 0.020835 -0.303911
v -0.576341 0.022495 -0.311226
v -0.587720 0.017747 -0.289655
v -0.612402 0.011417 -0.271488
v -0.611060 0.011478 -0.278195
v -0.618495 0.010332 -0.274892
v -0.626911 0.019432 -0.215106
v -0.542391 0.021242 -0.270110
v -0.542290 0.023415 -0.263492
v -0.554494 0.029303 -0.199368
v -0.644042 0.019727 -0.193741
v -0.641708 0.019271 -0.198953
v -0.568944 0.026107 -0.236896
v -0.575483 0.024767 -0.237984
v -0.546516 0.028544 -0.241215
v -0.549387 0.028632 -0.233916
v -0.542435 0.029037 -0.236004
v -0.631426 0.021941 -0.190070
v -0.626724 0.023153 -0.185956
v -0.625866 0.022363 -0.192923
v -0.560431 0.021216 -0.264627
v -0.556224 0.020499 -0.270139
v -0.618011 0.012973 -0.259725
v -0.547723 0.021377 -0.268938
v -0.630192 0.017719 -0.224952
v -0.635878 0.017049 -0.222008
v -0.631142 0.018412 -0.217995
v -0.641661 0.014702 -0.235749
v -0.537593 0.025200 -0.259817
v -0.613379 0.026536 -0.152867
v -0.573220 0.026806 -0.224137
v -0.629294 0.010298 -0.285603
v -0.624940 0.009651 -0.278819
v -0.624228 0.009936 -0.283197
v -0.632212 0.026880 -0.128957
v -0.606580 0.023616 -0.210353
v -0.614018 0.029454 -0.028181
v -0.605931 0.030350 -0.021904
v -0.604966 0.029603 -0.029876
v -0.585250 0.024508 -0.333809
v -0.613914 0.034058 0.017092
v -0.608093 0.032916 0.020853
v -0.558329 0.035152 -0.067898
v -0.624068 0.015177 -0.304489
v -0.618746 0.017322 -0.311557
v -0.619265 0.029867 -0.023191
v -0.588035 0.036555 0.004003
v -0.579247 0.036813 0.004270
v -0.586584 0.035554 -0.002397
v -0.605472 0.035533 0.004176
v -0.610222 0.035002 -0.001217
v -0.613446 0.035217 0.002063
v -0.561190 0.034503 -0.060151
v -0.550435 0.034866 -0.059365
v -0.576607 0.020911 -0.255821
v -0.576664 0.021851 -0.251300
v -0.554082 0.035332 -0.072335
v -0.590373 0.030851 -0.052002
v -0.593820 0.030239 -0.044519
v -0.635506 0.031771 -0.016495
v -0.643003 0.032650 -0.016490
v -0.639824 0.033281 -0.013049
v -0.594918 0.027247 -0.174322
v -0.596208 0.027403 -0.166934
v -0.585220 0.028272 -0.173301
v -0.601568 0.019315 -0.313944
v -0.609474 0.017307 -0.308857
v -0.564268 0.033481 -0.021815
v -0.565750 0.033024 -0.029215
v -0.572148 0.032740 -0.025772
v -0.532820 0.029727 -0.232471
v -0.585787 0.031488 0.045873
v -0.593686 0.030948 0.042074
v -0.562179 0.034229 -0.013194
v -0.568926 0.035164 -0.006098
v -0.560635 0.035241 -0.004688
v -0.560301 0.022858 -0.311273
v -0.621579 0.025596 -0.157555
v -0.628664 0.024975 -0.162790
v -0.631645 0.025188 -0.157529
v -0.600677 0.032208 0.024182
v -0.603977 0.033687 0.016885
v -0.619975 0.028424 -0.043037
v -0.612665 0.028867 -0.045912
v -0.574458 0.032731 -0.051702
v -0.567066 0.033240 -0.048687
v -0.575355 0.032963 -0.056175
v -0.567055 0.033766 -0.056522
v -0.570199 0.034352 -0.064817
v -0.618245 0.033683 0.023419
v -0.589564 0.031858 0.034436
v -0.595891 0.030916 0.036451
v -0.600047 0.029580 -0.041981
v -0.571797 0.022916 -0.250936
v -0.571919 0.027487 -0.217227
v -0.564084 0.033502 0.036491
v -0.570542 0.034390 0.028902
v -0.573708 0.033109 0.037341
v -0.558538 0.034764 0.028914
v -0.552879 0.034400 -0.010590
v -0.558381 0.033799 -0.019824
v -0.602450 0.035360 0.001343
v -0.556680 0.027814 -0.237935
v -0.564512 0.026928 -0.234072
v -0.620651 0.029214 -0.029083
v -0.575058 0.034103 -0.011456
v -0.577360 0.035527 -0.003747
v -0.620512 0.028805 -0.034940
v -0.575035 0.032174 -0.034559
v -0.585689 0.030978 -0.040423
v -0.580460 0.031856 -0.029811
v -0.568573 0.033064 0.040911
v -0.572499 0.032610 0.043771
v -0.565440 0.032841 0.045724
v -0.633163 0.035206 -0.000809
v -0.628990 0.034123 -0.005508
v -0.633214 0.034222 -0.006596
v -0.626237 0.034779 -0.002632
v -0.548823 0.022954 -0.262928
v -0.577911 0.032049 -0.042473
v -0.568524 0.032658 -0.036653
v -0.571522 0.032631 -0.043882
v -0.622056 0.033188 -0.008053
v -0.615119 0.033916 -0.005817
v -0.614451 0.032730 -0.009814
v -0.564052 0.037165 0.008944
v -0.566390 0.036244 0.001616
v -0.571496 0.036988 0.006003
v -0.608305 0.033723 -0.006985
v -0.597465 0.031249 0.031608
v -0.623004 0.034720 0.018536
v -0.593410 0.030535 -0.029966
v -0.587910 0.031051 -0.030760
v -0.593539 0.030286 -0.036499
v -0.597164 0.030962 -0.021802
v -0.598210 0.030455 -0.026147
v -0.597406 0.030132 -0.031220
v -0.580543 0.033237 0.031024
v -0.581755 0.032438 0.037447
v -0.606047 0.029254 -0.046845
v -0.560849 0.026124 -0.244481
v -0.562724 0.026572 -0.238213
v -0.533326 0.035527 0.045664
v -0.583275 0.033560 -0.011654
v -0.595164 0.036097 0.006471
v -0.601434 0.035149 0.010576
v -0.590131 0.036028 0.012787
v -0.610261 0.022708 -0.214317
v -0.613490 0.021659 -0.217959
v -0.556461 0.036758 0.014145
v -0.566906 0.036401 0.018955
v -0.553761 0.033749 -0.027970
v -0.560186 0.033628 -0.024989
v -0.629481 0.032768 -0.010506
v -0.626779 0.030684 -0.018281
v -0.553336 0.035774 -0.000655
v -0.556270 0.035505 -0.003080
v -0.558540 0.036104 0.002099
v -0.621687 0.021370 -0.208381
v -0.623397 0.020471 -0.212724
v -0.626637 0.020345 -0.210237
v -0.607194 0.031876 -0.013738
v -0.617953 0.031376 -0.014708
v -0.581145 0.032812 -0.062817
v -0.583606 0.031956 -0.056586
v -0.579787 0.035030 0.023258
v -0.604771 0.025688 -0.185999
v -0.595677 0.026660 -0.186397
v -0.602221 0.025712 -0.192265
v -0.633626 0.030038 -0.023871
v -0.531644 0.026122 -0.257653
v -0.618286 0.035193 0.004835
v -0.611343 0.034700 0.010345
v -0.610178 0.035223 0.006351
v -0.594352 0.027793 -0.160655
v -0.600308 0.027323 -0.160631
v -0.583140 0.024009 -0.234602
v -0.575624 0.025731 -0.230826
v -0.577303 0.032945 -0.019337
v -0.569801 0.033651 -0.016541
v -0.590232 0.032673 0.026892
v -0.590218 0.018123 -0.296398
v -0.595304 0.017021 -0.294514
v -0.586124 0.031654 0.040910
v -0.579638 0.032064 0.043237
v -0.624108 0.031900 -0.012631
v -0.557079 0.028268 -0.222804
v -0.592106 0.034627 0.018293
v -0.581138 0.036393 0.016134
v -0.514902 0.036793 0.039078
v -0.564991 0.032243 0.055213
v -0.598896 0.033779 -0.007169
v -0.490304 0.032765 0.102516
v -0.615354 0.032697 0.027391
v -0.595282 0.035593 -0.000486
v -0.585179 0.031766 -0.022308
v -0.590551 0.033996 -0.008095
v -0.572717 0.036337 0.000729
v -0.641224 0.030776 -0.022559
v -0.639243 0.029551 -0.029398
v -0.619062 0.034877 -0.001485
v -0.595024 0.032023 -0.015965
v -0.635984 0.033891 -0.010116
v -0.591839 0.031051 -0.024563
v -0.621177 0.035132 0.010965
v -0.547641 0.035523 -0.069285
v -0.544989 0.035319 -0.076351
v -0.446754 0.037608 0.042155
v -0.581629 0.026863 -0.210849
v -0.582234 0.027411 -0.202501
v -0.575993 0.027888 -0.201354
v -0.574445 0.037260 0.011044
v -0.584594 0.036869 0.009356
v -0.628227 0.029550 -0.026499
v -0.647621 0.030133 -0.029661
v -0.592772 0.034872 -0.004090
v -0.612916 0.030851 -0.018366
v -0.557404 0.032926 0.050552
v -0.542052 0.021251 -0.305071
v -0.603056 0.034719 -0.002981
v -0.552852 0.036722 0.006947
v -0.545021 0.022094 -0.308697
v -0.564483 0.025378 -0.321513
v -0.651796 0.026753 -0.125022
v -0.651296 0.031456 -0.091851
v -0.606570 0.029342 -0.038038
v -0.486521 0.037206 0.051328
v -0.480775 0.038358 0.046691
v -0.483916 0.032494 0.106556
v -0.498716 0.037557 0.039490
v -0.506605 0.036553 0.045062
v -0.510067 0.034424 0.071506
v -0.540062 0.035620 0.035417
v -0.475163 0.035796 0.078455
v -0.444996 0.035279 0.078203
v -0.442534 0.034923 0.082657
v -0.413942 0.038516 0.017321
v -0.466251 0.032927 0.107107
v -0.521943 0.032835 0.103809
v -0.497348 0.036742 0.049820
v -0.491475 0.035054 0.083759
v -0.508700 0.037589 0.025544
v -0.512632 0.037477 0.016433
v -0.583716 0.031404 -0.046785
v -0.579008 0.032069 -0.050090
v -0.557812 0.034184 -0.053534
v -0.576805 0.026881 -0.349228
v -0.454610 0.037074 0.045633
v -0.541866 0.036769 0.007722
v -0.623112 0.018006 -0.229945
v -0.622677 0.018943 -0.225213
v -0.615749 0.019813 -0.227950
v -0.630604 0.016512 -0.233890
v -0.631144 0.016663 -0.230184
v -0.573009 0.018491 -0.285486
v -0.612451 0.029157 -0.033243
v -0.614383 0.028850 -0.038650
v -0.576745 0.023907 -0.319517
v -0.548074 0.034406 -0.051657
v -0.625775 0.025753 -0.152172
v -0.621738 0.026422 -0.147103
v -0.600480 0.029777 -0.035280
v -0.650311 0.032583 -0.019818
v -0.563430 0.033181 -0.039556
v -0.552100 0.034161 -0.046919
v -0.587682 0.026831 -0.200889
v -0.586213 0.027524 -0.191433
v -0.583205 0.027516 -0.197761
v -0.554161 0.033790 -0.039793
v -0.544739 0.034284 -0.040763
v -0.592479 0.018474 -0.301805
v -0.601716 0.019185 -0.243702
v -0.631532 0.025952 -0.145836
v -0.621817 0.024804 -0.173655
v -0.624182 0.024926 -0.168437
v -0.616548 0.015119 -0.301928
v -0.612164 0.015733 -0.303095
v -0.636201 0.011372 -0.260705
v -0.631689 0.010654 -0.266920
v -0.613152 0.012907 -0.291718
v -0.595019 0.015477 -0.282222
v -0.584789 0.017582 -0.286557
v -0.636512 0.017841 -0.215123
v -0.601813 0.017541 -0.249688
v -0.607286 0.015472 -0.254818
v -0.611950 0.016291 -0.248750
v -0.563668 0.023190 -0.254791
v -0.565080 0.024259 -0.249120
v -0.559968 0.024850 -0.250763
v -0.565966 0.021492 -0.261366
v -0.574226 0.019938 -0.262558
v -0.599846 0.014432 -0.283705
v -0.613791 0.022646 -0.208879
v -0.603205 0.014703 -0.260930
v -0.604240 0.013454 -0.270143
v -0.610532 0.013225 -0.263019
v -0.596929 0.022007 -0.328270
v -0.588267 0.023329 -0.327744
v -0.558501 0.022845 -0.259199
v -0.635921 0.011898 -0.288257
v -0.630365 0.013007 -0.296295
v -0.643436 0.014230 -0.294002
v -0.584020 0.017220 -0.277515
v -0.592018 0.025866 -0.206427
v -0.593411 0.026198 -0.202166
v -0.575701 0.025186 -0.328910
v -0.631029 0.019679 -0.209158
v -0.599157 0.016007 -0.294231
v -0.640701 0.017518 -0.210573
v -0.639960 0.018877 -0.202765
v -0.547634 0.021641 -0.305900
v -0.573394 0.028461 -0.193965
v -0.579311 0.027980 -0.195558
v -0.628300 0.024205 -0.173309
v -0.582216 0.023883 -0.324549
v -0.619949 0.018105 -0.233706
v -0.617616 0.011530 -0.287235
v -0.618360 0.010432 -0.282474
v -0.611093 0.012343 -0.285027
v -0.563416 0.029021 -0.193995
v -0.556775 0.029317 -0.193658
v -0.562949 0.028795 -0.200335
v -0.614553 0.013786 -0.295918
v -0.560184 0.021571 -0.305773
v -0.616173 0.022804 -0.202754
v -0.620951 0.022527 -0.197782
v -0.520330 0.029880 -0.241067
v -0.525705 0.029913 -0.238018
v -0.536524 0.029792 -0.215585
v -0.577115 0.028175 -0.188026
v -0.578082 0.028523 -0.180273
v -0.572119 0.028886 -0.182744
v -0.599744 0.024935 -0.206347
v -0.597353 0.015340 -0.269118
v -0.591636 0.016696 -0.263783
v -0.589828 0.016422 -0.273741
v -0.608075 0.013457 -0.288665
v -0.604020 0.013859 -0.285603
v -0.607070 0.012872 -0.281929
v -0.570180 0.021479 -0.257361
v -0.560599 0.029418 -0.185514
v -0.561152 0.028479 -0.210363
v -0.556204 0.028711 -0.210446
v -0.558603 0.028463 -0.215636
v -0.622913 0.010723 -0.286730
v -0.576714 0.018436 -0.287892
v -0.532813 0.029395 -0.241104
v -0.602615 0.013694 -0.279028
v -0.592317 0.020705 -0.314630
v -0.609220 0.018822 -0.316208
v -0.598747 0.025503 -0.199079
v -0.648798 0.014474 -0.235087
v -0.645232 0.014999 -0.231287
v -0.595863 0.020981 -0.320200
v -0.580588 0.025200 -0.333690
v -0.600890 0.021607 -0.232698
v -0.505951 0.031838 0.124416
v -0.513562 0.031030 -0.235066
v -0.603732 0.026674 -0.168450
v -0.558991 0.027887 -0.335264
v -0.598657 0.015183 -0.264473
v -0.555675 0.028087 -0.230597
v -0.604569 0.014683 -0.292611
v -0.638830 0.012459 -0.254432
v -0.520419 0.030708 -0.229988
v -0.568727 0.028607 -0.197145
v -0.358992 0.039178 0.009904
v -0.365439 0.039046 0.015499
v -0.368235 0.038854 0.024706
v -0.618230 0.023632 -0.190596
v -0.573915 0.026387 -0.336543
v -0.617840 0.010364 -0.278687
v -0.374077 0.038592 0.031027
v -0.390889 0.038193 0.030540
v -0.382923 0.038168 0.031861
v -0.384863 0.038537 0.023120
v -0.390156 0.037832 0.035167
v -0.616992 0.017448 -0.238692
v -0.624994 0.016429 -0.238455
v -0.386713 0.037744 0.038806
v -0.376933 0.038520 0.024896
v -0.374894 0.039202 0.015217
v -0.614743 0.014256 -0.255120
v -0.490954 0.032580 -0.236338
v -0.495646 0.031612 -0.241105
v -0.503072 0.031440 -0.238425
v -0.569805 0.026606 -0.230411
v -0.585998 0.024881 -0.226359
v -0.589615 0.024773 -0.223073
v -0.584476 0.025626 -0.220060
v -0.597953 0.014544 -0.274576
v -0.554796 0.022441 -0.262747
v -0.589899 0.020209 -0.248040
v -0.609505 0.014967 -0.298121
v -0.617836 0.021558 -0.213195
v -0.617901 0.025508 -0.164221
v -0.635678 0.010755 -0.282508
v -0.634157 0.009998 -0.278867
v -0.491048 0.036933 0.051004
v -0.489877 0.037641 0.045208
v -0.664701 0.026696 -0.133640
v -0.668772 0.027178 -0.130355
v -0.660288 0.026959 -0.125982
v -0.675201 0.027443 -0.130018
v -0.681283 0.027799 -0.130318
v -0.676826 0.026997 -0.136304
v -0.648100 0.020275 -0.188061
v -0.642858 0.020935 -0.186674
v -0.645904 0.020127 -0.190025
v -0.654568 0.026472 -0.133191
v -0.649406 0.019161 -0.192910
v -0.646699 0.026096 -0.138743
v -0.654954 0.025661 -0.144827
v -0.656863 0.026187 -0.140851
v -0.558917 0.028774 -0.205195
v -0.648611 0.025575 -0.146023
v -0.654785 0.019198 -0.191310
v -0.664564 0.025693 -0.147768
v -0.673268 0.025033 -0.154836
v -0.679174 0.025888 -0.148575
v -0.657566 0.025291 -0.150740
v -0.652321 0.023857 -0.165225
v -0.643699 0.024516 -0.161092
v -0.645643 0.023597 -0.168736
v -0.622829 0.021931 -0.202466
v -0.666164 0.025011 -0.153819
v -0.654456 0.018192 -0.196907
v -0.665508 0.026124 -0.140049
v -0.662861 0.024671 -0.156522
v -0.650804 0.022012 -0.176971
v -0.648225 0.021182 -0.182696
v -0.577514 0.026786 -0.217529
v -0.647637 0.024930 -0.155441
v -0.642204 0.025484 -0.149093
v -0.636865 0.025319 -0.153313
v -0.650606 0.025070 -0.151595
v -0.656147 0.024835 -0.155965
v -0.635350 0.024735 -0.160801
v -0.683820 0.027682 -0.133695
v -0.506238 0.031665 -0.234760
v -0.653795 0.024213 -0.161217
v -0.662910 0.024161 -0.161345
v -0.669256 0.024404 -0.159463
v -0.637262 0.024575 -0.164185
v -0.589166 0.022233 -0.320442
v -0.671691 0.023702 -0.167016
v -0.650477 0.024376 -0.162521
v -0.651376 0.022744 -0.173258
v -0.650526 0.018019 -0.198679
v -0.653717 0.016539 -0.205464
v -0.655079 0.017075 -0.201057
v -0.634361 0.024089 -0.169291
v -0.642945 0.022814 -0.175225
v -0.447601 0.034619 0.085467
v -0.571043 0.028037 -0.208243
v -0.626276 0.016875 -0.234344
v -0.596472 0.026244 -0.194870
v -0.653003 0.015671 -0.211944
v -0.648788 0.016582 -0.208909
v -0.650272 0.015700 -0.214392
v -0.640945 0.022007 -0.180778
v -0.654209 0.015107 -0.217079
v -0.649322 0.015390 -0.219478
v -0.654428 0.014489 -0.222836
v -0.649775 0.014814 -0.226566
v -0.655487 0.014116 -0.229040
v -0.647285 0.022848 -0.173194
v -0.649218 0.012386 -0.255315
v -0.594086 0.026570 -0.192036
v -0.651390 0.014253 -0.233096
v -0.584648 0.027866 -0.181890
v -0.589445 0.027422 -0.184846
v -0.591863 0.027294 -0.180518
v -0.643723 0.017657 -0.206428
v -0.645557 0.016399 -0.213675
v -0.633664 0.026358 -0.136951
v -0.600353 0.016704 -0.254880
v -0.596581 0.016645 -0.258237
v -0.564162 0.028463 -0.208016
v -0.604096 0.027248 -0.156693
v -0.606683 0.016719 -0.303774
v -0.590142 0.022575 -0.235977
v -0.596149 0.021375 -0.238239
v -0.594801 0.022456 -0.232606
v -0.595612 0.018160 -0.251965
v -0.613922 0.024774 -0.183124
v -0.610407 0.024975 -0.188836
v -0.635474 0.015693 -0.235172
v -0.631479 0.015673 -0.237794
v -0.538430 0.029337 -0.220581
v -0.630918 0.015056 -0.242565
v -0.623939 0.016046 -0.242252
v -0.590732 0.023691 -0.228889
v -0.603368 0.019849 -0.238427
v -0.608223 0.019775 -0.235522
v -0.637391 0.016066 -0.228973
v -0.590560 0.018309 -0.255967
v -0.589066 0.027630 -0.177340
v -0.634662 0.023191 -0.176810
v -0.624134 0.010417 -0.269625
v -0.618046 0.010920 -0.269013
v -0.621642 0.010163 -0.272220
v -0.635635 0.013958 -0.246505
v -0.638835 0.014339 -0.241621
v -0.543462 0.029576 -0.208580
v -0.586469 0.022438 -0.240465
v -0.486472 0.039006 0.035091
v -0.625777 0.010015 -0.273195
v -0.551663 0.028785 -0.221772
v -0.553365 0.028766 -0.216446
v -0.580800 0.025824 -0.225258
v -0.617100 0.015684 -0.305391
v -0.621759 0.023692 -0.185323
v -0.623385 0.023098 -0.188864
v -0.640112 0.020967 -0.190191
v -0.642545 0.016372 -0.221275
v -0.609922 0.018377 -0.241470
v -0.441066 0.035045 0.086266
v -0.597679 0.027904 -0.153067
v -0.636845 0.021942 -0.185278
v -0.643756 0.011645 -0.259803
v -0.642654 0.011037 -0.264577
v -0.611587 0.014321 -0.257688
v -0.624050 0.026518 -0.140222
v -0.587628 0.026322 -0.208704
v -0.443861 0.037543 0.015479
v -0.618812 0.016226 -0.244517
v -0.627669 0.014774 -0.246304
v -0.510055 0.035606 0.061965
v -0.462859 0.035898 0.068615
v -0.633539 0.009956 -0.273602
v -0.591911 0.026669 -0.196522
v -0.485145 0.035561 0.082399
v -0.560361 0.029293 -0.190112
v -0.613610 0.019243 -0.233346
v -0.467555 0.035980 0.072377
v -0.641076 0.010838 -0.275025
v -0.599383 0.026815 -0.170812
v -0.642192 0.010842 -0.269540
v -0.520053 0.037767 0.014268
v -0.601232 0.026606 -0.173383
v -0.498185 0.036824 0.007522
v -0.475760 0.038549 0.015380
v -0.483991 0.037986 0.013946
v -0.664748 0.027932 -0.118417
v -0.669431 0.028890 -0.110730
v -0.657688 0.028196 -0.109183
v -0.657402 0.031697 -0.089647
v -0.645052 0.028886 -0.047152
v -0.667905 0.029830 -0.101946
v -0.659437 0.030355 -0.097447
v -0.678061 0.029425 -0.078155
v -0.669846 0.030262 -0.082708
v -0.667169 0.028925 -0.061391
v -0.668009 0.029572 -0.074497
v -0.681797 0.028797 -0.067899
v -0.655815 0.027358 -0.119065
v -0.654619 0.029318 -0.059529
v -0.648565 0.029351 -0.058467
v -0.649890 0.029030 -0.051673
v -0.654364 0.031611 -0.083334
v -0.652748 0.031864 -0.087477
v -0.662378 0.031046 -0.084266
v -0.664765 0.030474 -0.080124
v -0.658834 0.030642 -0.078209
v -0.655168 0.030055 -0.070009
v -0.649705 0.029784 -0.066286
v -0.669597 0.027605 -0.125133
v -0.680250 0.028387 -0.125440
v -0.655064 0.029535 -0.040639
v -0.658046 0.029149 -0.048698
v -0.667607 0.030804 -0.091207
v -0.676548 0.028838 -0.059889
v -0.661943 0.029177 -0.053953
v -0.662535 0.029415 -0.047510
v -0.648016 0.029087 -0.041032
v -0.652116 0.029726 -0.035903
v -0.395510 0.037617 0.039488
v -0.640191 0.025760 -0.143077
v -0.389562 0.038803 0.020486
v -0.393508 0.038530 0.024880
v -0.399652 0.038214 0.024484
v -0.402653 0.037661 0.042904
v -0.396179 0.037433 0.044854
v -0.402344 0.037612 0.037979
v -0.385626 0.039456 0.014189
v -0.394276 0.039181 0.018425
v -0.418747 0.036928 0.053014
v -0.411523 0.036184 0.059381
v -0.402492 0.038622 0.015123
v -0.394223 0.037718 0.034367
v -0.409648 0.037279 0.048345
v -0.422675 0.036730 0.050298
v -0.404291 0.036803 0.053408
v -0.489001 0.033819 -0.220618
v -0.500405 0.032493 -0.229364
v -0.497742 0.033287 -0.217961
v -0.393432 0.038466 -0.049901
v -0.384008 0.037813 -0.056896
v -0.394625 0.037785 -0.059571
v -0.520288 0.033407 -0.168338
v -0.518745 0.033191 -0.176166
v -0.443712 0.038320 -0.083320
v -0.432156 0.038515 -0.080886
v -0.430663 0.039075 -0.092122
v -0.481061 0.036705 -0.176011
v -0.481509 0.036155 -0.187472
v -0.488859 0.036328 -0.181939
v -0.502982 0.035767 -0.155275
v -0.515712 0.034919 -0.151262
v -0.509032 0.036043 -0.144814
v -0.470324 0.034717 -0.225701
v -0.475506 0.034241 -0.231245
v -0.478899 0.034128 -0.223741
v -0.441341 0.039157 -0.099107
v -0.433596 0.039403 -0.101817
v -0.403671 0.038355 -0.044563
v -0.391455 0.039006 -0.040376
v -0.439626 0.039803 -0.111014
v -0.426075 0.040203 -0.116171
v -0.438926 0.040307 -0.122881
v -0.495739 0.033954 -0.208087
v -0.499014 0.034180 -0.199364
v -0.488577 0.034991 -0.199069
v -0.484004 0.037500 -0.045032
v -0.477009 0.038411 -0.041615
v -0.482630 0.037813 -0.050246
v -0.381182 0.038906 -0.044411
v -0.471969 0.039116 -0.130936
v -0.466436 0.039300 -0.138817
v -0.478417 0.038738 -0.135252
v -0.503123 0.034521 -0.179472
v -0.494928 0.035416 -0.177723
v -0.496972 0.034910 -0.186956
v -0.485954 0.034576 -0.209002
v -0.511356 0.034588 -0.161512
v -0.519729 0.033960 -0.159822
v -0.478525 0.035653 -0.197012
v -0.515780 0.031522 -0.220663
v -0.505898 0.032718 -0.212060
v -0.509306 0.032001 -0.225064
v -0.522255 0.031273 -0.211900
v -0.531720 0.034716 -0.122519
v -0.528939 0.034950 -0.131225
v -0.490705 0.037430 -0.048546
v -0.486596 0.037473 -0.039603
v -0.358451 0.038498 -0.039845
v -0.361658 0.037254 -0.051418
v -0.369636 0.038240 -0.043816
v -0.391138 0.040252 -0.011180
v -0.403839 0.038798 -0.005163
v -0.393286 0.039704 -0.001229
v -0.472618 0.038677 -0.000123
v -0.471377 0.038851 0.008133
v -0.462565 0.038801 0.002205
v -0.463603 0.038431 -0.022275
v -0.456745 0.038302 -0.015356
v -0.453654 0.038774 -0.029239
v -0.421077 0.038370 0.018848
v -0.465902 0.037052 -0.076945
v -0.463978 0.037821 -0.084928
v -0.475313 0.037244 -0.080496
v -0.467512 0.037141 -0.180075
v -0.473372 0.036260 -0.189444
v -0.482869 0.033811 -0.231203
v -0.461447 0.038338 0.011187
v -0.471675 0.038781 -0.146186
v -0.475605 0.038211 -0.154219
v -0.484608 0.038138 -0.142824
v -0.477708 0.034670 -0.214571
v -0.526682 0.035345 -0.108629
v -0.524931 0.035612 -0.118895
v -0.532335 0.034838 -0.114716
v -0.528212 0.035863 -0.057559
v -0.525625 0.035650 -0.044056
v -0.514515 0.036500 -0.051813
v -0.488666 0.033476 -0.227864
v -0.376161 0.037313 -0.065513
v -0.386003 0.037649 -0.068296
v -0.471801 0.035304 -0.204884
v -0.463689 0.036098 -0.201071
v -0.460285 0.036099 -0.209454
v -0.489041 0.037248 0.007247
v -0.495752 0.036420 -0.000599
v -0.410511 0.037426 -0.056283
v -0.402754 0.037856 -0.053581
v -0.404691 0.037413 -0.061893
v -0.414214 0.038376 -0.036401
v -0.417490 0.038598 -0.026853
v -0.406252 0.039014 -0.026307
v -0.468114 0.038526 -0.095482
v -0.437496 0.037947 0.014734
v -0.431987 0.037564 0.017663
v -0.430664 0.038216 0.010437
v -0.450166 0.038874 -0.045554
v -0.441834 0.038703 -0.035316
v -0.439457 0.038514 -0.043240
v -0.447988 0.039918 -0.116721
v -0.379212 0.039788 0.009275
v -0.373451 0.039388 0.002639
v -0.459702 0.039300 -0.036338
v -0.456512 0.039535 -0.151119
v -0.465618 0.038617 -0.156893
v -0.500482 0.036019 -0.020898
v -0.502576 0.035838 -0.014885
v -0.498883 0.036120 -0.014029
v -0.485020 0.037824 -0.111226
v -0.484486 0.037623 -0.101499
v -0.473308 0.038702 -0.108073
v -0.505265 0.033535 -0.200067
v -0.504651 0.033229 -0.204154
v -0.510329 0.032898 -0.202314
v -0.434159 0.038146 -0.048999
v -0.443124 0.037398 -0.059141
v -0.462449 0.036568 -0.068724
v -0.450802 0.036918 -0.069411
v -0.456899 0.037581 -0.079134
v -0.514795 0.031874 -0.212161
v -0.524208 0.035437 -0.033429
v -0.517334 0.035448 -0.027720
v -0.515616 0.035971 -0.038661
v -0.518487 0.035814 -0.003792
v -0.520908 0.037085 0.006228
v -0.510879 0.036498 0.004083
v -0.501237 0.037502 -0.060769
v -0.501733 0.037183 -0.066929
v -0.510529 0.036856 -0.062738
v -0.531916 0.036724 0.005962
v -0.526048 0.035696 -0.003851
v -0.521643 0.032658 -0.184051
v -0.470979 0.036645 -0.072439
v -0.508395 0.036704 -0.097741
v -0.520313 0.035962 -0.089089
v -0.508034 0.036639 -0.087254
v -0.507910 0.033728 -0.191238
v -0.418119 0.039300 -0.094015
v -0.425831 0.039554 -0.104042
v -0.507006 0.037269 -0.127568
v -0.508543 0.036738 -0.136412
v -0.516832 0.036480 -0.127005
v -0.392248 0.039458 0.007904
v -0.509373 0.034259 -0.170838
v -0.468955 0.035204 -0.212539
v -0.478182 0.037521 -0.161152
v -0.476058 0.037281 -0.169274
v -0.486854 0.036564 -0.163501
v -0.493037 0.038102 -0.128867
v -0.409079 0.038476 -0.082159
v -0.421732 0.038806 -0.083347
v -0.417558 0.038174 -0.075451
v -0.471913 0.034804 -0.219026
v -0.488117 0.037198 -0.086555
v -0.493840 0.037098 -0.091455
v -0.491616 0.037127 -0.082371
v -0.469854 0.039045 -0.042168
v -0.463031 0.039276 -0.043620
v -0.471841 0.038739 -0.049776
v -0.490857 0.035345 -0.191155
v -0.444115 0.038118 -0.021487
v -0.467602 0.038416 0.015640
v -0.467402 0.036300 -0.193876
v -0.534079 0.034570 -0.024191
v -0.541513 0.034446 -0.028598
v -0.542168 0.034303 -0.020604
v -0.512806 0.033509 -0.181429
v -0.515781 0.033207 -0.187329
v -0.445519 0.038292 -0.005383
v -0.434026 0.038057 -0.013997
v -0.519183 0.032021 -0.205196
v -0.369238 0.039094 -0.018569
v -0.370391 0.038889 -0.029796
v -0.381965 0.039543 -0.029365
v -0.455939 0.037002 -0.198558
v -0.456993 0.037469 -0.189247
v -0.477903 0.038773 -0.121788
v -0.494685 0.037594 -0.116259
v -0.428983 0.040605 -0.127905
v -0.538506 0.035348 -0.080711
v -0.503569 0.035894 -0.004782
v -0.506719 0.035738 -0.017769
v -0.512455 0.035464 -0.010107
v -0.409431 0.037992 -0.050921
v -0.534706 0.034876 -0.034988
v -0.529026 0.034954 -0.029050
v -0.450670 0.039313 -0.105652
v -0.410586 0.037426 -0.068818
v -0.464441 0.035339 -0.219225
v -0.458995 0.039058 -0.103141
v -0.464456 0.039059 -0.104818
v -0.447727 0.038968 -0.170951
v -0.489877 0.035748 -0.173529
v -0.497855 0.035180 -0.168005
v -0.397996 0.037721 -0.071564
v -0.414122 0.038695 -0.020586
v -0.418148 0.037749 -0.050043
v -0.417173 0.037205 -0.060883
v -0.428301 0.037114 -0.061875
v -0.466905 0.038074 -0.165389
v -0.457198 0.038357 -0.172070
v -0.386368 0.040169 -0.000777
v -0.424584 0.038134 -0.007567
v -0.415453 0.038289 -0.002681
v -0.415314 0.038551 -0.012932
v -0.524534 0.034451 -0.146734
v -0.481388 0.037876 0.009907
v -0.481227 0.037926 0.003191
v -0.483964 0.037660 0.007353
v -0.481307 0.037616 -0.090962
v -0.486342 0.037444 -0.152380
v -0.441816 0.038051 0.008292
v -0.455411 0.038950 -0.162588
v -0.508895 0.036586 -0.068947
v -0.514418 0.036321 -0.069835
v -0.540231 0.035092 -0.054972
v -0.530345 0.034739 -0.013222
v -0.537068 0.034390 -0.015067
v -0.504843 0.034868 -0.164211
v -0.533109 0.035297 -0.003960
v -0.421500 0.038178 0.005453
v -0.409927 0.038208 0.006246
v -0.518785 0.035651 -0.137307
v -0.369673 0.039354 -0.007658
v -0.362452 0.039055 -0.001670
v -0.363891 0.038957 -0.010557
v -0.491641 0.036538 -0.017201
v -0.495296 0.036692 -0.152469
v -0.495432 0.036076 -0.159996
v -0.502382 0.036627 -0.145284
v -0.497029 0.037518 -0.140453
v -0.496392 0.037280 -0.045056
v -0.501764 0.037343 -0.053505
v -0.422557 0.038197 0.013595
v -0.426012 0.037752 0.016680
v -0.437736 0.040583 -0.136178
v -0.426684 0.040723 -0.147596
v -0.442327 0.040198 -0.148907
v -0.516730 0.036375 -0.117655
v -0.538326 0.034944 -0.046923
v -0.454348 0.038591 -0.092615
v -0.469985 0.036664 -0.067565
v -0.506826 0.036869 -0.107417
v -0.496747 0.037074 -0.103688
v -0.475811 0.038173 -0.099427
v -0.452901 0.040008 -0.138612
v -0.450625 0.040022 -0.126594
v -0.524433 0.035544 -0.126815
v -0.485508 0.037276 -0.028042
v -0.495848 0.036545 -0.027647
v -0.476737 0.036916 -0.068392
v -0.366930 0.038986 0.007851
v -0.506098 0.037182 -0.117746
v -0.397807 0.039185 -0.033241
v -0.534949 0.034762 -0.098895
v -0.463692 0.039500 -0.129141
v -0.432589 0.039637 -0.107847
v -0.535568 0.034516 -0.108504
v -0.508256 0.036464 -0.075440
v -0.436915 0.039460 -0.105523
v -0.524227 0.035533 -0.098578
v -0.516552 0.036177 -0.107870
v -0.465421 0.038774 -0.029871
v -0.513302 0.035485 -0.020083
v -0.460539 0.039485 -0.114877
v -0.407102 0.039226 -0.096219
v -0.373687 0.037734 -0.054044
v -0.379583 0.040320 -0.008281
v -0.377983 0.039705 -0.018946
v -0.520265 0.035994 -0.073627
v -0.528666 0.035739 -0.077285
v -0.524961 0.036086 -0.068314
v -0.415223 0.039636 -0.106052
v -0.498930 0.036872 -0.081622
v -0.520437 0.036164 -0.070052
v -0.519546 0.036315 -0.065079
v -0.426003 0.038254 -0.041580
v -0.429489 0.038480 -0.029943
v -0.506576 0.036009 -0.030164
v -0.515700 0.036217 -0.099928
v -0.394946 0.038485 -0.087003
v -0.388621 0.037975 -0.076425
v -0.546860 0.035736 -0.000500
v -0.538925 0.035598 -0.000851
v -0.542830 0.034474 -0.010458
v -0.366903 0.038619 -0.035857
v -0.496335 0.036870 -0.036357
v -0.505478 0.036748 -0.043317
v -0.426739 0.037920 -0.073125
v -0.374471 0.038833 -0.036901
v -0.420154 0.037633 -0.067940
v -0.472789 0.038174 -0.024285
v -0.467770 0.038137 -0.017012
v -0.531412 0.035442 -0.088304
v -0.359944 0.039018 -0.027608
v -0.437783 0.037538 -0.070722
v -0.410866 0.037232 -0.061745
v -0.490355 0.037291 -0.072801
v -0.485461 0.037299 -0.082121
v -0.517453 0.036169 -0.080534
v -0.456720 0.036768 -0.065843
v -0.455862 0.037345 -0.060253
v -0.393104 0.039876 -0.022809
v -0.531680 0.035760 -0.067011
v -0.383600 0.040168 -0.018038
v -0.469045 0.037663 -0.060737
v -0.493010 0.037636 -0.059215
v -0.480444 0.037681 -0.060014
v -0.502426 0.036899 -0.095205
v -0.461622 0.038652 -0.051683
v -0.489099 0.036922 -0.004439
v -0.496118 0.036202 -0.008221
v -0.382568 0.039965 0.004438
v -0.403473 0.039142 -0.016261
v -0.517733 0.036437 -0.059322
v -0.434426 0.038551 -0.040472
v -0.539361 0.035344 -0.062465
v -0.386684 0.040296 -0.005804
v -0.538634 0.035528 -0.071222
v -0.485262 0.037198 -0.011578
v -0.520869 0.034974 -0.015231
v -0.400284 0.038836 0.004840
v -0.475760 0.038226 -0.032767
v -0.468037 0.038967 -0.037209
v -0.545517 0.034184 -0.034910
v -0.536661 0.034735 -0.008094
v -0.504075 0.036454 0.005498
v -0.478974 0.037551 -0.016255
v -0.433632 0.038196 -0.000673
v -0.525986 0.034960 -0.023319
v -0.547573 0.034159 -0.017472
v -0.479322 0.037844 -0.006619
v -0.467934 0.038407 -0.008159
v -0.456769 0.038556 -0.003770
v -0.545649 0.032960 0.078629
v 0.128324 0.026124 -0.277652
v 0.119781 0.025800 -0.290467
v 0.114347 0.026381 -0.280790
v 0.133889 0.022424 -0.335163
v 0.123015 0.023469 -0.334869
v 0.131841 0.023357 -0.327950
v 0.131846 0.020595 -0.386991
v 0.138762 0.020310 -0.386934
v 0.137410 0.019612 -0.396939
v 0.135188 0.019959 -0.426525
v 0.130108 0.019702 -0.420311
v 0.132087 0.019624 -0.413929
v 0.110297 0.021964 -0.387278
v 0.105065 0.022438 -0.386144
v 0.111411 0.022462 -0.380031
v 0.135430 0.025241 -0.289915
v 0.119692 0.031223 -0.215280
v 0.123351 0.031674 -0.205981
v 0.132682 0.032051 -0.209368
v 0.146829 0.025064 -0.293934
v 0.139808 0.024759 -0.302019
v 0.117391 0.020546 -0.410242
v 0.119574 0.020461 -0.419598
v 0.179017 0.018336 -0.389725
v 0.173575 0.017883 -0.392513
v 0.172962 0.019021 -0.386674
v 0.119959 0.026799 -0.271251
v 0.128431 0.027101 -0.264346
v 0.122690 0.030431 -0.228195
v 0.142499 0.029316 -0.232579
v 0.130380 0.028845 -0.238142
v 0.168233 0.020494 -0.383325
v 0.169194 0.018890 -0.389178
v 0.164889 0.019092 -0.390063
v 0.119901 0.025008 -0.315740
v 0.127558 0.024744 -0.310237
v 0.125028 0.024360 -0.322983
v 0.099775 0.026141 -0.303532
v 0.134090 0.022648 -0.360990
v 0.126204 0.022507 -0.355357
v 0.136534 0.022216 -0.353552
v 0.093409 0.032108 -0.193271
v 0.087042 0.032435 -0.203380
v 0.108302 0.030950 -0.191952
v 0.114553 0.030893 -0.205092
v 0.105370 0.030959 -0.211129
v 0.097386 0.032703 -0.183195
v 0.108674 0.031919 -0.223474
v 0.147993 0.021555 -0.378571
v 0.155497 0.021269 -0.381124
v 0.152771 0.020042 -0.388562
v 0.127444 0.020627 -0.391499
v 0.130344 0.019683 -0.399524
v 0.123642 0.020527 -0.393222
v 0.181497 0.020415 -0.378894
v 0.185573 0.018522 -0.387255
v 0.176361 0.019818 -0.382839
v 0.097113 0.030813 -0.203177
v 0.152862 0.021974 -0.324919
v 0.153691 0.021585 -0.330658
v 0.145760 0.021711 -0.330978
v 0.125478 0.019917 -0.416037
v 0.124169 0.020027 -0.405151
v 0.180610 0.017112 -0.424148
v 0.173990 0.017373 -0.427008
v 0.177422 0.016764 -0.419684
v 0.129293 0.021847 -0.378106
v 0.127483 0.022533 -0.368125
v 0.137305 0.021622 -0.376485
v 0.162296 0.022004 -0.325528
v 0.098467 0.031694 -0.220245
v 0.091623 0.031456 -0.213725
v 0.097485 0.032373 -0.228149
v 0.156286 0.024461 -0.300630
v 0.113334 0.024921 -0.322408
v 0.113399 0.025258 -0.314218
v 0.179178 0.016948 -0.397684
v 0.185492 0.017245 -0.395124
v 0.154847 0.018301 -0.413010
v 0.153462 0.018253 -0.409145
v 0.157704 0.017840 -0.408623
v 0.097429 0.032674 -0.243290
v 0.093610 0.032127 -0.249790
v 0.127479 0.022434 -0.345868
v 0.154246 0.027047 -0.259060
v 0.153806 0.026493 -0.266503
v 0.146381 0.026753 -0.265162
v 0.150727 0.023788 -0.310378
v 0.137136 0.024275 -0.311978
v 0.122910 0.032090 -0.190850
v 0.123515 0.032481 -0.179020
v 0.128080 0.032521 -0.185179
v 0.094414 0.032841 -0.235990
v 0.155977 0.022543 -0.318189
v 0.146981 0.022497 -0.322266
v 0.149146 0.023125 -0.316471
v 0.181893 0.017229 -0.428195
v 0.185487 0.016963 -0.423902
v 0.187143 0.017083 -0.428402
v 0.127176 0.032276 -0.198974
v 0.118423 0.031338 -0.198826
v 0.146287 0.019503 -0.393763
v 0.141841 0.021959 -0.348314
v 0.156216 0.021997 -0.346877
v 0.145652 0.022219 -0.353620
v 0.126089 0.022543 -0.360423
v 0.101485 0.031275 -0.250831
v 0.101947 0.030054 -0.257667
v 0.150462 0.021392 -0.337057
v 0.141906 0.021746 -0.340714
v 0.128470 0.028028 -0.249960
v 0.118859 0.030087 -0.240326
v 0.118991 0.027808 -0.261330
v 0.113756 0.029499 -0.252092
v 0.119651 0.025281 -0.308231
v 0.125235 0.025201 -0.300143
v 0.150557 0.022926 -0.358882
v 0.139054 0.022643 -0.326984
v 0.172724 0.017037 -0.399710
v 0.176672 0.016306 -0.405496
v 0.171980 0.016617 -0.404220
v 0.111550 0.025714 -0.302498
v 0.108036 0.026346 -0.290706
v 0.142319 0.019498 -0.419402
v 0.147545 0.019760 -0.426398
v 0.139925 0.028179 -0.243906
v 0.108241 0.031324 -0.243885
v 0.107628 0.032185 -0.234396
v 0.110361 0.021252 -0.410777
v 0.177339 0.017257 -0.428428
v 0.140352 0.023268 -0.319508
v 0.118094 0.020530 -0.425955
v 0.125514 0.019967 -0.423730
v 0.151179 0.019077 -0.421065
v 0.144777 0.018939 -0.413202
v 0.108475 0.027307 -0.271429
v 0.186333 0.016459 -0.404640
v 0.134106 0.032844 -0.180083
v 0.141713 0.031781 -0.213616
v 0.134445 0.031000 -0.220661
v 0.121366 0.022197 -0.378102
v 0.162501 0.022060 -0.376439
v 0.168907 0.023053 -0.365757
v 0.173376 0.021804 -0.374526
v 0.152738 0.022864 -0.368083
v 0.159920 0.022832 -0.368781
v 0.155149 0.022300 -0.374658
v 0.102795 0.026767 -0.282946
v 0.159691 0.023050 -0.360176
v 0.129373 0.032155 -0.204193
v 0.134323 0.032541 -0.201523
v 0.145094 0.025864 -0.279549
v 0.136497 0.026713 -0.268685
v 0.141737 0.027477 -0.253540
v 0.136152 0.027228 -0.259584
v 0.105396 0.025480 -0.314666
v 0.113365 0.024318 -0.331203
v 0.114340 0.022867 -0.370332
v 0.119364 0.022770 -0.361124
v 0.164619 0.017128 -0.407983
v 0.157531 0.018316 -0.398934
v 0.133671 0.032547 -0.191182
v 0.116739 0.033364 -0.166160
v 0.136678 0.019609 -0.417363
v 0.108739 0.028530 -0.262123
v 0.163000 0.018372 -0.395064
v 0.166440 0.017250 -0.401524
v 0.104165 0.026250 -0.296761
v 0.098990 0.026562 -0.292551
v 0.137659 0.019245 -0.409080
v 0.143078 0.022587 -0.366778
v 0.142256 0.022495 -0.358610
v 0.168063 0.017880 -0.394793
v 0.121141 0.019973 -0.431090
v 0.171257 0.016606 -0.414104
v 0.164266 0.017328 -0.419371
v 0.162149 0.017459 -0.413922
v 0.154220 0.026114 -0.273163
v 0.157908 0.025776 -0.281464
v 0.185258 0.016669 -0.418805
v 0.181865 0.016274 -0.412360
v 0.114523 0.022956 -0.352613
v 0.142423 0.020613 -0.384255
v 0.157479 0.018142 -0.418310
v 0.150950 0.018642 -0.415037
v 0.117914 0.020727 -0.398665
v 0.160832 0.023787 -0.307106
v 0.166110 0.023131 -0.312721
v 0.148942 0.018734 -0.409293
v 0.151162 0.018456 -0.404320
v 0.131005 0.033265 -0.168969
v 0.190834 0.016708 -0.420780
v 0.192987 0.016687 -0.427215
v 0.170958 0.021978 -0.335277
v 0.158680 0.021516 -0.335109
v 0.157750 0.025269 -0.290536
v 0.167674 0.022327 -0.344715
v 0.171968 0.022856 -0.352192
v 0.116371 0.021517 -0.388138
v 0.122801 0.021377 -0.385468
v 0.126425 0.021300 -0.382381
v 0.146228 0.025295 -0.288294
v 0.142612 0.019004 -0.404386
v 0.126219 0.020885 -0.387661
v 0.147908 0.030899 -0.221890
v 0.146619 0.018517 -0.403115
v 0.159887 0.018273 -0.424587
v 0.135501 0.022446 -0.367320
v 0.158271 0.018885 -0.430226
v 0.154439 0.018931 -0.427073
v 0.159918 0.020023 -0.387524
v 0.147348 0.027669 -0.249578
v 0.380805 0.026571 -0.384043
v 0.378277 0.026286 -0.379746
v 0.382258 0.026404 -0.375521
v 0.376180 0.026555 -0.389605
v 0.375187 0.026472 -0.386035
v 0.181715 0.022659 -0.361263
v 0.176651 0.022369 -0.367889
v 0.168551 0.017401 -0.424447
v 0.162529 0.018574 -0.430409
v 0.170529 0.016641 -0.407337
v 0.178449 0.022751 -0.355329
v 0.377726 0.026007 -0.374409
v 0.172514 0.022379 -0.343369
v 0.183907 0.021543 -0.371961
v 0.189622 0.016616 -0.413058
v 0.191390 0.016840 -0.400604
v 0.486757 0.029751 -0.167202
v 0.480949 0.029013 -0.163813
v 0.486759 0.030713 -0.162965
v 0.418608 0.022438 -0.318104
v 0.416073 0.022847 -0.322579
v 0.413319 0.022864 -0.319036
v 0.417086 0.022713 -0.314793
v 0.520916 0.033342 -0.265782
v 0.546434 0.034462 -0.256758
v 0.542497 0.032499 -0.295216
v 0.422001 0.022207 -0.312465
v 0.424333 0.021798 -0.319415
v 0.370668 0.026470 -0.392876
v 0.493874 0.031141 -0.169525
v 0.486344 0.028849 -0.173131
v 0.481858 0.028196 -0.170104
v 0.442281 0.023540 -0.338541
v 0.461469 0.025899 -0.335517
v 0.455438 0.025454 -0.348622
v 0.512784 0.033723 -0.191815
v 0.525416 0.035226 -0.182719
v 0.530756 0.035147 -0.206740
v 0.552865 0.035612 -0.186849
v 0.556831 0.035106 -0.225315
v 0.513515 0.033025 -0.212523
v 0.524424 0.033804 -0.235166
v 0.451701 0.025091 -0.312212
v 0.452655 0.027284 -0.295173
v 0.468978 0.028176 -0.304121
v 0.582556 0.034260 -0.259314
v 0.530159 0.035473 -0.167944
v 0.490285 0.029922 -0.305486
v 0.476052 0.027961 -0.320962
v 0.498499 0.030601 -0.227604
v 0.520915 0.030534 -0.321613
v 0.513223 0.031270 -0.304554
v 0.491946 0.030859 -0.254198
v 0.482245 0.028699 -0.240940
v 0.476682 0.030146 -0.288592
v 0.585655 0.032115 -0.301347
v 0.563847 0.030402 -0.336555
v 0.470439 0.028658 -0.252367
v 0.458897 0.028162 -0.253228
v 0.460042 0.028813 -0.257283
v 0.494626 0.031433 -0.273356
v 0.469022 0.030208 -0.273382
v 0.499181 0.029580 -0.322729
v 0.421517 0.029460 -0.150377
v 0.421282 0.030252 -0.147971
v 0.424342 0.030113 -0.150300
v 0.435757 0.025908 -0.195105
v 0.438213 0.025491 -0.201083
v 0.432987 0.026409 -0.199510
v 0.417577 0.027199 -0.202496
v 0.422758 0.027076 -0.207603
v 0.418235 0.026970 -0.211520
v 0.360581 0.029089 -0.159736
v 0.360894 0.029111 -0.166971
v 0.352850 0.029303 -0.167908
v 0.398956 0.025398 -0.234502
v 0.403487 0.025018 -0.244566
v 0.396758 0.025296 -0.240954
v 0.403569 0.027840 -0.181254
v 0.395257 0.028349 -0.178223
v 0.401767 0.028180 -0.176605
v 0.419624 0.027538 -0.193404
v 0.415604 0.027358 -0.196329
v 0.413540 0.027484 -0.192439
v 0.405200 0.027940 -0.169232
v 0.404142 0.028203 -0.173559
v 0.399276 0.028233 -0.173195
v 0.418334 0.028161 -0.166162
v 0.419615 0.027904 -0.168629
v 0.413465 0.027862 -0.169304
v 0.444736 0.024483 -0.190659
v 0.440744 0.025309 -0.187518
v 0.445642 0.024453 -0.187335
v 0.508487 0.031715 -0.287556
v 0.432647 0.026382 -0.212687
v 0.427089 0.026935 -0.212843
v 0.430940 0.026442 -0.205738
v 0.398294 0.025654 -0.225153
v 0.396672 0.025881 -0.216916
v 0.402390 0.025763 -0.219247
v 0.331247 0.033919 -0.111458
v 0.340153 0.032980 -0.113231
v 0.334821 0.032499 -0.121771
v 0.429349 0.026839 -0.231393
v 0.433633 0.026745 -0.234699
v 0.431100 0.027004 -0.236115
v 0.412396 0.027688 -0.188243
v 0.417489 0.027907 -0.184406
v 0.417618 0.027634 -0.188837
v 0.428375 0.027115 -0.179874
v 0.422176 0.027874 -0.180795
v 0.423832 0.027783 -0.175080
v 0.420652 0.026869 -0.220133
v 0.416112 0.026414 -0.223063
v 0.416395 0.026608 -0.216904
v 0.424543 0.026896 -0.219176
v 0.427805 0.027109 -0.222018
v 0.363265 0.029547 -0.198048
v 0.367562 0.029784 -0.192745
v 0.370723 0.029430 -0.196078
v 0.412558 0.027811 -0.174844
v 0.408648 0.028017 -0.172795
v 0.310605 0.036082 -0.089514
v 0.306569 0.036116 -0.079194
v 0.310828 0.036207 -0.084847
v 0.438629 0.027398 -0.167053
v 0.442162 0.027920 -0.162639
v 0.443965 0.027263 -0.165954
v 0.408272 0.027853 -0.152621
v 0.415380 0.028046 -0.155113
v 0.413651 0.027851 -0.157854
v 0.422065 0.032719 -0.142841
v 0.418936 0.031008 -0.144647
v 0.413601 0.031875 -0.140931
v 0.316510 0.033771 -0.119590
v 0.304670 0.034433 -0.114171
v 0.314149 0.034867 -0.107933
v 0.438438 0.030550 -0.153148
v 0.435102 0.029637 -0.155895
v 0.433033 0.031432 -0.149440
v 0.422421 0.028349 -0.158710
v 0.417519 0.027836 -0.162388
v 0.384977 0.025952 -0.236742
v 0.380186 0.026153 -0.239233
v 0.379773 0.026565 -0.233308
v 0.318990 0.036326 -0.089476
v 0.317310 0.035798 -0.098611
v 0.412218 0.026287 -0.211249
v 0.408476 0.026271 -0.210646
v 0.412950 0.026490 -0.206893
v 0.390872 0.028690 -0.150655
v 0.394839 0.028493 -0.153517
v 0.391724 0.028398 -0.158207
v 0.325250 0.032745 -0.127875
v 0.327090 0.033444 -0.118853
v 0.403237 0.024996 -0.251476
v 0.400778 0.024777 -0.257156
v 0.398567 0.025009 -0.250456
v 0.533086 0.030057 -0.339262
v 0.402805 0.025522 -0.225108
v 0.407155 0.025410 -0.226240
v 0.404527 0.025442 -0.231278
v 0.440499 0.025244 -0.191821
v 0.440842 0.025010 -0.196140
v 0.416644 0.025906 -0.252404
v 0.420932 0.026678 -0.252933
v 0.418927 0.026162 -0.259313
v 0.395402 0.024893 -0.254725
v 0.389703 0.025231 -0.251561
v 0.393688 0.025179 -0.249307
v 0.373829 0.027057 -0.220707
v 0.379608 0.027038 -0.216482
v 0.381607 0.026703 -0.224290
v 0.433396 0.025872 -0.202821
v 0.450384 0.023853 -0.187154
v 0.445509 0.024398 -0.184456
v 0.444070 0.027060 -0.168116
v 0.453127 0.029326 -0.271953
v 0.460244 0.029620 -0.263188
v 0.358591 0.031834 -0.117003
v 0.360857 0.030942 -0.126346
v 0.355897 0.031251 -0.120023
v 0.399546 0.028723 -0.145776
v 0.391207 0.029962 -0.142438
v 0.396446 0.030910 -0.138527
v 0.395394 0.028475 -0.148675
v 0.357156 0.029618 -0.150858
v 0.364780 0.030305 -0.139262
v 0.369045 0.029399 -0.152125
v 0.300011 0.036407 -0.068316
v 0.309674 0.036271 -0.067338
v 0.406058 0.024864 -0.258757
v 0.406838 0.024991 -0.264856
v 0.402796 0.024762 -0.262536
v 0.407206 0.028676 -0.146254
v 0.416429 0.028469 -0.151301
v 0.418685 0.027133 -0.197560
v 0.421975 0.027472 -0.199327
v 0.415860 0.026219 -0.271031
v 0.414511 0.025965 -0.264819
v 0.417992 0.026344 -0.266893
v 0.393064 0.025403 -0.241330
v 0.395218 0.025294 -0.245387
v 0.389576 0.025642 -0.243789
v 0.391756 0.025818 -0.236367
v 0.417259 0.026115 -0.230154
v 0.421758 0.026543 -0.233685
v 0.418216 0.026044 -0.237226
v 0.409931 0.025111 -0.252068
v 0.409534 0.027226 -0.194322
v 0.411995 0.027231 -0.195503
v 0.295455 0.036136 -0.081339
v 0.297601 0.036115 -0.091933
v 0.373896 0.028824 -0.199552
v 0.368258 0.028798 -0.205679
v 0.368478 0.028725 -0.201167
v 0.330372 0.035979 -0.090693
v 0.322610 0.036577 -0.081274
v 0.335741 0.035903 -0.082668
v 0.410982 0.027325 -0.183506
v 0.393703 0.027214 -0.200374
v 0.393893 0.026645 -0.205131
v 0.391126 0.027173 -0.206023
v 0.417899 0.026411 -0.263989
v 0.422738 0.028033 -0.170416
v 0.423029 0.028036 -0.165644
v 0.427450 0.027727 -0.169651
v 0.435785 0.026395 -0.233607
v 0.432444 0.026896 -0.229757
v 0.436782 0.026568 -0.230018
v 0.317532 0.032294 -0.147904
v 0.309235 0.033002 -0.134761
v 0.318394 0.032454 -0.139038
v 0.367401 0.031441 -0.126808
v 0.366084 0.032543 -0.116021
v 0.372574 0.032456 -0.124718
v 0.303573 0.035341 -0.103479
v 0.308283 0.035675 -0.097884
v 0.342844 0.033515 -0.105399
v 0.335239 0.034586 -0.101782
v 0.341723 0.034747 -0.094570
v 0.344822 0.031463 -0.123428
v 0.348603 0.031989 -0.115094
v 0.353055 0.030778 -0.126608
v 0.424093 0.027293 -0.211565
v 0.400228 0.026077 -0.211341
v 0.430700 0.026812 -0.225095
v 0.433303 0.026410 -0.226166
v 0.352782 0.029844 -0.180873
v 0.358324 0.029445 -0.173853
v 0.361694 0.029798 -0.182102
v 0.425698 0.027218 -0.194202
v 0.424111 0.027484 -0.187022
v 0.447409 0.026623 -0.167837
v 0.446468 0.027286 -0.163969
v 0.368111 0.029934 -0.186793
v 0.361003 0.030067 -0.191021
v 0.436895 0.026182 -0.179722
v 0.438175 0.026226 -0.175501
v 0.445937 0.025077 -0.177439
v 0.416648 0.027828 -0.178925
v 0.326633 0.035440 -0.099315
v 0.391088 0.027859 -0.194537
v 0.385072 0.028760 -0.193881
v 0.389104 0.028556 -0.188417
v 0.396581 0.024436 -0.261842
v 0.406130 0.027891 -0.164265
v 0.403602 0.027961 -0.159981
v 0.410428 0.027848 -0.161124
v 0.286497 0.036298 -0.081001
v 0.293306 0.036351 -0.074154
v 0.443203 0.024855 -0.185403
v 0.349920 0.030039 -0.147882
v 0.355656 0.030116 -0.142178
v 0.417033 0.029167 -0.148033
v 0.454839 0.024347 -0.176565
v 0.455129 0.023726 -0.181535
v 0.433674 0.026365 -0.217700
v 0.315142 0.031824 -0.160623
v 0.322494 0.031424 -0.157813
v 0.364131 0.028826 -0.163534
v 0.368016 0.028968 -0.161135
v 0.371184 0.033974 -0.115317
v 0.378110 0.034540 -0.122513
v 0.376860 0.029518 -0.191751
v 0.372118 0.029993 -0.190337
v 0.375258 0.029836 -0.184277
v 0.504864 0.029176 -0.347521
v 0.452077 0.025967 -0.168714
v 0.449345 0.026043 -0.170361
v 0.410469 0.025245 -0.261355
v 0.381598 0.032833 -0.130845
v 0.377795 0.032415 -0.130473
v 0.426464 0.030811 -0.149247
v 0.423415 0.031328 -0.146352
v 0.427503 0.032095 -0.146749
v 0.323456 0.032111 -0.143095
v 0.404967 0.026501 -0.197294
v 0.403401 0.026215 -0.205104
v 0.398548 0.026415 -0.202668
v 0.444702 0.024462 -0.198358
v 0.379543 0.029125 -0.197487
v 0.375776 0.028516 -0.205991
v 0.385825 0.034950 -0.128021
v 0.384149 0.038483 -0.119406
v 0.390959 0.037802 -0.126032
v 0.329411 0.031343 -0.151170
v 0.336863 0.030519 -0.157984
v 0.328635 0.030712 -0.163365
v 0.386768 0.029507 -0.147239
v 0.385762 0.028887 -0.155445
v 0.378923 0.029707 -0.147916
v 0.305203 0.032863 -0.148740
v 0.422748 0.026845 -0.214163
v 0.339264 0.031295 -0.131478
v 0.445079 0.025994 -0.171686
v 0.391744 0.031467 -0.137100
v 0.387016 0.032018 -0.135540
v 0.363965 0.029090 -0.171081
v 0.435963 0.026280 -0.224400
v 0.435933 0.025909 -0.219406
v 0.384653 0.024903 -0.257921
v 0.387436 0.025234 -0.254483
v 0.390560 0.024839 -0.257340
v 0.412405 0.029194 -0.146609
v 0.446399 0.028585 -0.160078
v 0.442893 0.029739 -0.155631
v 0.447763 0.029729 -0.156069
v 0.313448 0.036375 -0.086623
v 0.404585 0.027279 -0.192219
v 0.398974 0.027186 -0.194361
v 0.405104 0.027578 -0.188005
v 0.430788 0.027992 -0.164011
v 0.315109 0.033116 -0.128072
v 0.318258 0.032811 -0.133414
v 0.314656 0.036470 -0.083872
v 0.409046 0.026982 -0.197468
v 0.395981 0.028053 -0.186232
v 0.382643 0.029409 -0.181873
v 0.385563 0.028833 -0.187043
v 0.382216 0.029326 -0.190116
v 0.412307 0.026998 -0.199702
v 0.387536 0.026329 -0.229086
v 0.390595 0.026328 -0.220653
v 0.392841 0.025705 -0.228560
v 0.335506 0.031139 -0.146051
v 0.331084 0.031497 -0.143807
v 0.326529 0.034065 -0.113811
v 0.349571 0.030415 -0.135859
v 0.338900 0.030938 -0.141084
v 0.393286 0.028664 -0.171726
v 0.291665 0.034345 -0.121345
v 0.300787 0.033957 -0.123569
v 0.295993 0.033663 -0.133371
v 0.412231 0.026146 -0.221073
v 0.408375 0.025982 -0.219136
v 0.412478 0.026342 -0.216085
v 0.374533 0.029105 -0.170808
v 0.378261 0.029412 -0.174622
v 0.370735 0.029659 -0.178482
v 0.347337 0.030851 -0.129692
v 0.406615 0.027838 -0.176652
v 0.388210 0.027605 -0.203991
v 0.323320 0.034795 -0.107476
v 0.418295 0.027767 -0.172816
v 0.450581 0.027375 -0.164214
v 0.349738 0.033325 -0.104785
v 0.354205 0.032294 -0.113219
v 0.410232 0.027745 -0.179108
v 0.392760 0.033885 -0.132496
v 0.403637 0.033593 -0.135850
v 0.421183 0.026638 -0.227921
v 0.426806 0.026674 -0.234529
v 0.437503 0.026893 -0.172022
v 0.357586 0.030369 -0.134239
v 0.341459 0.030582 -0.149323
v 0.346832 0.029824 -0.155217
v 0.409136 0.025294 -0.243693
v 0.414960 0.025945 -0.244848
v 0.375507 0.029226 -0.155114
v 0.474056 0.026087 -0.226723
v 0.467529 0.026810 -0.241577
v 0.333939 0.030334 -0.167413
v 0.328816 0.030480 -0.174675
v 0.438601 0.025364 -0.215933
v 0.439585 0.025134 -0.221958
v 0.432160 0.026777 -0.184453
v 0.429911 0.027006 -0.190273
v 0.369036 0.029261 -0.171858
v 0.366776 0.029037 -0.166669
v 0.436792 0.025638 -0.210980
v 0.435017 0.026126 -0.206480
v 0.438723 0.025186 -0.206575
v 0.351910 0.029484 -0.174147
v 0.414528 0.026516 -0.212508
v 0.388939 0.028953 -0.176443
v 0.389052 0.028867 -0.182795
v 0.440343 0.025555 -0.183628
v 0.436851 0.026234 -0.185341
v 0.436308 0.025968 -0.182985
v 0.426660 0.029611 -0.153349
v 0.443779 0.025010 -0.181219
v 0.449511 0.024243 -0.182785
v 0.430946 0.028782 -0.158827
v 0.436132 0.028330 -0.161146
v 0.432670 0.028313 -0.161346
v 0.294384 0.035458 -0.104804
v 0.414514 0.027844 -0.165042
v 0.398306 0.028264 -0.168786
v 0.400785 0.028044 -0.164387
v 0.447939 0.023815 -0.194243
v 0.448377 0.023894 -0.189994
v 0.373219 0.028980 -0.159225
v 0.372341 0.028902 -0.165473
v 0.319919 0.036261 -0.071549
v 0.308883 0.033482 -0.123535
v 0.409313 0.025700 -0.231662
v 0.410906 0.025460 -0.237398
v 0.423824 0.035290 -0.139744
v 0.430000 0.034096 -0.143437
v 0.321999 0.030942 -0.169486
v 0.405454 0.025348 -0.238732
v 0.419513 0.025942 -0.242872
v 0.421129 0.025906 -0.247503
v 0.351758 0.029494 -0.159679
v 0.402315 0.030051 -0.141127
v 0.408126 0.030174 -0.142092
v 0.353748 0.035250 -0.095228
v 0.358520 0.033022 -0.109843
v 0.347940 0.030320 -0.143208
v 0.397584 0.028143 -0.159077
v 0.394354 0.028384 -0.165115
v 0.498021 0.035648 -0.130883
v 0.501565 0.035577 -0.134294
v 0.498832 0.034672 -0.138564
v 0.490384 0.034635 -0.137577
v 0.487025 0.035346 -0.133376
v 0.492998 0.035169 -0.133237
v 0.511076 0.035864 -0.135833
v 0.507150 0.034827 -0.144509
v 0.505355 0.035423 -0.135915
v 0.484554 0.034741 -0.138074
v 0.480898 0.034912 -0.135308
v 0.414094 0.025672 -0.258212
v 0.507968 0.036236 -0.129210
v 0.503584 0.035928 -0.129645
v 0.503336 0.035179 -0.138510
v 0.490255 0.034491 -0.140930
v 0.487689 0.034413 -0.139002
v 0.502751 0.036899 -0.122393
v 0.506317 0.036599 -0.125848
v 0.522187 0.035524 -0.148153
v 0.509447 0.034273 -0.166356
v 0.413152 0.025727 -0.232566
v 0.501899 0.034682 -0.144021
v 0.502845 0.034640 -0.140926
v 0.496322 0.032928 -0.158893
v 0.496249 0.033605 -0.151121
v 0.501592 0.034024 -0.151207
v 0.408077 0.026435 -0.202823
v 0.488317 0.036876 -0.120254
v 0.493685 0.036831 -0.120610
v 0.490158 0.035985 -0.126865
v 0.372193 0.030067 -0.143867
v 0.373659 0.031126 -0.135917
v 0.498005 0.036211 -0.124484
v 0.494194 0.035882 -0.127243
v 0.497792 0.034153 -0.145196
v 0.422717 0.026435 -0.251016
v 0.381704 0.027943 -0.208075
v 0.374743 0.027721 -0.213724
v 0.284258 0.036709 -0.069674
v 0.439445 0.022590 -0.318129
v 0.433987 0.022142 -0.322922
v 0.431827 0.021871 -0.316713
v 0.435487 0.025854 -0.215311
v 0.432949 0.027440 -0.169585
v 0.493915 0.034406 -0.140932
v 0.295288 0.034818 -0.114893
v 0.490978 0.031450 -0.163849
v 0.485609 0.036226 -0.126854
v 0.499622 0.036975 -0.121135
v 0.385026 0.030210 -0.141939
v 0.326483 0.032194 -0.137502
v 0.375088 0.037440 -0.109381
v 0.482859 0.036155 -0.128959
v 0.481799 0.036329 -0.127355
v 0.494519 0.033989 -0.146510
v 0.335021 0.030328 -0.173251
v 0.337212 0.030366 -0.184405
v 0.492784 0.032845 -0.153928
v 0.494190 0.033607 -0.151426
v 0.491607 0.037577 -0.113809
v 0.496083 0.037382 -0.115884
v 0.467322 0.026781 -0.355279
v 0.498390 0.030986 -0.182766
v 0.483786 0.036924 -0.123131
v 0.485196 0.037250 -0.118744
v 0.497857 0.037030 -0.118934
v 0.364697 0.029438 -0.175767
v 0.501207 0.037151 -0.118591
v 0.427890 0.027109 -0.202257
v 0.430712 0.026769 -0.195438
v 0.487274 0.037256 -0.117760
v 0.427009 0.021977 -0.314539
v 0.492979 0.033410 -0.149547
v 0.451315 0.025471 -0.172618
v 0.456355 0.025216 -0.171778
v 0.489556 0.031725 -0.158964
v 0.280092 0.036179 -0.094942
v 0.481431 0.037298 -0.121540
v 0.422396 0.022559 -0.328968
v 0.425161 0.022183 -0.325906
v 0.427752 0.022644 -0.332761
v 0.490967 0.034021 -0.145130
v 0.490061 0.033622 -0.148224
v 0.414721 0.030032 -0.144944
v 0.483464 0.035984 -0.131151
v 0.499948 0.037524 -0.114780
v 0.445070 0.030648 -0.152694
v 0.440973 0.032196 -0.148928
v 0.448183 0.031916 -0.149393
v 0.448280 0.024075 -0.326233
v 0.409957 0.025624 -0.266126
v 0.409939 0.025343 -0.270539
v 0.322046 0.032355 -0.139831
v 0.441211 0.026106 -0.174314
v 0.440074 0.029107 -0.158358
v 0.480007 0.036155 -0.130660
v 0.497723 0.038355 -0.110826
v 0.493920 0.038401 -0.108770
v 0.430780 0.022052 -0.309964
v 0.479991 0.036700 -0.125081
v 0.432894 0.026625 -0.192317
v 0.449843 0.028941 -0.277799
v 0.454434 0.028573 -0.284161
v 0.439233 0.029559 -0.155722
v 0.429655 0.026763 -0.244111
v 0.423167 0.026421 -0.242574
v 0.424116 0.026378 -0.238274
v 0.441920 0.030975 -0.152758
v 0.436560 0.033952 -0.144897
v 0.430018 0.022280 -0.325913
v 0.415877 0.035394 -0.137102
v 0.408780 0.037421 -0.132632
v 0.413327 0.038137 -0.133136
v 0.441624 0.024591 -0.211281
v 0.378621 0.028966 -0.162140
v 0.444010 0.024725 -0.194186
v 0.364450 0.034820 -0.105350
v 0.442916 0.024421 -0.204341
v 0.404444 0.026302 -0.209246
v 0.357656 0.036071 -0.094047
v 0.360085 0.036141 -0.096628
v 0.408361 0.027612 -0.191888
v 0.410268 0.040329 -0.130306
v 0.393699 0.026566 -0.210604
v 0.390235 0.024706 -0.262365
v 0.403231 0.039568 -0.129064
v 0.397321 0.037150 -0.129705
v 0.396617 0.040754 -0.125288
v 0.341815 0.029834 -0.167366
v 0.435503 0.026082 -0.189448
v 0.382302 0.040896 -0.112256
v 0.383147 0.025861 -0.244337
v 0.412025 0.026180 -0.225943
v 0.410279 0.028118 -0.165975
v 0.391913 0.042168 -0.120674
v 0.449379 0.025106 -0.174606
v 0.425486 0.026767 -0.226247
v 0.362764 0.031663 -0.119351
v 0.284996 0.034149 -0.127781
v 0.285462 0.034638 -0.119983
v 0.322123 0.034164 -0.114517
v 0.406839 0.027772 -0.156791
v 0.401154 0.044484 -0.123204
v 0.429066 0.026680 -0.226944
v 0.331459 0.036083 -0.072931
v 0.372650 0.026588 -0.229268
v 0.429430 0.022045 -0.319402
v 0.380987 0.031357 -0.137063
v 0.432079 0.026832 -0.240607
v 0.409784 0.027970 -0.157898
v 0.378177 0.026171 -0.243066
v 0.409388 0.027673 -0.156004
v 0.454756 0.028804 -0.258783
v 0.400704 0.025191 -0.249670
v 0.385765 0.028391 -0.200474
v 0.381919 0.028290 -0.201097
v 0.452952 0.028440 -0.158528
v 0.399715 0.025084 -0.246855
v 0.400403 0.028022 -0.153113
v 0.431595 0.027122 -0.174468
v 0.449422 0.025732 -0.360092
v 0.383423 0.026311 -0.230679
v 0.410474 0.025638 -0.229332
v 0.383706 0.025587 -0.250761
v 0.374525 0.026432 -0.238290
v 0.405802 0.025995 -0.206975
v 0.386597 0.025483 -0.247971
v 0.420483 0.026825 -0.265019
v 0.386689 0.028840 -0.168287
v 0.347221 0.029750 -0.175950
v 0.426885 0.026827 -0.249124
v 0.424457 0.026790 -0.250882
v 0.423863 0.026921 -0.257513
v 0.483035 0.028031 -0.341717
v 0.421159 0.026929 -0.269945
v 0.449639 0.029959 -0.153853
v 0.366405 0.028567 -0.211864
v 0.423658 0.027032 -0.262289
v 0.404659 0.026084 -0.213781
v 0.379085 0.025647 -0.246963
v 0.369662 0.027752 -0.216824
v 0.386520 0.027191 -0.212987
v 0.402303 0.024682 -0.268840
v 0.434456 0.024773 -0.356403
v 0.424267 0.026730 -0.253267
v 0.438329 0.023146 -0.307970
v 0.441187 0.024793 -0.215218
v 0.345340 0.035452 -0.085311
v 0.406760 0.043258 -0.126237
v 0.459973 0.027420 -0.162123
v 0.455321 0.026319 -0.165984
v 0.462621 0.030532 -0.152650
v 0.465809 0.029112 -0.157611
v 0.461946 0.029051 -0.157374
v 0.459183 0.025932 -0.167907
v 0.461649 0.024878 -0.172194
v 0.459719 0.023987 -0.175185
v 0.465192 0.031718 -0.149236
v 0.468044 0.031305 -0.150977
v 0.463199 0.025761 -0.167603
v 0.470562 0.028761 -0.159792
v 0.465756 0.027385 -0.162327
v 0.411645 0.023414 -0.326173
v 0.457994 0.029654 -0.155898
v 0.463330 0.028208 -0.160006
v 0.470558 0.030209 -0.154423
v 0.457273 0.030704 -0.151971
v 0.470308 0.027480 -0.164128
v 0.473916 0.027671 -0.165994
v 0.470466 0.026556 -0.166859
v 0.465526 0.024022 -0.176643
v 0.470503 0.024427 -0.177023
v 0.470437 0.023821 -0.180009
v 0.461141 0.023613 -0.179037
v 0.466312 0.023663 -0.182651
v 0.460978 0.023111 -0.182586
v 0.471616 0.033645 -0.142367
v 0.473376 0.034671 -0.138907
v 0.474793 0.033982 -0.141060
v 0.476991 0.032477 -0.148813
v 0.475254 0.031666 -0.150589
v 0.472566 0.031584 -0.150405
v 0.479430 0.037504 -0.120174
v 0.467666 0.026218 -0.167201
v 0.454597 0.023364 -0.185860
v 0.466233 0.024963 -0.171289
v 0.459336 0.023265 -0.185623
v 0.463875 0.023037 -0.187050
v 0.474384 0.028231 -0.162035
v 0.472364 0.032570 -0.146319
v 0.472016 0.026028 -0.170532
v 0.469541 0.024955 -0.174446
v 0.476223 0.036502 -0.130257
v 0.475674 0.036872 -0.126817
v 0.478792 0.036674 -0.128226
v 0.454143 0.023702 -0.188642
v 0.476140 0.031447 -0.152661
v 0.476356 0.033670 -0.143490
v 0.477028 0.030180 -0.157861
v 0.458103 0.023774 -0.179824
v 0.468184 0.033158 -0.144872
v 0.477375 0.034359 -0.139278
v 0.458041 0.023025 -0.189929
v 0.452704 0.023368 -0.192514
v 0.457595 0.022911 -0.195575
v 0.476481 0.035165 -0.136674
v 0.468583 0.032141 -0.148082
v 0.464412 0.032609 -0.146522
v 0.386795 0.041931 -0.116421
v 0.478367 0.037360 -0.123331
v 0.461432 0.023093 -0.188725
v 0.473758 0.035193 -0.136033
v 0.475849 0.035461 -0.133497
v 0.422021 0.036951 -0.136962
v 0.181181 0.038869 -0.007216
v 0.168622 0.039508 0.006277
v 0.182521 0.039554 0.007385
v 0.193763 0.039351 0.004114
v 0.196201 0.038376 -0.007286
v 0.151600 0.038746 0.000111
v 0.148216 0.038196 -0.009133
v 0.143900 0.038814 0.003621
v 0.162822 0.038144 -0.020066
v 0.168417 0.038893 -0.008357
v 0.172374 0.038221 -0.018247
v 0.155339 0.039285 0.008570
v 0.158514 0.038865 -0.005061
v 0.155750 0.038204 -0.015362
v 0.151994 0.037302 -0.027861
v 0.179342 0.037624 -0.021424
v 0.186318 0.037350 -0.021601
v 0.187367 0.037026 -0.032192
v 0.188319 0.037880 -0.015383
v 0.131177 0.038208 -0.008154
v 0.161165 0.037124 -0.040329
v 0.173041 0.037234 -0.033877
v 0.183425 0.037883 -0.016293
v 0.206753 0.038954 0.003713
v 0.280166 0.020699 -0.410172
v 0.281227 0.020937 -0.404183
v 0.285594 0.020914 -0.409508
v 0.395913 0.026441 -0.354943
v 0.390690 0.025999 -0.345595
v 0.395447 0.025961 -0.346775
v 0.400282 0.026434 -0.361780
v 0.396646 0.026460 -0.362714
v 0.404125 0.025988 -0.359908
v 0.390951 0.026244 -0.351592
v 0.399872 0.025787 -0.353011
v 0.301969 0.022464 -0.413488
v 0.301349 0.022274 -0.407661
v 0.304869 0.022452 -0.407703
v 0.276196 0.020328 -0.411981
v 0.270708 0.019727 -0.410224
v 0.272313 0.020103 -0.407128
v 0.275491 0.020532 -0.403532
v 0.309566 0.023199 -0.411172
v 0.289678 0.021489 -0.405264
v 0.290230 0.021443 -0.410650
v 0.295572 0.021692 -0.407757
v 0.100048 0.036576 -0.082933
v 0.101834 0.036674 -0.069730
v 0.112710 0.036370 -0.072428
v 0.116571 0.037915 -0.016487
v 0.125580 0.037602 -0.020201
v 0.117581 0.037283 -0.031377
v 0.133096 0.034127 -0.151172
v 0.146123 0.033985 -0.153372
v 0.142550 0.033693 -0.163247
v 0.410079 0.026408 -0.368124
v 0.409467 0.025845 -0.365732
v 0.414547 0.025864 -0.367796
v 0.079602 0.036746 -0.090943
v 0.152309 0.036871 -0.044034
v 0.156574 0.036586 -0.056578
v 0.141757 0.037384 -0.019779
v 0.144961 0.037085 -0.028576
v 0.138287 0.037069 -0.029599
v 0.104483 0.034337 -0.159284
v 0.101259 0.034926 -0.148785
v 0.111261 0.034981 -0.141198
v 0.088376 0.033673 -0.182786
v 0.163498 0.036423 -0.071017
v 0.152384 0.036128 -0.082337
v 0.146225 0.036176 -0.067880
v 0.123578 0.036451 -0.104242
v 0.127583 0.036393 -0.096959
v 0.139442 0.035932 -0.108484
v 0.107056 0.035891 -0.124681
v 0.097793 0.035498 -0.137581
v 0.147444 0.034925 -0.127751
v 0.146211 0.034237 -0.142400
v 0.136642 0.034732 -0.136631
v 0.090974 0.037611 -0.027199
v 0.104786 0.037662 -0.024029
v 0.100836 0.037284 -0.036504
v 0.172414 0.035435 -0.106903
v 0.181041 0.036006 -0.100593
v 0.186492 0.034966 -0.113927
v 0.095167 0.033854 -0.171526
v 0.092860 0.034874 -0.156132
v 0.082076 0.036407 -0.103568
v 0.092213 0.036114 -0.104120
v 0.105410 0.038668 -0.004766
v 0.105568 0.038259 -0.012406
v 0.096256 0.038541 -0.007073
v 0.132373 0.036808 -0.042573
v 0.129540 0.037121 -0.028385
v 0.466963 0.040023 -0.030112
v 0.467147 0.037538 -0.025849
v 0.471145 0.040676 -0.025989
v 0.104559 0.033128 -0.174629
v 0.154598 0.035937 -0.093687
v 0.161183 0.035859 -0.095932
v 0.158930 0.035567 -0.104698
v 0.159848 0.034232 -0.137779
v 0.156482 0.034040 -0.148639
v 0.125402 0.034850 -0.137842
v 0.118942 0.034393 -0.150257
v 0.110152 0.036860 -0.052420
v 0.123835 0.036637 -0.055286
v 0.112744 0.036568 -0.063345
v 0.116707 0.036248 -0.080848
v 0.122890 0.036349 -0.089089
v 0.108855 0.036523 -0.093802
v 0.199533 0.034399 -0.126513
v 0.181786 0.034386 -0.127479
v 0.164982 0.034120 -0.145244
v 0.167574 0.033937 -0.153639
v 0.145267 0.036639 -0.052403
v 0.145181 0.036975 -0.038131
v 0.118558 0.036478 -0.095923
v 0.147191 0.035976 -0.098165
v 0.136043 0.036363 -0.091835
v 0.146463 0.036074 -0.089174
v 0.169181 0.034394 -0.130365
v 0.159706 0.034518 -0.126790
v 0.190932 0.034235 -0.134321
v 0.191454 0.033975 -0.142206
v 0.176691 0.034152 -0.140580
v 0.081522 0.036913 -0.059946
v 0.084938 0.037019 -0.051833
v 0.096298 0.036884 -0.059297
v 0.070035 0.038387 -0.005252
v 0.117565 0.036999 -0.044468
v 0.111443 0.037194 -0.039247
v 0.474211 0.044259 -0.029359
v 0.086570 0.038023 -0.016955
v 0.079342 0.037430 -0.026604
v 0.162803 0.036263 -0.086777
v 0.112523 0.034219 -0.153989
v 0.467502 0.044497 -0.034787
v 0.153926 0.035163 -0.117783
v 0.154097 0.033808 -0.160106
v 0.085183 0.036863 -0.071025
v 0.133180 0.035588 -0.124108
v 0.139822 0.036109 -0.080431
v 0.399702 0.024993 -0.334366
v 0.402206 0.024785 -0.336035
v 0.399512 0.025290 -0.339306
v 0.103741 0.036138 -0.109857
v 0.127933 0.036051 -0.069791
v 0.475810 0.024597 -0.181700
v 0.475716 0.024271 -0.187927
v 0.471633 0.023656 -0.184511
v 0.480507 0.026020 -0.181626
v 0.480769 0.025738 -0.186148
v 0.478376 0.025712 -0.179209
v 0.481587 0.026496 -0.178880
v 0.484294 0.026785 -0.182144
v 0.479931 0.025515 -0.192529
v 0.473788 0.024410 -0.194529
v 0.481858 0.026955 -0.174734
v 0.479165 0.026338 -0.176489
v 0.474111 0.025055 -0.176067
v 0.133431 0.037410 -0.020326
v 0.463129 0.023217 -0.192389
v 0.469350 0.023712 -0.189371
v 0.472834 0.024384 -0.178915
v 0.403056 0.024639 -0.331545
v 0.488047 0.027630 -0.190999
v 0.087284 0.035874 -0.126805
v 0.107594 0.037045 -0.044122
v 0.096194 0.037094 -0.047768
v 0.079666 0.037036 -0.040707
v 0.135875 0.036423 -0.058338
v 0.073855 0.037720 -0.017142
v 0.128612 0.036128 -0.081447
v 0.403510 0.024066 -0.328956
v 0.405882 0.024078 -0.326670
v 0.392895 0.025702 -0.341309
v 0.394539 0.026003 -0.343419
v 0.168795 0.034780 -0.119234
v 0.086514 0.035383 -0.144923
v 0.392752 0.025939 -0.344609
v 0.404425 0.025117 -0.341354
v 0.119742 0.035766 -0.124829
v 0.408055 0.024221 -0.330856
v 0.396505 0.025421 -0.342324
v 0.082180 0.038420 -0.004845
v 0.113691 0.036505 -0.102568
v 0.126573 0.036202 -0.114285
v 0.115790 0.036457 -0.111719
v 0.094715 0.035960 -0.115351
v 0.097925 0.035963 -0.122084
v 0.075028 0.036900 -0.052623
v 0.406745 0.024315 -0.335921
v 0.402312 0.024552 -0.328523
v 0.074585 0.040028 0.009005
v 0.409689 0.024319 -0.342147
v 0.406484 0.025318 -0.345974
v 0.402142 0.025618 -0.347634
v 0.096493 0.037993 -0.017744
v 0.113679 0.038796 -0.004757
v 0.412866 0.023932 -0.334734
v 0.198447 0.034769 -0.117413
v 0.169451 0.036160 -0.095775
v 0.465040 0.025643 -0.235378
v 0.466910 0.025134 -0.231781
v 0.443347 0.027789 -0.253095
v 0.441155 0.028130 -0.255784
v 0.439330 0.027391 -0.249283
v 0.452062 0.023438 -0.223912
v 0.451110 0.023972 -0.227653
v 0.448635 0.023636 -0.222764
v 0.469194 0.024342 -0.210552
v 0.441401 0.028535 -0.274129
v 0.441333 0.028848 -0.269966
v 0.444829 0.029093 -0.274127
v 0.439047 0.028562 -0.263316
v 0.434752 0.028211 -0.260663
v 0.437453 0.028135 -0.257455
v 0.432312 0.027487 -0.253570
v 0.436107 0.027524 -0.250797
v 0.423391 0.027241 -0.274451
v 0.426817 0.027605 -0.269794
v 0.459784 0.023195 -0.218590
v 0.460168 0.022783 -0.215212
v 0.463548 0.023533 -0.217666
v 0.471270 0.024773 -0.212294
v 0.460153 0.023458 -0.223108
v 0.468669 0.024524 -0.218870
v 0.466487 0.024647 -0.224649
v 0.417202 0.025948 -0.282634
v 0.418168 0.025942 -0.285798
v 0.413175 0.025572 -0.285743
v 0.451970 0.022961 -0.219695
v 0.456025 0.022490 -0.217675
v 0.453548 0.022687 -0.221742
v 0.426615 0.027205 -0.260408
v 0.428553 0.027719 -0.261442
v 0.426911 0.027615 -0.264542
v 0.406949 0.023216 -0.315211
v 0.408915 0.023135 -0.308316
v 0.414212 0.022621 -0.311859
v 0.461549 0.022695 -0.199796
v 0.467803 0.023840 -0.198245
v 0.432033 0.028198 -0.270034
v 0.428607 0.027986 -0.273700
v 0.463042 0.024941 -0.231909
v 0.423896 0.027331 -0.266397
v 0.457926 0.026546 -0.242889
v 0.450243 0.025920 -0.239335
v 0.456930 0.025610 -0.236438
v 0.452370 0.026808 -0.243259
v 0.441551 0.028521 -0.277631
v 0.445769 0.023610 -0.213444
v 0.449001 0.023189 -0.216784
v 0.446033 0.023858 -0.218638
v 0.454910 0.023298 -0.224272
v 0.453263 0.022754 -0.198259
v 0.448501 0.023436 -0.201786
v 0.450420 0.023630 -0.196861
v 0.456370 0.023989 -0.230040
v 0.422379 0.026240 -0.285701
v 0.428491 0.027201 -0.282652
v 0.425068 0.026262 -0.286905
v 0.420134 0.026789 -0.277223
v 0.419600 0.026212 -0.279921
v 0.450013 0.022977 -0.206237
v 0.452337 0.022860 -0.203022
v 0.463272 0.023651 -0.214354
v 0.462057 0.023159 -0.211020
v 0.465392 0.023643 -0.211315
v 0.445144 0.028709 -0.257130
v 0.444427 0.028681 -0.260923
v 0.458195 0.022337 -0.204954
v 0.458545 0.022420 -0.210372
v 0.453943 0.022400 -0.208297
v 0.463616 0.024293 -0.227900
v 0.409503 0.024170 -0.297270
v 0.411260 0.024797 -0.292340
v 0.411922 0.024813 -0.295673
v 0.453304 0.027086 -0.246244
v 0.459553 0.027452 -0.248805
v 0.450104 0.028805 -0.260361
v 0.449148 0.028891 -0.264699
v 0.450103 0.025033 -0.233072
v 0.446846 0.024892 -0.227874
v 0.423564 0.023745 -0.300436
v 0.417994 0.023988 -0.300699
v 0.422853 0.024568 -0.296789
v 0.467525 0.023731 -0.203819
v 0.467323 0.023905 -0.207871
v 0.464536 0.023528 -0.207306
v 0.450787 0.029551 -0.268550
v 0.446459 0.029017 -0.270905
v 0.476653 0.025746 -0.209767
v 0.470035 0.024144 -0.205294
v 0.472863 0.024948 -0.206449
v 0.419020 0.026687 -0.274294
v 0.442271 0.025626 -0.229941
v 0.440151 0.026470 -0.234804
v 0.414686 0.023212 -0.305795
v 0.416926 0.022725 -0.307039
v 0.464462 0.023023 -0.203007
v 0.435631 0.028382 -0.266253
v 0.421784 0.025505 -0.290773
v 0.424391 0.025618 -0.292815
v 0.420092 0.024820 -0.295800
v 0.418632 0.023305 -0.304136
v 0.444961 0.026115 -0.237028
v 0.457880 0.027581 -0.251339
v 0.453503 0.027700 -0.250855
v 0.438250 0.028656 -0.274439
v 0.485548 0.027607 -0.207521
v 0.445724 0.026776 -0.241963
v 0.446742 0.026321 -0.240335
v 0.448745 0.026648 -0.243383
v 0.421139 0.026618 -0.282581
v 0.424272 0.026587 -0.282330
v 0.461507 0.022864 -0.205903
v 0.427095 0.026403 -0.286382
v 0.430078 0.024551 -0.297582
v 0.428175 0.025417 -0.293293
v 0.448258 0.028006 -0.254356
v 0.447024 0.027383 -0.248843
v 0.469386 0.023821 -0.201947
v 0.472476 0.024476 -0.200639
v 0.451961 0.022540 -0.214589
v 0.456317 0.022675 -0.201531
v 0.446260 0.023569 -0.207784
v 0.436034 0.028621 -0.271160
v 0.436259 0.027151 -0.244568
v 0.436629 0.027363 -0.247426
v 0.434116 0.027183 -0.245468
v 0.461357 0.026215 -0.239669
v 0.407717 0.023588 -0.320166
v 0.404216 0.023745 -0.316930
v 0.402326 0.023312 -0.315063
v 0.431799 0.028071 -0.258374
v 0.443093 0.026581 -0.239296
v 0.443511 0.027628 -0.249024
v 0.444225 0.026807 -0.243934
v 0.449410 0.023106 -0.211110
v 0.427947 0.027439 -0.256469
v 0.426131 0.027221 -0.274290
v 0.446635 0.025420 -0.235300
v 0.433274 0.026713 -0.287241
v 0.431998 0.027145 -0.284105
v 0.435569 0.027758 -0.282298
v 0.445556 0.029016 -0.268113
v 0.448175 0.023645 -0.197770
v 0.443219 0.024524 -0.216311
v 0.444002 0.024774 -0.222636
v 0.441070 0.025009 -0.218502
v 0.415837 0.024562 -0.297721
v 0.414389 0.024652 -0.294597
v 0.417773 0.025143 -0.293917
v 0.426936 0.025707 -0.290687
v 0.429178 0.026668 -0.287404
v 0.443211 0.029050 -0.264863
v 0.454728 0.028421 -0.255459
v 0.402221 0.023492 -0.320343
v 0.416950 0.025209 -0.289984
v 0.401736 0.024134 -0.325838
v 0.409476 0.023401 -0.304552
v 0.412042 0.023744 -0.302215
v 0.448928 0.027141 -0.246781
v 0.395063 0.024660 -0.328682
v 0.412617 0.024393 -0.298033
v 0.438657 0.026789 -0.238673
v 0.403407 0.023323 -0.306990
v 0.407467 0.023571 -0.303007
v 0.425848 0.026033 -0.289115
v 0.432667 0.027744 -0.275776
v 0.406454 0.024063 -0.298177
v 0.434776 0.026887 -0.239592
v 0.439210 0.027035 -0.243806
v 0.436979 0.027987 -0.278379
v 0.396295 0.023298 -0.317612
v 0.434398 0.025923 -0.291833
v 0.413727 0.025989 -0.278192
v 0.407643 0.024636 -0.287870
v 0.407379 0.024682 -0.282329
v 0.430988 0.027726 -0.263331
v 0.441171 0.028714 -0.260824
v 0.439110 0.028137 -0.281210
v 0.443601 0.028371 -0.282173
v 0.438219 0.027136 -0.286047
v 0.140648 0.033141 -0.173208
v 0.405420 0.023766 -0.293661
v 0.399505 0.023012 -0.312260
v 0.401663 0.023986 -0.286096
v 0.399108 0.024770 -0.330466
v 0.395504 0.024952 -0.335886
v 0.420891 0.022408 -0.306255
v 0.425962 0.022473 -0.306725
v 0.444685 0.027613 -0.287587
v 0.436159 0.024772 -0.297362
v 0.431665 0.023712 -0.300289
v 0.443316 0.025462 -0.299048
v 0.439977 0.024074 -0.302391
v 0.430432 0.022914 -0.304155
v 0.426845 0.023066 -0.302689
v 0.434584 0.023821 -0.301455
v 0.440927 0.026003 -0.291922
v 0.436667 0.023248 -0.303156
v 0.434228 0.023169 -0.304428
v 0.416181 0.023068 -0.327801
v 0.409737 0.023181 -0.322841
v 0.418643 0.022967 -0.328724
v 0.419742 0.022370 -0.323791
v 0.398169 0.022799 -0.306837
v 0.396550 0.022508 -0.300916
v 0.399950 0.022904 -0.300718
v 0.380010 0.026235 -0.358124
v 0.377157 0.025959 -0.351405
v 0.381763 0.026429 -0.353212
v 0.361861 0.024522 -0.378956
v 0.359652 0.024660 -0.382875
v 0.359005 0.023917 -0.378190
v 0.337548 0.025447 -0.397460
v 0.339245 0.025302 -0.395174
v 0.340156 0.025393 -0.400026
v 0.365039 0.024693 -0.378934
v 0.361784 0.023502 -0.373809
v 0.377978 0.026020 -0.362021
v 0.381926 0.026383 -0.366621
v 0.378239 0.026305 -0.366726
v 0.352698 0.023743 -0.380791
v 0.337000 0.021576 -0.345535
v 0.338117 0.021527 -0.338006
v 0.340895 0.021815 -0.344185
v 0.340305 0.023733 -0.381578
v 0.344715 0.023146 -0.377733
v 0.345905 0.024099 -0.384087
v 0.366769 0.024383 -0.354367
v 0.372825 0.025656 -0.352793
v 0.371994 0.025402 -0.355331
v 0.358125 0.025276 -0.388533
v 0.352526 0.024780 -0.386556
v 0.339777 0.022084 -0.370749
v 0.346891 0.021794 -0.371570
v 0.388983 0.022891 -0.284224
v 0.382552 0.022449 -0.287455
v 0.385176 0.023309 -0.277009
v 0.364585 0.026386 -0.399406
v 0.359873 0.026082 -0.397337
v 0.366216 0.025987 -0.394002
v 0.365601 0.025281 -0.385179
v 0.380536 0.021888 -0.308253
v 0.384412 0.021600 -0.303297
v 0.387567 0.021628 -0.306524
v 0.319000 0.019374 -0.328093
v 0.328356 0.020063 -0.327739
v 0.321724 0.019704 -0.334931
v 0.350503 0.022874 -0.348956
v 0.347784 0.022024 -0.352685
v 0.347624 0.022232 -0.349182
v 0.407168 0.025255 -0.267820
v 0.351419 0.025430 -0.391942
v 0.345081 0.025402 -0.394889
v 0.345455 0.024879 -0.389584
v 0.335451 0.025280 -0.394510
v 0.330816 0.024634 -0.390418
v 0.334989 0.024642 -0.387366
v 0.356209 0.023768 -0.341400
v 0.350555 0.023323 -0.340447
v 0.356576 0.024030 -0.336393
v 0.355277 0.023423 -0.346777
v 0.350939 0.023088 -0.345449
v 0.356024 0.023104 -0.376068
v 0.354183 0.022000 -0.371455
v 0.387264 0.021738 -0.298852
v 0.388290 0.022323 -0.291897
v 0.392349 0.022103 -0.297710
v 0.345976 0.025859 -0.399947
v 0.345121 0.021030 -0.359901
v 0.340336 0.021346 -0.364370
v 0.339216 0.021189 -0.358993
v 0.355275 0.021593 -0.366410
v 0.349834 0.021065 -0.363522
v 0.356309 0.021910 -0.362160
v 0.391148 0.025259 -0.335043
v 0.371415 0.022670 -0.301205
v 0.365970 0.023304 -0.297876
v 0.369542 0.022704 -0.292838
v 0.352738 0.023844 -0.328647
v 0.358943 0.024140 -0.328662
v 0.355573 0.024404 -0.332016
v 0.374324 0.023154 -0.317990
v 0.381823 0.022671 -0.317997
v 0.376591 0.023847 -0.323248
v 0.368869 0.023201 -0.303235
v 0.372680 0.022674 -0.306989
v 0.366291 0.023216 -0.304473
v 0.343903 0.025768 -0.405633
v 0.338288 0.025228 -0.405995
v 0.325061 0.020099 -0.341940
v 0.331716 0.020881 -0.342299
v 0.328492 0.020915 -0.346898
v 0.392758 0.023181 -0.284035
v 0.392909 0.022518 -0.289649
v 0.387337 0.021915 -0.313319
v 0.381444 0.022152 -0.313024
v 0.392927 0.024262 -0.268667
v 0.392266 0.023782 -0.274874
v 0.389037 0.023849 -0.272185
v 0.329437 0.024941 -0.412356
v 0.325304 0.024710 -0.414668
v 0.327137 0.024880 -0.407496
v 0.356807 0.024019 -0.302970
v 0.360637 0.023945 -0.310379
v 0.352110 0.023910 -0.308517
v 0.344083 0.022567 -0.335272
v 0.345215 0.022631 -0.339539
v 0.369689 0.025929 -0.388199
v 0.364811 0.024830 -0.342060
v 0.365882 0.024947 -0.346230
v 0.360979 0.024211 -0.343614
v 0.395915 0.023580 -0.280297
v 0.390721 0.023399 -0.279272
v 0.349922 0.023218 -0.334222
v 0.378073 0.026225 -0.358671
v 0.343812 0.022884 -0.319598
v 0.334636 0.021454 -0.316639
v 0.343658 0.023062 -0.312234
v 0.367870 0.024535 -0.374466
v 0.345437 0.022366 -0.346176
v 0.344023 0.021529 -0.353589
v 0.358658 0.024128 -0.316242
v 0.373883 0.025945 -0.345618
v 0.371562 0.025345 -0.349458
v 0.380846 0.023041 -0.280469
v 0.376644 0.023105 -0.282179
v 0.368634 0.024265 -0.323237
v 0.365982 0.023909 -0.319144
v 0.360964 0.025761 -0.390317
v 0.356774 0.025629 -0.392461
v 0.373343 0.025719 -0.380916
v 0.372547 0.025180 -0.373674
v 0.368680 0.024325 -0.370481
v 0.371693 0.025084 -0.367302
v 0.378002 0.024833 -0.260832
v 0.385661 0.024298 -0.266671
v 0.380175 0.024033 -0.269522
v 0.348988 0.025793 -0.402398
v 0.348943 0.025706 -0.406290
v 0.385357 0.026584 -0.359284
v 0.379904 0.021849 -0.297869
v 0.379768 0.021851 -0.295184
v 0.382014 0.022011 -0.294463
v 0.387904 0.025086 -0.334834
v 0.384225 0.026077 -0.339452
v 0.387437 0.024543 -0.329024
v 0.359959 0.024077 -0.346509
v 0.393222 0.022119 -0.305499
v 0.363613 0.023691 -0.306828
v 0.361885 0.023771 -0.299572
v 0.389078 0.022791 -0.317201
v 0.393100 0.022881 -0.316445
v 0.391210 0.023456 -0.321052
v 0.374898 0.022645 -0.288074
v 0.379298 0.022379 -0.291995
v 0.376712 0.022183 -0.294661
v 0.348834 0.023480 -0.324233
v 0.352836 0.023695 -0.320120
v 0.358892 0.024449 -0.323447
v 0.388864 0.025585 -0.339278
v 0.335592 0.025424 -0.401128
v 0.331538 0.025215 -0.406297
v 0.331806 0.025063 -0.398396
v 0.358892 0.022463 -0.369485
v 0.363415 0.023360 -0.366974
v 0.385301 0.021942 -0.294069
v 0.379019 0.021913 -0.302744
v 0.376035 0.022445 -0.298480
v 0.389194 0.023847 -0.275589
v 0.401307 0.024668 -0.274210
v 0.397399 0.024115 -0.273902
v 0.385574 0.022957 -0.317787
v 0.384361 0.023535 -0.322378
v 0.390328 0.021945 -0.309566
v 0.376388 0.024556 -0.329052
v 0.379656 0.023965 -0.325511
v 0.361466 0.023611 -0.292469
v 0.334639 0.021779 -0.364174
v 0.335046 0.021140 -0.343578
v 0.332509 0.021290 -0.350009
v 0.330013 0.020214 -0.335356
v 0.335263 0.020956 -0.330919
v 0.380532 0.025138 -0.332762
v 0.374815 0.025183 -0.333990
v 0.350931 0.021360 -0.359528
v 0.349397 0.021768 -0.355822
v 0.350318 0.023836 -0.315746
v 0.376016 0.025592 -0.369514
v 0.375685 0.025797 -0.365582
v 0.403267 0.023489 -0.299425
v 0.339802 0.024920 -0.390998
v 0.373705 0.025450 -0.362061
v 0.368369 0.024700 -0.361662
v 0.371647 0.025637 -0.358061
v 0.343335 0.022426 -0.330003
v 0.401896 0.024434 -0.278814
v 0.350841 0.022425 -0.375239
v 0.370844 0.024506 -0.327291
v 0.349790 0.021283 -0.367816
v 0.392674 0.022516 -0.312068
v 0.336066 0.021238 -0.326556
v 0.381427 0.024554 -0.327691
v 0.352762 0.022359 -0.351690
v 0.383612 0.021728 -0.299321
v 0.375791 0.025903 -0.356937
v 0.362243 0.023404 -0.360203
v 0.398450 0.023015 -0.293841
v 0.355302 0.023950 -0.293516
v 0.339167 0.021446 -0.351001
v 0.352717 0.025678 -0.396839
v 0.327377 0.020919 -0.351512
v 0.337075 0.023355 -0.376409
v 0.370130 0.025314 -0.341017
v 0.377381 0.025869 -0.341292
v 0.378141 0.025695 -0.337349
v 0.340382 0.024556 -0.386129
v 0.396303 0.023099 -0.286308
v 0.364229 0.025770 -0.391179
v 0.359308 0.025770 -0.393640
v 0.386966 0.026334 -0.348716
v 0.406006 0.024882 -0.275527
v 0.374845 0.022617 -0.312372
v 0.359123 0.026255 -0.401877
v 0.356203 0.022555 -0.356355
v 0.359105 0.023758 -0.350352
v 0.367527 0.024793 -0.330389
v 0.362862 0.024863 -0.332574
v 0.364234 0.024574 -0.327514
v 0.328254 0.024932 -0.400770
v 0.396062 0.022982 -0.313403
v 0.344693 0.020858 -0.366335
v 0.367587 0.022915 -0.300789
v 0.354137 0.026163 -0.402957
v 0.371486 0.024935 -0.330774
v 0.369597 0.025322 -0.333606
v 0.334640 0.021453 -0.357020
v 0.366087 0.023777 -0.371375
v 0.341283 0.022283 -0.324506
v 0.366967 0.023649 -0.314491
v 0.368755 0.023302 -0.310654
v 0.369367 0.025028 -0.378654
v 0.362796 0.024849 -0.338903
v 0.401330 0.022879 -0.303506
v 0.368736 0.025222 -0.336565
v 0.389937 0.026475 -0.356103
v 0.385261 0.026523 -0.353007
v 0.312882 0.019504 -0.338372
v 0.314958 0.019537 -0.332713
v 0.373883 0.025800 -0.337795
v 0.405770 0.024881 -0.279059
v 0.381147 0.026169 -0.347252
v 0.371956 0.025211 -0.335577
v 0.334935 0.025374 -0.408472
v 0.408063 0.025003 -0.278956
v 0.365532 0.023482 -0.301340
v 0.368237 0.023047 -0.307978
v 0.328711 0.024930 -0.395201
v 0.389715 0.025057 -0.331798
v 0.334612 0.021362 -0.322595
v 0.346183 0.021681 -0.355647
v 0.365204 0.023434 -0.311115
v 0.327824 0.021691 -0.358226
v 0.351291 0.023848 -0.299175
v 0.344152 0.023593 -0.301209
v 0.315473 0.039950 0.008258
v 0.309480 0.039099 0.004738
v 0.307182 0.039694 0.012344
v 0.387613 0.026699 -0.367032
v 0.354123 0.040693 0.040205
v 0.356164 0.040338 0.031662
v 0.346384 0.040074 0.035416
v 0.311193 0.039929 0.019706
v 0.309632 0.039729 0.025377
v 0.317492 0.039830 0.024578
v 0.322204 0.041048 0.014366
v 0.151831 0.031724 -0.212999
v 0.200743 0.026822 -0.264043
v 0.209869 0.027696 -0.264218
v 0.205276 0.027079 -0.270433
v 0.260436 0.025300 -0.290107
v 0.252444 0.024559 -0.297555
v 0.249921 0.024863 -0.292924
v 0.218270 0.031541 -0.174229
v 0.224828 0.031907 -0.166641
v 0.230956 0.031664 -0.173383
v 0.234139 0.021043 -0.317415
v 0.223668 0.021761 -0.310357
v 0.232530 0.022187 -0.309638
v 0.193640 0.022132 -0.345319
v 0.186676 0.022103 -0.336967
v 0.200524 0.021358 -0.338863
v 0.276806 0.021787 -0.326999
v 0.275435 0.021073 -0.331748
v 0.271295 0.021101 -0.329526
v 0.310086 0.019675 -0.345696
v 0.311309 0.020256 -0.352200
v 0.302859 0.020129 -0.351924
v 0.234761 0.023468 -0.301477
v 0.225232 0.024047 -0.298226
v 0.234534 0.024954 -0.292250
v 0.299470 0.021881 -0.393204
v 0.293528 0.021415 -0.399302
v 0.293069 0.021496 -0.392073
v 0.274290 0.020146 -0.343234
v 0.275875 0.021050 -0.336002
v 0.279598 0.020891 -0.336286
v 0.198442 0.016682 -0.417441
v 0.258092 0.018244 -0.351202
v 0.263104 0.018642 -0.349968
v 0.261731 0.018378 -0.355033
v 0.267375 0.023249 -0.314258
v 0.266807 0.021626 -0.323763
v 0.260216 0.021846 -0.320471
v 0.236731 0.017258 -0.360911
v 0.231173 0.017130 -0.362996
v 0.234643 0.017824 -0.353976
v 0.248585 0.016393 -0.399684
v 0.250525 0.017482 -0.392844
v 0.254611 0.017783 -0.397445
v 0.296573 0.020492 -0.363140
v 0.304044 0.021402 -0.364803
v 0.299797 0.021525 -0.369435
v 0.279458 0.020983 -0.384920
v 0.276409 0.020778 -0.382880
v 0.281083 0.020579 -0.377979
v 0.263338 0.019864 -0.387667
v 0.270138 0.020283 -0.385666
v 0.266219 0.020070 -0.393903
v 0.271444 0.024270 -0.305080
v 0.281615 0.024794 -0.301128
v 0.281717 0.023889 -0.310040
v 0.300544 0.020246 -0.355615
v 0.304900 0.020608 -0.358361
v 0.288019 0.020537 -0.342113
v 0.288884 0.020138 -0.348589
v 0.281949 0.020108 -0.346923
v 0.230664 0.013375 -0.407349
v 0.224568 0.014046 -0.401405
v 0.230668 0.013804 -0.402755
v 0.270580 0.025639 -0.285909
v 0.261201 0.025974 -0.281503
v 0.268133 0.025967 -0.280813
v 0.173285 0.026051 -0.283486
v 0.168602 0.026721 -0.269833
v 0.176892 0.026447 -0.276197
v 0.154656 0.027969 -0.246426
v 0.275218 0.019309 -0.361541
v 0.284167 0.020067 -0.369365
v 0.273554 0.019416 -0.368314
v 0.163980 0.026153 -0.277289
v 0.180875 0.031562 -0.191925
v 0.171576 0.031980 -0.185818
v 0.183311 0.031935 -0.180481
v 0.238535 0.017578 -0.357185
v 0.243197 0.017552 -0.359834
v 0.192755 0.031935 -0.180829
v 0.198995 0.031995 -0.175577
v 0.198686 0.031643 -0.183380
v 0.171726 0.031561 -0.196847
v 0.158428 0.032184 -0.191764
v 0.260690 0.030220 -0.254474
v 0.258017 0.028146 -0.267147
v 0.253827 0.029664 -0.259083
v 0.214930 0.022486 -0.307927
v 0.217447 0.023295 -0.302393
v 0.292235 0.020543 -0.367475
v 0.293017 0.021210 -0.371519
v 0.259396 0.020249 -0.328622
v 0.264049 0.019804 -0.334728
v 0.263964 0.019555 -0.380403
v 0.265452 0.019906 -0.383476
v 0.259275 0.019077 -0.383945
v 0.204775 0.016361 -0.402650
v 0.269444 0.025265 -0.290493
v 0.278211 0.025284 -0.290038
v 0.313140 0.023512 -0.394543
v 0.307163 0.022710 -0.392757
v 0.311395 0.023078 -0.390111
v 0.212427 0.019439 -0.359037
v 0.202161 0.020980 -0.360901
v 0.202841 0.021316 -0.354169
v 0.204804 0.022391 -0.312436
v 0.200116 0.022166 -0.318965
v 0.198512 0.023310 -0.308793
v 0.194099 0.020026 -0.376888
v 0.199151 0.018385 -0.385445
v 0.190426 0.019338 -0.382392
v 0.223623 0.033952 -0.135444
v 0.210089 0.033946 -0.138014
v 0.214882 0.034524 -0.127444
v 0.206531 0.027677 -0.253451
v 0.210752 0.028786 -0.244050
v 0.218381 0.028655 -0.252465
v 0.250329 0.017955 -0.349655
v 0.256653 0.017994 -0.357054
v 0.251318 0.017858 -0.361663
v 0.209946 0.017358 -0.381330
v 0.206008 0.019057 -0.372096
v 0.212533 0.017934 -0.372027
v 0.292354 0.021621 -0.381009
v 0.292683 0.021841 -0.386902
v 0.285050 0.021256 -0.387155
v 0.230326 0.015881 -0.377809
v 0.235816 0.016152 -0.376684
v 0.235631 0.015796 -0.383153
v 0.170240 0.031333 -0.208618
v 0.177555 0.031044 -0.210084
v 0.174183 0.030703 -0.214988
v 0.199233 0.032538 -0.165259
v 0.181956 0.033076 -0.166102
v 0.194513 0.033265 -0.154568
v 0.155687 0.032014 -0.204696
v 0.144779 0.032451 -0.202176
v 0.220210 0.019463 -0.332640
v 0.225392 0.020256 -0.322437
v 0.232194 0.019571 -0.327549
v 0.218749 0.016503 -0.376819
v 0.218628 0.017434 -0.367246
v 0.173373 0.033580 -0.160096
v 0.165708 0.033417 -0.167274
v 0.241211 0.017790 -0.353913
v 0.165589 0.024577 -0.298944
v 0.243629 0.024030 -0.299471
v 0.246886 0.023752 -0.303781
v 0.239852 0.022913 -0.308343
v 0.221294 0.033569 -0.144757
v 0.210303 0.033142 -0.152842
v 0.180951 0.026676 -0.268579
v 0.168287 0.027496 -0.258067
v 0.181163 0.027790 -0.255171
v 0.255978 0.017392 -0.403761
v 0.273676 0.025102 -0.295521
v 0.283570 0.024772 -0.294427
v 0.259522 0.026739 -0.274880
v 0.250521 0.026542 -0.276704
v 0.228037 0.014236 -0.399303
v 0.157379 0.029947 -0.229185
v 0.163006 0.029126 -0.238442
v 0.304086 0.022096 -0.372884
v 0.308454 0.022873 -0.377294
v 0.299022 0.021827 -0.375792
v 0.287639 0.019870 -0.358365
v 0.288879 0.020039 -0.363153
v 0.282703 0.019513 -0.359842
v 0.273130 0.020679 -0.390869
v 0.278476 0.020806 -0.391019
v 0.241597 0.029591 -0.254519
v 0.234234 0.029901 -0.246138
v 0.243765 0.030890 -0.241507
v 0.207132 0.031875 -0.172686
v 0.214344 0.032252 -0.164333
v 0.169046 0.028333 -0.248305
v 0.269975 0.020061 -0.378793
v 0.264503 0.019337 -0.375218
v 0.183285 0.033782 -0.151971
v 0.251712 0.019353 -0.333253
v 0.257234 0.019383 -0.334727
v 0.250803 0.017838 -0.386124
v 0.247157 0.017028 -0.390478
v 0.216394 0.028572 -0.266694
v 0.254638 0.020965 -0.324771
v 0.251560 0.025279 -0.286082
v 0.187341 0.026927 -0.262441
v 0.190456 0.027238 -0.256409
v 0.289626 0.021543 -0.395643
v 0.285526 0.021091 -0.335675
v 0.281589 0.020446 -0.341101
v 0.268464 0.019783 -0.405699
v 0.269276 0.019965 -0.401872
v 0.159305 0.026491 -0.269161
v 0.268610 0.018872 -0.352758
v 0.266853 0.019208 -0.345924
v 0.232857 0.018742 -0.335576
v 0.191733 0.021218 -0.370441
v 0.187302 0.021969 -0.366968
v 0.266419 0.026800 -0.274769
v 0.262238 0.024809 -0.297946
v 0.165721 0.024074 -0.304892
v 0.223966 0.017813 -0.358062
v 0.227689 0.018371 -0.349263
v 0.227616 0.015291 -0.384756
v 0.225303 0.015806 -0.378185
v 0.256743 0.018569 -0.375560
v 0.260653 0.018672 -0.371055
v 0.163366 0.032555 -0.179781
v 0.172334 0.032582 -0.176029
v 0.275545 0.023521 -0.313591
v 0.273897 0.022570 -0.320677
v 0.210494 0.030079 -0.227638
v 0.205020 0.029376 -0.233706
v 0.197493 0.029612 -0.229886
v 0.238865 0.015726 -0.389011
v 0.239138 0.014939 -0.396521
v 0.232784 0.014842 -0.390974
v 0.235189 0.026187 -0.285535
v 0.242632 0.025521 -0.285376
v 0.237122 0.016892 -0.369041
v 0.246198 0.017651 -0.368541
v 0.162650 0.030800 -0.219168
v 0.222388 0.016139 -0.373960
v 0.226437 0.016138 -0.373925
v 0.274729 0.020555 -0.386318
v 0.239886 0.026741 -0.279205
v 0.230966 0.029160 -0.251725
v 0.232498 0.028872 -0.255961
v 0.228392 0.028928 -0.254807
v 0.208205 0.015954 -0.411354
v 0.212313 0.015427 -0.405637
v 0.214708 0.014982 -0.413967
v 0.174453 0.029430 -0.233926
v 0.185573 0.029644 -0.230870
v 0.182506 0.029218 -0.237584
v 0.173138 0.024194 -0.303959
v 0.170912 0.025116 -0.293898
v 0.180521 0.025115 -0.296436
v 0.210108 0.027575 -0.275787
v 0.215260 0.026862 -0.286002
v 0.204768 0.026026 -0.286694
v 0.201599 0.033716 -0.144945
v 0.222425 0.015780 -0.380089
v 0.221374 0.015803 -0.384122
v 0.250461 0.017823 -0.373776
v 0.254403 0.017939 -0.368907
v 0.183042 0.022251 -0.325398
v 0.180190 0.023334 -0.311780
v 0.191035 0.022981 -0.316199
v 0.173137 0.022252 -0.322178
v 0.193362 0.026680 -0.261392
v 0.192530 0.026479 -0.268564
v 0.208985 0.024972 -0.293833
v 0.210962 0.024639 -0.296557
v 0.208418 0.023562 -0.302662
v 0.226946 0.032675 -0.155920
v 0.193909 0.016529 -0.415246
v 0.194771 0.016646 -0.408446
v 0.189803 0.027914 -0.248821
v 0.179222 0.028747 -0.243312
v 0.190391 0.028934 -0.238919
v 0.302725 0.022071 -0.387833
v 0.199970 0.034132 -0.137164
v 0.260811 0.018986 -0.379128
v 0.255883 0.018448 -0.380492
v 0.197439 0.027221 -0.254624
v 0.299621 0.022311 -0.382803
v 0.308063 0.022888 -0.384762
v 0.287653 0.021282 -0.392722
v 0.243179 0.027166 -0.273640
v 0.225829 0.026336 -0.289035
v 0.231302 0.027542 -0.281471
v 0.289365 0.023943 -0.305790
v 0.287343 0.023371 -0.313739
v 0.181849 0.031196 -0.202891
v 0.249657 0.022396 -0.314613
v 0.248014 0.022990 -0.309983
v 0.256744 0.023014 -0.312544
v 0.245916 0.018318 -0.341207
v 0.252408 0.018615 -0.340056
v 0.271479 0.020375 -0.397472
v 0.164702 0.029504 -0.233168
v 0.166922 0.029884 -0.228194
v 0.232313 0.030964 -0.232909
v 0.204220 0.016326 -0.414178
v 0.202885 0.016341 -0.408899
v 0.262738 0.019175 -0.401110
v 0.282753 0.022800 -0.320102
v 0.220334 0.030749 -0.222411
v 0.221490 0.030571 -0.231696
v 0.209565 0.020553 -0.348927
v 0.206177 0.020957 -0.343889
v 0.213577 0.020061 -0.340736
v 0.186283 0.022221 -0.344818
v 0.190516 0.022247 -0.350345
v 0.183037 0.022742 -0.352235
v 0.209063 0.029314 -0.236466
v 0.216586 0.029843 -0.238134
v 0.183763 0.026101 -0.283951
v 0.297363 0.021827 -0.388146
v 0.309907 0.022405 -0.369776
v 0.257993 0.030720 -0.247634
v 0.254281 0.030626 -0.251752
v 0.222118 0.013457 -0.417214
v 0.227102 0.013079 -0.412415
v 0.227443 0.012534 -0.418242
v 0.235169 0.034049 -0.131942
v 0.224939 0.034470 -0.126810
v 0.160927 0.031614 -0.210205
v 0.225424 0.029003 -0.263492
v 0.196618 0.031225 -0.194381
v 0.263965 0.023855 -0.308456
v 0.182011 0.030587 -0.213781
v 0.187038 0.025418 -0.293620
v 0.190083 0.024380 -0.303084
v 0.294890 0.023134 -0.310278
v 0.290387 0.023161 -0.312553
v 0.190006 0.032330 -0.173473
v 0.214430 0.021592 -0.314154
v 0.209748 0.022290 -0.311067
v 0.195935 0.021642 -0.327635
v 0.272419 0.019307 -0.356511
v 0.268857 0.018743 -0.359155
v 0.233348 0.016013 -0.373921
v 0.152770 0.033051 -0.174668
v 0.242964 0.017110 -0.376273
v 0.243589 0.016887 -0.383853
v 0.230838 0.030973 -0.197517
v 0.225829 0.030839 -0.195761
v 0.228919 0.030892 -0.191418
v 0.223402 0.030950 -0.183824
v 0.225435 0.030012 -0.241055
v 0.200551 0.024627 -0.297465
v 0.193599 0.021698 -0.364660
v 0.199153 0.020033 -0.372793
v 0.255696 0.021765 -0.319143
v 0.267606 0.019599 -0.340542
v 0.260911 0.018696 -0.344527
v 0.218691 0.030628 -0.196970
v 0.220630 0.030673 -0.211499
v 0.209835 0.030487 -0.206527
v 0.268459 0.028575 -0.262905
v 0.201399 0.028579 -0.241936
v 0.242881 0.030818 -0.212920
v 0.247589 0.030763 -0.224394
v 0.233566 0.031160 -0.220072
v 0.219321 0.019431 -0.338566
v 0.250153 0.017744 -0.379180
v 0.253831 0.024022 -0.303951
v 0.246044 0.028313 -0.265813
v 0.287822 0.024647 -0.298254
v 0.296820 0.020254 -0.358054
v 0.201994 0.030389 -0.215436
v 0.210898 0.030377 -0.219822
v 0.241938 0.020225 -0.324839
v 0.243357 0.019567 -0.329928
v 0.238731 0.019331 -0.331009
v 0.252170 0.015584 -0.412722
v 0.243901 0.013815 -0.413324
v 0.249393 0.015691 -0.407070
v 0.219355 0.014217 -0.410660
v 0.280974 0.020973 -0.396119
v 0.189239 0.030212 -0.220144
v 0.263849 0.018718 -0.410052
v 0.208706 0.031111 -0.182974
v 0.211806 0.030533 -0.214889
v 0.237090 0.027877 -0.273696
v 0.228072 0.028704 -0.274352
v 0.234993 0.028785 -0.264851
v 0.215918 0.020619 -0.321985
v 0.212732 0.020356 -0.328430
v 0.243245 0.014730 -0.403320
v 0.243602 0.015579 -0.398691
v 0.266381 0.019091 -0.369470
v 0.270497 0.019467 -0.373405
v 0.206815 0.034762 -0.118215
v 0.267864 0.029965 -0.251760
v 0.262049 0.030628 -0.242130
v 0.232315 0.033371 -0.143346
v 0.193524 0.025725 -0.288576
v 0.219837 0.014461 -0.405256
v 0.214484 0.015612 -0.394700
v 0.165534 0.025720 -0.285352
v 0.242934 0.024686 -0.292640
v 0.271266 0.020594 -0.335252
v 0.250156 0.021284 -0.320285
v 0.230369 0.016348 -0.370999
v 0.289919 0.021543 -0.327858
v 0.291220 0.022521 -0.318473
v 0.296294 0.021477 -0.323291
v 0.144114 0.032626 -0.185565
v 0.284824 0.019735 -0.353647
v 0.276955 0.019189 -0.353328
v 0.300503 0.020068 -0.337442
v 0.298751 0.020115 -0.343355
v 0.294567 0.020252 -0.340684
v 0.193790 0.033698 -0.148442
v 0.218498 0.019173 -0.349362
v 0.220165 0.015117 -0.393780
v 0.286032 0.021144 -0.400249
v 0.264420 0.018646 -0.361253
v 0.260924 0.018171 -0.359453
v 0.264736 0.018418 -0.357787
v 0.282588 0.021616 -0.330438
v 0.231021 0.031037 -0.207447
v 0.178244 0.022503 -0.344444
v 0.204586 0.018692 -0.378538
v 0.224261 0.027792 -0.282260
v 0.293049 0.020005 -0.344725
v 0.267807 0.018776 -0.364124
v 0.225310 0.016877 -0.367360
v 0.176282 0.030131 -0.224063
v 0.224129 0.018882 -0.341433
v 0.227355 0.029189 -0.249802
v 0.224690 0.028878 -0.255123
v 0.243791 0.016306 -0.389900
v 0.163226 0.031728 -0.202972
v 0.232152 0.012238 -0.421348
v 0.290582 0.021084 -0.375349
v 0.286041 0.020763 -0.375349
v 0.286336 0.021355 -0.379979
v 0.235506 0.031304 -0.182104
v 0.262029 0.024268 -0.304584
v 0.199566 0.026384 -0.276356
v 0.247879 0.019868 -0.328055
v 0.242740 0.018863 -0.334960
v 0.225302 0.014794 -0.392657
v 0.296681 0.020061 -0.349251
v 0.292887 0.020762 -0.335950
v 0.297598 0.020728 -0.330676
v 0.327840 0.040174 0.023097
v 0.335911 0.040332 0.015819
v 0.201942 0.021405 -0.346911
v 0.248904 0.029815 -0.256270
v 0.190288 0.030916 -0.209187
v 0.257998 0.018621 -0.391691
v 0.201719 0.020458 -0.366825
v 0.297196 0.039257 0.012125
v 0.298618 0.038413 0.002840
v 0.286431 0.038682 0.009903
v 0.275440 0.020216 -0.379726
v 0.276237 0.019941 -0.374361
v 0.278176 0.021315 -0.331749
v 0.248974 0.030520 -0.249496
v 0.253385 0.031077 -0.244238
v 0.280095 0.025414 -0.284957
v 0.274633 0.025900 -0.280173
v 0.189833 0.026236 -0.277454
v 0.241868 0.031195 -0.230192
v 0.200939 0.018955 -0.380357
v 0.272181 0.021919 -0.325110
v 0.207792 0.020490 -0.332617
v 0.291694 0.019942 -0.354419
v 0.297527 0.019921 -0.353985
v 0.259906 0.018308 -0.364291
v 0.255867 0.016959 -0.409431
v 0.266928 0.019255 -0.406862
v 0.206574 0.020974 -0.325150
v 0.208206 0.021612 -0.317749
v 0.191845 0.017344 -0.395383
v 0.197535 0.016817 -0.401177
v 0.206172 0.017286 -0.387142
v 0.310654 0.021588 -0.363035
v 0.241451 0.018117 -0.348538
v 0.303888 0.022413 -0.379708
v 0.323428 0.040367 0.004271
v 0.277236 0.021488 -0.330405
v 0.275140 0.020692 -0.395963
v 0.302805 0.019890 -0.346322
v 0.292150 0.019937 -0.359693
v 0.257093 0.018699 -0.340421
v 0.196855 0.021886 -0.350548
v 0.193229 0.021990 -0.356733
v 0.266569 0.025423 -0.293158
v 0.215577 0.014271 -0.419182
v 0.219676 0.013218 -0.423434
v 0.202658 0.017334 -0.390796
v 0.206753 0.016475 -0.396006
v 0.197567 0.017355 -0.392772
v 0.315565 0.023718 -0.383079
v 0.206917 0.015754 -0.419163
v 0.219661 0.028630 -0.275674
v 0.305749 0.019880 -0.341509
v 0.251881 0.030957 -0.234679
v 0.244978 0.016034 -0.394377
v 0.235264 0.018154 -0.343448
v 0.243637 0.021807 -0.316200
v 0.226055 0.012534 -0.423055
v 0.296053 0.022378 -0.316836
v 0.206801 0.019560 -0.365538
v 0.200056 0.035160 -0.109857
v 0.211933 0.014503 -0.424987
v 0.216477 0.024890 -0.295102
v 0.217235 0.015978 -0.385374
v 0.310288 0.023128 -0.400168
v 0.302458 0.022099 -0.401540
v 0.199253 0.016398 -0.425296
v 0.231914 0.014160 -0.398279
v 0.302464 0.020660 -0.326021
v 0.236409 0.013916 -0.405522
v 0.235315 0.012633 -0.413842
v 0.315611 0.023668 -0.389816
v 0.323165 0.039657 0.029134
v 0.259387 0.017273 -0.414240
v 0.318629 0.021106 -0.310907
v 0.326930 0.021574 -0.305134
v 0.322616 0.020470 -0.313949
v 0.263887 0.035112 -0.118483
v 0.265930 0.034276 -0.128117
v 0.250046 0.034341 -0.126418
v 0.306219 0.021338 -0.314775
v 0.311243 0.021033 -0.314378
v 0.306329 0.020631 -0.320957
v 0.352618 0.023888 -0.284436
v 0.376566 0.025648 -0.250787
v 0.359376 0.029461 -0.208594
v 0.352403 0.029271 -0.211272
v 0.351418 0.029302 -0.208802
v 0.256004 0.033113 -0.151928
v 0.266027 0.033380 -0.152355
v 0.257158 0.032886 -0.160834
v 0.307682 0.025530 -0.275696
v 0.304470 0.025900 -0.269889
v 0.312788 0.025608 -0.267270
v 0.281805 0.028829 -0.242352
v 0.273592 0.029522 -0.244888
v 0.276245 0.029137 -0.237017
v 0.276373 0.028913 -0.217135
v 0.270972 0.029070 -0.226752
v 0.265269 0.029260 -0.219397
v 0.366047 0.023128 -0.274584
v 0.365746 0.023203 -0.278627
v 0.360860 0.023245 -0.272697
v 0.338497 0.026582 -0.233546
v 0.331557 0.027010 -0.230944
v 0.339986 0.027298 -0.228023
v 0.324730 0.019881 -0.320538
v 0.328686 0.021214 -0.313510
v 0.304198 0.025550 -0.272666
v 0.302782 0.025650 -0.271895
v 0.267625 0.030304 -0.198923
v 0.275332 0.030988 -0.193228
v 0.273201 0.029775 -0.204771
v 0.335212 0.022056 -0.307733
v 0.338618 0.022710 -0.301148
v 0.337108 0.029240 -0.213183
v 0.345786 0.028545 -0.219717
v 0.336107 0.028202 -0.222599
v 0.342302 0.023325 -0.288293
v 0.333362 0.023140 -0.286185
v 0.338941 0.023107 -0.279463
v 0.310185 0.019772 -0.327538
v 0.316201 0.019847 -0.322432
v 0.313029 0.028454 -0.226954
v 0.308315 0.028986 -0.222380
v 0.311282 0.028702 -0.221269
v 0.289826 0.032866 -0.160295
v 0.288931 0.033483 -0.146046
v 0.299873 0.032731 -0.156493
v 0.332947 0.022768 -0.293285
v 0.329388 0.022921 -0.294442
v 0.246828 0.031873 -0.177493
v 0.241319 0.031914 -0.173835
v 0.355022 0.029503 -0.204003
v 0.346174 0.029649 -0.206772
v 0.348919 0.029488 -0.202051
v 0.348359 0.030029 -0.190255
v 0.351086 0.029820 -0.185927
v 0.354722 0.030116 -0.187210
v 0.296176 0.023733 -0.301438
v 0.292477 0.024519 -0.298211
v 0.297662 0.024259 -0.293469
v 0.290805 0.024507 -0.294096
v 0.322128 0.024383 -0.277086
v 0.317652 0.024595 -0.277846
v 0.324252 0.024363 -0.273104
v 0.287696 0.033704 -0.135345
v 0.367688 0.023102 -0.284480
v 0.361971 0.023165 -0.280084
v 0.346509 0.029982 -0.183678
v 0.332175 0.022414 -0.298910
v 0.335588 0.024781 -0.244235
v 0.326175 0.025833 -0.240102
v 0.335954 0.025647 -0.238557
v 0.277028 0.027619 -0.265322
v 0.275368 0.028712 -0.256039
v 0.342992 0.025121 -0.243165
v 0.348783 0.024841 -0.247005
v 0.343011 0.024356 -0.249487
v 0.353226 0.029902 -0.196938
v 0.318958 0.020320 -0.315124
v 0.319233 0.019976 -0.318275
v 0.323224 0.030165 -0.200608
v 0.321939 0.029773 -0.208094
v 0.315987 0.030121 -0.199369
v 0.335146 0.023541 -0.262528
v 0.332847 0.023792 -0.256969
v 0.342431 0.023425 -0.261043
v 0.276723 0.034764 -0.120170
v 0.272319 0.035649 -0.109063
v 0.285353 0.035165 -0.112456
v 0.301293 0.021814 -0.317626
v 0.370326 0.026575 -0.235671
v 0.367527 0.026140 -0.242494
v 0.366834 0.026451 -0.233537
v 0.371558 0.024440 -0.261312
v 0.375799 0.024144 -0.266111
v 0.361123 0.023969 -0.263140
v 0.365734 0.024662 -0.257555
v 0.367247 0.024054 -0.263945
v 0.279229 0.030325 -0.200300
v 0.285649 0.030562 -0.198805
v 0.281394 0.029546 -0.206847
v 0.332472 0.021914 -0.304182
v 0.331116 0.024403 -0.249469
v 0.328558 0.024528 -0.253845
v 0.323787 0.024873 -0.252960
v 0.335149 0.022388 -0.302261
v 0.332402 0.023698 -0.275920
v 0.325182 0.023815 -0.281045
v 0.317882 0.023626 -0.288995
v 0.317347 0.022452 -0.298436
v 0.310237 0.023032 -0.298389
v 0.320490 0.021744 -0.302857
v 0.323459 0.022478 -0.296228
v 0.313457 0.021813 -0.306276
v 0.311225 0.020108 -0.321172
v 0.288656 0.029510 -0.208823
v 0.355089 0.029838 -0.191716
v 0.371630 0.023145 -0.282728
v 0.288856 0.024949 -0.288625
v 0.292008 0.039683 0.019657
v 0.301454 0.023131 -0.303622
v 0.281059 0.025891 -0.276757
v 0.274375 0.026819 -0.272416
v 0.280716 0.026664 -0.270789
v 0.340484 0.023153 -0.296520
v 0.354333 0.025088 -0.248033
v 0.352157 0.024394 -0.252173
v 0.323005 0.024768 -0.265738
v 0.319865 0.025156 -0.258793
v 0.356010 0.023802 -0.286186
v 0.356117 0.026912 -0.230728
v 0.361956 0.026818 -0.233776
v 0.357283 0.026159 -0.237824
v 0.353683 0.023459 -0.277804
v 0.346960 0.023493 -0.273758
v 0.346644 0.023423 -0.268951
v 0.366466 0.023479 -0.269753
v 0.371642 0.023918 -0.267361
v 0.362929 0.029266 -0.203846
v 0.281412 0.025724 -0.281528
v 0.307780 0.032018 -0.163627
v 0.300253 0.032272 -0.166116
v 0.267328 0.035978 -0.097569
v 0.325836 0.023096 -0.288868
v 0.349240 0.023942 -0.290491
v 0.270263 0.033645 -0.142782
v 0.276469 0.033443 -0.145946
v 0.279258 0.033860 -0.136972
v 0.288187 0.025464 -0.280990
v 0.362042 0.023652 -0.285673
v 0.309041 0.021866 -0.310956
v 0.315522 0.020345 -0.317313
v 0.294734 0.032400 -0.167622
v 0.296832 0.031955 -0.174633
v 0.304731 0.019953 -0.332364
v 0.307346 0.019717 -0.336875
v 0.310645 0.019630 -0.334256
v 0.267590 0.029157 -0.212391
v 0.353741 0.027736 -0.223763
v 0.363974 0.026995 -0.226618
v 0.300448 0.028562 -0.232178
v 0.297769 0.028493 -0.235700
v 0.296212 0.028847 -0.226420
v 0.305651 0.022153 -0.309102
v 0.375975 0.024029 -0.270423
v 0.336621 0.022762 -0.295302
v 0.343037 0.025927 -0.237674
v 0.343284 0.026935 -0.232521
v 0.259314 0.035987 -0.097887
v 0.261159 0.035713 -0.107861
v 0.252022 0.035913 -0.104202
v 0.300189 0.025479 -0.274680
v 0.349172 0.026486 -0.233895
v 0.290153 0.027856 -0.249003
v 0.297938 0.026693 -0.261172
v 0.288526 0.027402 -0.256023
v 0.293153 0.030164 -0.203611
v 0.296475 0.031020 -0.194111
v 0.298553 0.029999 -0.204978
v 0.259920 0.029974 -0.228054
v 0.254028 0.029967 -0.217767
v 0.256496 0.031224 -0.190310
v 0.250826 0.030832 -0.195070
v 0.255591 0.031827 -0.181104
v 0.240838 0.032190 -0.166377
v 0.247626 0.032602 -0.158558
v 0.248873 0.032411 -0.168024
v 0.374837 0.026096 -0.244318
v 0.287579 0.032276 -0.170687
v 0.276910 0.032720 -0.166021
v 0.341000 0.023345 -0.272260
v 0.339631 0.023519 -0.266234
v 0.313093 0.039637 0.029013
v 0.350168 0.027609 -0.228198
v 0.345654 0.027036 -0.229317
v 0.347021 0.027825 -0.225502
v 0.275765 0.034075 -0.128914
v 0.268791 0.033742 -0.136024
v 0.368404 0.023430 -0.273427
v 0.370557 0.022960 -0.277551
v 0.276198 0.032294 -0.173801
v 0.360935 0.027757 -0.220867
v 0.366802 0.027321 -0.220511
v 0.299802 0.022582 -0.311724
v 0.327514 0.030161 -0.200266
v 0.326434 0.030244 -0.192721
v 0.332543 0.030015 -0.196680
v 0.345595 0.023261 -0.278239
v 0.355412 0.028879 -0.214059
v 0.301705 0.029432 -0.212830
v 0.302637 0.028829 -0.224027
v 0.362819 0.028238 -0.216822
v 0.368723 0.023077 -0.280771
v 0.280558 0.031876 -0.179495
v 0.271583 0.031811 -0.182820
v 0.304045 0.023412 -0.296574
v 0.287623 0.028558 -0.239151
v 0.294795 0.028324 -0.239177
v 0.341699 0.029859 -0.199628
v 0.274476 0.029108 -0.232176
v 0.280696 0.028756 -0.230910
v 0.307165 0.024157 -0.290418
v 0.314047 0.031275 -0.173334
v 0.364371 0.025263 -0.250152
v 0.370615 0.025280 -0.253735
v 0.300363 0.023878 -0.298309
v 0.267233 0.032231 -0.175511
v 0.262427 0.031504 -0.186280
v 0.302063 0.027908 -0.240491
v 0.300339 0.027454 -0.249724
v 0.320228 0.030746 -0.183424
v 0.285641 0.031570 -0.187428
v 0.353120 0.023612 -0.265786
v 0.266748 0.031010 -0.191613
v 0.355759 0.028234 -0.218815
v 0.309059 0.026353 -0.256305
v 0.377734 0.023523 -0.275885
v 0.304791 0.030225 -0.200528
v 0.308349 0.029796 -0.208485
v 0.310478 0.024714 -0.283139
v 0.300241 0.024898 -0.282926
v 0.309159 0.030886 -0.187627
v 0.371816 0.023422 -0.272568
v 0.252989 0.030249 -0.207297
v 0.277504 0.031725 -0.185080
v 0.288532 0.031867 -0.179110
v 0.284374 0.028734 -0.222018
v 0.348561 0.023721 -0.283439
v 0.247713 0.035550 -0.112334
v 0.243443 0.035813 -0.107623
v 0.260569 0.029617 -0.213060
v 0.263405 0.029819 -0.206188
v 0.240914 0.030973 -0.201932
v 0.293349 0.032100 -0.170523
v 0.300855 0.031599 -0.183435
v 0.290009 0.026159 -0.271430
v 0.328005 0.024129 -0.261274
v 0.256452 0.036004 -0.087818
v 0.266523 0.036154 -0.083764
v 0.262282 0.035968 -0.091767
v 0.284104 0.027567 -0.261201
v 0.331845 0.023687 -0.267801
v 0.359239 0.024743 -0.253557
v 0.240462 0.032896 -0.151005
v 0.299102 0.025859 -0.269505
v 0.262094 0.033379 -0.144076
v 0.257889 0.033655 -0.136421
v 0.351266 0.025628 -0.242049
v 0.358987 0.025636 -0.245669
v 0.294886 0.025575 -0.277503
v 0.318013 0.039716 0.028782
v 0.293939 0.031648 -0.184109
v 0.305731 0.028468 -0.231395
v 0.282506 0.027019 -0.267268
v 0.339925 0.023745 -0.254564
v 0.326083 0.024508 -0.256659
v 0.330039 0.029845 -0.204938
v 0.265096 0.032769 -0.165263
v 0.255268 0.032567 -0.170862
v 0.243586 0.035313 -0.116258
v 0.252977 0.035321 -0.115412
v 0.294560 0.029423 -0.212577
v 0.290055 0.029178 -0.219065
v 0.322477 0.025539 -0.247391
v 0.355065 0.024083 -0.258055
v 0.308882 0.027092 -0.247039
v 0.316326 0.025856 -0.251160
v 0.259443 0.030642 -0.196691
v 0.347696 0.023917 -0.256550
v 0.325895 0.029778 -0.203388
v 0.316371 0.026518 -0.243853
v 0.288967 0.028723 -0.229735
v 0.310199 0.027554 -0.238203
v 0.254038 0.033265 -0.144903
v 0.312936 0.029473 -0.214387
v 0.282351 0.028399 -0.251735
v 0.305559 0.031783 -0.175061
v 0.237980 0.032563 -0.159303
v 0.306598 0.029329 -0.216148
v 0.269776 0.029563 -0.235059
v 0.248584 0.033021 -0.149222
v 0.284779 0.029068 -0.214207
v 0.317008 0.027330 -0.235882
v 0.322281 0.027676 -0.229240
v 0.232716 0.034968 -0.120281
v 0.233946 0.035814 -0.107878
v 0.330676 0.039699 0.029222
v 0.337526 0.039681 0.024673
v 0.328042 0.028558 -0.221873
v 0.320569 0.028858 -0.219011
v 0.327367 0.029442 -0.213303
v 0.245441 0.033362 -0.140794
v 0.301903 0.039665 0.021406
v 0.240875 0.031237 -0.189917
v 0.347708 0.029168 -0.212305
v 0.369698 0.027344 -0.224245
v 0.328344 0.030284 -0.184631
v 0.277536 0.033301 -0.155301
v 0.233115 0.032130 -0.164702
v 0.437812 0.040906 -0.132888
v 0.438849 0.038493 -0.136336
v 0.434701 0.039224 -0.135562
v 0.436629 0.052933 -0.040705
v 0.441375 0.051261 -0.039287
v 0.442692 0.053841 -0.044208
v 0.441818 0.041899 -0.010431
v 0.440665 0.043656 -0.006049
v 0.445847 0.041371 -0.007839
v 0.450500 0.053164 -0.096926
v 0.455654 0.052789 -0.091353
v 0.457004 0.051567 -0.094929
v 0.464985 0.051796 -0.084475
v 0.465187 0.051132 -0.086682
v 0.461478 0.051953 -0.087183
v 0.241744 0.036408 -0.092712
v 0.316313 0.023894 -0.409948
v 0.312269 0.023363 -0.405485
v 0.334047 0.022503 -0.370576
v 0.315449 0.020076 -0.347677
v 0.317620 0.019628 -0.342450
v 0.330271 0.023385 -0.374066
v 0.325069 0.024507 -0.395564
v 0.321715 0.024319 -0.389670
v 0.326808 0.024704 -0.391747
v 0.317985 0.023027 -0.371221
v 0.317110 0.022455 -0.365206
v 0.321112 0.022727 -0.368257
v 0.329151 0.022507 -0.366684
v 0.316307 0.023993 -0.401323
v 0.326394 0.024455 -0.386989
v 0.328397 0.024043 -0.381723
v 0.308152 0.022689 -0.404978
v 0.320382 0.019825 -0.346187
v 0.323481 0.023362 -0.373497
v 0.480183 0.038568 -0.114729
v 0.476625 0.038901 -0.114178
v 0.478678 0.038921 -0.111673
v 0.324747 0.022886 -0.368188
v 0.323245 0.022119 -0.363121
v 0.318260 0.020372 -0.350972
v 0.321191 0.024242 -0.396841
v 0.321766 0.024353 -0.406688
v 0.438066 0.044276 -0.009324
v 0.433873 0.045570 -0.010536
v 0.435346 0.045532 -0.005930
v 0.317097 0.021354 -0.358055
v 0.475236 0.037570 -0.122247
v 0.461819 0.053629 -0.079584
v 0.467747 0.053017 -0.077036
v 0.463756 0.052514 -0.082281
v 0.316461 0.023290 -0.376359
v 0.319983 0.023155 -0.374869
v 0.470237 0.035109 -0.137088
v 0.323979 0.020583 -0.348914
v 0.322232 0.023883 -0.382647
v 0.323205 0.021157 -0.353886
v 0.322359 0.023678 -0.377721
v 0.470356 0.035704 -0.134366
v 0.465084 0.035843 -0.136430
v 0.321743 0.022529 -0.365698
v 0.324713 0.024703 -0.401448
v 0.322546 0.024696 -0.393776
v 0.470964 0.037667 -0.126438
v 0.469913 0.038847 -0.122039
v 0.320558 0.024257 -0.413596
v 0.416716 0.049970 -0.017460
v 0.416021 0.051092 -0.024380
v 0.409780 0.050988 -0.022834
v 0.395490 0.046160 -0.118311
v 0.401288 0.049468 -0.118046
v 0.458839 0.043409 -0.119084
v 0.460046 0.043565 -0.114383
v 0.463254 0.042509 -0.115828
v 0.427473 0.058611 -0.066947
v 0.428332 0.058852 -0.070869
v 0.422506 0.058943 -0.071241
v 0.478460 0.051435 -0.042618
v 0.471419 0.053657 -0.052298
v 0.468627 0.052605 -0.047156
v 0.484031 0.044526 -0.091645
v 0.479767 0.044895 -0.093147
v 0.481222 0.045775 -0.090044
v 0.335317 0.024147 -0.381401
v 0.458371 0.053145 -0.085650
v 0.455261 0.054039 -0.085167
v 0.460615 0.055635 -0.063179
v 0.462205 0.055697 -0.065971
v 0.459470 0.055853 -0.066278
v 0.422019 0.055855 -0.046156
v 0.416415 0.054815 -0.040710
v 0.425148 0.053701 -0.039888
v 0.453562 0.048373 -0.109164
v 0.457747 0.047914 -0.106149
v 0.456202 0.046774 -0.111024
v 0.466556 0.052139 -0.081965
v 0.468719 0.051133 -0.084151
v 0.434663 0.040001 -0.133841
v 0.430732 0.041246 -0.132527
v 0.418124 0.057984 -0.060379
v 0.413028 0.058351 -0.066729
v 0.410304 0.057407 -0.058651
v 0.462884 0.055468 -0.057582
v 0.454248 0.056877 -0.062904
v 0.456831 0.056165 -0.058251
v 0.481690 0.041003 -0.102652
v 0.480063 0.042773 -0.098583
v 0.484962 0.041538 -0.098811
v 0.473931 0.052316 -0.073697
v 0.472010 0.052749 -0.071247
v 0.449729 0.038790 -0.022376
v 0.445102 0.040733 -0.022494
v 0.447109 0.039089 -0.019061
v 0.466726 0.054870 -0.058112
v 0.470098 0.054374 -0.058877
v 0.422318 0.049036 -0.015857
v 0.420307 0.049818 -0.019627
v 0.476619 0.050320 -0.080183
v 0.479666 0.051000 -0.074267
v 0.481337 0.049678 -0.077466
v 0.438964 0.057461 -0.056811
v 0.437276 0.056695 -0.052330
v 0.444109 0.056289 -0.053562
v 0.403185 0.049956 -0.021486
v 0.400151 0.047701 -0.015397
v 0.410254 0.049634 -0.014615
v 0.451675 0.043200 -0.124497
v 0.450830 0.041409 -0.128950
v 0.446221 0.044333 -0.125086
v 0.488784 0.040731 -0.101085
v 0.390187 0.044969 -0.017524
v 0.392841 0.048385 -0.024732
v 0.419416 0.045002 -0.127253
v 0.419115 0.040804 -0.131636
v 0.415369 0.044676 -0.127021
v 0.383276 0.051319 -0.050429
v 0.378793 0.049485 -0.059787
v 0.375994 0.048224 -0.048532
v 0.451734 0.039857 -0.007885
v 0.447256 0.039313 -0.011149
v 0.457631 0.054455 -0.079306
v 0.425173 0.059141 -0.073389
v 0.429320 0.059020 -0.074870
v 0.421299 0.059071 -0.076095
v 0.401883 0.055671 -0.104858
v 0.397526 0.055594 -0.097108
v 0.406245 0.057714 -0.098588
v 0.452039 0.056059 -0.055649
v 0.471378 0.049365 -0.086706
v 0.473015 0.050153 -0.083264
v 0.478358 0.038062 -0.118405
v 0.439799 0.049624 -0.117994
v 0.441707 0.047808 -0.120964
v 0.435082 0.050566 -0.118501
v 0.387667 0.052967 -0.078662
v 0.393470 0.054998 -0.086794
v 0.388335 0.052623 -0.087193
v 0.394216 0.052905 -0.104540
v 0.405834 0.056595 -0.054097
v 0.411815 0.056474 -0.051454
v 0.435685 0.044689 -0.014792
v 0.438079 0.043712 -0.012528
v 0.443888 0.040434 -0.013508
v 0.408135 0.056706 -0.105109
v 0.414622 0.057806 -0.102644
v 0.409348 0.047238 0.017680
v 0.414908 0.048514 0.012065
v 0.409647 0.048035 0.009248
v 0.476338 0.052701 -0.068335
v 0.481050 0.052263 -0.063988
v 0.480111 0.052068 -0.068589
v 0.443714 0.056506 -0.086944
v 0.439619 0.057317 -0.090070
v 0.442550 0.057206 -0.085431
v 0.482136 0.048505 -0.081496
v 0.486211 0.048817 -0.077607
v 0.453642 0.041945 -0.126107
v 0.484079 0.045928 -0.088181
v 0.481179 0.047656 -0.085147
v 0.485828 0.046994 -0.084623
v 0.464960 0.054275 -0.072177
v 0.467487 0.053284 -0.073459
v 0.449458 0.044860 -0.122080
v 0.460124 0.049708 -0.097207
v 0.453954 0.051096 -0.099662
v 0.446167 0.057546 -0.068683
v 0.438115 0.058431 -0.075488
v 0.438544 0.058447 -0.069643
v 0.428953 0.047347 -0.013614
v 0.436232 0.050221 -0.034250
v 0.376137 0.046307 -0.081787
v 0.372762 0.043220 -0.088757
v 0.366748 0.041807 -0.078617
v 0.413980 0.049135 -0.005919
v 0.408092 0.048223 -0.004511
v 0.411391 0.048629 -0.001726
v 0.448743 0.051412 -0.106465
v 0.450996 0.051576 -0.102972
v 0.451760 0.050443 -0.104911
v 0.428829 0.057429 -0.054936
v 0.404421 0.058009 -0.076820
v 0.401458 0.057289 -0.087842
v 0.395102 0.055823 -0.072647
v 0.426453 0.050781 -0.120182
v 0.433308 0.048560 -0.122422
v 0.465403 0.043142 -0.110519
v 0.460909 0.045203 -0.110373
v 0.464906 0.044385 -0.106180
v 0.467111 0.054633 -0.066183
v 0.463405 0.055145 -0.069231
v 0.468188 0.054776 -0.063730
v 0.434863 0.058448 -0.062275
v 0.430799 0.058223 -0.059243
v 0.475532 0.038572 -0.117778
v 0.429119 0.047672 -0.000933
v 0.429197 0.047624 -0.006474
v 0.422950 0.048681 -0.002698
v 0.475997 0.041721 -0.104392
v 0.477668 0.040178 -0.107670
v 0.384723 0.041191 -0.008331
v 0.381150 0.040559 -0.001466
v 0.387351 0.042121 -0.003604
v 0.439668 0.043557 -0.021781
v 0.433707 0.045638 -0.019301
v 0.441295 0.041646 -0.017129
v 0.451946 0.036838 -0.019149
v 0.373886 0.045433 -0.033139
v 0.374614 0.043951 -0.027627
v 0.382424 0.047581 -0.031314
v 0.452144 0.056174 -0.076905
v 0.449228 0.056094 -0.079897
v 0.447196 0.056502 -0.080198
v 0.451698 0.052351 -0.098394
v 0.448802 0.052255 -0.101849
v 0.449081 0.053026 -0.099492
v 0.463129 0.049903 -0.093103
v 0.463477 0.051071 -0.089228
v 0.467096 0.050092 -0.088470
v 0.436128 0.058166 -0.083062
v 0.429887 0.058975 -0.082977
v 0.436476 0.058770 -0.079989
v 0.453964 0.056262 -0.070989
v 0.416377 0.048963 0.002798
v 0.422763 0.049055 0.001217
v 0.434061 0.055534 -0.106855
v 0.438508 0.055654 -0.103242
v 0.439498 0.054482 -0.106684
v 0.414417 0.057233 -0.054984
v 0.392123 0.044066 0.005559
v 0.398577 0.045977 0.003886
v 0.393180 0.044029 -0.001177
v 0.446479 0.057720 -0.064888
v 0.449992 0.057158 -0.060723
v 0.400195 0.046425 -0.005978
v 0.391922 0.043649 -0.007758
v 0.471867 0.053551 -0.067707
v 0.474347 0.053247 -0.067787
v 0.438857 0.052074 -0.114122
v 0.443834 0.049838 -0.116394
v 0.438466 0.046338 -0.125029
v 0.443134 0.043645 -0.127864
v 0.459720 0.055607 -0.056303
v 0.466934 0.041692 -0.112762
v 0.468324 0.041972 -0.110219
v 0.471366 0.040876 -0.111165
v 0.408938 0.058439 -0.085847
v 0.408870 0.058293 -0.092604
v 0.436539 0.045911 -0.024746
v 0.456547 0.053885 -0.050094
v 0.462875 0.054542 -0.053355
v 0.386478 0.042388 0.002409
v 0.420964 0.058591 -0.092176
v 0.427591 0.058251 -0.094349
v 0.420400 0.058501 -0.096109
v 0.425629 0.051927 -0.033305
v 0.424832 0.050345 -0.027122
v 0.430055 0.050159 -0.030527
v 0.426640 0.048541 0.001007
v 0.402088 0.046684 0.012851
v 0.459252 0.048556 -0.101964
v 0.462699 0.047437 -0.101376
v 0.460960 0.047107 -0.103794
v 0.449270 0.046519 -0.119885
v 0.446648 0.046751 -0.120584
v 0.449516 0.054099 -0.094351
v 0.453527 0.053735 -0.089386
v 0.396682 0.055691 -0.059796
v 0.397925 0.056498 -0.066595
v 0.338999 0.036017 -0.063423
v 0.328379 0.035816 -0.064357
v 0.334631 0.035889 -0.052694
v 0.460066 0.050087 -0.094885
v 0.406944 0.048529 -0.009770
v 0.438614 0.042898 -0.014668
v 0.471814 0.039667 -0.116310
v 0.476464 0.048998 -0.084566
v 0.478055 0.048080 -0.087084
v 0.483907 0.037722 -0.115433
v 0.467254 0.040960 -0.116195
v 0.466863 0.040279 -0.119865
v 0.477386 0.053690 -0.055511
v 0.474393 0.053870 -0.059945
v 0.468559 0.045885 -0.099524
v 0.465095 0.046824 -0.099708
v 0.466996 0.047184 -0.095741
v 0.425366 0.044046 -0.128986
v 0.427106 0.046532 -0.126216
v 0.430335 0.044431 -0.128543
v 0.460842 0.046297 -0.106720
v 0.464285 0.045860 -0.102658
v 0.388866 0.043069 -0.012558
v 0.382656 0.041372 -0.014142
v 0.477510 0.053172 -0.061306
v 0.472888 0.054039 -0.063868
v 0.448979 0.055974 -0.083171
v 0.439608 0.043251 -0.129239
v 0.435362 0.043770 -0.129129
v 0.467679 0.034798 -0.140085
v 0.463859 0.033766 -0.143059
v 0.461056 0.035106 -0.139759
v 0.446924 0.055595 -0.089587
v 0.445921 0.055436 -0.092885
v 0.443364 0.056232 -0.094002
v 0.354372 0.038450 -0.058939
v 0.358615 0.040393 -0.051436
v 0.363471 0.041598 -0.063676
v 0.407297 0.025394 -0.350637
v 0.410533 0.025153 -0.349046
v 0.462346 0.040170 -0.124104
v 0.460631 0.039709 -0.128221
v 0.456691 0.040468 -0.126822
v 0.409829 0.025853 -0.362224
v 0.407833 0.025450 -0.355487
v 0.403375 0.026007 -0.354670
v 0.413026 0.024595 -0.346824
v 0.414594 0.023992 -0.342300
v 0.416386 0.024579 -0.347238
v 0.449130 0.055357 -0.052344
v 0.409518 0.024939 -0.352256
v 0.428512 0.026033 -0.372908
v 0.417174 0.023358 -0.332066
v 0.420096 0.023902 -0.346711
v 0.417844 0.023773 -0.343212
v 0.414392 0.025513 -0.360019
v 0.412466 0.026064 -0.365074
v 0.420812 0.050401 -0.024257
v 0.418339 0.024664 -0.352641
v 0.414171 0.024772 -0.350124
v 0.412700 0.024940 -0.354284
v 0.426207 0.023778 -0.345862
v 0.423893 0.025196 -0.361197
v 0.417622 0.023668 -0.338595
v 0.482865 0.048154 -0.083643
v 0.421702 0.023103 -0.335751
v 0.418639 0.023344 -0.341465
v 0.420479 0.023595 -0.341930
v 0.474696 0.048010 -0.088661
v 0.484096 0.043029 -0.095275
v 0.390279 0.053758 -0.051675
v 0.387807 0.052079 -0.043381
v 0.482893 0.038842 -0.110297
v 0.483590 0.039410 -0.106752
v 0.488427 0.038793 -0.108478
v 0.462791 0.048007 -0.098821
v 0.463577 0.048694 -0.096956
v 0.487349 0.037618 -0.116016
v 0.490219 0.042197 -0.096238
v 0.486583 0.037925 -0.112787
v 0.487238 0.039980 -0.104657
v 0.483508 0.038362 -0.113054
v 0.486390 0.044601 -0.090348
v 0.487804 0.044027 -0.092351
v 0.445901 0.042809 -0.003510
v 0.451881 0.043416 -0.001005
v 0.463971 0.037537 -0.015159
v 0.457537 0.037525 -0.011886
v 0.459915 0.039484 -0.008920
v 0.420522 0.048014 0.017335
v 0.414727 0.046977 0.021615
v 0.419170 0.046542 0.023685
v 0.462448 0.035807 -0.021719
v 0.461456 0.037243 -0.026758
v 0.456967 0.036093 -0.022766
v 0.474736 0.050219 -0.040949
v 0.447889 0.046574 0.006775
v 0.444253 0.045185 0.001094
v 0.458466 0.042121 -0.003709
v 0.456791 0.044161 0.000648
v 0.466278 0.036876 -0.022881
v 0.466021 0.036974 -0.020434
v 0.451332 0.040860 -0.028061
v 0.457565 0.039622 -0.028345
v 0.458422 0.041839 -0.031315
v 0.440560 0.043737 0.037640
v 0.437738 0.044914 0.031699
v 0.435066 0.042141 0.038559
v 0.432565 0.047672 0.003631
v 0.440316 0.046694 0.004953
v 0.438302 0.047678 0.010391
v 0.457862 0.035651 -0.017443
v 0.445297 0.046501 -0.032300
v 0.439365 0.047456 -0.029747
v 0.443350 0.043996 -0.026792
v 0.444916 0.045595 0.034243
v 0.445384 0.046750 0.030188
v 0.473266 0.047535 -0.036610
v 0.467813 0.047893 -0.038858
v 0.453078 0.037668 -0.023673
v 0.464366 0.036670 -0.024717
v 0.460783 0.044230 -0.034513
v 0.455763 0.043353 -0.032603
v 0.469807 0.039205 -0.020446
v 0.415957 0.058866 -0.081546
v 0.410106 0.058575 -0.078400
v 0.471899 0.036499 -0.130540
v 0.465238 0.046038 0.002011
v 0.467718 0.044734 -0.002928
v 0.461765 0.044065 -0.001033
v 0.456065 0.040605 -0.005882
v 0.461256 0.040130 -0.030111
v 0.463020 0.041850 -0.032426
v 0.469311 0.050020 -0.041982
v 0.448141 0.044276 -0.030618
v 0.452465 0.044353 -0.032592
v 0.438336 0.045986 0.000971
v 0.456543 0.039194 -0.008783
v 0.419917 0.044959 0.028296
v 0.415906 0.045501 0.026808
v 0.414780 0.042859 0.035076
v 0.414378 0.047425 0.016893
v 0.453617 0.045397 0.003585
v 0.456510 0.046691 0.006805
v 0.464690 0.049357 -0.041485
v 0.424371 0.046235 0.024465
v 0.430189 0.045276 0.028162
v 0.429266 0.047447 0.020034
v 0.462800 0.046879 -0.037869
v 0.428920 0.042004 0.036121
v 0.455622 0.038261 -0.026140
v 0.447451 0.038468 -0.015393
v 0.452650 0.037031 -0.013661
v 0.404978 0.026253 -0.367543
v 0.399167 0.026660 -0.367745
v 0.450479 0.048446 -0.037114
v 0.450054 0.045992 -0.033491
v 0.441577 0.044792 -0.001849
v 0.411139 0.026334 -0.374003
v 0.400228 0.026703 -0.373265
v 0.371030 0.045881 -0.054460
v 0.455721 0.046348 -0.035980
v 0.386745 0.043374 0.010208
v 0.443177 0.049211 -0.035395
v 0.423609 0.043713 0.031254
v 0.464693 0.041787 -0.007381
v 0.475125 0.043397 -0.022431
v 0.442320 0.047609 0.024188
v 0.452389 0.048686 0.021820
v 0.445982 0.048150 0.019401
v 0.460533 0.049250 0.016310
v 0.464157 0.049054 0.020563
v 0.469610 0.041417 -0.013016
v 0.457858 0.049233 -0.040341
v 0.461484 0.051226 -0.044825
v 0.455564 0.050993 -0.043072
v 0.462955 0.047795 0.008839
v 0.462910 0.046797 0.005526
v 0.469632 0.043421 -0.007804
v 0.454326 0.048403 0.014663
v 0.460780 0.048359 0.012404
v 0.454085 0.047599 0.010959
v 0.449631 0.055021 -0.050268
v 0.443597 0.055346 -0.049847
v 0.430668 0.052252 -0.036715
v 0.457697 0.055595 -0.071937
v 0.439706 0.047873 0.017241
v 0.436074 0.047754 0.020149
v 0.421829 0.041870 0.037580
v 0.452926 0.050238 -0.040689
v 0.459119 0.045675 0.003298
v 0.445848 0.057256 -0.077051
v 0.437903 0.045313 -0.002798
v 0.433884 0.046847 -0.001747
v 0.420130 0.058886 -0.068343
v 0.415354 0.058737 -0.074096
v 0.425082 0.048693 0.004423
v 0.429277 0.048336 0.009176
v 0.421646 0.048749 0.009395
v 0.449516 0.047641 -0.116149
v 0.450653 0.048948 -0.111629
v 0.452528 0.048125 -0.112439
v 0.446837 0.048012 0.014109
v 0.451354 0.047848 0.027390
v 0.458030 0.048636 0.025415
v 0.432928 0.048301 0.014733
v 0.448841 0.045150 0.038246
v 0.458059 0.046636 0.036731
v 0.454818 0.047338 0.032625
v 0.448453 0.051420 -0.041676
v 0.451127 0.048648 0.017616
v 0.426853 0.048348 0.013897
v 0.419848 0.057122 -0.052490
v 0.416728 0.057615 -0.056484
v 0.435044 0.046748 0.024680
v 0.457234 0.048234 0.028700
v 0.456759 0.042107 -0.123461
v 0.409776 0.045418 0.026751
v 0.406814 0.047956 0.002222
v 0.448912 0.033374 -0.145496
v 0.444858 0.033505 -0.145441
v 0.420860 0.049107 -0.010741
v 0.477893 0.046520 -0.089832
v 0.094571 0.039491 0.006392
v 0.120716 0.039606 0.004364
v 0.134415 0.039549 0.008145
v 0.108595 0.039391 0.003207
v 0.107499 0.038837 -0.001164
v 0.101813 0.038944 -0.000212
v 0.395453 0.026884 -0.367238
v 0.391235 0.026732 -0.363579
v 0.385883 0.026826 -0.371808
v 0.392916 0.026962 -0.369441
v 0.390193 0.026813 -0.373537
v 0.381273 0.043565 -0.022125
v 0.476848 0.025076 -0.200245
v 0.481590 0.026211 -0.199551
v 0.488390 0.034030 -0.142873
v 0.498479 0.030499 -0.203643
v 0.485806 0.030911 -0.161088
v 0.484387 0.032026 -0.153217
v 0.488359 0.032305 -0.155096
v 0.483949 0.030924 -0.157848
v 0.489378 0.028745 -0.179279
v 0.485058 0.027704 -0.177608
v 0.486858 0.033302 -0.146201
v 0.490715 0.028919 -0.215830
v 0.477673 0.026572 -0.172862
v 0.488347 0.033024 -0.150777
v 0.480927 0.034121 -0.140784
v 0.481409 0.033317 -0.145154
v 0.472052 0.051020 -0.080891
v 0.469828 0.051906 -0.079469
v 0.474166 0.051591 -0.077612
v 0.469926 0.054450 -0.064545
v 0.462156 0.040960 -0.119847
v 0.480420 0.046954 -0.087970
v 0.480580 0.031168 -0.154788
v 0.480265 0.031925 -0.151701
v 0.483000 0.032554 -0.149569
v 0.379139 0.048872 -0.040157
v 0.476824 0.027453 -0.168581
v 0.454828 0.052575 -0.045856
v 0.484882 0.034257 -0.142208
v 0.408110 0.047154 -0.123000
v 0.408534 0.044562 -0.125119
v 0.434325 0.057906 -0.092600
v 0.439892 0.057739 -0.084570
v 0.423885 0.058633 -0.063232
v 0.424802 0.058299 -0.058877
v 0.323923 0.035893 -0.057139
v 0.326822 0.036054 -0.048163
v 0.469181 0.054181 -0.067213
v 0.440465 0.037706 -0.138282
v 0.444001 0.038864 -0.135297
v 0.441766 0.035563 -0.141579
v 0.467688 0.033612 -0.142549
v 0.436194 0.055212 -0.046782
v 0.470408 0.042859 -0.105251
v 0.395202 0.050165 -0.112463
v 0.401528 0.053524 -0.111862
v 0.430425 0.048224 -0.024745
v 0.434056 0.048390 -0.028435
v 0.436010 0.036683 -0.139604
v 0.428709 0.037385 -0.137697
v 0.476903 0.044984 -0.095214
v 0.473770 0.046401 -0.093510
v 0.474710 0.044686 -0.097751
v 0.478680 0.043789 -0.096080
v 0.475386 0.042939 -0.101623
v 0.444325 0.057370 -0.059651
v 0.380588 0.046843 -0.095057
v 0.396479 0.043655 -0.122123
v 0.467081 0.053957 -0.067472
v 0.284229 0.039740 0.019780
v 0.276610 0.039595 0.018101
v 0.437811 0.056495 -0.099896
v 0.440775 0.056790 -0.093186
v 0.441905 0.058009 -0.063763
v 0.431759 0.054107 -0.042209
v 0.419336 0.052251 -0.031192
v 0.426872 0.056646 -0.050564
v 0.431647 0.056313 -0.050471
v 0.360060 0.040786 -0.026009
v 0.361898 0.041881 -0.034725
v 0.354374 0.040021 -0.030745
v 0.462711 0.038075 -0.130348
v 0.460588 0.037344 -0.133785
v 0.456547 0.039201 -0.131090
v 0.388451 0.053444 -0.060578
v 0.425802 0.048722 -0.020194
v 0.353421 0.036741 -0.081674
v 0.360795 0.038612 -0.083272
v 0.359554 0.037116 -0.090887
v 0.318091 0.036350 -0.050264
v 0.440658 0.041923 -0.013886
v 0.383446 0.050376 -0.083030
v 0.385635 0.050502 -0.091746
v 0.381423 0.048726 -0.087651
v 0.475608 0.039536 -0.111856
v 0.477023 0.052932 -0.064816
v 0.469798 0.048796 -0.091120
v 0.340378 0.037443 -0.035466
v 0.341657 0.037018 -0.043550
v 0.334138 0.036547 -0.041261
v 0.458726 0.054930 -0.073587
v 0.460340 0.054938 -0.074197
v 0.456781 0.054860 -0.077237
v 0.380705 0.042951 -0.105541
v 0.373566 0.041133 -0.097743
v 0.452634 0.057026 -0.067448
v 0.446583 0.057462 -0.072694
v 0.448079 0.039950 -0.131955
v 0.448102 0.040999 -0.130404
v 0.460266 0.051168 -0.090831
v 0.318780 0.035989 -0.064455
v 0.312578 0.036492 -0.058716
v 0.450799 0.038735 -0.134062
v 0.299743 0.037418 -0.059073
v 0.306418 0.037328 -0.055489
v 0.466615 0.052241 -0.080109
v 0.459122 0.036100 -0.136848
v 0.455603 0.037497 -0.135570
v 0.453460 0.030488 -0.152884
v 0.451898 0.037081 -0.137425
v 0.455146 0.035586 -0.139301
v 0.450589 0.035719 -0.139991
v 0.347293 0.036733 -0.063712
v 0.343693 0.036129 -0.074110
v 0.429237 0.055517 -0.046367
v 0.457478 0.045360 -0.113814
v 0.453847 0.046395 -0.115309
v 0.471040 0.046066 -0.096655
v 0.417586 0.056123 -0.110045
v 0.420634 0.056956 -0.107016
v 0.424813 0.054875 -0.112475
v 0.449472 0.053812 -0.047374
v 0.423164 0.059082 -0.080652
v 0.431589 0.046990 -0.125075
v 0.455320 0.032166 -0.147749
v 0.471177 0.043925 -0.101083
v 0.454531 0.055438 -0.077083
v 0.410593 0.053199 -0.032280
v 0.446223 0.042417 -0.129229
v 0.393789 0.044991 0.012024
v 0.407176 0.051682 -0.117316
v 0.415793 0.052831 -0.116794
v 0.412596 0.050257 -0.120357
v 0.409050 0.054974 -0.040695
v 0.379883 0.049322 -0.072724
v 0.385888 0.052432 -0.068505
v 0.440739 0.057956 -0.078808
v 0.468535 0.042691 -0.108471
v 0.470331 0.041984 -0.108302
v 0.394528 0.045227 -0.012319
v 0.467907 0.044854 -0.103026
v 0.453029 0.054844 -0.081616
v 0.450106 0.055328 -0.085981
v 0.406741 0.058033 -0.071190
v 0.409295 0.058434 -0.073572
v 0.367149 0.042517 -0.028884
v 0.445661 0.052073 -0.108048
v 0.419324 0.049977 -0.121407
v 0.421633 0.057906 -0.056830
v 0.387807 0.050481 -0.098988
v 0.391002 0.053077 -0.094995
v 0.358928 0.038978 -0.073458
v 0.473397 0.041465 -0.106986
v 0.372996 0.046368 -0.065006
v 0.427022 0.058899 -0.089228
v 0.433307 0.058287 -0.089071
v 0.369069 0.044821 -0.039736
v 0.365475 0.042969 -0.033680
v 0.413821 0.055436 -0.111984
v 0.407039 0.055576 -0.109239
v 0.413349 0.056529 -0.107748
v 0.423575 0.057725 -0.102028
v 0.481616 0.053117 -0.056167
v 0.461481 0.031990 -0.148180
v 0.411492 0.055943 -0.045453
v 0.401870 0.051699 -0.029022
v 0.434057 0.058691 -0.067029
v 0.453712 0.050664 -0.102366
v 0.454800 0.049371 -0.104661
v 0.402995 0.057338 -0.066612
v 0.402898 0.056810 -0.058786
v 0.465653 0.038536 -0.126726
v 0.467092 0.037639 -0.129640
v 0.435932 0.058347 -0.085908
v 0.460273 0.032935 -0.145587
v 0.421004 0.058994 -0.085438
v 0.480784 0.053005 -0.061554
v 0.456413 0.049640 -0.100916
v 0.443652 0.055253 -0.097936
v 0.457482 0.033885 -0.143090
v 0.387700 0.047957 -0.106406
v 0.405408 0.055895 -0.047431
v 0.396394 0.054624 -0.047196
v 0.402590 0.054121 -0.038459
v 0.392587 0.051827 -0.035629
v 0.432601 0.058875 -0.070484
v 0.477871 0.053417 -0.052283
v 0.370650 0.044519 -0.072321
v 0.416488 0.055961 -0.047520
v 0.444732 0.056406 -0.089230
v 0.291991 0.036825 -0.065625
v 0.401100 0.056040 -0.053259
v 0.449546 0.054987 -0.090311
v 0.443229 0.053890 -0.105066
v 0.442822 0.052118 -0.110149
v 0.466199 0.036419 -0.132367
v 0.479504 0.053612 -0.055585
v 0.447156 0.050377 -0.111220
v 0.452854 0.054709 -0.084881
v 0.435586 0.057281 -0.096818
v 0.424370 0.058229 -0.098327
v 0.429698 0.057856 -0.098701
v 0.455676 0.044812 -0.117420
v 0.446246 0.053323 -0.101798
v 0.452010 0.034363 -0.142932
v 0.373943 0.047327 -0.059871
v 0.445081 0.054022 -0.100525
v 0.452974 0.047536 -0.114123
v 0.448523 0.052197 -0.104332
v 0.414006 0.058251 -0.097421
v 0.414700 0.058598 -0.093447
v 0.352129 0.037349 -0.070143
v 0.357357 0.039050 -0.066290
v 0.385065 0.050132 -0.037401
v 0.386643 0.044427 -0.111870
v 0.390706 0.044619 -0.116097
v 0.451070 0.049918 -0.108016
v 0.432706 0.058509 -0.086225
v 0.419837 0.058317 -0.099754
v 0.302231 0.038232 -0.048184
v 0.443073 0.041619 -0.131080
v 0.421583 0.058781 -0.089285
v 0.415844 0.058962 -0.088769
v 0.425786 0.048243 -0.123704
v 0.424669 0.058692 -0.087218
v 0.348296 0.038378 -0.038777
v 0.366737 0.040265 -0.089811
v 0.366282 0.037571 -0.097891
v 0.451752 0.045526 -0.119050
v 0.448106 0.037075 -0.137988
v 0.429485 0.057155 -0.103974
v 0.453814 0.044204 -0.121208
v 0.356919 0.040178 -0.041624
v 0.421988 0.047177 -0.124914
v 0.411541 0.058385 -0.090379
v 0.463309 0.048693 -0.095683
v 0.346275 0.037074 -0.052865
v 0.353413 0.038792 -0.048669
v 0.363415 0.042589 -0.047003
v 0.446060 0.040783 -0.131586
v 0.371993 0.041610 -0.022364
v 0.434134 0.053821 -0.112390
v 0.415508 0.047356 -0.124029
v 0.412307 0.045954 -0.124848
v 0.364800 0.039903 -0.018989
v 0.374009 0.040163 -0.015876
v 0.483917 0.049922 -0.074901
v 0.374406 0.046192 -0.072710
v 0.408403 0.054237 -0.113609
v 0.391325 0.047003 -0.113372
v 0.411547 0.043677 -0.126963
v 0.396264 0.045026 0.019459
v 0.402489 0.045307 0.023064
v 0.315287 0.037516 -0.015073
v 0.322299 0.038659 -0.006097
v 0.328992 0.037693 -0.019166
v 0.376267 0.039398 -0.007423
v 0.276645 0.036411 -0.077056
v 0.276181 0.037324 -0.063926
v 0.232835 0.037824 -0.057212
v 0.235681 0.038640 -0.045513
v 0.243016 0.037831 -0.055993
v 0.368271 0.039955 0.009485
v 0.359858 0.039592 0.013197
v 0.361608 0.040162 0.020504
v 0.375713 0.042361 0.022513
v 0.377663 0.042017 0.029347
v 0.386458 0.043762 0.020683
v 0.213391 0.037492 -0.062673
v 0.205653 0.037503 -0.054815
v 0.220969 0.037875 -0.053080
v 0.357275 0.038815 -0.011893
v 0.348880 0.039169 -0.004552
v 0.358997 0.038477 -0.005015
v 0.349282 0.039211 -0.012740
v 0.353451 0.039594 -0.020381
v 0.345051 0.039128 -0.017169
v 0.380124 0.040807 0.041700
v 0.384108 0.040822 0.035986
v 0.379979 0.041066 0.034615
v 0.361454 0.040230 0.027182
v 0.357552 0.040035 0.026961
v 0.366474 0.040363 0.032507
v 0.260339 0.036493 -0.072616
v 0.322555 0.036285 -0.045208
v 0.325670 0.036455 -0.039430
v 0.243510 0.039783 0.009246
v 0.245007 0.039165 0.002642
v 0.235440 0.039279 0.004336
v 0.310189 0.037034 -0.051666
v 0.281980 0.038067 -0.004678
v 0.385496 0.042177 0.029877
v 0.294565 0.038747 -0.016220
v 0.306173 0.038086 -0.021685
v 0.298049 0.039278 -0.026197
v 0.223054 0.038443 -0.042193
v 0.229477 0.038882 -0.035594
v 0.257868 0.038862 -0.016823
v 0.262102 0.038495 -0.006306
v 0.270739 0.038480 -0.017501
v 0.351730 0.039862 0.027707
v 0.265770 0.038224 -0.038258
v 0.265184 0.038151 -0.032343
v 0.268790 0.037421 -0.033414
v 0.269987 0.038196 -0.028062
v 0.232300 0.038234 -0.011930
v 0.236178 0.038741 -0.020351
v 0.225583 0.038343 -0.019223
v 0.267199 0.037612 -0.057055
v 0.269077 0.036811 -0.070098
v 0.212793 0.037790 -0.043291
v 0.343343 0.038553 -0.025865
v 0.374179 0.040994 0.037151
v 0.373893 0.041006 0.045278
v 0.362139 0.038946 0.005994
v 0.368085 0.038977 0.002234
v 0.364069 0.038485 -0.001383
v 0.223489 0.037156 -0.080141
v 0.223147 0.036171 -0.095052
v 0.210602 0.037015 -0.084120
v 0.354297 0.038655 0.002323
v 0.204156 0.037428 -0.042020
v 0.258762 0.038682 -0.036584
v 0.248036 0.039411 -0.035225
v 0.260063 0.038783 -0.026845
v 0.394533 0.041095 0.044218
v 0.400115 0.041313 0.039834
v 0.394024 0.040818 0.038528
v 0.403592 0.042860 0.033268
v 0.400443 0.041465 0.035748
v 0.353510 0.039283 0.011399
v 0.218408 0.038318 -0.034176
v 0.225957 0.038609 -0.027080
v 0.340166 0.039490 -0.009143
v 0.183492 0.036855 -0.047813
v 0.195595 0.037041 -0.044875
v 0.256101 0.039425 0.008604
v 0.203858 0.036045 -0.097926
v 0.211383 0.035143 -0.109600
v 0.170258 0.036676 -0.053973
v 0.276506 0.038546 0.006977
v 0.269389 0.038442 0.002616
v 0.397187 0.041506 0.034581
v 0.394317 0.043093 0.027901
v 0.372142 0.041325 0.016057
v 0.237764 0.037515 -0.065607
v 0.242054 0.036934 -0.076224
v 0.232980 0.037300 -0.074524
v 0.237633 0.039344 -0.030006
v 0.237404 0.039216 -0.036894
v 0.250217 0.036412 -0.078151
v 0.254826 0.038373 -0.047104
v 0.232558 0.036807 -0.084094
v 0.213694 0.037606 -0.068623
v 0.200480 0.037415 -0.069980
v 0.368251 0.040867 0.041542
v 0.362343 0.040856 0.041332
v 0.364682 0.041168 0.046177
v 0.273982 0.038384 -0.035107
v 0.373931 0.039622 0.000863
v 0.332122 0.037149 -0.031075
v 0.268292 0.038258 -0.044656
v 0.251176 0.037005 -0.063982
v 0.319037 0.036664 -0.041807
v 0.335893 0.040692 0.003978
v 0.370473 0.038832 -0.002826
v 0.366913 0.038705 -0.009099
v 0.228077 0.038464 -0.003239
v 0.225200 0.039207 0.006304
v 0.380008 0.042646 0.015208
v 0.406675 0.041691 0.041913
v 0.279603 0.038392 -0.054511
v 0.286569 0.037690 -0.059727
v 0.317932 0.036937 -0.029852
v 0.310917 0.037326 -0.042692
v 0.176314 0.036780 -0.071748
v 0.173862 0.036571 -0.082017
v 0.330851 0.039995 -0.003543
v 0.289938 0.039007 -0.048952
v 0.384385 0.041017 0.046328
v 0.387770 0.040737 0.041597
v 0.247157 0.038680 -0.012613
v 0.345452 0.039599 0.009103
v 0.224049 0.037513 -0.066911
v 0.215225 0.037442 -0.074193
v 0.368786 0.041192 0.047863
v 0.378517 0.041254 0.007403
v 0.345256 0.039800 0.017822
v 0.284213 0.039714 -0.034281
v 0.278795 0.039117 -0.044641
v 0.345116 0.039610 0.025828
v 0.316237 0.039331 0.001972
v 0.309255 0.038178 -0.003821
v 0.267864 0.039210 0.012616
v 0.200643 0.037420 -0.033477
v 0.212431 0.037987 -0.023365
v 0.209418 0.037824 -0.035150
v 0.338003 0.038653 -0.016587
v 0.185469 0.036986 -0.072413
v 0.180452 0.036808 -0.076836
v 0.186165 0.036855 -0.081792
v 0.179985 0.036549 -0.090281
v 0.337856 0.039775 0.032892
v 0.390450 0.040869 0.034809
v 0.353211 0.039767 0.019608
v 0.192154 0.035804 -0.103038
v 0.282845 0.038787 -0.017422
v 0.289166 0.039646 -0.025792
v 0.239543 0.038610 -0.004483
v 0.367551 0.041142 0.023713
v 0.332086 0.038991 -0.010617
v 0.221931 0.035435 -0.109207
v 0.214809 0.035641 -0.103030
v 0.295285 0.039550 -0.037004
v 0.287262 0.039603 -0.041201
v 0.278339 0.038963 -0.025541
v 0.345321 0.039551 0.031006
v 0.305464 0.038181 -0.032868
v 0.189830 0.036428 -0.092926
v 0.346351 0.039402 0.002724
v 0.220311 0.037984 -0.011425
v 0.196763 0.037621 -0.020197
v 0.208606 0.037950 -0.010379
v 0.218710 0.034875 -0.118454
v 0.304526 0.037952 -0.012498
v 0.198738 0.036903 -0.085431
v 0.194717 0.037188 -0.057446
v 0.200495 0.037414 -0.061282
v 0.248007 0.039223 -0.023678
v 0.216438 0.039099 0.007997
v 0.217077 0.038401 -0.001017
v 0.250143 0.038739 -0.002313
v 0.297775 0.038047 -0.007138
v 0.183404 0.036956 -0.062912
v 0.303504 0.038199 -0.040186
v 0.172879 0.036671 -0.064874
v 0.390696 0.041465 0.051134
v 0.380379 0.041104 0.051063
vn 0.5638 0.6092 0.5577
vn 0.8612 -0.1425 0.4879
vn 0.8731 -0.1457 0.4652
vn 0.8172 -0.1855 0.5457
vn 0.8202 -0.1142 0.5606
vn 0.7490 -0.0669 0.6592
vn 0.7262 0.1166 0.6775
vn 0.6099 0.0385 0.7916
vn 0.2197 -0.1532 -0.9635
vn 0.1754 -0.1823 -0.9675
vn 0.0404 -0.2355 -0.9710
vn 0.0385 -0.1379 -0.9897
vn 0.1460 -0.0573 -0.9876
vn 0.0589 -0.2126 -0.9754
vn -0.0167 -0.2320 -0.9726
vn 0.0362 -0.2309 -0.9723
vn -0.0533 -0.2800 -0.9585
vn -0.1608 -0.3517 -0.9222
vn -0.1426 -0.3248 -0.9350
vn -0.0702 -0.2899 -0.9545
vn -0.1992 -0.3482 -0.9160
vn 0.0272 -0.1944 -0.9805
vn 0.3870 0.1018 -0.9164
vn 0.3177 0.1045 -0.9424
vn 0.4154 0.1564 -0.8961
vn 0.8098 0.5858 -0.0320
vn 0.9182 0.3837 -0.0980
vn 0.7487 0.6599 -0.0628
vn 0.7433 0.3174 -0.5889
vn 0.7775 -0.2545 -0.5750
vn 0.2196 -0.3439 -0.9130
vn 0.9154 0.3751 -0.1462
vn 0.9527 0.2962 -0.0681
vn 0.8925 0.4499 -0.0311
vn -0.1726 -0.0711 -0.9824
vn 0.0942 -0.0152 -0.9954
vn 0.1524 -0.4900 -0.8583
vn -0.1624 -0.1724 -0.9715
vn 0.9244 -0.3230 -0.2029
vn 0.4403 -0.6535 -0.6156
vn 0.8232 0.5631 -0.0729
vn 0.8573 0.5073 -0.0873
vn 0.8718 0.4708 -0.1356
vn 0.9781 0.2038 -0.0433
vn 0.9474 -0.1986 -0.2511
vn 0.9282 -0.1648 0.3337
vn 0.9325 -0.2665 0.2439
vn 0.8449 -0.2086 -0.4926
vn 0.8038 -0.0946 -0.5874
vn 0.4888 -0.0225 -0.8721
vn 0.5018 -0.1332 -0.8547
vn 0.8658 -0.2692 -0.4218
vn 0.9303 -0.3313 0.1576
vn 0.4638 0.0741 -0.8828
vn 0.8841 -0.2880 0.3679
vn 0.8734 -0.3085 0.3769
vn 0.9348 -0.3066 0.1792
vn 0.3693 -0.0744 -0.9263
vn 0.3190 -0.1329 -0.9384
vn 0.4428 0.0820 -0.8929
vn 0.4549 0.1280 -0.8813
vn 0.4529 0.1175 -0.8838
vn 0.3628 0.0361 -0.9312
vn 0.5023 -0.8626 0.0609
vn 0.5889 -0.6662 0.4575
vn 0.3228 -0.8207 0.4715
vn 0.9953 0.0845 0.0463
vn 0.8938 -0.3606 0.2666
vn 0.9588 -0.2711 0.0850
vn 0.8400 -0.5258 0.1342
vn 0.1915 0.3923 0.8997
vn -0.0684 0.0227 0.9974
vn 0.3509 0.1340 0.9268
vn 0.9635 -0.0704 0.2584
vn 0.7902 -0.6073 -0.0822
vn 0.6936 -0.3054 0.6524
vn 0.6846 -0.7287 -0.0143
vn 0.6242 0.5746 0.5293
vn 0.8217 0.1812 0.5404
vn -0.1976 -0.2732 0.9414
vn -0.0693 -0.5451 0.8355
vn -0.1905 -0.3757 0.9069
vn 0.1432 -0.2220 0.9645
vn 0.3474 -0.4556 0.8196
vn 0.4893 -0.7819 -0.3862
vn -0.3685 -0.1196 0.9219
vn 0.3707 -0.8668 -0.3334
vn 0.3158 -0.9470 0.0587
vn 0.1053 -0.5364 0.8374
vn -0.1036 -0.1601 0.9817
vn -0.2670 0.1318 0.9546
vn -0.0896 0.1496 0.9847
vn 0.0697 -0.1535 0.9857
vn 0.3095 -0.5899 0.7458
vn 0.2611 -0.4299 0.8643
vn 0.2743 -0.7726 -0.5726
vn 0.2723 -0.6706 -0.6900
vn 0.1348 -0.7782 0.6134
vn 0.7199 -0.2200 0.6583
vn 0.6816 -0.2367 0.6924
vn 0.7487 -0.4064 0.5237
vn 0.8669 -0.1830 0.4637
vn 0.8093 -0.3046 0.5022
vn 0.8464 -0.2092 0.4898
vn 0.8601 0.0198 0.5098
vn 0.8730 -0.0001 0.4877
vn 0.8792 0.1137 0.4627
vn 0.8851 -0.0617 0.4613
vn 0.9055 0.0825 0.4162
vn 0.8818 -0.3612 -0.3032
vn 0.9636 -0.1345 0.2311
vn 0.8960 -0.2853 0.3403
vn 0.8647 0.1810 0.4685
vn 0.9216 0.1513 0.3574
vn 0.9158 0.1634 0.3669
vn 0.9021 0.0482 0.4287
vn 0.8666 0.1289 0.4821
vn 0.8025 0.2325 0.5495
vn 0.7840 -0.0921 0.6139
vn 0.9166 -0.0729 0.3931
vn 0.6033 -0.5596 -0.5682
vn 0.7058 -0.4125 0.5760
vn 0.8197 0.1611 0.5497
vn 0.4316 -0.2611 0.8634
vn 0.3283 -0.4275 -0.8423
vn 0.1400 -0.3986 -0.9064
vn 0.2609 -0.4597 -0.8489
vn 0.5687 -0.3060 0.7635
vn 0.8567 -0.2105 0.4708
vn 0.8327 -0.2846 0.4750
vn 0.6056 -0.7650 -0.2190
vn 0.7113 0.4168 0.5659
vn 0.7684 0.4582 0.4467
vn 0.7969 0.4046 0.4487
vn 0.2344 -0.4081 0.8823
vn 0.2471 -0.1195 0.9616
vn 0.8377 -0.4018 0.3700
vn 0.9530 -0.1698 0.2510
vn 0.7882 -0.3638 0.4964
vn 0.8647 0.3365 0.3729
vn 0.9013 0.1379 0.4107
vn 0.9669 0.0811 0.2420
vn 0.7281 -0.0011 0.6855
vn 0.9481 -0.0003 0.3179
vn 0.9610 0.0622 0.2695
vn 0.9783 0.1908 0.0807
vn 0.4093 -0.5482 0.7294
vn 0.4982 0.0116 0.8670
vn 0.7686 -0.3964 0.5021
vn 0.8647 0.1434 0.4813
vn -0.9941 -0.0231 0.1064
vn -0.9357 0.0577 -0.3480
vn -0.9665 -0.0918 0.2395
vn -0.6372 -0.2861 0.7157
vn -0.6758 -0.1500 0.7216
vn -0.4242 -0.3130 0.8498
vn -0.4946 -0.3026 0.8148
vn -0.4840 -0.2130 0.8488
vn -0.5828 -0.1481 0.7990
vn -0.6873 -0.0544 0.7243
vn -0.7280 -0.1036 0.6777
vn 0.2242 0.7509 0.6212
vn 0.0864 0.6651 0.7418
vn -0.0389 0.7524 0.6575
vn -0.4012 -0.2046 0.8928
vn 0.2468 0.5722 0.7821
vn 0.2924 0.6801 0.6722
vn -0.4616 -0.1107 0.8802
vn -0.0341 0.5058 0.8620
vn -0.4266 -0.1390 0.8937
vn -0.2569 0.5388 0.8023
vn -0.9182 -0.1237 0.3764
vn -0.3374 -0.0558 0.9397
vn -0.3829 -0.1226 0.9156
vn -0.9638 0.0824 0.2538
vn -0.7492 0.0682 0.6588
vn -0.5615 0.1175 0.8191
vn -0.4279 0.3629 0.8278
vn -0.5297 0.2938 0.7957
vn -0.5023 0.5812 0.6402
vn -0.4333 0.5804 0.6895
vn -0.2710 -0.0893 0.9584
vn -0.4844 0.6752 0.5563
vn -0.6178 0.3336 0.7121
vn -0.3254 0.1375 0.9355
vn -0.2500 0.3236 0.9126
vn -0.2510 0.0422 0.9671
vn -0.4358 -0.0216 0.8998
vn -0.4845 0.1286 0.8653
vn -0.4942 0.0144 0.8692
vn -0.1421 -0.0160 0.9897
vn 0.8649 0.1067 0.4904
vn 0.7025 -0.1757 0.6897
vn 0.8039 -0.1629 0.5721
vn 0.1628 -0.1129 0.9802
vn -0.1877 -0.1364 0.9727
vn 0.1664 -0.0049 0.9860
vn -0.3104 -0.4519 0.8363
vn -0.4365 -0.4682 0.7683
vn -0.2729 -0.3955 0.8770
vn -0.1213 -0.4381 0.8907
vn 0.8788 0.2072 0.4299
vn 0.8610 0.2588 0.4378
vn 0.5188 -0.3573 0.7766
vn 0.9252 0.3663 0.0996
vn 0.8034 0.3032 0.5124
vn 0.9208 0.2612 0.2897
vn 0.7110 -0.3731 0.5961
vn 0.7831 -0.2929 0.5486
vn 0.8263 -0.3868 0.4094
vn 0.5172 -0.1887 0.8348
vn 0.4234 -0.3775 0.8235
vn -0.0673 -0.3348 0.9399
vn 0.9160 0.4009 0.0148
vn 0.8742 0.4470 0.1896
vn 0.8330 0.4865 0.2637
vn 0.0986 0.3949 0.9134
vn 0.1985 0.5045 0.8403
vn 0.3392 0.4163 0.8436
vn 0.1432 -0.4130 0.8994
vn 0.1179 -0.5202 0.8459
vn 0.9579 0.2846 0.0372
vn 0.9907 0.0993 0.0931
vn 0.6043 0.4905 0.6279
vn 0.7641 0.4903 0.4192
vn 0.8099 0.0556 0.5840
vn 0.5757 0.0483 0.8163
vn 0.2526 0.2136 0.9437
vn 0.8701 -0.1503 0.4693
vn 0.8891 0.0701 0.4524
vn 0.3488 -0.4503 0.8219
vn 0.5904 0.3127 0.7441
vn 0.0587 0.5394 0.8400
vn 0.0637 0.1905 0.9796
vn -0.0767 -0.1883 0.9791
vn 0.7049 0.3884 0.5935
vn -0.2749 -0.2333 0.9327
vn 0.8380 -0.3258 0.4376
vn 0.8819 -0.1827 0.4345
vn 0.8288 -0.3923 0.3991
vn 0.9091 0.3430 0.2364
vn 0.8329 -0.3215 0.4504
vn 0.7343 0.5109 0.4471
vn 0.9145 -0.0655 0.3992
vn 0.8647 0.1528 0.4784
vn 0.8999 0.1482 0.4101
vn 0.7782 0.2159 0.5898
vn -0.9218 -0.1628 -0.3519
vn -0.8779 0.0237 -0.4783
vn -0.9420 -0.1933 -0.2745
vn 0.1821 -0.9779 0.1023
vn -0.6014 -0.6527 0.4607
vn -0.0060 -0.9983 0.0577
vn -0.6773 -0.1114 0.7272
vn -0.8101 -0.0289 0.5856
vn 0.8409 -0.0104 0.5410
vn 0.5602 0.1512 0.8144
vn 0.8842 -0.0706 0.4618
vn -0.5784 0.5060 0.6398
vn -0.4503 0.4338 0.7804
vn -0.6388 0.2858 0.7143
vn -0.9736 -0.2163 0.0734
vn -0.9864 -0.1601 0.0361
vn -0.9678 -0.2473 -0.0473
vn 0.3250 -0.7570 0.5668
vn -0.9961 -0.0406 0.0780
vn -0.9794 0.0348 -0.1988
vn -0.9469 0.0119 -0.3213
vn 0.3450 -0.5865 0.7327
vn 0.7355 -0.2554 0.6275
vn 0.5206 -0.3384 0.7839
vn 0.9046 -0.0101 0.4262
vn 0.8284 -0.0796 0.5544
vn 0.8523 0.0669 0.5188
vn -0.3886 0.1335 0.9117
vn 0.3806 -0.0488 0.9235
vn -0.3372 -0.2954 0.8939
vn -0.6800 0.0867 0.7281
vn -0.9479 -0.3179 -0.0201
vn -0.7982 -0.5255 0.2946
vn -0.8457 -0.5081 0.1631
vn 0.8466 0.1032 0.5222
vn 0.6896 -0.0605 0.7217
vn 0.0624 -0.6764 0.7339
vn 0.3159 -0.7226 0.6149
vn 0.6101 -0.7663 0.2014
vn -0.0666 -0.8865 0.4579
vn -0.9751 -0.2136 0.0606
vn -0.9587 -0.0960 0.2679
vn -0.7527 -0.2595 0.6051
vn -0.5594 -0.3980 0.7271
vn -0.7744 -0.3423 0.5321
vn 0.9212 0.0608 0.3842
vn -0.4379 -0.8753 0.2053
vn -0.8245 -0.5531 0.1196
vn 0.7820 -0.0541 0.6210
vn -0.7409 -0.6570 0.1392
vn -0.4965 -0.6847 0.5336
vn 0.8483 0.1485 0.5083
vn 0.8360 -0.1786 0.5188
vn -0.2989 -0.6273 0.7191
vn -0.4064 -0.4270 0.8078
vn -0.9749 -0.1758 0.1368
vn -0.9910 -0.1119 0.0737
vn 0.9154 0.0277 0.4015
vn -0.1280 -0.5737 0.8090
vn 0.8099 0.0877 0.5799
vn 0.3117 -0.5489 0.7756
vn -0.9559 -0.1392 0.2586
vn -0.9674 -0.1787 0.1794
vn 0.6828 -0.4704 0.5590
vn -0.9889 -0.1482 0.0080
vn -0.5409 -0.3809 0.7499
vn 0.8141 -0.3027 0.4955
vn 0.8707 -0.2062 0.4464
vn -0.9277 -0.2338 0.2910
vn -0.9550 -0.2665 0.1300
vn -0.9896 -0.0868 0.1146
vn 0.8807 -0.4143 0.2295
vn 0.7197 -0.3512 0.5989
vn -0.8447 -0.3450 -0.4092
vn -0.9210 -0.3475 -0.1762
vn -0.9312 -0.1019 0.3501
vn -0.7934 0.1009 0.6003
vn -0.5892 0.6421 0.4905
vn -0.6715 0.3307 0.6631
vn -0.4265 0.3843 0.8188
vn -0.5474 0.3040 0.7797
vn -0.8976 -0.1105 -0.4268
vn -0.9271 -0.1322 -0.3507
vn -0.8678 -0.0890 -0.4888
vn -0.8398 0.2039 -0.5032
vn -0.7917 0.3881 -0.4717
vn -0.6494 0.4812 -0.5889
vn -0.8201 0.1281 -0.5577
vn -0.7938 -0.1103 -0.5980
vn -0.7514 0.0427 -0.6585
vn -0.8745 -0.0159 -0.4848
vn -0.8500 -0.2337 -0.4722
vn -0.8164 -0.3128 -0.4855
vn -0.8311 -0.3344 -0.4445
vn -0.8082 -0.3190 -0.4951
vn -0.8285 -0.3313 -0.4514
vn -0.8236 -0.3179 -0.4696
vn -0.9262 -0.1265 -0.3553
vn -0.8357 0.4921 -0.2437
vn -0.8353 -0.3040 -0.4581
vn -0.8642 -0.0813 -0.4966
vn -0.8597 -0.0485 -0.5085
vn -0.8097 -0.0679 -0.5829
vn -0.8347 -0.3030 -0.4598
vn -0.8153 -0.3836 -0.4337
vn -0.7927 -0.3656 -0.4879
vn -0.5724 0.3451 -0.7438
vn -0.8571 -0.1958 -0.4765
vn -0.8580 -0.1985 -0.4737
vn -0.8186 -0.2876 -0.4973
vn -0.8639 -0.0172 -0.5033
vn -0.8262 -0.3123 -0.4689
vn -0.8742 -0.1400 -0.4649
vn -0.8923 -0.1404 -0.4291
vn -0.8763 -0.1779 -0.4477
vn -0.8570 -0.2192 -0.4665
vn -0.8114 -0.1131 -0.5735
vn -0.6508 -0.0039 -0.7593
vn -0.3068 0.1455 -0.9406
vn -0.6921 0.0174 -0.7216
vn -0.8635 -0.1688 -0.4753
vn -0.8566 -0.1777 -0.4845
vn -0.9489 0.0693 -0.3077
vn -0.8324 -0.2987 -0.4668
vn -0.7616 -0.3008 -0.5740
vn -0.8195 -0.2856 -0.4968
vn -0.8720 -0.1130 -0.4764
vn -0.7358 -0.2928 -0.6106
vn -0.8564 -0.2015 -0.4753
vn -0.8717 -0.1074 -0.4782
vn -0.8862 -0.2892 -0.3620
vn -0.8408 -0.3532 -0.4102
vn -0.9649 -0.1120 -0.2374
vn -0.8658 -0.1381 -0.4810
vn -0.8704 -0.1121 -0.4794
vn -0.8629 -0.1167 -0.4917
vn -0.8647 -0.1648 -0.4745
vn -0.8776 -0.1615 -0.4513
vn -0.7415 -0.1788 -0.6467
vn -0.8680 -0.1311 -0.4788
vn -0.8728 -0.1383 -0.4682
vn -0.8989 0.0875 -0.4293
vn 0.0273 -0.0761 -0.9967
vn -0.4125 -0.0669 -0.9085
vn 0.0454 0.0591 -0.9972
vn -0.2382 -0.2154 -0.9470
vn -0.3753 0.0754 -0.9239
vn -0.0835 0.1430 -0.9862
vn -0.7494 -0.0703 -0.6584
vn -0.8451 -0.1642 -0.5088
vn -0.8310 -0.1076 -0.5458
vn -0.8258 -0.1572 -0.5417
vn -0.9094 -0.0967 -0.4045
vn -0.8707 -0.2075 -0.4459
vn -0.8311 -0.0004 -0.5561
vn -0.7894 0.1568 -0.5936
vn -0.8586 -0.0252 -0.5121
vn -0.8634 -0.0940 -0.4957
vn -0.9109 0.1657 -0.3778
vn -0.8491 0.1153 -0.5155
vn -0.9169 0.1444 -0.3722
vn -0.8420 0.3316 -0.4255
vn -0.8517 0.0438 -0.5221
vn -0.8443 0.0009 -0.5359
vn -0.9017 -0.1211 -0.4151
vn -0.8958 -0.1447 -0.4204
vn -0.8530 -0.1622 -0.4960
vn -0.8657 -0.1303 -0.4833
vn -0.8560 -0.1298 -0.5005
vn -0.8270 0.0490 -0.5601
vn -0.8848 -0.0965 -0.4558
vn -0.8973 -0.0950 -0.4311
vn -0.8245 0.1071 -0.5556
vn -0.7852 0.2453 -0.5686
vn -0.8149 0.2359 -0.5293
vn -0.8729 -0.1189 -0.4731
vn -0.8769 -0.1427 -0.4589
vn -0.8426 -0.1515 -0.5168
vn -0.8820 -0.1279 -0.4535
vn -0.8473 0.1093 -0.5197
vn -0.8800 0.0815 -0.4679
vn -0.8772 0.0987 -0.4698
vn -0.9063 0.0087 -0.4225
vn -0.8674 -0.0176 -0.4973
vn -0.7513 0.6113 -0.2486
vn -0.8845 -0.2545 -0.3909
vn -0.9475 0.2716 -0.1689
vn -0.8864 -0.1753 -0.4285
vn -0.9276 -0.1656 -0.3348
vn -0.9029 -0.1566 -0.4003
vn -0.8812 -0.4197 -0.2175
vn -0.8376 -0.3730 -0.3992
vn -0.8502 -0.3480 -0.3950
vn -0.8843 -0.3558 -0.3025
vn -0.8602 -0.2768 -0.4282
vn -0.8791 -0.1818 -0.4405
vn -0.8936 -0.2554 -0.3690
vn -0.8767 0.1367 -0.4611
vn -0.8205 0.2991 -0.4872
vn 0.3019 -0.0804 -0.9500
vn 0.3279 -0.1354 -0.9349
vn -0.6504 -0.1793 -0.7382
vn -0.8422 -0.1002 -0.5298
vn -0.8750 -0.0546 -0.4810
vn -0.8366 -0.0908 -0.5403
vn -0.1042 -0.1898 -0.9763
vn -0.7749 0.0547 -0.6297
vn -0.7813 0.2346 -0.5783
vn -0.8183 0.1250 -0.5610
vn 0.3543 0.1378 -0.9249
vn 0.4213 0.1209 -0.8988
vn 0.2958 0.1240 -0.9472
vn -0.2239 -0.0065 -0.9746
vn -0.5357 0.0794 -0.8407
vn -0.8953 0.0794 -0.4383
vn 0.5075 0.0959 -0.8563
vn 0.2094 0.1695 -0.9630
vn -0.4254 0.0783 -0.9016
vn -0.3854 0.0497 -0.9214
vn 0.3451 0.0690 -0.9360
vn -0.8876 0.0318 -0.4595
vn -0.2565 0.0370 -0.9658
vn 0.3369 -0.1539 -0.9289
vn 0.3020 -0.1452 -0.9422
vn 0.3812 -0.1068 -0.9183
vn 0.3446 0.0343 -0.9381
vn -0.8120 -0.3818 -0.4414
vn -0.8123 -0.2174 -0.5412
vn -0.9015 0.0343 -0.4314
vn -0.8097 0.3831 -0.4445
vn 0.5561 -0.0078 -0.8311
vn -0.8679 -0.0833 -0.4897
vn -0.7534 0.3920 -0.5279
vn -0.8467 -0.0537 -0.5293
vn -0.8838 0.0221 -0.4674
vn -0.8857 0.0417 -0.4624
vn -0.9088 -0.0131 -0.4171
vn -0.9277 -0.1829 -0.3255
vn -0.8923 -0.1352 -0.4307
vn -0.8317 -0.3201 -0.4538
vn -0.9470 -0.1594 -0.2789
vn -0.9434 -0.0005 -0.3318
vn 0.8707 0.4245 -0.2483
vn 0.6767 0.2920 -0.6759
vn 0.9702 0.1379 -0.1993
vn 0.3473 0.2481 -0.9043
vn 0.3893 0.2849 -0.8760
vn 0.4478 0.1961 -0.8724
vn 0.7009 0.2033 -0.6837
vn 0.6993 0.2506 -0.6695
vn 0.5080 0.1597 -0.8464
vn 0.6536 0.4015 -0.6416
vn 0.6101 0.1764 -0.7724
vn 0.9073 0.4036 0.1179
vn 0.9471 0.2756 -0.1645
vn 0.9261 0.1865 0.3280
vn 0.8307 0.5111 0.2207
vn 0.3870 0.0644 -0.9198
vn 0.5204 0.2380 -0.8201
vn 0.6318 0.2377 -0.7378
vn 0.7797 0.5272 0.3379
vn 0.7062 0.6995 0.1095
vn 0.5920 0.8033 0.0647
vn 0.9824 0.1785 -0.0550
vn 0.8851 0.4112 -0.2178
vn 0.8764 0.3308 0.3500
vn 0.9025 0.1664 0.3974
vn 0.9605 -0.0236 0.2773
vn 0.8890 -0.1242 0.4407
vn 0.6452 0.2870 -0.7080
vn 0.6483 0.6120 -0.4530
vn 0.6909 0.7155 -0.1031
vn 0.9822 0.1600 -0.0983
vn 0.9554 0.1745 -0.2384
vn 0.8021 0.5941 0.0614
vn 0.7960 0.5237 -0.3035
vn 0.3925 0.6826 0.6165
vn 0.3672 0.6722 0.6429
vn 0.4566 0.7767 0.4340
vn 0.4637 0.7566 0.4611
vn 0.7567 0.4228 0.4986
vn 0.8353 0.4320 0.3401
vn 0.6446 0.6301 0.4330
vn 0.3818 0.4686 0.7966
vn 0.3377 0.4165 0.8441
vn 0.6805 0.4943 0.5409
vn 0.5358 0.4583 0.7091
vn 0.5553 0.5244 0.6455
vn 0.3829 0.0823 -0.9201
vn 0.3626 0.1571 -0.9186
vn 0.4501 0.2463 0.8583
vn 0.4293 0.2524 0.8672
vn 0.3393 0.0096 -0.9406
vn 0.2463 0.4950 -0.8332
vn 0.4808 0.0776 0.8734
vn 0.4417 0.1137 0.8899
vn 0.6471 0.3463 0.6792
vn 0.6368 0.2164 0.7400
vn 0.3155 0.1944 -0.9288
vn 0.3584 0.2151 -0.9085
vn 0.4344 0.1802 -0.8825
vn 0.4175 0.2795 -0.8646
vn 0.4323 0.1258 -0.8929
vn 0.4434 0.2144 -0.8703
vn 0.4833 0.1588 -0.8609
vn 0.4899 0.1332 -0.8615
vn 0.5451 0.1757 -0.8197
vn 0.7485 0.5059 0.4286
vn 0.8175 0.2530 0.5173
vn 0.4195 0.5096 0.7512
vn 0.7107 0.4638 0.5289
vn 0.5800 0.5238 0.6239
vn 0.6289 0.6156 0.4750
vn 0.5140 0.7316 0.4479
vn 0.7372 0.5503 0.3920
vn 0.6831 0.5879 0.4332
vn 0.3403 0.5493 0.7632
vn 0.1869 0.5047 0.8428
vn 0.5272 0.5352 0.6600
vn 0.5862 0.7433 0.3223
vn 0.6609 0.7092 0.2455
vn 0.7750 0.5920 0.2213
vn 0.7595 0.6453 0.0822
vn 0.7538 0.6005 0.2670
vn 0.3082 0.3466 -0.8860
vn 0.1203 0.6499 -0.7504
vn 0.1717 0.1633 -0.9715
vn 0.4465 0.8887 -0.1038
vn 0.4259 0.7836 -0.4523
vn 0.2758 0.7666 -0.5799
vn 0.3412 0.4975 -0.7975
vn 0.9609 0.1479 0.2343
vn 0.9221 0.3822 0.0595
vn 0.7314 0.4904 0.4739
vn 0.5525 0.5632 0.6144
vn 0.9067 0.4216 -0.0045
vn 0.7724 0.2227 -0.5948
vn 0.5690 0.8213 -0.0419
vn 0.7357 0.6770 -0.0209
vn 0.7114 0.6190 0.3329
vn 0.9468 0.2827 0.1537
vn 0.9512 0.3084 0.0095
vn 0.9694 0.2297 0.0870
vn 0.6883 0.5937 -0.4168
vn 0.6075 0.3034 -0.7341
vn 0.7100 0.6458 -0.2807
vn -0.1417 0.6708 -0.7280
vn -0.0323 0.0800 -0.9963
vn 0.0511 -0.1235 -0.9910
vn 0.1972 -0.1575 -0.9676
vn 0.9392 0.1974 0.2811
vn 0.8691 0.1480 0.4720
vn 0.9481 0.2208 0.2288
vn 0.2432 -0.2139 -0.9461
vn 0.1695 -0.0997 -0.9805
vn 0.4761 0.0848 -0.8753
vn 0.6450 0.7029 -0.3000
vn 0.5170 0.3797 -0.7672
vn 0.6609 0.6641 -0.3495
vn 0.4511 0.2300 -0.8623
vn -0.1329 -0.0557 -0.9896
vn 0.0860 -0.2995 -0.9502
vn 0.1399 0.9183 -0.3703
vn 0.5194 0.8063 -0.2829
vn 0.2727 0.7873 -0.5530
vn 0.4119 0.6857 -0.6001
vn 0.3263 0.5241 -0.7867
vn 0.5066 0.6570 -0.5583
vn 0.4479 0.7835 -0.4308
vn 0.5955 0.6936 -0.4053
vn 0.0252 0.9005 -0.4340
vn -0.0702 0.7892 -0.6101
vn -0.1297 0.7355 -0.6650
vn 0.2522 0.7532 -0.6075
vn 0.3104 0.8178 -0.4845
vn 0.1232 0.9327 -0.3389
vn 0.8336 0.5521 -0.0178
vn 0.8346 0.5229 -0.1732
vn 0.6483 0.6902 -0.3215
vn 0.7776 0.4743 -0.4128
vn 0.5555 0.5194 -0.6494
vn 0.6341 0.5818 -0.5093
vn 0.8762 0.1932 0.4416
vn 0.8730 0.2134 0.4385
vn 0.8393 0.2146 0.4995
vn 0.1193 0.6941 -0.7100
vn 0.0878 0.6255 -0.7753
vn 0.5500 0.7819 -0.2934
vn 0.4429 0.6656 -0.6006
vn 0.9178 0.3879 0.0845
vn 0.8184 0.5532 -0.1554
vn 0.3138 0.5354 -0.7841
vn 0.5997 0.5312 -0.5985
vn 0.7927 0.5433 -0.2766
vn 0.9120 0.3994 0.0935
vn 0.0763 0.5283 -0.8456
vn 0.9117 0.4063 -0.0618
vn 0.9191 0.3694 0.1373
vn -0.1329 0.1556 -0.9788
vn 0.7097 0.7034 0.0396
vn 0.4328 0.3417 -0.8343
vn -0.1375 -0.2071 -0.9686
vn -0.1747 -0.4070 -0.8965
vn 0.9061 0.3333 0.2607
vn 0.8425 0.4885 0.2271
vn 0.0208 -0.2951 -0.9552
vn 0.1818 -0.1304 -0.9746
vn 0.8854 0.4538 -0.1005
vn 0.5688 0.5452 0.6158
vn 0.5654 0.7690 0.2982
vn 0.6591 0.6684 0.3447
vn 0.0142 -0.3682 -0.9297
vn -0.0165 -0.2726 -0.9620
vn 0.9470 0.1848 0.2627
vn 0.1592 0.0408 -0.9864
vn 0.0452 -0.1190 -0.9919
vn 0.2062 -0.0592 -0.9767
vn -0.1215 -0.0975 -0.9878
vn -0.0284 0.1796 -0.9833
vn -0.3317 0.0452 -0.9423
vn -0.4127 -0.0242 -0.9105
vn -0.0549 0.2147 -0.9751
vn -0.4022 -0.0446 -0.9144
vn -0.4381 -0.2858 -0.8523
vn -0.1903 -0.3489 -0.9176
vn 0.8059 0.3558 0.4732
vn 0.8651 0.1213 0.4867
vn 0.8819 0.1930 0.4300
vn 0.9013 0.1483 0.4069
vn 0.8673 0.1432 0.4767
vn -0.1410 -0.2442 -0.9594
vn 0.8811 -0.0724 0.4673
vn 0.8696 0.0845 0.4865
vn 0.8702 0.0020 0.4926
vn -0.2092 0.9727 -0.1003
vn 0.9007 0.3238 0.2898
vn 0.8788 0.0904 0.4686
vn 0.8816 0.1219 0.4559
vn 0.8084 0.5648 -0.1659
vn 0.8514 0.1673 0.4972
vn 0.8814 0.1409 0.4508
vn 0.8328 -0.3558 0.4241
vn 0.8740 -0.1555 0.4604
vn 0.8939 -0.2857 0.3454
vn 0.8671 0.1401 0.4780
vn 0.8908 0.0286 0.4535
vn 0.7249 0.2267 0.6505
vn 0.9051 0.1745 0.3878
vn 0.8488 0.3536 0.3931
vn 0.9248 0.2396 0.2956
vn 0.8799 0.1316 0.4566
vn 0.8766 0.0679 0.4764
vn 0.8585 0.0869 0.5053
vn 0.8745 0.1163 0.4708
vn 0.8258 0.1477 0.5443
vn 0.8469 0.0807 0.5257
vn 0.8808 0.0275 0.4727
vn 0.8662 -0.0644 0.4955
vn 0.4470 0.5604 0.6972
vn 0.4272 0.2823 0.8590
vn 0.4108 0.1623 0.8972
vn 0.8628 0.1488 0.4832
vn 0.5993 0.1991 0.7754
vn 0.3707 0.4789 -0.7958
vn 0.3411 0.3735 -0.8626
vn 0.0674 0.1910 -0.9793
vn -0.1499 0.4519 -0.8794
vn 0.8716 -0.4035 0.2783
vn 0.0279 -0.1152 -0.9929
vn -0.0677 -0.3399 -0.9380
vn -0.2143 -0.2789 -0.9361
vn 0.8886 0.1394 0.4369
vn 0.8654 0.0978 0.4915
vn 0.8722 -0.0616 0.4852
vn 0.8867 -0.0116 0.4622
vn 0.9120 0.1809 0.3681
vn 0.8699 0.1140 0.4800
vn 0.8715 -0.0002 0.4904
vn 0.9099 -0.1464 0.3882
vn 0.8992 -0.2745 0.3406
vn 0.8711 0.1569 0.4653
vn 0.8905 0.1366 0.4339
vn 0.8724 0.0849 0.4813
vn 0.8860 0.1115 0.4501
vn 0.8765 -0.3862 0.2873
vn 0.9247 0.1622 0.3443
vn 0.8393 0.1391 0.5255
vn -0.2264 -0.2979 -0.9274
vn 0.9191 0.1785 0.3514
vn -0.2381 0.5666 -0.7889
vn 0.0432 0.4257 -0.9039
vn -0.1682 -0.3889 -0.9058
vn 0.0040 -0.5825 -0.8128
vn -0.3060 0.0493 -0.9507
vn -0.1119 -0.3724 -0.9213
vn -0.4032 0.0762 0.9119
vn -0.3567 0.3530 0.8650
vn -0.3868 0.4174 0.8223
vn -0.2375 -0.3838 -0.8923
vn -0.4314 -0.2640 -0.8627
vn -0.5636 -0.0463 -0.8247
vn 0.1622 -0.7897 -0.5916
vn 0.0474 -0.7004 -0.7122
vn -0.4226 0.2851 -0.8603
vn -0.3143 0.4487 -0.8366
vn -0.6268 -0.2274 -0.7452
vn -0.6258 -0.0924 -0.7745
vn 0.2655 -0.2457 -0.9323
vn 0.0011 -0.2527 -0.9675
vn -0.1555 0.6232 -0.7664
vn -0.5830 0.0626 -0.8101
vn -0.0169 0.6823 -0.7309
vn -0.4681 0.0961 -0.8784
vn -0.3833 0.2241 -0.8960
vn -0.2571 -0.2841 -0.9237
vn -0.4230 -0.0122 -0.9060
vn -0.1493 -0.3483 -0.9254
vn 0.8902 0.1050 0.4433
vn 0.8863 -0.2458 0.3925
vn 0.8887 0.1230 0.4416
vn 0.8946 -0.0338 0.4456
vn 0.8779 0.4660 0.1099
vn -0.3113 0.4835 0.8181
vn 0.8819 -0.0091 0.4714
vn 0.8957 0.0710 0.4389
vn 0.8995 -0.0137 0.4368
vn 0.8416 0.1330 0.5234
vn 0.8910 0.1129 0.4397
vn 0.8860 0.1226 0.4472
vn 0.8836 0.0462 0.4659
vn 0.1930 -0.0049 0.9812
vn 0.1262 0.1856 0.9745
vn 0.7717 0.0386 0.6348
vn -0.4595 0.6210 0.6350
vn -0.4239 0.5889 0.6881
vn -0.4996 0.6255 0.5992
vn -0.2536 0.6942 0.6736
vn 0.8890 0.1358 0.4373
vn 0.8670 0.1584 0.4724
vn -0.0808 0.3771 0.9227
vn 0.0180 0.4262 0.9045
vn 0.3531 0.1670 0.9206
vn -0.3244 0.4093 0.8528
vn -0.2805 0.3084 0.9089
vn -0.4025 0.4698 0.7857
vn 0.8713 -0.0668 0.4861
vn 0.8719 0.0131 0.4896
vn -0.5005 0.6149 0.6094
vn -0.4553 0.5989 0.6588
vn -0.5050 0.7212 0.4742
vn -0.3590 0.6372 0.6820
vn 0.8860 0.0485 0.4611
vn 0.8449 0.1806 0.5035
vn 0.8416 0.1456 0.5201
vn -0.4711 0.7523 0.4606
vn 0.8340 0.2041 0.5126
vn 0.8456 0.1441 0.5140
vn 0.8595 -0.3840 0.3373
vn 0.8449 -0.1586 0.5109
vn 0.8835 0.0632 0.4641
vn 0.8710 -0.0195 0.4909
vn 0.8636 0.1711 0.4743
vn 0.8949 0.0733 0.4403
vn 0.9038 -0.0727 0.4217
vn 0.8870 0.0941 0.4522
vn 0.8662 0.1202 0.4850
vn 0.9108 -0.0081 0.4127
vn 0.8449 0.1413 0.5160
vn 0.8697 0.1765 0.4610
vn 0.9084 0.1453 0.3921
vn 0.8954 0.2113 0.3919
vn 0.8707 0.1242 0.4758
vn 0.9180 -0.1018 0.3833
vn 0.8803 0.0828 0.4672
vn 0.3926 0.4577 0.7977
vn 0.3577 0.5266 0.7712
vn 0.8216 0.2363 0.5188
vn 0.8052 0.1945 0.5602
vn -0.2374 0.3133 0.9195
vn 0.9154 0.1727 0.3635
vn 0.8497 -0.1387 0.5087
vn -0.3862 0.4394 0.8110
vn 0.8923 -0.0901 0.4424
vn -0.1081 0.8493 0.5167
vn -0.5195 0.7640 0.3826
vn 0.8885 -0.3649 0.2781
vn 0.7978 0.5982 -0.0755
vn 0.7797 0.6241 -0.0506
vn 0.6592 0.7460 -0.0948
vn 0.6174 0.7866 -0.0101
vn 0.1509 0.9861 0.0702
vn 0.8403 0.0700 0.5376
vn 0.0061 0.5393 0.8421
vn 0.7879 0.6151 0.0277
vn 0.4952 0.7984 0.3425
vn 0.4816 0.8642 -0.1459
vn -0.1585 0.8938 -0.4194
vn -0.0263 0.9842 -0.1750
vn -0.1087 0.8793 0.4637
vn -0.3963 0.9147 0.0797
vn -0.4538 0.8354 0.3101
vn 0.0691 -0.7461 -0.6622
vn 0.7383 0.6591 -0.1435
vn 0.7926 0.5961 -0.1284
vn 0.4692 0.8626 0.1889
vn 0.8529 -0.0427 0.5203
vn 0.0015 0.6176 -0.7865
vn -0.1678 0.1234 -0.9781
vn -0.0351 -0.1760 -0.9838
vn -0.2669 0.0668 -0.9614
vn -0.1341 -0.0507 -0.9897
vn 0.0337 -0.5722 -0.8194
vn -0.2678 0.2484 -0.9309
vn -0.2646 0.0231 -0.9641
vn 0.8867 -0.2803 0.3677
vn 0.8570 -0.0548 0.5123
vn 0.8668 -0.2659 0.4219
vn 0.0827 -0.4597 -0.8842
vn 0.8696 -0.1871 0.4570
vn 0.8609 -0.2388 0.4493
vn 0.8931 -0.1798 0.4123
vn 0.9167 0.0097 0.3994
vn 0.8350 0.5484 -0.0447
vn 0.3534 0.5547 -0.7533
vn 0.6818 0.6969 -0.2223
vn -0.1371 0.2403 -0.9610
vn -0.1165 -0.5887 -0.7999
vn -0.4485 0.0471 -0.8925
vn -0.2637 0.1217 -0.9569
vn 0.5613 0.5199 -0.6439
vn 0.6592 0.3866 -0.6450
vn 0.5590 0.7562 -0.3402
vn 0.7238 0.2843 -0.6288
vn 0.6998 0.3650 -0.6140
vn 0.6860 0.1661 -0.7084
vn 0.6833 0.5770 -0.4475
vn 0.8039 -0.0603 -0.5917
vn 0.7491 0.1961 -0.6328
vn 0.8741 0.0933 -0.4768
vn 0.7755 0.3611 -0.5179
vn 0.9560 -0.2733 -0.1069
vn -0.0628 0.1603 -0.9851
vn -0.0700 0.3156 -0.9463
vn 0.0862 0.1848 -0.9790
vn 0.8994 0.1838 -0.3965
vn 0.9750 -0.1182 -0.1882
vn 0.9245 0.1859 -0.3328
vn 0.9565 -0.2202 -0.1915
vn 0.9351 -0.3544 -0.0057
vn 0.3316 0.9182 -0.2168
vn 0.0518 0.9704 -0.2360
vn 0.1933 0.9802 -0.0421
vn -0.6563 0.0134 -0.7544
vn -0.4959 0.2659 -0.8267
vn -0.3958 0.1597 -0.9043
vn -0.2062 0.3641 0.9082
vn -0.1951 0.3625 0.9113
vn -0.3871 0.3098 0.8684
vn -0.2129 0.5165 -0.8294
vn -0.3327 0.6510 -0.6823
vn -0.3140 0.6685 -0.6742
vn 0.0992 0.3425 0.9343
vn 0.1945 0.4346 0.8794
vn 0.7550 -0.1021 0.6477
vn 0.8724 -0.0211 0.4884
vn 0.8279 -0.1231 0.5472
vn -0.0464 0.5486 0.8348
vn -0.2374 0.5264 0.8164
vn -0.0946 0.7602 0.6428
vn -0.3261 0.4092 0.8522
vn 0.0419 0.6899 0.7227
vn 0.6153 0.6018 -0.5091
vn 0.6038 0.4941 -0.6255
vn 0.6488 0.4352 -0.6242
vn 0.8863 -0.4247 -0.1844
vn 0.9296 -0.0236 -0.3678
vn 0.9601 -0.0395 -0.2767
vn 0.6744 0.3444 -0.6532
vn 0.7416 0.4344 -0.5113
vn 0.5916 0.5732 -0.5669
vn 0.7862 0.4264 -0.4472
vn 0.7275 0.4290 -0.5354
vn 0.5842 -0.3850 -0.7145
vn 0.8970 -0.4213 -0.1339
vn 0.9517 -0.2552 -0.1706
vn 0.8659 0.0517 -0.4975
vn 0.9141 0.2288 -0.3349
vn 0.9477 -0.2548 -0.1923
vn 0.3086 -0.2902 -0.9059
vn 0.3370 -0.3645 -0.8681
vn 0.3363 -0.3696 -0.8662
vn 0.2292 0.6018 -0.7650
vn 0.6085 0.5203 -0.5992
vn 0.1851 0.3405 -0.9219
vn 0.5848 -0.2448 -0.7734
vn 0.4203 0.1015 -0.9017
vn 0.8985 -0.3121 -0.3088
vn 0.7493 0.5297 -0.3974
vn 0.7878 -0.3876 -0.4787
vn 0.9057 -0.4115 -0.1016
vn 0.5574 0.6655 -0.4964
vn -0.1216 0.7355 -0.6665
vn -0.1132 0.5989 -0.7928
vn 0.6893 0.6975 -0.1957
vn 0.6659 0.7320 -0.1444
vn -0.0251 0.1666 -0.9857
vn -0.1276 0.3257 -0.9368
vn -0.1517 0.1786 -0.9722
vn 0.3545 0.9058 0.2320
vn 0.6325 0.7335 0.2489
vn 0.6611 0.5821 0.4733
vn 0.2557 0.9649 -0.0602
vn 0.1122 0.9936 -0.0105
vn 0.1066 0.9749 -0.1954
vn 0.4838 0.7424 0.4635
vn 0.2310 0.9245 0.3031
vn 0.3357 0.9379 0.0879
vn -0.2650 0.9590 0.1003
vn -0.2019 0.9557 0.2142
vn -0.2710 0.9468 0.1736
vn -0.0063 0.9900 0.1408
vn -0.0563 0.9949 -0.0836
vn -0.1200 0.9691 0.2155
vn -0.2150 0.9755 0.0456
vn -0.3451 0.9324 0.1076
vn -0.2925 0.9558 0.0287
vn -0.0666 0.9299 0.3617
vn 0.1902 0.9159 -0.3534
vn 0.0519 0.8417 -0.5375
vn -0.0292 0.8988 -0.4374
vn 0.1514 0.8556 -0.4950
vn 0.2567 0.8503 -0.4595
vn 0.2233 0.9131 -0.3411
vn 0.3001 0.8693 -0.3927
vn 0.4345 0.7178 -0.5440
vn 0.5413 0.7112 -0.4485
vn 0.6379 0.5449 -0.5442
vn 0.4406 0.8323 -0.3364
vn 0.1963 0.9502 -0.2421
vn 0.1672 0.9803 -0.1050
vn 0.1907 0.9789 -0.0735
vn 0.2485 0.9604 -0.1259
vn 0.5313 0.6718 -0.5161
vn 0.6319 0.6780 -0.3755
vn 0.4923 0.8332 -0.2519
vn 0.5365 0.5496 -0.6403
vn 0.3858 0.8765 -0.2878
vn 0.2318 0.9469 -0.2230
vn 0.2603 0.9501 -0.1717
vn 0.3761 0.9064 -0.1923
vn 0.5511 0.6114 -0.5678
vn 0.8622 0.3198 -0.3929
vn 0.7275 0.5059 -0.4636
vn 0.5079 -0.0066 -0.8614
vn 0.3234 0.1861 -0.9278
vn 0.2713 0.0299 -0.9620
vn 0.6342 0.6908 -0.3471
vn 0.7145 0.0282 -0.6991
vn 0.8750 -0.2514 -0.4138
vn 0.8374 -0.4941 -0.2338
vn 0.5658 0.8191 0.0949
vn 0.4120 0.9010 -0.1361
vn 0.6077 0.7937 0.0275
vn 0.3019 0.9053 -0.2990
vn 0.6661 0.6080 -0.4320
vn 0.4485 0.7275 -0.5192
vn 0.1190 0.7652 -0.6327
vn 0.2294 0.9557 -0.1843
vn 0.1702 0.9846 0.0393
vn -0.1910 0.9702 0.1494
vn -0.0667 0.9169 0.3936
vn -0.3184 0.8709 0.3745
vn 0.9473 -0.3200 0.0168
vn 0.9450 -0.2399 0.2223
vn 0.9496 -0.2543 0.1832
vn 0.6532 0.0867 -0.7522
vn 0.8395 -0.5381 -0.0752
vn 0.5442 0.7327 -0.4087
vn 0.3014 0.9395 -0.1625
vn 0.6703 -0.7367 0.0894
vn 0.7712 -0.5876 0.2447
vn 0.9101 -0.3445 0.2303
vn 0.9413 -0.0715 0.3300
vn 0.9330 -0.1689 0.3177
vn 0.6510 -0.2442 0.7187
vn 0.7124 -0.2993 0.6348
vn 0.6922 -0.3124 0.6507
vn 0.8567 -0.3024 0.4179
vn 0.8096 0.3567 0.4662
vn 0.8107 0.4884 0.3228
vn 0.8864 0.3222 0.3323
vn 0.8453 0.3827 0.3728
vn 0.8049 0.5918 0.0438
vn 0.9718 -0.1845 0.1471
vn 0.8973 -0.3308 0.2921
vn 0.9435 0.3210 0.0826
vn 0.9641 -0.2375 -0.1186
vn 0.3254 0.7170 -0.6164
vn 0.9755 0.1757 -0.1323
vn 0.6449 -0.7159 0.2675
vn 0.5684 -0.7848 0.2472
vn 0.5901 -0.7593 0.2744
vn -0.3069 0.8510 -0.4263
vn -0.1183 0.8961 -0.4279
vn 0.8589 0.4949 -0.1322
vn 0.8258 0.2531 0.5040
vn 0.9219 0.0498 0.3842
vn 0.8424 0.2026 0.4994
vn -0.1902 0.8273 0.5285
vn -0.2111 0.8176 0.5357
vn 0.7586 0.6515 -0.0088
vn -0.4053 0.7295 -0.5509
vn 0.0615 0.9962 0.0619
vn -0.3883 0.8932 0.2268
vn -0.3796 0.8488 0.3680
vn 0.0388 0.9365 -0.3485
vn 0.1799 0.9314 -0.3163
vn 0.7659 -0.5151 0.3847
vn 0.7703 -0.4730 0.4278
vn 0.8203 -0.2562 0.5114
vn 0.7839 -0.0774 0.6160
vn 0.8252 -0.4057 0.3930
vn 0.8888 -0.4470 -0.1013
vn -0.2370 0.3018 -0.9235
vn -0.5274 0.5921 -0.6094
vn -0.7725 0.5846 -0.2480
vn -0.5331 0.6706 -0.5159
vn -0.3880 0.4647 -0.7959
vn 0.8810 -0.4730 0.0078
vn 0.2771 -0.1934 -0.9412
vn 0.9061 -0.4164 0.0755
vn 0.8868 0.1462 0.4385
vn 0.5628 -0.7036 0.4338
vn 0.7130 -0.6205 0.3265
vn 0.7447 0.6499 0.1516
vn 0.2452 0.9683 0.0471
vn 0.6857 0.5151 0.5143
vn 0.6351 -0.5925 0.4956
vn 0.8664 -0.1330 0.4813
vn 0.7838 -0.3425 0.5181
vn 0.9941 0.0527 0.0948
vn 0.7874 -0.1476 0.5985
vn 0.8191 0.2539 0.5144
vn 0.0044 0.9886 -0.1508
vn -0.1605 0.9850 -0.0628
vn 0.4072 0.9064 -0.1127
vn -0.0521 0.9956 0.0784
vn 0.4389 0.7070 0.5545
vn -0.1753 0.1041 -0.9790
vn 0.6601 -0.7306 0.1746
vn 0.9865 0.0302 -0.1606
vn 0.2725 0.9377 -0.2155
vn -0.1893 0.3886 -0.9018
vn -0.1964 0.1351 -0.9712
vn 0.1826 0.5781 -0.7952
vn 0.0384 0.8887 0.4569
vn 0.8220 0.2477 0.5129
vn 0.8378 0.1942 0.5102
vn 0.6937 -0.6357 0.3386
vn 0.7565 -0.3741 0.5364
vn -0.5705 0.3519 -0.7421
vn -0.5944 0.5132 -0.6191
vn -0.4835 0.5710 -0.6635
vn 0.7585 -0.0350 0.6507
vn -0.3228 0.7888 -0.5231
vn 0.5638 -0.7417 0.3634
vn 0.0054 0.3331 -0.9429
vn 0.1049 0.2298 -0.9676
vn 0.9131 -0.1003 0.3952
vn 0.3156 0.8448 0.4320
vn -0.3231 0.7122 -0.6231
vn 0.1268 0.4098 -0.9033
vn 0.2794 -0.7134 0.6426
vn 0.5427 -0.7538 0.3704
vn 0.3071 -0.5261 0.7930
vn -0.0656 0.4112 -0.9092
vn -0.0816 0.4187 -0.9045
vn -0.5548 0.8170 0.1575
vn -0.3483 0.9141 -0.2079
vn -0.5912 0.7874 -0.1743
vn -0.4398 0.7728 -0.4576
vn -0.5128 0.6899 -0.5109
vn 0.5730 -0.3853 0.7233
vn 0.4601 -0.5873 0.6659
vn 0.3218 -0.6220 0.7138
vn -0.4195 0.6852 -0.5954
vn -0.4563 0.7056 -0.5422
vn -0.2140 0.9242 0.3162
vn 0.6254 -0.1675 0.7621
vn -0.4907 0.7204 0.4901
vn -0.5762 0.0172 0.8171
vn -0.4357 -0.2124 0.8747
vn 0.5934 -0.7011 0.3955
vn 0.5490 -0.7669 0.3323
vn 0.0583 0.3213 -0.9452
vn 0.4269 -0.7441 0.5139
vn -0.1052 0.4358 -0.8939
vn -0.3752 0.5608 0.7380
vn 0.3393 -0.0715 -0.9379
vn 0.3195 0.0233 -0.9473
vn 0.1008 0.2519 -0.9625
vn 0.0367 0.2333 -0.9717
vn -0.3737 0.8688 0.3250
vn 0.1530 0.1094 -0.9821
vn 0.1061 0.0708 -0.9918
vn 0.6238 -0.7347 0.2666
vn -0.3961 0.1573 -0.9046
vn 0.6376 -0.5855 0.5007
vn 0.1251 -0.1384 -0.9824
vn -0.0386 0.5083 0.8603
vn 0.2155 0.0492 -0.9753
vn 0.2448 -0.2191 -0.9445
vn 0.5115 -0.8163 0.2684
vn 0.2967 -0.1408 -0.9445
vn 0.2414 -0.3185 -0.9167
vn 0.3543 -0.3179 -0.8794
vn 0.4591 0.5380 -0.7070
vn 0.0421 0.3893 -0.9201
vn 0.3049 0.4089 -0.8601
vn 0.7073 -0.1988 0.6784
vn 0.6287 -0.1720 0.7583
vn -0.0728 -0.7254 0.6845
vn 0.0561 -0.7525 0.6562
vn 0.5748 -0.7539 0.3181
vn 0.1879 -0.7660 0.6147
vn 0.2917 -0.1703 -0.9412
vn -0.1882 0.0688 0.9797
vn 0.6293 0.3965 -0.6684
vn -0.2395 0.8993 0.3659
vn 0.4985 0.3571 -0.7899
vn 0.5137 0.3608 -0.7784
vn 0.2732 0.2456 -0.9301
vn -0.3962 0.8842 0.2473
vn 0.4112 0.6161 -0.6718
vn 0.1745 0.0259 -0.9843
vn -0.2014 0.9710 0.1288
vn -0.0014 0.9951 -0.0990
vn -0.0685 0.8347 -0.5465
vn -0.3906 0.8556 -0.3398
vn -0.2004 0.8270 -0.5252
vn -0.4340 0.7752 -0.4591
vn -0.2490 0.7585 -0.6023
vn 0.6856 0.6552 0.3173
vn 0.7641 0.4971 0.4112
vn 0.8039 0.5627 0.1926
vn 0.1264 0.8790 0.4598
vn 0.1762 0.6876 0.7044
vn 0.7580 0.6521 -0.0152
vn -0.2136 0.8478 0.4853
vn -0.2233 0.8396 0.4952
vn -0.3031 0.8088 -0.5040
vn -0.3903 0.7364 -0.5526
vn -0.4959 0.7924 -0.3553
vn 0.6369 0.5226 0.5668
vn 0.6091 0.7054 0.3625
vn 0.4731 0.7870 0.3960
vn -0.4713 0.7736 0.4237
vn -0.1924 0.9510 0.2421
vn -0.2421 0.9055 0.3486
vn -0.6017 0.7853 -0.1459
vn -0.5733 0.8093 -0.1281
vn 0.5359 0.8442 -0.0128
vn 0.5745 0.7946 -0.1963
vn 0.4015 0.3689 0.8383
vn -0.5336 0.8374 -0.1183
vn -0.5165 0.8550 -0.0471
vn -0.4926 0.8675 0.0688
vn -0.4740 0.8773 -0.0758
vn 0.6246 -0.7250 0.2902
vn 0.5445 -0.8108 0.2146
vn -0.3202 0.9067 0.2746
vn 0.2853 0.2979 -0.9110
vn -0.1736 0.8746 0.4528
vn -0.2123 0.8624 0.4595
vn 0.1677 0.9602 -0.2235
vn 0.4503 0.8788 0.1580
vn -0.6821 0.0807 -0.7268
vn -0.6147 0.7881 0.0330
vn 0.8010 0.5805 0.1463
vn 0.5074 0.5500 0.6634
vn -0.2325 0.8957 0.3791
vn -0.1909 0.7672 0.6124
vn 0.5185 0.5127 0.6843
vn 0.0922 0.9702 -0.2241
vn -0.3411 0.8264 0.4480
vn -0.1605 0.8889 0.4291
vn -0.2938 0.8363 0.4629
vn -0.3005 0.9425 0.1466
vn -0.4180 0.8795 0.2276
vn -0.2380 0.8415 -0.4851
vn 0.7891 0.5177 0.3305
vn 0.1745 0.9396 0.2946
vn 0.4193 0.6944 0.5849
vn -0.1496 0.9251 0.3491
vn -0.4353 0.8690 0.2354
vn -0.4269 0.8923 0.1469
vn 0.6396 0.5369 0.5502
vn 0.7920 0.5138 -0.3298
vn 0.9076 -0.3935 -0.1462
vn 0.6854 0.4462 -0.5755
vn 0.2587 0.7014 0.6641
vn -0.1425 0.6817 0.7176
vn -0.1493 0.8369 0.5266
vn 0.7437 0.6525 -0.1451
vn 0.8523 0.4949 0.1692
vn -0.4261 0.8708 0.2454
vn -0.4866 0.4701 0.7364
vn -0.3965 0.7141 0.5769
vn -0.5663 0.4450 0.6938
vn -0.4104 0.0988 0.9065
vn -0.5513 0.0918 0.8292
vn -0.5926 0.3020 0.7468
vn -0.3216 0.1090 0.9406
vn -0.1595 -0.1524 0.9754
vn -0.0298 -0.3132 0.9492
vn -0.3110 -0.3684 0.8761
vn -0.9195 0.3882 0.0624
vn -0.8676 0.4806 -0.1278
vn -0.9698 0.2301 -0.0804
vn -0.2737 0.5039 0.8192
vn -0.5259 0.6040 0.5989
vn 0.0106 0.7447 0.6673
vn -0.3424 -0.2561 0.9040
vn -0.4783 0.5314 0.6992
vn -0.5687 0.0529 0.8209
vn -0.6089 0.3183 0.7266
vn -0.8242 0.3909 0.4099
vn -0.6622 0.4235 0.6182
vn -0.7746 0.3989 0.4908
vn 0.4153 -0.2597 0.8718
vn 0.0834 -0.2667 0.9602
vn 0.1700 0.0195 0.9852
vn -0.4018 -0.1600 0.9017
vn -0.4788 0.1718 0.8609
vn -0.7144 0.2042 0.6692
vn -0.5589 0.3215 0.7644
vn -0.4905 0.6242 0.6081
vn -0.3640 0.6836 0.6326
vn 0.7870 0.4854 0.3807
vn 0.5343 0.1638 0.8293
vn 0.5887 0.1744 0.7894
vn -0.4727 0.3573 0.8055
vn 0.0293 -0.2663 0.9634
vn -0.1469 -0.3236 0.9347
vn -0.1664 -0.1884 0.9679
vn -0.5762 0.3208 0.7518
vn -0.9455 0.0679 0.3183
vn -0.9842 -0.0052 0.1772
vn -0.9013 0.0797 0.4258
vn -0.5680 -0.0433 0.8219
vn -0.5172 -0.2594 0.8156
vn -0.5374 0.3787 0.7535
vn -0.6234 -0.5203 0.5836
vn -0.5275 -0.3785 0.7606
vn -0.1857 0.5565 0.8098
vn -0.0508 0.4321 0.9004
vn -0.1403 0.4643 0.8745
vn -0.6121 0.5130 0.6018
vn -0.5611 0.3698 0.7405
vn -0.5127 0.5725 0.6398
vn -0.8626 0.0447 -0.5040
vn -0.9444 0.0477 -0.3252
vn -0.8698 0.1337 -0.4750
vn 0.4262 0.7999 0.4226
vn 0.6290 0.7457 0.2198
vn 0.6439 0.5981 0.4771
vn -0.5704 0.3277 0.7532
vn -0.5414 0.3510 0.7640
vn -0.7477 0.2229 -0.6255
vn -0.8313 0.3438 -0.4367
vn -0.7067 0.6315 0.3191
vn -0.6252 0.7189 0.3038
vn -0.6667 0.7196 0.1942
vn -0.6445 0.7390 -0.1961
vn -0.6469 0.6603 -0.3814
vn -0.6926 0.6717 -0.2629
vn -0.7014 0.7127 0.0134
vn -0.7123 0.6872 -0.1427
vn -0.7932 0.6057 0.0624
vn -0.3911 -0.3467 -0.8526
vn -0.1279 -0.3813 -0.9155
vn -0.3071 -0.5017 -0.8087
vn -0.9946 0.0249 -0.1005
vn -0.9950 0.0431 -0.0895
vn -0.9706 0.0653 -0.2315
vn -0.4623 0.5677 0.6811
vn 0.2580 0.5514 0.7934
vn 0.0071 0.7741 0.6331
vn -0.7553 0.0558 -0.6530
vn -0.7337 0.1750 -0.6565
vn -0.9523 0.2115 -0.2199
vn -0.8770 0.2550 -0.4073
vn -0.9330 0.2804 -0.2255
vn 0.8111 0.3740 0.4498
vn 0.8000 0.3974 0.4495
vn 0.6053 0.5584 0.5672
vn 0.2660 0.8075 0.5266
vn 0.0673 0.5494 0.8328
vn -0.2020 0.4200 0.8848
vn 0.0448 0.2074 0.9772
vn 0.0481 -0.0806 0.9956
vn -0.9455 0.2060 -0.2520
vn 0.3607 0.6488 0.6701
vn 0.4894 -0.3114 0.8146
vn 0.5617 -0.2834 0.7772
vn 0.5771 0.1545 0.8019
vn 0.7770 0.1601 0.6088
vn 0.8193 0.1092 0.5629
vn -0.9968 0.0241 0.0757
vn -0.9482 -0.1871 0.2567
vn -0.9824 0.1567 0.1019
vn -0.9302 -0.3614 0.0637
vn 0.2433 -0.0525 0.9685
vn -0.9479 0.2283 0.2220
vn 0.6564 0.6674 0.3517
vn 0.7801 0.4459 0.4389
vn 0.5053 0.6671 0.5474
vn -0.8882 0.3466 0.3015
vn -0.7423 0.5465 0.3878
vn -0.6550 0.3405 0.6746
vn 0.2180 0.1579 0.9631
vn 0.1923 0.2027 0.9602
vn -0.0847 0.1103 0.9903
vn -0.6747 0.0860 0.7330
vn -0.8302 -0.1940 0.5227
vn -0.3656 0.0717 0.9280
vn -0.8482 0.1066 -0.5188
vn -0.9307 0.0918 -0.3542
vn 0.5798 0.6567 0.4823
vn 0.3283 0.5494 0.7683
vn 0.4762 0.1377 0.8685
vn 0.7577 0.1494 0.6353
vn 0.4700 0.8454 0.2539
vn -0.9925 0.1084 -0.0560
vn -0.9913 0.0181 -0.1300
vn -0.9527 -0.3004 -0.0455
vn -0.1286 -0.4007 -0.9072
vn 0.0466 -0.3516 -0.9350
vn 0.4564 0.0745 0.8866
vn -0.5019 -0.5079 -0.7002
vn -0.5521 -0.6837 -0.4772
vn -0.4640 -0.7410 -0.4854
vn -0.8690 -0.1888 -0.4574
vn -0.8554 -0.1825 -0.4847
vn -0.7634 -0.4475 -0.4657
vn -0.4333 0.0432 0.9002
vn -0.5310 0.1177 0.8391
vn -0.2419 0.2523 0.9369
vn -0.3886 0.3721 0.8429
vn -0.0107 -0.0980 0.9951
vn -0.7054 -0.2414 -0.6664
vn -0.6909 -0.5840 -0.4261
vn -0.8811 0.0967 0.4630
vn -0.6655 -0.2789 0.6924
vn -0.6862 0.3288 0.6489
vn -0.9162 0.0810 -0.3924
vn -0.7892 -0.4373 -0.4312
vn -0.9285 -0.2776 -0.2465
vn -0.5828 0.4018 0.7063
vn -0.9312 0.2575 -0.2582
vn -0.9694 0.2325 -0.0781
vn -0.9907 0.1172 -0.0689
vn -0.9519 0.3048 -0.0299
vn -0.9863 0.1578 0.0488
vn 0.4255 0.0897 0.9005
vn 0.3898 0.0119 0.9208
vn 0.3339 0.1108 0.9361
vn -0.3332 0.2367 0.9127
vn -0.1239 0.1659 0.9783
vn -0.9827 0.0285 -0.1829
vn 0.2337 0.1832 0.9549
vn 0.2660 0.0715 0.9613
vn 0.4331 0.1672 0.8857
vn -0.9994 -0.0126 0.0334
vn -0.6950 -0.1667 0.6994
vn 0.0582 0.3483 0.9356
vn -0.8543 -0.3191 -0.4103
vn -0.7876 0.2428 0.5664
vn -0.4190 0.6419 0.6422
vn -0.4036 0.4944 0.7699
vn -0.3044 0.1575 0.9394
vn -0.4216 -0.4386 -0.7937
vn -0.5176 -0.4630 -0.7195
vn -0.2928 0.3553 0.8877
vn -0.9910 -0.0970 -0.0918
vn -0.8752 -0.1008 -0.4730
vn -0.8730 -0.0566 -0.4845
vn -0.8752 -0.1180 -0.4691
vn -0.7039 0.0533 -0.7083
vn -0.6510 0.1798 -0.7375
vn -0.5567 -0.6552 -0.5106
vn -0.8888 -0.4582 0.0057
vn -0.8483 -0.5166 -0.1160
vn -0.8347 -0.5507 -0.0016
vn -0.1919 0.4475 0.8734
vn -0.4790 0.3958 0.7835
vn -0.8641 -0.1227 -0.4881
vn 0.4497 0.3158 0.8355
vn 0.5234 0.5220 0.6735
vn 0.6009 0.1422 0.7865
vn -0.8815 -0.1553 -0.4459
vn -0.8693 -0.1214 -0.4791
vn -0.8915 -0.1094 -0.4396
vn -0.1419 0.2617 0.9546
vn -0.8807 -0.1283 -0.4559
vn -0.4917 -0.7676 -0.4112
vn -0.5756 -0.7537 -0.3172
vn -0.6108 0.7777 -0.1488
vn 0.1136 0.3290 0.9375
vn 0.0614 0.3848 0.9210
vn 0.2656 0.2698 0.9256
vn -0.8622 -0.1345 -0.4883
vn -0.0631 0.5663 0.8218
vn 0.2097 0.5499 0.8085
vn -0.8153 0.3501 -0.4613
vn -0.7313 0.2611 -0.6301
vn 0.2341 0.0551 0.9707
vn -0.9414 0.3340 0.0461
vn -0.8827 -0.0908 -0.4611
vn -0.0693 -0.0665 0.9954
vn -0.3008 -0.1247 -0.9455
vn -0.4262 -0.1086 -0.8981
vn 0.7557 0.3440 0.5573
vn 0.7988 0.3745 0.4709
vn -0.5364 -0.0808 0.8401
vn -0.9289 -0.2769 -0.2459
vn -0.9466 -0.2950 -0.1304
vn -0.9048 -0.4247 -0.0317
vn 0.7790 0.1287 0.6137
vn 0.0194 0.3304 0.9437
vn 0.0517 -0.1261 -0.9907
vn 0.1925 -0.1941 -0.9619
vn 0.8697 0.1335 0.4752
vn 0.8582 0.1743 0.4829
vn -0.8845 -0.1271 -0.4489
vn -0.8589 -0.1379 -0.4932
vn -0.9877 0.1171 0.1040
vn -0.9436 0.3247 0.0648
vn -0.9352 0.3207 0.1500
vn -0.8713 -0.1309 -0.4730
vn -0.8846 -0.0977 -0.4559
vn 0.8689 0.2384 0.4338
vn -0.8716 -0.1527 -0.4659
vn -0.8367 -0.1850 -0.5154
vn 0.5791 0.3629 0.7301
vn -0.9890 -0.0153 -0.1472
vn -0.9336 0.1602 0.3204
vn -0.9591 0.2828 0.0139
vn 0.2702 0.4705 -0.8400
vn 0.1854 0.2831 -0.9410
vn 0.2715 0.4724 -0.8385
vn 0.6954 0.2082 0.6878
vn 0.8260 0.1855 0.5323
vn 0.8713 0.1473 0.4681
vn -0.6998 0.1534 -0.6976
vn -0.7230 -0.5154 -0.4600
vn 0.8114 0.2082 0.5461
vn -0.8832 -0.4316 0.1834
vn -0.8745 -0.4375 0.2093
vn -0.9404 -0.3400 0.0021
vn -0.9711 -0.2158 0.1020
vn -0.6498 -0.5222 0.5524
vn -0.7209 -0.5372 0.4378
vn -0.8391 0.2302 0.4929
vn -0.8441 -0.1816 0.5045
vn -0.5878 -0.5308 -0.6106
vn -0.9530 0.1026 -0.2851
vn -0.9744 -0.2200 -0.0454
vn -0.9786 -0.1900 0.0793
vn -0.8138 -0.0495 0.5791
vn -0.3001 0.5644 0.7690
vn 0.4927 0.8505 0.1841
vn 0.0051 0.2417 -0.9703
vn 0.8871 0.0675 0.4566
vn 0.8879 0.1127 0.4460
vn 0.9112 0.1000 0.3996
vn -0.2635 0.6138 0.7442
vn -0.0829 0.4984 0.8630
vn -0.9101 -0.0492 -0.4114
vn -0.8937 -0.1463 -0.4242
vn -0.9811 -0.1490 0.1232
vn -0.8379 -0.2120 -0.5031
vn -0.8720 -0.3079 -0.3806
vn -0.9343 -0.1832 -0.3057
vn 0.0470 -0.3777 0.9247
vn 0.0572 -0.3746 0.9254
vn -0.3259 0.5510 0.7683
vn -0.7554 0.5279 0.3882
vn -0.5272 0.5227 0.6700
vn -0.9443 -0.3066 0.1196
vn -0.9449 -0.1914 0.2658
vn 0.8735 0.2142 0.4372
vn -0.8540 -0.0087 0.5202
vn -0.9486 0.0457 0.3133
vn -0.9230 -0.1481 0.3552
vn -0.9685 -0.2424 -0.0577
vn -0.7553 -0.4799 -0.4463
vn -0.6602 -0.6874 -0.3026
vn -0.7678 -0.3515 -0.5357
vn -0.7908 -0.5747 -0.2106
vn -0.7197 -0.5368 -0.4403
vn -0.7354 -0.6224 -0.2680
vn -0.6311 -0.6949 -0.3448
vn -0.3911 0.1459 -0.9087
vn -0.3252 0.3386 -0.8830
vn -0.4877 0.2911 -0.8230
vn -0.8951 -0.4377 0.0846
vn -0.8547 -0.2123 -0.4737
vn -0.6750 -0.5573 -0.4835
vn 0.8503 0.2956 0.4354
vn -0.7190 -0.6750 -0.1657
vn -0.8536 -0.4734 -0.2173
vn -0.7865 -0.4618 -0.4100
vn -0.8421 -0.4315 0.3237
vn -0.6922 -0.6436 -0.3264
vn -0.9462 0.3108 -0.0894
vn -0.8367 0.5006 0.2219
vn -0.8155 -0.5761 -0.0553
vn 0.2448 0.6596 0.7106
vn -0.4016 0.7663 0.5014
vn -0.5504 0.6825 0.4810
vn -0.1059 0.0119 0.9943
vn -0.7934 0.4111 0.4488
vn -0.9230 0.3829 0.0383
vn -0.7082 -0.0971 -0.6993
vn -0.8695 -0.2032 -0.4503
vn -0.9201 0.3076 0.2427
vn -0.9131 -0.1323 -0.3858
vn -0.9277 -0.1661 -0.3343
vn -0.9772 -0.1021 -0.1862
vn -0.9706 -0.0024 -0.2406
vn -0.9232 -0.0895 -0.3738
vn -0.9187 -0.1273 -0.3738
vn -0.4610 -0.5470 -0.6988
vn -0.4873 0.6183 0.6167
vn 0.3477 0.2886 0.8921
vn -0.6473 0.6151 0.4502
vn -0.3911 0.0362 -0.9196
vn -0.5544 0.0435 -0.8311
vn -0.3419 0.1575 -0.9264
vn 0.0145 -0.4956 0.8684
vn 0.1776 -0.6436 0.7445
vn -0.1834 -0.5294 0.8283
vn -0.8038 0.1891 0.5641
vn -0.6526 0.2736 0.7066
vn -0.8131 -0.2671 0.5172
vn -0.9339 0.1609 0.3194
vn -0.1808 -0.0095 -0.9835
vn -0.7323 -0.6207 -0.2802
vn -0.9994 -0.0324 0.0146
vn -0.9805 0.1936 0.0331
vn -0.9874 -0.1473 -0.0569
vn -0.9531 0.1180 0.2788
vn 0.1179 -0.4147 0.9023
vn -0.8080 -0.2872 -0.5144
vn -0.8733 -0.1369 -0.4675
vn 0.2435 -0.5028 0.8294
vn 0.3053 -0.3527 0.8845
vn 0.4274 -0.3188 0.8460
vn -0.8204 -0.3236 0.4713
vn -0.8367 0.2950 0.4615
vn -0.7584 -0.4503 0.4712
vn -0.3122 -0.3530 -0.8820
vn -0.7255 0.4530 -0.5180
vn -0.8724 -0.1297 -0.4713
vn -0.7009 -0.5030 -0.5058
vn -0.5687 0.1039 -0.8159
vn -0.5415 0.1087 -0.8337
vn -0.8621 -0.1269 -0.4905
vn -0.8725 -0.1222 -0.4731
vn -0.3035 0.4541 0.8377
vn -0.1652 0.2896 0.9428
vn -0.8933 0.3695 -0.2560
vn -0.5446 0.4469 0.7098
vn -0.4719 0.4571 0.7539
vn -0.7595 0.5194 -0.3916
vn -0.6510 0.5903 -0.4771
vn -0.7299 0.1244 -0.6721
vn 0.1077 0.4010 -0.9097
vn -0.8321 -0.3804 0.4037
vn -0.3764 0.5779 0.7241
vn -0.6887 0.4199 0.5911
vn -0.2587 0.6123 0.7471
vn -0.2599 0.2670 -0.9280
vn -0.8029 0.0888 -0.5894
vn -0.7853 -0.1803 -0.5923
vn -0.6128 -0.3450 -0.7110
vn -0.5578 -0.5411 -0.6294
vn -0.7995 -0.5297 0.2834
vn -0.2358 0.6892 0.6851
vn -0.5181 0.3070 0.7983
vn -0.5467 0.3913 0.7403
vn -0.5682 0.3196 -0.7583
vn -0.5923 -0.6580 -0.4650
vn -0.8383 -0.5078 0.1983
vn -0.3749 0.0874 -0.9230
vn -0.3940 0.3116 -0.8647
vn -0.5909 -0.6834 -0.4286
vn -0.8884 0.3416 0.3067
vn -0.9443 -0.3285 -0.0218
vn -0.0866 0.1231 -0.9886
vn -0.0254 -0.2056 -0.9783
vn -0.7444 -0.5710 0.3462
vn -0.9395 -0.0163 0.3421
vn 0.7475 0.2739 0.6051
vn 0.5873 0.6078 0.5344
vn 0.0225 0.7952 0.6059
vn -0.0398 0.0528 0.9978
vn -0.0227 0.2202 0.9752
vn -0.4297 0.5657 0.7038
vn -0.6487 0.5503 0.5257
vn -0.8033 0.5529 -0.2214
vn -0.6198 0.3095 0.7212
vn 0.2511 0.5009 0.8283
vn -0.1433 -0.2459 0.9586
vn -0.8232 0.4361 0.3636
vn -0.4850 0.6613 0.5723
vn 0.6497 0.5434 0.5316
vn 0.5988 0.6387 0.4832
vn 0.6164 0.5988 0.5113
vn -0.8490 -0.0543 -0.5255
vn -0.7748 -0.0907 -0.6257
vn -0.7627 -0.0460 -0.6452
vn -0.8304 -0.1473 -0.5373
vn -0.8706 -0.0766 -0.4861
vn -0.8841 -0.0855 -0.4595
vn -0.8973 -0.2682 -0.3506
vn -0.8781 -0.1381 -0.4582
vn -0.8733 -0.1515 -0.4631
vn -0.9015 0.0102 -0.4326
vn -0.9006 -0.1524 -0.4071
vn -0.9507 -0.2463 -0.1882
vn -0.8486 -0.2507 -0.4658
vn -0.8438 -0.3862 -0.3727
vn -0.8498 0.0025 -0.5271
vn -0.8768 -0.1445 -0.4586
vn -0.8571 -0.2609 -0.4442
vn -0.9189 -0.1515 -0.3642
vn -0.8905 -0.0756 -0.4486
vn -0.9293 -0.2583 -0.2640
vn -0.8863 -0.0444 -0.4610
vn -0.9846 -0.1494 -0.0912
vn -0.9465 -0.2350 -0.2213
vn -0.8617 -0.3709 -0.3464
vn -0.7516 -0.3559 -0.5554
vn -0.6205 -0.2040 -0.7572
vn -0.6621 0.0752 -0.7456
vn -0.9342 0.2835 -0.2167
vn -0.9958 0.0682 -0.0607
vn -0.5628 -0.0619 -0.8242
vn -0.9185 0.3899 -0.0657
vn -0.8469 0.1243 -0.5170
vn -0.7015 0.7023 -0.1213
vn -0.8482 0.4037 -0.3429
vn -0.8502 0.4524 -0.2694
vn -0.8369 -0.0761 -0.5420
vn -0.6961 0.5082 -0.5072
vn -0.5739 0.3371 -0.7463
vn -0.7958 0.2402 -0.5558
vn -0.7526 0.4265 -0.5016
vn -0.9740 0.2204 0.0521
vn -0.9578 0.1202 -0.2611
vn -0.8491 0.2201 -0.4803
vn -0.6829 0.6975 -0.2170
vn -0.9228 0.2107 -0.3226
vn -0.8133 0.3760 0.4439
vn -0.3557 0.9238 0.1415
vn -0.5265 0.8190 -0.2282
vn -0.9680 0.0327 0.2488
vn -0.7172 0.6312 -0.2953
vn -0.9243 0.2832 -0.2560
vn 0.2518 0.0273 -0.9674
vn 0.2684 0.0545 -0.9618
vn 0.3405 0.0777 -0.9370
vn -0.3604 -0.0901 -0.9285
vn -0.7254 -0.1199 -0.6778
vn -0.2815 0.0778 -0.9564
vn -0.2618 0.3197 -0.9106
vn -0.8817 -0.1414 -0.4501
vn 0.1049 0.7960 -0.5961
vn 0.3267 0.1524 -0.9328
vn 0.3465 0.0291 -0.9376
vn 0.2495 0.4196 -0.8727
vn 0.3279 0.0200 -0.9445
vn 0.4315 0.2311 -0.8720
vn -0.4056 0.0379 -0.9132
vn -0.7466 -0.0221 -0.6649
vn 0.1238 0.1624 -0.9789
vn -0.4489 0.0571 -0.8918
vn 0.3745 0.2684 -0.8876
vn 0.5576 0.3564 -0.7497
vn -0.9548 -0.0302 -0.2958
vn -0.8537 0.1319 -0.5039
vn -0.8907 0.2005 -0.4081
vn -0.9781 -0.1325 -0.1604
vn -0.7954 0.3882 -0.4654
vn -0.8961 0.2075 -0.3923
vn -0.7092 0.3830 -0.5919
vn -0.8321 -0.0623 -0.5511
vn -0.8482 0.3365 -0.4091
vn -0.8148 0.2507 -0.5227
vn -0.9408 -0.1858 -0.2836
vn -0.9738 0.1221 -0.1917
vn -0.7142 -0.2829 -0.6402
vn -0.8759 0.0521 -0.4798
vn -0.6227 0.4739 -0.6226
vn -0.7946 0.4687 -0.3860
vn -0.6948 -0.0813 -0.7146
vn -0.7549 -0.2213 -0.6174
vn -0.6434 -0.1072 -0.7580
vn -0.8411 0.1507 -0.5195
vn -0.7651 0.1871 -0.6161
vn -0.6477 -0.1029 -0.7549
vn -0.7175 0.0466 -0.6949
vn -0.8236 -0.0446 -0.5655
vn -0.6490 0.1554 -0.7448
vn -0.4959 -0.0272 -0.8679
vn -0.7068 0.1723 -0.6861
vn -0.9729 0.0424 -0.2273
vn -0.6254 0.0410 -0.7792
vn -0.7544 -0.0299 -0.6558
vn -0.6577 0.0193 -0.7531
vn -0.7362 -0.0345 -0.6758
vn -0.8786 -0.1104 -0.4646
vn -0.3041 0.7840 -0.5411
vn -0.7771 0.0095 -0.6293
vn -0.7961 0.1160 -0.5939
vn -0.7964 -0.0050 -0.6048
vn -0.7399 0.5343 -0.4088
vn -0.6523 -0.0335 -0.7573
vn -0.6886 0.6872 -0.2315
vn -0.3857 0.9180 -0.0924
vn -0.7571 -0.0975 -0.6460
vn -0.7530 -0.3773 -0.5391
vn -0.5371 0.7859 -0.3064
vn -0.8080 -0.1483 -0.5702
vn -0.4965 0.8203 -0.2839
vn -0.8791 0.0530 -0.4737
vn -0.8521 -0.0254 -0.5228
vn -0.8691 -0.0185 -0.4943
vn -0.8873 0.0041 -0.4611
vt 0.996825 0.414028
vt 0.997847 0.410819
vt 0.999917 0.414052
vt 0.994209 0.414934
vt 0.992486 0.417238
vt 0.992544 0.413335
vt 0.999662 0.471811
vt 0.996265 0.469822
vt 0.999568 0.468159
vt 0.996715 0.466004
vt 0.999197 0.465208
vt 0.997254 0.463839
vt 0.649309 0.029936
vt 0.650323 0.031713
vt 0.646492 0.030206
vt 0.646982 0.026806
vt 0.648484 0.028614
vt 0.648084 0.036317
vt 0.647171 0.035755
vt 0.648310 0.034070
vt 0.647267 0.038009
vt 0.644490 0.037404
vt 0.645148 0.035862
vt 0.644813 0.033167
vt 0.642706 0.035306
vt 0.644995 0.026485
vt 0.651333 0.029378
vt 0.649505 0.026054
vt 0.654062 0.025797
vt 0.998577 0.560794
vt 0.997285 0.558881
vt 0.999292 0.559211
vt 0.999542 0.557232
vt 0.996677 0.556658
vt 0.997450 0.554673
vt 0.994323 0.561640
vt 0.994363 0.560532
vt 0.995713 0.560680
vt 0.999544 0.554229
vt 0.999704 0.555705
vt 0.994544 0.553496
vt 0.997914 0.552569
vt 0.994891 0.557674
vt 0.994340 0.555444
vt 0.996006 0.564184
vt 0.994685 0.563356
vt 0.996265 0.562233
vt 0.994682 0.559374
vt 0.428456 0.032966
vt 0.427958 0.030750
vt 0.429793 0.031364
vt 0.432236 0.033353
vt 0.434970 0.033822
vt 0.432346 0.035560
vt 0.429020 0.034793
vt 0.430069 0.032830
vt 0.431629 0.031684
vt 0.434267 0.036112
vt 0.431610 0.028747
vt 0.435219 0.027279
vt 0.434272 0.030635
vt 0.429849 0.037487
vt 0.427121 0.037869
vt 0.433077 0.038376
vt 0.435172 0.042409
vt 0.432733 0.043044
vt 0.428930 0.040151
vt 0.380495 0.025807
vt 0.378928 0.027411
vt 0.378807 0.024640
vt 0.379816 0.030196
vt 0.379193 0.029366
vt 0.380788 0.029711
vt 0.380204 0.028792
vt 0.373694 0.029648
vt 0.374360 0.027634
vt 0.375418 0.029689
vt 0.378777 0.030789
vt 0.382234 0.028789
vt 0.377502 0.029480
vt 0.380684 0.027652
vt 0.375157 0.032009
vt 0.376923 0.031146
vt 0.376534 0.021480
vt 0.377559 0.021872
vt 0.376670 0.022562
vt 0.376344 0.028231
vt 0.377475 0.028163
vt 0.382254 0.026802
vt 0.375860 0.022129
vt 0.381739 0.025077
vt 0.381087 0.022172
vt 0.377357 0.023969
vt 0.375560 0.022996
vt 0.374451 0.022412
vt 0.374028 0.024888
vt 0.375495 0.025829
vt 0.377945 0.025645
vt 0.377104 0.026704
vt 0.382602 0.024631
vt 0.383841 0.025961
vt 0.378761 0.022407
vt 0.972934 0.090234
vt 0.969698 0.090902
vt 0.970467 0.088147
vt 0.964093 0.086258
vt 0.966242 0.089434
vt 0.960413 0.088974
vt 0.957549 0.088342
vt 0.959741 0.085586
vt 0.961251 0.081561
vt 0.963317 0.082778
vt 0.955191 0.089018
vt 0.953180 0.089795
vt 0.952795 0.088900
vt 0.974311 0.088078
vt 0.955748 0.086041
vt 0.954096 0.084504
vt 0.955217 0.083756
vt 0.954489 0.081522
vt 0.956814 0.083505
vt 0.952945 0.085478
vt 0.951673 0.084977
vt 0.952674 0.083430
vt 0.951197 0.089234
vt 0.950764 0.087758
vt 0.952958 0.087110
vt 0.950948 0.085609
vt 0.951414 0.090509
vt 0.948120 0.091954
vt 0.948749 0.090274
vt 0.950854 0.082553
vt 0.966792 0.083412
vt 0.963228 0.092136
vt 0.947716 0.088180
vt 0.985762 0.084687
vt 0.984214 0.088345
vt 0.982699 0.085089
vt 0.948925 0.084300
vt 0.948895 0.081644
vt 0.973606 0.084695
vt 0.977632 0.084459
vt 0.967359 0.086110
vt 0.980154 0.088427
vt 0.979607 0.085541
vt 0.977309 0.088104
vt 0.974861 0.092233
vt 0.975794 0.090274
vt 0.977798 0.091141
vt 0.978010 0.090353
vt 0.948579 0.085836
vt 0.971909 0.092120
vt 0.970223 0.083692
vt 0.958834 0.079909
vt 0.191000 0.961543
vt 0.191060 0.958316
vt 0.195338 0.959227
vt 0.189793 0.964875
vt 0.192258 0.963299
vt 0.192437 0.968290
vt 0.190843 0.966411
vt 0.194108 0.964865
vt 0.196836 0.961151
vt 0.200400 0.959008
vt 0.193794 0.961127
vt 0.211796 0.973658
vt 0.210167 0.971690
vt 0.212044 0.971184
vt 0.196138 0.967474
vt 0.208565 0.973335
vt 0.211027 0.974856
vt 0.199064 0.963692
vt 0.207478 0.971289
vt 0.197038 0.965850
vt 0.209774 0.968546
vt 0.198834 0.957556
vt 0.200868 0.966771
vt 0.198496 0.966507
vt 0.201248 0.955787
vt 0.203394 0.956239
vt 0.204382 0.958398
vt 0.207506 0.965720
vt 0.206669 0.961817
vt 0.209963 0.962584
vt 0.209786 0.966025
vt 0.199020 0.967666
vt 0.207503 0.957832
vt 0.204978 0.955361
vt 0.205286 0.966512
vt 0.205637 0.968883
vt 0.203270 0.967580
vt 0.203033 0.965259
vt 0.205374 0.964500
vt 0.203468 0.961910
vt 0.201106 0.968335
vt 0.972206 0.641829
vt 0.970893 0.639629
vt 0.973820 0.638398
vt 0.972464 0.626065
vt 0.970690 0.625918
vt 0.971550 0.624083
vt 0.967199 0.633335
vt 0.966702 0.631745
vt 0.968604 0.631149
vt 0.969935 0.635185
vt 0.973038 0.643295
vt 0.971434 0.644762
vt 0.972027 0.636475
vt 0.988689 0.615822
vt 0.990656 0.615080
vt 0.989811 0.617759
vt 0.974594 0.634859
vt 0.975647 0.631190
vt 0.975853 0.632935
vt 0.973986 0.628927
vt 0.973344 0.632804
vt 0.971728 0.631281
vt 0.987091 0.616474
vt 0.985762 0.619851
vt 0.984665 0.615588
vt 0.970925 0.619220
vt 0.973940 0.618764
vt 0.974547 0.620986
vt 0.971857 0.634775
vt 0.971252 0.636358
vt 0.987932 0.618806
vt 0.989156 0.619161
vt 0.977799 0.621105
vt 0.982269 0.622378
vt 0.977242 0.627552
vt 0.974040 0.625347
vt 0.973118 0.622509
vt 0.976570 0.641150
vt 0.974333 0.641630
vt 0.970503 0.638252
vt 0.976068 0.623812
vt 0.970560 0.615852
vt 0.970453 0.621923
vt 0.971703 0.627982
vt 0.979419 0.624956
vt 0.969359 0.627950
vt 0.975345 0.635859
vt 0.977582 0.630542
vt 0.978231 0.633423
vt 0.987331 0.621774
vt 0.977361 0.637376
vt 0.979819 0.617948
vt 0.979962 0.630681
vt 0.979979 0.627762
vt 0.980777 0.629540
vt 0.991484 0.617070
vt 0.401745 0.013901
vt 0.402711 0.013609
vt 0.401317 0.015664
vt 0.399567 0.028497
vt 0.397192 0.027564
vt 0.400086 0.027201
vt 0.395233 0.029105
vt 0.393700 0.026679
vt 0.400263 0.035023
vt 0.397139 0.033685
vt 0.400059 0.032626
vt 0.391258 0.030582
vt 0.388871 0.029128
vt 0.391219 0.028048
vt 0.395191 0.018056
vt 0.392573 0.016190
vt 0.395863 0.014460
vt 0.398919 0.029956
vt 0.405649 0.016022
vt 0.403649 0.015385
vt 0.406277 0.014099
vt 0.403229 0.029040
vt 0.404741 0.029653
vt 0.402757 0.030315
vt 0.407080 0.032167
vt 0.408937 0.034374
vt 0.405869 0.034715
vt 0.394265 0.032714
vt 0.397687 0.032432
vt 0.396245 0.030988
vt 0.393615 0.029862
vt 0.398932 0.017993
vt 0.400610 0.020331
vt 0.398663 0.021012
vt 0.404265 0.032618
vt 0.403636 0.031326
vt 0.403427 0.027384
vt 0.402076 0.028839
vt 0.400848 0.028752
vt 0.401670 0.026318
vt 0.401710 0.017665
vt 0.403609 0.017483
vt 0.406063 0.018227
vt 0.404287 0.021123
vt 0.402903 0.019443
vt 0.406907 0.030950
vt 0.399798 0.023866
vt 0.397888 0.023045
vt 0.402063 0.032049
vt 0.397604 0.024394
vt 0.402110 0.022326
vt 0.408424 0.030303
vt 0.406865 0.028866
vt 0.403468 0.024208
vt 0.405062 0.022740
vt 0.390419 0.017288
vt 0.388500 0.014288
vt 0.409385 0.032684
vt 0.405194 0.025220
vt 0.403720 0.034831
vt 0.405160 0.027814
vt 0.390567 0.020820
vt 0.394049 0.021069
vt 0.401535 0.030450
vt 0.391453 0.013579
vt 0.406248 0.020367
vt 0.401052 0.031415
vt 0.408509 0.033145
vt 0.395924 0.023981
vt 0.397013 0.020820
vt 0.407462 0.015714
vt 0.400352 0.030557
vt 0.398848 0.031394
vt 0.400992 0.014725
vt 0.399003 0.015009
vt 0.393045 0.023495
vt 0.390992 0.024497
vt 0.392086 0.032523
vt 0.392556 0.031640
vt 0.393430 0.033822
vt 0.388063 0.025035
vt 0.971911 0.666683
vt 0.970983 0.665530
vt 0.971934 0.664605
vt 0.967027 0.672594
vt 0.965600 0.671825
vt 0.967115 0.670647
vt 0.969286 0.668369
vt 0.972059 0.669062
vt 0.969107 0.670878
vt 0.966717 0.668703
vt 0.974174 0.666966
vt 0.970770 0.671504
vt 0.976190 0.665639
vt 0.975195 0.668447
vt 0.976942 0.661684
vt 0.978620 0.663834
vt 0.969151 0.666189
vt 0.966064 0.673961
vt 0.968633 0.673342
vt 0.984315 0.685252
vt 0.985572 0.685031
vt 0.986687 0.686139
vt 0.977721 0.667376
vt 0.971330 0.673464
vt 0.973222 0.671053
vt 0.968224 0.669800
vt 0.980844 0.665954
vt 0.979147 0.669346
vt 0.976444 0.670747
vt 0.970365 0.664148
vt 0.974115 0.672943
vt 0.982631 0.677832
vt 0.984669 0.681419
vt 0.980843 0.681196
vt 0.981929 0.662420
vt 0.990995 0.688765
vt 0.987050 0.688624
vt 0.983686 0.689829
vt 0.984087 0.687296
vt 0.981796 0.668673
vt 0.978897 0.673632
vt 0.967127 0.674567
vt 0.972448 0.676434
vt 0.970858 0.678124
vt 0.969708 0.677563
vt 0.988703 0.684014
vt 0.972138 0.679233
vt 0.975463 0.678779
vt 0.993164 0.685919
vt 0.967949 0.675058
vt 0.969305 0.675732
vt 0.967281 0.675939
vt 0.984917 0.670138
vt 0.989738 0.671718
vt 0.984726 0.674495
vt 0.985303 0.664457
vt 0.977253 0.680933
vt 0.974869 0.682288
vt 0.989619 0.666573
vt 0.978794 0.678452
vt 0.964907 0.674520
vt 0.974310 0.684848
vt 0.976847 0.685574
vt 0.977145 0.688330
vt 0.972171 0.681928
vt 0.980796 0.687328
vt 0.980758 0.689686
vt 0.979060 0.685737
vt 0.978078 0.683777
vt 0.981123 0.684727
vt 0.968192 0.677380
vt 0.973830 0.661740
vt 0.974352 0.664466
vt 0.968012 0.662058
vt 0.969231 0.662910
vt 0.967660 0.663798
vt 0.985639 0.683968
vt 0.972554 0.660057
vt 0.971627 0.658433
vt 0.974282 0.658188
vt 0.972909 0.656718
vt 0.970359 0.661545
vt 0.971462 0.663105
vt 0.965921 0.665588
vt 0.964047 0.668138
vt 0.989434 0.676817
vt 0.986915 0.675312
vt 0.986250 0.676900
vt 0.965318 0.662516
vt 0.962017 0.669234
vt 0.963249 0.665317
vt 0.967416 0.659696
vt 0.964099 0.659453
vt 0.966521 0.657305
vt 0.983334 0.683217
vt 0.987652 0.680072
vt 0.991290 0.680517
vt 0.991107 0.682598
vt 0.969040 0.656867
vt 0.971944 0.654446
vt 0.968277 0.654754
vt 0.970818 0.653252
vt 0.964073 0.671158
vt 0.974123 0.656583
vt 0.976164 0.658844
vt 0.966170 0.675470
vt 0.986799 0.660761
vt 0.986293 0.657740
vt 0.989283 0.661545
vt 0.980181 0.656297
vt 0.979624 0.658320
vt 0.978729 0.656336
vt 0.982148 0.656779
vt 0.982008 0.659219
vt 0.984676 0.660316
vt 0.984102 0.658491
vt 0.975952 0.652943
vt 0.974563 0.654319
vt 0.973046 0.687420
vt 0.970739 0.683575
vt 0.969793 0.678981
vt 0.959587 0.674739
vt 0.962654 0.673943
vt 0.961204 0.675379
vt 0.970146 0.680681
vt 0.978010 0.655407
vt 0.977319 0.654268
vt 0.979095 0.652765
vt 0.966629 0.680466
vt 0.965880 0.683443
vt 0.963472 0.680057
vt 0.965814 0.678434
vt 0.963585 0.676544
vt 0.975354 0.651671
vt 0.958130 0.679287
vt 0.960985 0.677618
vt 0.958242 0.675616
vt 0.960205 0.676045
vt 0.957534 0.676672
vt 0.966146 0.676818
vt 0.968078 0.679512
vt 0.969640 0.686855
vt 0.971616 0.688413
vt 0.968123 0.684383
vt 0.968502 0.681952
vt 0.977610 0.657981
vt 0.977888 0.656578
vt 0.971993 0.650181
vt 0.973719 0.655460
vt 0.955520 0.677482
vt 0.960048 0.671937
vt 0.974982 0.655620
vt 0.976856 0.656367
vt 0.971269 0.652294
vt 0.968389 0.651763
vt 0.969651 0.652763
vt 0.991748 0.660043
vt 0.992659 0.662493
vt 0.979721 0.660896
vt 0.990684 0.658232
vt 0.974795 0.648483
vt 0.892934 0.069648
vt 0.890931 0.068662
vt 0.891783 0.067132
vt 0.874060 0.061066
vt 0.877058 0.060313
vt 0.879330 0.062642
vt 0.889252 0.066616
vt 0.882746 0.061717
vt 0.883925 0.066145
vt 0.885414 0.064157
vt 0.886394 0.066212
vt 0.884731 0.059447
vt 0.881901 0.058993
vt 0.882764 0.056377
vt 0.886266 0.055074
vt 0.883915 0.068945
vt 0.887578 0.068894
vt 0.878727 0.058953
vt 0.890694 0.057730
vt 0.889073 0.062004
vt 0.888541 0.060771
vt 0.890851 0.065475
vt 0.889107 0.064077
vt 0.891304 0.061947
vt 0.883332 0.051882
vt 0.879940 0.053856
vt 0.879085 0.048782
vt 0.886818 0.065149
vt 0.886898 0.063657
vt 0.886892 0.061191
vt 0.880445 0.056689
vt 0.883425 0.060414
vt 0.887377 0.058429
vt 0.884669 0.061778
vt 0.898256 0.049920
vt 0.896972 0.047022
vt 0.900251 0.047110
vt 0.901429 0.051189
vt 0.894667 0.057060
vt 0.895872 0.061368
vt 0.898844 0.056658
vt 0.894859 0.049755
vt 0.894119 0.046845
vt 0.892500 0.054638
vt 0.892139 0.051197
vt 0.896356 0.053298
vt 0.880132 0.066593
vt 0.876485 0.064105
vt 0.891716 0.047434
vt 0.892938 0.045720
vt 0.880844 0.068677
vt 0.882926 0.070310
vt 0.889510 0.045333
vt 0.891621 0.043997
vt 0.889194 0.049213
vt 0.888345 0.046912
vt 0.872578 0.059176
vt 0.874115 0.059303
vt 0.874694 0.058116
vt 0.876605 0.058535
vt 0.871351 0.057277
vt 0.876554 0.057826
vt 0.874728 0.056175
vt 0.872515 0.054171
vt 0.875304 0.054551
vt 0.888165 0.052521
vt 0.884622 0.047176
vt 0.908489 0.033404
vt 0.907324 0.036151
vt 0.906020 0.034282
vt 0.907282 0.040167
vt 0.904165 0.045370
vt 0.903800 0.042434
vt 0.908634 0.036524
vt 0.905124 0.031979
vt 0.907494 0.031058
vt 0.895473 0.044347
vt 0.898529 0.044137
vt 0.900726 0.043744
vt 0.897170 0.041985
vt 0.898790 0.041580
vt 0.900976 0.040722
vt 0.885525 0.070032
vt 0.884868 0.070858
vt 0.884166 0.069987
vt 0.892882 0.071404
vt 0.890682 0.071144
vt 0.887089 0.071388
vt 0.879955 0.070087
vt 0.893370 0.064305
vt 0.895648 0.064756
vt 0.904176 0.037795
vt 0.902694 0.032806
vt 0.894494 0.067023
vt 0.877631 0.055269
vt 0.935237 0.621866
vt 0.938211 0.621612
vt 0.937765 0.623370
vt 0.950136 0.628377
vt 0.955246 0.626050
vt 0.952584 0.628842
vt 0.936103 0.620400
vt 0.938545 0.617450
vt 0.938999 0.619809
vt 0.932430 0.620964
vt 0.932771 0.614360
vt 0.934665 0.613406
vt 0.934451 0.615718
vt 0.957417 0.628844
vt 0.955531 0.631229
vt 0.954556 0.629129
vt 0.936334 0.615655
vt 0.938309 0.615744
vt 0.936818 0.616499
vt 0.941111 0.618362
vt 0.941996 0.616320
vt 0.944338 0.617965
vt 0.934683 0.618091
vt 0.932880 0.611463
vt 0.935703 0.614272
vt 0.962164 0.616169
vt 0.959644 0.618543
vt 0.960011 0.615261
vt 0.965917 0.617949
vt 0.967339 0.615305
vt 0.967823 0.616423
vt 0.967790 0.618555
vt 0.964566 0.621399
vt 0.964208 0.615056
vt 0.961908 0.613503
vt 0.965260 0.612223
vt 0.964752 0.616657
vt 0.963385 0.618988
vt 0.962615 0.617257
vt 0.955856 0.620413
vt 0.953851 0.618960
vt 0.956190 0.618227
vt 0.951026 0.618266
vt 0.952842 0.616017
vt 0.954145 0.617203
vt 0.952062 0.659501
vt 0.947517 0.662464
vt 0.946810 0.657454
vt 0.966710 0.614878
vt 0.958474 0.612669
vt 0.961454 0.620508
vt 0.956725 0.615661
vt 0.954111 0.622678
vt 0.958745 0.622311
vt 0.953714 0.613376
vt 0.949249 0.615510
vt 0.947057 0.618941
vt 0.951839 0.620694
vt 0.969741 0.613105
vt 0.949494 0.619887
vt 0.950184 0.624176
vt 0.931180 0.617994
vt 0.942694 0.621179
vt 0.945000 0.615051
vt 0.930367 0.611624
vt 0.932125 0.608179
vt 0.946567 0.627269
vt 0.945018 0.624133
vt 0.938160 0.613943
vt 0.941593 0.614177
vt 0.961611 0.626068
vt 0.939902 0.624974
vt 0.939689 0.623247
vt 0.941910 0.623958
vt 0.940738 0.612151
vt 0.936457 0.612579
vt 0.950979 0.629893
vt 0.945116 0.600795
vt 0.943658 0.603141
vt 0.941567 0.601531
vt 0.945998 0.602922
vt 0.948431 0.601049
vt 0.948590 0.602663
vt 0.950739 0.602054
vt 0.952174 0.599997
vt 0.954247 0.602373
vt 0.947800 0.604462
vt 0.943301 0.606527
vt 0.942938 0.626347
vt 0.944018 0.659379
vt 0.958859 0.640023
vt 0.957606 0.640209
vt 0.956731 0.637465
vt 0.936031 0.610493
vt 0.940303 0.664233
vt 0.936990 0.664473
vt 0.936827 0.659524
vt 0.933388 0.622840
vt 0.964987 0.628712
vt 0.963733 0.632547
vt 0.961202 0.630323
vt 0.966442 0.625053
vt 0.958141 0.635368
vt 0.960542 0.637577
vt 0.928168 0.660062
vt 0.932228 0.659742
vt 0.931561 0.663397
vt 0.936508 0.667631
vt 0.934837 0.663814
vt 0.937737 0.630821
vt 0.939029 0.634789
vt 0.937162 0.633111
vt 0.960988 0.628143
vt 0.960976 0.643589
vt 0.961404 0.652547
vt 0.957673 0.645741
vt 0.956352 0.657016
vt 0.950712 0.652721
vt 0.955500 0.650395
vt 0.943362 0.663229
vt 0.940391 0.660659
vt 0.937553 0.625326
vt 0.939049 0.625919
vt 0.938523 0.626845
vt 0.941988 0.628587
vt 0.940530 0.627102
vt 0.950667 0.612857
vt 0.948147 0.612946
vt 0.949943 0.611220
vt 0.956174 0.610514
vt 0.927359 0.664093
vt 0.946468 0.611954
vt 0.943233 0.610825
vt 0.947002 0.609421
vt 0.958156 0.642199
vt 0.935971 0.670460
vt 0.934629 0.672267
vt 0.934784 0.668763
vt 0.947748 0.632017
vt 0.958331 0.632572
vt 0.940181 0.668632
vt 0.933445 0.666852
vt 0.931943 0.665450
vt 0.952814 0.634620
vt 0.952984 0.630830
vt 0.962177 0.634090
vt 0.967891 0.649095
vt 0.930793 0.666432
vt 0.942594 0.631580
vt 0.939674 0.629528
vt 0.934081 0.608644
vt 0.944462 0.629054
vt 0.960885 0.610557
vt 0.952410 0.611077
vt 0.931190 0.604451
vt 0.928957 0.604725
vt 0.951292 0.608423
vt 0.939946 0.610065
vt 0.932785 0.633970
vt 0.932199 0.632681
vt 0.933673 0.632890
vt 0.945227 0.607791
vt 0.949328 0.606752
vt 0.953583 0.605318
vt 0.926183 0.606842
vt 0.928654 0.608728
vt 0.958338 0.607343
vt 0.963540 0.608109
vt 0.952151 0.604282
vt 0.955751 0.603213
vt 0.940793 0.602453
vt 0.941005 0.604243
vt 0.967422 0.609098
vt 0.956410 0.605033
vt 0.968483 0.612158
vt 0.959460 0.604157
vt 0.966761 0.605230
vt 0.933928 0.606815
vt 0.957320 0.601418
vt 0.939734 0.607112
vt 0.949443 0.667149
vt 0.933198 0.670272
vt 0.967159 0.639259
vt 0.944683 0.668489
vt 0.947648 0.621619
vt 0.932720 0.631154
vt 0.935292 0.644932
vt 0.940518 0.645524
vt 0.938327 0.649482
vt 0.938783 0.671480
vt 0.939469 0.640674
vt 0.943547 0.641736
vt 0.934410 0.659077
vt 0.931991 0.635905
vt 0.933432 0.634945
vt 0.932900 0.636906
vt 0.933894 0.630967
vt 0.932763 0.629066
vt 0.934582 0.630208
vt 0.934848 0.631499
vt 0.956806 0.641643
vt 0.956299 0.634300
vt 0.935730 0.629080
vt 0.936509 0.626723
vt 0.937712 0.628296
vt 0.931233 0.629449
vt 0.929283 0.628105
vt 0.930756 0.627833
vt 0.934653 0.649310
vt 0.931523 0.647821
vt 0.931798 0.626509
vt 0.934175 0.629095
vt 0.933805 0.630061
vt 0.934250 0.627114
vt 0.934760 0.639378
vt 0.943441 0.656332
vt 0.953084 0.644986
vt 0.932894 0.625236
vt 0.935008 0.635784
vt 0.943161 0.652459
vt 0.929906 0.670319
vt 0.928986 0.656536
vt 0.932589 0.656013
vt 0.940065 0.656593
vt 0.953917 0.639611
vt 0.934857 0.656446
vt 0.936087 0.654665
vt 0.933733 0.652340
vt 0.929997 0.652904
vt 0.938365 0.653005
vt 0.946253 0.646205
vt 0.948624 0.639420
vt 0.943450 0.636759
vt 0.951767 0.663717
vt 0.951297 0.631777
vt 0.935954 0.651632
vt 0.941280 0.648581
vt 0.936142 0.631515
vt 0.935069 0.633520
vt 0.936505 0.634415
vt 0.930550 0.650442
vt 0.931070 0.630879
vt 0.956442 0.666532
vt 0.930830 0.638194
vt 0.929885 0.626471
vt 0.931863 0.642508
vt 0.929683 0.624787
vt 0.931275 0.624509
vt 0.926988 0.666930
vt 0.924939 0.619673
vt 0.926605 0.619599
vt 0.928099 0.621185
vt 0.927819 0.622929
vt 0.930588 0.623169
vt 0.936959 0.672738
vt 0.927849 0.625638
vt 0.925748 0.623811
vt 0.927729 0.624208
vt 0.928674 0.620406
vt 0.930040 0.620471
vt 0.930914 0.621715
vt 0.934409 0.624506
vt 0.932250 0.623072
vt 0.932534 0.624261
vt 0.926605 0.609730
vt 0.923824 0.621673
vt 0.925811 0.621736
vt 0.935563 0.623207
vt 0.941888 0.672459
vt 0.928514 0.619105
vt 0.929814 0.615286
vt 0.927408 0.613530
vt 0.928295 0.616418
vt 0.926120 0.614839
vt 0.928481 0.610939
vt 0.927965 0.618038
vt 0.926319 0.615971
vt 0.926199 0.667553
vt 0.925253 0.669893
vt 0.925669 0.670917
vt 0.925444 0.612371
vt 0.942593 0.670717
vt 0.945045 0.672517
vt 0.943781 0.670890
vt 0.947478 0.672538
vt 0.924906 0.618648
vt 0.924587 0.616507
vt 0.926677 0.619167
vt 0.925246 0.615972
vt 0.929591 0.610147
vt 0.960501 0.599611
vt 0.955725 0.599594
vt 0.956478 0.045412
vt 0.958322 0.043072
vt 0.959892 0.044529
vt 0.956965 0.040789
vt 0.960421 0.039128
vt 0.955594 0.043437
vt 0.962803 0.042198
vt 0.953536 0.043500
vt 0.954942 0.041841
vt 0.953449 0.040928
vt 0.955089 0.039375
vt 0.950850 0.040936
vt 0.970861 0.021659
vt 0.973341 0.022230
vt 0.969231 0.024578
vt 0.952737 0.038555
vt 0.950490 0.037686
vt 0.952432 0.036050
vt 0.950103 0.034316
vt 0.947409 0.037060
vt 0.974652 0.052145
vt 0.977310 0.052674
vt 0.976540 0.056931
vt 0.977028 0.015050
vt 0.977840 0.016109
vt 0.976062 0.015360
vt 0.966930 0.069580
vt 0.970864 0.068535
vt 0.970803 0.073204
vt 0.976521 0.024285
vt 0.981548 0.023745
vt 0.979872 0.027572
vt 0.966603 0.066912
vt 0.970496 0.065284
vt 0.936769 0.046313
vt 0.940365 0.043583
vt 0.940423 0.046054
vt 0.962901 0.070321
vt 0.964004 0.071370
vt 0.959693 0.076885
vt 0.965921 0.071619
vt 0.961529 0.069566
vt 0.958181 0.033319
vt 0.960971 0.032657
vt 0.960288 0.035325
vt 0.944817 0.029967
vt 0.942972 0.031185
vt 0.944218 0.026961
vt 0.962910 0.035339
vt 0.941745 0.028375
vt 0.942116 0.025637
vt 0.955027 0.035483
vt 0.957842 0.036892
vt 0.947255 0.023823
vt 0.946709 0.025997
vt 0.945695 0.024830
vt 0.952763 0.028764
vt 0.953256 0.032455
vt 0.950171 0.030757
vt 0.948144 0.021418
vt 0.951299 0.021267
vt 0.949764 0.023549
vt 0.958955 0.027812
vt 0.956668 0.029614
vt 0.957701 0.025705
vt 0.951257 0.025796
vt 0.954537 0.026124
vt 0.950276 0.027931
vt 0.955719 0.032689
vt 0.948768 0.025968
vt 0.948153 0.028232
vt 0.940038 0.027929
vt 0.978532 0.030151
vt 0.976730 0.027979
vt 0.967236 0.047041
vt 0.962973 0.046177
vt 0.967800 0.020539
vt 0.966029 0.018284
vt 0.968680 0.017261
vt 0.963131 0.057260
vt 0.963602 0.054399
vt 0.965344 0.056958
vt 0.960660 0.051319
vt 0.960208 0.054797
vt 0.957085 0.051294
vt 0.965303 0.059360
vt 0.963655 0.059798
vt 0.961715 0.053821
vt 0.957259 0.066357
vt 0.958547 0.068328
vt 0.956019 0.069914
vt 0.961206 0.059832
vt 0.957345 0.057186
vt 0.959821 0.063482
vt 0.957178 0.062221
vt 0.952754 0.069691
vt 0.953743 0.064611
vt 0.960764 0.065894
vt 0.978448 0.039605
vt 0.979586 0.032931
vt 0.981208 0.037048
vt 0.977734 0.033511
vt 0.975576 0.035899
vt 0.976493 0.041163
vt 0.975086 0.040025
vt 0.972057 0.036699
vt 0.970279 0.039435
vt 0.969013 0.037122
vt 0.973234 0.041152
vt 0.979323 0.052087
vt 0.978300 0.050689
vt 0.980309 0.051161
vt 0.978058 0.047579
vt 0.938135 0.024404
vt 0.968502 0.042139
vt 0.972265 0.046944
vt 0.970068 0.034930
vt 0.975137 0.041900
vt 0.975843 0.049379
vt 0.976675 0.044185
vt 0.975113 0.045508
vt 0.942027 0.023208
vt 0.943925 0.024027
vt 0.943212 0.021801
vt 0.945602 0.022330
vt 0.943231 0.020572
vt 0.945060 0.019812
vt 0.939099 0.028919
vt 0.953910 0.045351
vt 0.952769 0.046980
vt 0.951735 0.044470
vt 0.962441 0.052435
vt 0.960194 0.047960
vt 0.962063 0.050430
vt 0.958349 0.046583
vt 0.954343 0.049366
vt 0.955494 0.047706
vt 0.976550 0.031592
vt 0.981553 0.045975
vt 0.982934 0.049340
vt 0.981757 0.054466
vt 0.983853 0.050474
vt 0.982959 0.054615
vt 0.943495 0.036826
vt 0.945194 0.039694
vt 0.942086 0.039140
vt 0.954707 0.044608
vt 0.951074 0.049424
vt 0.953335 0.051446
vt 0.982564 0.045910
vt 0.950144 0.046082
vt 0.948765 0.043125
vt 0.947757 0.040803
vt 0.943497 0.042073
vt 0.940177 0.040926
vt 0.933755 0.047328
vt 0.932236 0.044018
vt 0.934707 0.043966
vt 0.946089 0.042301
vt 0.936034 0.033425
vt 0.937087 0.032518
vt 0.938520 0.033849
vt 0.935175 0.030397
vt 0.938653 0.031542
vt 0.940189 0.035849
vt 0.938211 0.038917
vt 0.939760 0.033181
vt 0.942446 0.034206
vt 0.973770 0.033367
vt 0.941345 0.033091
vt 0.942320 0.048946
vt 0.944529 0.051059
vt 0.940721 0.051808
vt 0.982761 0.037735
vt 0.982535 0.040063
vt 0.940252 0.032496
vt 0.932996 0.032947
vt 0.936683 0.035922
vt 0.932046 0.030272
vt 0.984676 0.048847
vt 0.984713 0.052262
vt 0.964168 0.049242
vt 0.983997 0.038346
vt 0.983604 0.046549
vt 0.985346 0.047235
vt 0.986180 0.049815
vt 0.982710 0.043750
vt 0.981411 0.042227
vt 0.942407 0.046947
vt 0.939795 0.048720
vt 0.937310 0.042189
vt 0.938299 0.048193
vt 0.944764 0.044227
vt 0.947007 0.031922
vt 0.975835 0.018400
vt 0.987087 0.023714
vt 0.987955 0.026579
vt 0.987094 0.026303
vt 0.979795 0.020032
vt 0.946251 0.028396
vt 0.952888 0.023503
vt 0.945830 0.026554
vt 0.948179 0.058017
vt 0.946512 0.057429
vt 0.947277 0.055395
vt 0.950892 0.056404
vt 0.952283 0.058472
vt 0.949171 0.059826
vt 0.946413 0.058966
vt 0.935202 0.038373
vt 0.934868 0.040941
vt 0.950737 0.053931
vt 0.927187 0.042334
vt 0.931836 0.037425
vt 0.954257 0.056049
vt 0.954604 0.060103
vt 0.952663 0.055305
vt 0.951668 0.062108
vt 0.949258 0.061967
vt 0.973405 0.015457
vt 0.948727 0.052036
vt 0.951370 0.052294
vt 0.953568 0.053798
vt 0.967575 0.014856
vt 0.972558 0.012315
vt 0.973725 0.029837
vt 0.948481 0.064461
vt 0.928585 0.036812
vt 0.924369 0.033109
vt 0.939545 0.051169
vt 0.937026 0.050366
vt 0.982620 0.016155
vt 0.985158 0.020372
vt 0.983460 0.021152
vt 0.936964 0.048663
vt 0.983297 0.025991
vt 0.938991 0.054912
vt 0.964321 0.021006
vt 0.966046 0.025057
vt 0.944678 0.042899
vt 0.964538 0.061022
vt 0.985309 0.025232
vt 0.961764 0.025757
vt 0.942391 0.064965
vt 0.941136 0.059257
vt 0.943566 0.065791
vt 0.962992 0.017956
vt 0.964341 0.018266
vt 0.986810 0.046042
vt 0.984915 0.043909
vt 0.986794 0.042649
vt 0.985438 0.040692
vt 0.983112 0.035058
vt 0.934466 0.051325
vt 0.936554 0.054504
vt 0.934180 0.055873
vt 0.985919 0.036871
vt 0.984790 0.033614
vt 0.949406 0.066761
vt 0.944584 0.065468
vt 0.944667 0.074450
vt 0.942477 0.068235
vt 0.943634 0.068139
vt 0.943765 0.059110
vt 0.943920 0.055239
vt 0.960818 0.019807
vt 0.938714 0.057734
vt 0.963753 0.014194
vt 0.946102 0.068884
vt 0.947060 0.018739
vt 0.946278 0.016849
vt 0.958253 0.022415
vt 0.960514 0.016128
vt 0.950604 0.072776
vt 0.957708 0.019332
vt 0.957855 0.017436
vt 0.945055 0.047184
vt 0.974907 0.013233
vt 0.937122 0.053688
vt 0.956649 0.014728
vt 0.946292 0.067417
vt 0.956034 0.020658
vt 0.954117 0.018126
vt 0.946322 0.052107
vt 0.953935 0.021176
vt 0.951579 0.014297
vt 0.949985 0.017955
vt 0.971200 0.032172
vt 0.972631 0.026112
vt 0.970669 0.029357
vt 0.946188 0.062285
vt 0.935274 0.048822
vt 0.940621 0.065021
vt 0.942442 0.065509
vt 0.941363 0.055249
vt 0.940047 0.064276
vt 0.948713 0.016068
vt 0.944498 0.068191
vt 0.967432 0.034091
vt 0.948580 0.067147
vt 0.968389 0.030779
vt 0.963739 0.030951
vt 0.967274 0.028514
vt 0.949510 0.069625
vt 0.960219 0.029978
vt 0.955780 0.023165
vt 0.978640 0.058194
vt 0.980184 0.055309
vt 0.986530 0.028146
vt 0.989195 0.032646
vt 0.985434 0.029612
vt 0.982850 0.028535
vt 0.986777 0.034062
vt 0.968628 0.055900
vt 0.966587 0.055118
vt 0.967421 0.054102
vt 0.962763 0.062853
vt 0.963914 0.065499
vt 0.967937 0.052394
vt 0.986141 0.053382
vt 0.985256 0.053422
vt 0.987350 0.034878
vt 0.981854 0.031806
vt 0.987318 0.038425
vt 0.968886 0.058912
vt 0.970886 0.057268
vt 0.972445 0.058502
vt 0.980227 0.065631
vt 0.982827 0.061084
vt 0.984272 0.060867
vt 0.989932 0.037635
vt 0.988750 0.041175
vt 0.972210 0.054829
vt 0.971099 0.050918
vt 0.967651 0.064262
vt 0.990646 0.042418
vt 0.989206 0.045133
vt 0.988193 0.047844
vt 0.989775 0.047403
vt 0.947503 0.045508
vt 0.948044 0.048245
vt 0.989103 0.050391
vt 0.964703 0.027628
vt 0.985302 0.057263
vt 0.987995 0.057230
vt 0.978746 0.043767
vt 0.974071 0.057305
vt 0.976952 0.013223
vt 0.988036 0.044562
vt 0.964804 0.052607
vt 0.966332 0.061733
vt 0.983674 0.058367
vt 0.984840 0.055648
vt 0.970210 0.062430
vt 0.979412 0.053781
vt 0.983587 0.056375
vt 0.957676 0.071648
vt 0.953032 0.079458
vt 0.980375 0.063010
vt 0.981204 0.060775
vt 0.983746 0.041685
vt 0.965160 0.054780
vt 0.976219 0.060258
vt 0.972955 0.060876
vt 0.976387 0.062207
vt 0.980870 0.058146
vt 0.978418 0.065063
vt 0.966257 0.059173
vt 0.940702 0.030676
vt 0.944772 0.033850
vt 0.965050 0.038100
vt 0.973220 0.063318
vt 0.973542 0.065838
vt 0.975091 0.064395
vt 0.936787 0.028322
vt 0.966738 0.053716
vt 0.977184 0.064039
vt 0.973950 0.069549
vt 0.974841 0.067229
vt 0.979071 0.068434
vt 0.779388 0.039131
vt 0.778849 0.034753
vt 0.782084 0.033736
vt 0.780015 0.042687
vt 0.778153 0.044365
vt 0.776922 0.046805
vt 0.778745 0.050171
vt 0.803559 0.038793
vt 0.806939 0.039781
vt 0.804196 0.042478
vt 0.741638 0.078349
vt 0.740142 0.080008
vt 0.740329 0.076127
vt 0.776193 0.036006
vt 0.777815 0.029348
vt 0.777189 0.033032
vt 0.776107 0.030595
vt 0.786611 0.045144
vt 0.784166 0.042683
vt 0.786187 0.042859
vt 0.767998 0.041035
vt 0.770078 0.043223
vt 0.767842 0.044352
vt 0.780327 0.045642
vt 0.781426 0.044117
vt 0.782759 0.045196
vt 0.779979 0.031321
vt 0.773080 0.026915
vt 0.777090 0.025852
vt 0.741539 0.068232
vt 0.741490 0.066947
vt 0.744726 0.066878
vt 0.781170 0.039819
vt 0.774437 0.049167
vt 0.776130 0.051624
vt 0.774527 0.052834
vt 0.783870 0.037585
vt 0.797334 0.041321
vt 0.796187 0.044020
vt 0.794775 0.041729
vt 0.774429 0.030098
vt 0.775676 0.032166
vt 0.781616 0.042132
vt 0.779317 0.053568
vt 0.777045 0.053856
vt 0.762340 0.056132
vt 0.759773 0.056104
vt 0.761459 0.051409
vt 0.797865 0.030630
vt 0.793212 0.031377
vt 0.795728 0.027410
vt 0.806971 0.054465
vt 0.805350 0.051610
vt 0.808904 0.050953
vt 0.738956 0.071800
vt 0.739403 0.069974
vt 0.742055 0.069827
vt 0.788792 0.034615
vt 0.786893 0.030808
vt 0.813443 0.052025
vt 0.809928 0.047337
vt 0.801543 0.032387
vt 0.803431 0.027857
vt 0.804030 0.031103
vt 0.816394 0.038343
vt 0.814630 0.041855
vt 0.812416 0.040681
vt 0.806644 0.033610
vt 0.810544 0.037641
vt 0.805083 0.036552
vt 0.801420 0.073634
vt 0.801676 0.076627
vt 0.797443 0.074599
vt 0.802857 0.049854
vt 0.802621 0.046954
vt 0.805440 0.049280
vt 0.739091 0.082313
vt 0.735163 0.081777
vt 0.737860 0.079743
vt 0.808665 0.053919
vt 0.808456 0.056754
vt 0.800181 0.055123
vt 0.801084 0.059010
vt 0.798328 0.055663
vt 0.758922 0.044559
vt 0.760291 0.041420
vt 0.762802 0.044302
vt 0.738000 0.074493
vt 0.742880 0.073453
vt 0.743642 0.076466
vt 0.739332 0.066090
vt 0.741254 0.065689
vt 0.806633 0.046953
vt 0.741458 0.072215
vt 0.767551 0.038371
vt 0.765505 0.039784
vt 0.748234 0.056405
vt 0.745503 0.056297
vt 0.748704 0.052982
vt 0.800049 0.043425
vt 0.786827 0.052943
vt 0.789918 0.053425
vt 0.788320 0.055578
vt 0.743671 0.064705
vt 0.800229 0.039791
vt 0.735792 0.071907
vt 0.732560 0.071421
vt 0.735522 0.077060
vt 0.771023 0.062103
vt 0.769573 0.060589
vt 0.771996 0.058330
vt 0.748242 0.069495
vt 0.751799 0.066331
vt 0.751089 0.069831
vt 0.757987 0.072616
vt 0.756533 0.075429
vt 0.753140 0.073646
vt 0.805112 0.058327
vt 0.803360 0.054705
vt 0.738908 0.068394
vt 0.743892 0.070874
vt 0.745173 0.059519
vt 0.741453 0.059918
vt 0.737613 0.070890
vt 0.792141 0.055679
vt 0.793950 0.059225
vt 0.790596 0.058422
vt 0.798357 0.076443
vt 0.800545 0.079124
vt 0.748361 0.066471
vt 0.792328 0.073075
vt 0.789638 0.071778
vt 0.789074 0.070129
vt 0.789432 0.076566
vt 0.786467 0.074860
vt 0.789140 0.073580
vt 0.749693 0.078358
vt 0.746377 0.081300
vt 0.746299 0.077672
vt 0.743376 0.080310
vt 0.771125 0.046749
vt 0.792567 0.075362
vt 0.790941 0.073448
vt 0.784648 0.048402
vt 0.781928 0.049128
vt 0.786896 0.040600
vt 0.797527 0.062849
vt 0.794731 0.065264
vt 0.793503 0.062418
vt 0.782963 0.040358
vt 0.797014 0.058908
vt 0.795215 0.055679
vt 0.800699 0.051359
vt 0.797361 0.052711
vt 0.797298 0.049789
vt 0.750464 0.064258
vt 0.747661 0.064101
vt 0.750677 0.062367
vt 0.756548 0.069716
vt 0.749054 0.073737
vt 0.803316 0.051966
vt 0.752890 0.059946
vt 0.748310 0.060805
vt 0.753273 0.055076
vt 0.798897 0.047744
vt 0.754935 0.078483
vt 0.745641 0.072842
vt 0.790597 0.075122
vt 0.796043 0.037766
vt 0.768047 0.058674
vt 0.769615 0.055364
vt 0.772093 0.054144
vt 0.794823 0.072927
vt 0.792666 0.072378
vt 0.768888 0.052349
vt 0.790204 0.055574
vt 0.774926 0.079317
vt 0.769431 0.079462
vt 0.770330 0.076178
vt 0.810585 0.053994
vt 0.811639 0.057373
vt 0.789984 0.070110
vt 0.787900 0.058758
vt 0.790406 0.061897
vt 0.785000 0.061283
vt 0.758035 0.066149
vt 0.759524 0.068742
vt 0.773783 0.076195
vt 0.745932 0.068621
vt 0.743921 0.068913
vt 0.765750 0.042867
vt 0.777339 0.078231
vt 0.775790 0.076593
vt 0.779643 0.079771
vt 0.754315 0.068097
vt 0.778574 0.076633
vt 0.786970 0.070138
vt 0.786241 0.067883
vt 0.811095 0.035261
vt 0.756425 0.058832
vt 0.756065 0.063803
vt 0.753168 0.062433
vt 0.776328 0.073549
vt 0.764465 0.047539
vt 0.762292 0.047496
vt 0.801141 0.062484
vt 0.805270 0.062050
vt 0.741995 0.062493
vt 0.793009 0.052093
vt 0.781453 0.077792
vt 0.741005 0.064692
vt 0.795081 0.075309
vt 0.794347 0.076027
vt 0.763865 0.040416
vt 0.761275 0.037047
vt 0.774926 0.055741
vt 0.762553 0.074458
vt 0.761675 0.077991
vt 0.758918 0.077097
vt 0.754703 0.049712
vt 0.757830 0.054030
vt 0.797673 0.077615
vt 0.800410 0.080312
vt 0.749276 0.044187
vt 0.755770 0.045884
vt 0.779471 0.074389
vt 0.781609 0.075991
vt 0.794706 0.047264
vt 0.794770 0.050054
vt 0.791919 0.048564
vt 0.783981 0.076269
vt 0.783640 0.078882
vt 0.755761 0.041993
vt 0.778425 0.073043
vt 0.778272 0.071764
vt 0.759297 0.047704
vt 0.763801 0.072248
vt 0.761591 0.071002
vt 0.764117 0.068933
vt 0.800011 0.082232
vt 0.798796 0.079880
vt 0.800898 0.081695
vt 0.736990 0.065018
vt 0.730985 0.062492
vt 0.736546 0.059372
vt 0.808820 0.059055
vt 0.786642 0.071559
vt 0.731811 0.066710
vt 0.755678 0.078955
vt 0.756753 0.077265
vt 0.758308 0.079367
vt 0.759465 0.079896
vt 0.781109 0.052647
vt 0.780898 0.055423
vt 0.774209 0.060588
vt 0.754092 0.079472
vt 0.793799 0.068600
vt 0.766071 0.070266
vt 0.761443 0.080746
vt 0.760247 0.073674
vt 0.748293 0.083814
vt 0.765768 0.054631
vt 0.736419 0.070132
vt 0.796181 0.077317
vt 0.742160 0.046948
vt 0.742471 0.054762
vt 0.731468 0.050807
vt 0.764086 0.059676
vt 0.760212 0.060989
vt 0.766855 0.077762
vt 0.771710 0.071770
vt 0.756007 0.081365
vt 0.776426 0.069517
vt 0.777847 0.065725
vt 0.773543 0.067448
vt 0.775370 0.045046
vt 0.773302 0.044603
vt 0.761950 0.064921
vt 0.764287 0.066435
vt 0.761715 0.067588
vt 0.755177 0.080569
vt 0.752129 0.083094
vt 0.751779 0.035114
vt 0.775962 0.058395
vt 0.776208 0.061425
vt 0.778774 0.059967
vt 0.778432 0.062763
vt 0.780441 0.065769
vt 0.782554 0.066972
vt 0.780053 0.067568
vt 0.789252 0.064336
vt 0.790928 0.066584
vt 0.788348 0.065963
vt 0.784183 0.068672
vt 0.811639 0.064291
vt 0.810416 0.068430
vt 0.808405 0.065366
vt 0.781055 0.061591
vt 0.783734 0.072083
vt 0.784108 0.070049
vt 0.757948 0.037488
vt 0.784032 0.064551
vt 0.781212 0.063761
vt 0.781981 0.068299
vt 0.781263 0.058733
vt 0.781967 0.065310
vt 0.767264 0.066527
vt 0.767835 0.063482
vt 0.782680 0.062688
vt 0.737599 0.066918
vt 0.796698 0.025419
vt 0.799690 0.028448
vt 0.771559 0.050911
vt 0.761663 0.068920
vt 0.769073 0.064346
vt 0.793472 0.081717
vt 0.790438 0.079032
vt 0.788267 0.049889
vt 0.768459 0.074932
vt 0.764869 0.074911
vt 0.763772 0.078198
vt 0.769704 0.068456
vt 0.767419 0.071606
vt 0.764748 0.072617
vt 0.797500 0.070587
vt 0.765665 0.062456
vt 0.757599 0.051444
vt 0.767658 0.061336
vt 0.802917 0.071461
vt 0.802609 0.069797
vt 0.804979 0.071865
vt 0.773650 0.038320
vt 0.773789 0.032660
vt 0.774345 0.032753
vt 0.791685 0.041114
vt 0.790347 0.037865
vt 0.777143 0.056219
vt 0.792705 0.044445
vt 0.804018 0.076301
vt 0.791776 0.064827
vt 0.772600 0.065790
vt 0.770471 0.065132
vt 0.775338 0.064213
vt 0.773270 0.063268
vt 0.772274 0.041872
vt 0.780859 0.070057
vt 0.780199 0.072239
vt 0.771832 0.036470
vt 0.770578 0.040414
vt 0.770111 0.037375
vt 0.778864 0.057319
vt 0.788876 0.043278
vt 0.778600 0.055139
vt 0.796112 0.075297
vt 0.813137 0.046913
vt 0.782730 0.074062
vt 0.791214 0.068335
vt 0.811978 0.060768
vt 0.809353 0.062191
vt 0.786301 0.080198
vt 0.787059 0.077554
vt 0.766132 0.050459
vt 0.767983 0.047941
vt 0.808852 0.043341
vt 0.783195 0.030169
vt 0.784819 0.026962
vt 0.812322 0.043140
vt 0.815016 0.044190
vt 0.801157 0.065606
vt 0.797808 0.079837
vt 0.783822 0.052353
vt 0.780876 0.027512
vt 0.796522 0.034238
vt 0.782653 0.025301
vt 0.809011 0.072047
vt 0.806747 0.057313
vt 0.797850 0.065704
vt 0.798588 0.069325
vt 0.795252 0.067825
vt 0.782993 0.057078
vt 0.780670 0.023266
vt 0.787887 0.026357
vt 0.791225 0.026844
vt 0.805182 0.065442
vt 0.793321 0.066406
vt 0.785468 0.056057
vt 0.795314 0.078430
vt 0.806439 0.068489
vt 0.792336 0.066734
vt 0.789823 0.045970
vt 0.792036 0.060460
vt 0.807437 0.076436
vt 0.803974 0.080292
vt 0.782786 0.054493
vt 0.785806 0.051152
vt 0.732674 0.068077
vt 0.734189 0.068169
vt 0.736042 0.067513
vt 0.739264 0.064687
vt 0.737960 0.065490
vt 0.740945 0.081842
vt 0.739741 0.082051
vt 0.810243 0.040466
vt 0.793277 0.035446
vt 0.765835 0.045398
vt 0.776254 0.041741
vt 0.800600 0.036311
vt 0.791375 0.023164
vt 0.760905 0.306438
vt 0.760200 0.302916
vt 0.762399 0.304538
vt 0.093236 0.118570
vt 0.095028 0.117634
vt 0.097185 0.117317
vt 0.092961 0.117391
vt 0.089084 0.119082
vt 0.074571 0.101749
vt 0.076609 0.102806
vt 0.075208 0.104655
vt 0.077192 0.105078
vt 0.076003 0.105889
vt 0.075353 0.097377
vt 0.078585 0.097649
vt 0.079825 0.104604
vt 0.080110 0.102754
vt 0.071720 0.103943
vt 0.089145 0.117350
vt 0.091564 0.115848
vt 0.089070 0.113799
vt 0.086518 0.115654
vt 0.091139 0.111623
vt 0.089750 0.107577
vt 0.092386 0.108891
vt 0.093620 0.111427
vt 0.093128 0.113804
vt 0.094123 0.116468
vt 0.095140 0.117211
vt 0.097638 0.116620
vt 0.095577 0.111000
vt 0.094226 0.109285
vt 0.096102 0.116104
vt 0.095681 0.108793
vt 0.100398 0.116372
vt 0.099043 0.107117
vt 0.099446 0.110520
vt 0.097722 0.109924
vt 0.095429 0.114567
vt 0.097392 0.112646
vt 0.098026 0.114921
vt 0.100682 0.114399
vt 0.099073 0.112209
vt 0.103914 0.115469
vt 0.102618 0.115787
vt 0.102960 0.114401
vt 0.097707 0.105680
vt 0.095798 0.106473
vt 0.104056 0.116795
vt 0.105589 0.115324
vt 0.104685 0.113913
vt 0.102359 0.116353
vt 0.101475 0.110979
vt 0.102286 0.113725
vt 0.076955 0.090824
vt 0.073157 0.094079
vt 0.070970 0.092869
vt 0.075067 0.094325
vt 0.077809 0.093554
vt 0.078741 0.091849
vt 0.080121 0.090986
vt 0.080112 0.092276
vt 0.078220 0.088174
vt 0.071100 0.096237
vt 0.072158 0.088610
vt 0.074843 0.087915
vt 0.071609 0.090916
vt 0.068410 0.098062
vt 0.072912 0.096849
vt 0.072647 0.100120
vt 0.071042 0.099585
vt 0.070865 0.101020
vt 0.068780 0.101086
vt 0.067148 0.100771
vt 0.080656 0.094315
vt 0.082508 0.092987
vt 0.083435 0.094241
vt 0.077990 0.095303
vt 0.085640 0.095937
vt 0.083082 0.095967
vt 0.083900 0.100584
vt 0.082180 0.101539
vt 0.082338 0.098951
vt 0.084304 0.098477
vt 0.080490 0.099740
vt 0.081386 0.096495
vt 0.083355 0.102625
vt 0.094116 0.105210
vt 0.094779 0.103436
vt 0.095983 0.104949
vt 0.086296 0.104300
vt 0.083432 0.104360
vt 0.084942 0.103294
vt 0.086650 0.098914
vt 0.085750 0.101030
vt 0.089680 0.102934
vt 0.087470 0.102449
vt 0.088029 0.101639
vt 0.084475 0.102166
vt 0.091844 0.102676
vt 0.090509 0.101888
vt 0.093528 0.107101
vt 0.093342 0.103567
vt 0.091527 0.105239
vt 0.088443 0.105591
vt 0.085243 0.107234
vt 0.079155 0.105787
vt 0.093511 0.101826
vt 0.083792 0.111185
vt 0.080421 0.111415
vt 0.081656 0.107785
vt 0.088951 0.099365
vt 0.087817 0.103558
vt 0.082088 0.091977
vt 0.083933 0.093034
vt 0.084380 0.105017
vt 0.081606 0.103988
vt 0.087821 0.097551
vt 0.082504 0.105391
vt 0.085210 0.094239
vt 0.078395 0.108097
vt 0.086584 0.111295
vt 0.084612 0.112588
vt 0.085581 0.113183
s 1
usemtl Material.001
f 18/1/1 19/2/1 20/3/1
f 21/4/2 22/5/2 23/6/2
f 92/7/3 93/8/4 94/9/5
f 93/8/4 95/10/6 94/9/5
f 96/11/7 94/9/5 95/10/6
f 97/12/8 96/11/7 95/10/6
f 262/13/9 263/14/10 264/15/11
f 264/15/11 265/16/12 266/17/13
f 262/13/9 264/15/11 266/17/13
f 267/18/14 268/19/15 269/20/16
f 270/21/17 271/22/18 272/23/19
f 273/24/20 268/19/15 272/23/19
f 273/24/20 272/23/19 274/25/21
f 275/26/22 265/16/12 264/15/11
f 276/27/23 266/17/13 277/28/24
f 262/13/9 266/17/13 276/27/23
f 273/24/20 269/20/16 268/19/15
f 274/25/21 272/23/19 271/22/18
f 262/13/9 276/27/23 263/14/10
f 276/27/23 277/28/24 278/29/25
f 263/14/10 269/20/16 264/15/11
f 268/19/15 270/21/17 272/23/19
f 266/17/13 265/16/12 277/28/24
f 269/20/16 273/24/20 264/15/11
f 270/21/17 268/19/15 267/18/14
f 302/30/26 303/31/27 304/32/28
f 303/31/27 305/33/29 304/32/28
f 305/33/29 306/34/30 307/35/31
f 308/36/32 309/37/33 310/38/34
f 307/35/31 311/39/35 312/40/36
f 307/35/31 312/40/36 305/33/29
f 307/35/31 313/41/37 314/42/38
f 306/34/30 315/43/39 316/44/40
f 307/35/31 314/42/38 311/39/35
f 317/45/41 318/46/42 319/47/43
f 319/47/43 310/38/34 302/30/26
f 307/35/31 306/34/30 316/44/40
f 306/34/30 303/31/27 315/43/39
f 310/38/34 303/31/27 302/30/26
f 315/43/39 303/31/27 320/48/44
f 320/48/44 303/31/27 310/38/34
f 310/38/34 309/37/33 320/48/44
f 310/38/34 319/47/43 308/36/32
f 305/33/29 303/31/27 306/34/30
f 316/44/40 313/41/37 307/35/31
f 308/36/32 319/47/43 318/46/42
f 358/49/45 359/50/46 360/51/47
f 361/52/48 362/53/49 363/54/50
f 364/55/51 365/56/52 361/52/48
f 365/56/52 366/57/53 361/52/48
f 367/58/54 363/54/50 362/53/49
f 368/59/55 369/60/56 370/61/57
f 365/56/52 360/51/47 366/57/53
f 364/55/51 358/49/45 365/56/52
f 366/57/53 360/51/47 368/59/55
f 359/50/46 368/59/55 360/51/47
f 370/61/57 366/57/53 368/59/55
f 360/51/47 365/56/52 358/49/45
f 361/52/48 370/61/57 362/53/49
f 364/55/51 371/62/58 372/63/59
f 361/52/48 366/57/53 370/61/57
f 373/64/60 363/54/50 367/58/54
f 373/64/60 374/65/61 375/66/62
f 373/64/60 375/66/62 376/67/63
f 363/54/50 373/64/60 371/62/58
f 361/52/48 363/54/50 364/55/51
f 364/55/51 363/54/50 371/62/58
f 371/62/58 373/64/60 376/67/63
f 376/67/63 372/63/59 371/62/58
f 685/68/64 686/69/65 687/70/66
f 688/71/67 689/72/68 690/73/69
f 691/74/70 690/73/69 689/72/68
f 692/75/71 693/76/72 694/77/73
f 689/72/68 688/71/67 695/78/74
f 691/74/70 696/79/75 690/73/69
f 689/72/68 697/80/76 686/69/65
f 696/79/75 691/74/70 698/81/77
f 699/82/78 694/77/73 700/83/79
f 701/84/80 702/85/81 703/86/82
f 692/75/71 694/77/73 699/82/78
f 686/69/65 685/68/64 698/81/77
f 694/77/73 704/87/83 697/80/76
f 697/80/76 689/72/68 695/78/74
f 697/80/76 705/88/84 686/69/65
f 706/89/85 696/79/75 698/81/77
f 694/77/73 693/76/72 704/87/83
f 701/84/80 703/86/82 707/90/86
f 697/80/76 704/87/83 705/88/84
f 686/69/65 698/81/77 691/74/70
f 708/91/87 685/68/64 709/92/88
f 710/93/89 711/94/90 703/86/82
f 697/80/76 695/78/74 700/83/79
f 712/95/91 711/94/90 713/96/92
f 711/94/90 710/93/89 714/97/93
f 687/70/66 686/69/65 715/98/94
f 711/94/90 714/97/93 713/96/92
f 707/90/86 703/86/82 711/94/90
f 710/93/89 715/98/94 716/99/95
f 704/87/83 714/97/93 716/99/95
f 716/99/95 714/97/93 710/93/89
f 715/98/94 686/69/65 716/99/95
f 711/94/90 712/95/91 707/90/86
f 706/89/85 717/100/96 718/101/97
f 703/86/82 702/85/81 710/93/89
f 704/87/83 716/99/95 705/88/84
f 693/76/72 714/97/93 704/87/83
f 710/93/89 719/102/98 687/70/66
f 709/92/88 687/70/66 719/102/98
f 708/91/87 706/89/85 685/68/64
f 687/70/66 715/98/94 710/93/89
f 685/68/64 687/70/66 709/92/88
f 685/68/64 706/89/85 698/81/77
f 708/91/87 717/100/96 706/89/85
f 705/88/84 716/99/95 686/69/65
f 691/74/70 689/72/68 686/69/65
f 697/80/76 700/83/79 694/77/73
f 719/102/98 710/93/89 702/85/81
f 713/96/92 714/97/93 693/76/72
f 709/92/88 717/100/96 708/91/87
f 888/103/99 889/104/100 890/105/101
f 891/106/102 892/107/103 893/108/104
f 894/109/105 895/110/106 893/108/104
f 895/110/106 896/111/107 897/112/108
f 898/113/109 899/114/110 900/115/111
f 897/112/108 891/106/102 895/110/106
f 901/116/112 888/103/99 890/105/101
f 902/117/113 903/118/114 904/119/115
f 904/119/115 905/120/116 906/121/117
f 907/122/118 908/123/119 909/124/120
f 900/115/111 910/125/121 911/126/122
f 912/127/123 913/128/124 907/122/118
f 891/106/102 893/108/104 895/110/106
f 899/114/110 914/129/125 910/125/121
f 914/129/125 915/130/126 916/131/127
f 916/131/127 910/125/121 914/129/125
f 909/124/120 908/123/119 917/132/128
f 918/133/129 891/106/102 897/112/108
f 913/128/124 917/132/128 908/123/119
f 893/108/104 892/107/103 919/134/130
f 910/125/121 916/131/127 920/135/131
f 917/132/128 905/120/116 909/124/120
f 906/121/117 902/117/113 904/119/115
f 921/136/132 922/137/133 923/138/134
f 924/139/135 925/140/136 917/132/128
f 901/116/112 926/141/137 927/142/138
f 918/133/129 928/143/139 891/106/102
f 929/144/140 930/145/141 923/138/134
f 898/113/109 900/115/111 912/127/123
f 929/144/140 931/146/142 930/145/141
f 931/146/142 927/142/138 930/145/141
f 932/147/143 933/148/144 934/149/145
f 931/146/142 929/144/140 935/150/146
f 922/137/133 929/144/140 923/138/134
f 934/149/145 933/148/144 935/150/146
f 903/118/114 909/124/120 905/120/116
f 901/116/112 927/142/138 931/146/142
f 902/117/113 907/122/118 903/118/114
f 931/146/142 933/148/144 901/116/112
f 936/151/147 911/126/122 920/135/131
f 903/118/114 905/120/116 904/119/115
f 933/148/144 931/146/142 935/150/146
f 933/148/144 888/103/99 901/116/112
f 907/122/118 902/117/113 912/127/123
f 932/147/143 888/103/99 933/148/144
f 888/103/99 937/152/148 889/104/100
f 903/118/114 907/122/118 909/124/120
f 901/116/112 890/105/101 926/141/137
f 913/128/124 936/151/147 924/139/135
f 926/141/137 890/105/101 938/153/149
f 913/128/124 912/127/123 911/126/122
f 898/113/109 902/117/113 894/109/105
f 892/107/103 928/143/139 890/105/101
f 932/147/143 937/152/148 888/103/99
f 900/115/111 911/126/122 912/127/123
f 913/128/124 908/123/119 907/122/118
f 928/143/139 918/133/129 938/153/149
f 890/105/101 889/104/100 892/107/103
f 890/105/101 928/143/139 938/153/149
f 900/115/111 899/114/110 910/125/121
f 902/117/113 898/113/109 912/127/123
f 895/110/106 939/154/150 896/111/107
f 939/154/150 906/121/117 905/120/116
f 892/107/103 891/106/102 928/143/139
f 936/151/147 913/128/124 911/126/122
f 920/135/131 911/126/122 910/125/121
f 924/139/135 917/132/128 913/128/124
f 895/110/106 906/121/117 939/154/150
f 906/121/117 895/110/106 902/117/113
f 902/117/113 895/110/106 894/109/105
f 940/155/151 941/156/152 942/157/153
f 943/158/154 940/155/151 944/159/155
f 945/160/156 946/161/157 947/162/158
f 948/163/159 942/157/153 949/164/160
f 942/157/153 948/163/159 950/165/161
f 944/159/155 950/165/161 947/162/158
f 942/157/153 950/165/161 940/155/151
f 947/162/158 946/161/157 943/158/154
f 944/159/155 947/162/158 943/158/154
f 952/166/162 953/167/163 954/168/164
f 955/169/165 945/160/156 947/162/158
f 956/170/166 953/167/163 951/171/167
f 957/172/168 947/162/158 948/163/159
f 956/170/166 958/173/169 953/167/163
f 947/162/158 957/172/168 959/174/170
f 952/166/162 951/171/167 953/167/163
f 948/163/159 949/164/160 957/172/168
f 958/173/169 960/175/171 953/167/163
f 942/157/153 961/176/172 949/164/160
f 965/177/173 966/178/174 957/172/168
f 961/176/172 967/179/175 949/164/160
f 966/178/174 959/174/170 957/172/168
f 949/164/160 968/180/176 969/181/177
f 963/182/178 970/183/179 964/184/180
f 962/185/181 960/175/171 963/182/178
f 967/179/175 968/180/176 949/164/160
f 940/155/151 950/165/161 944/159/155
f 953/167/163 960/175/171 954/168/164
f 959/174/170 955/169/165 947/162/158
f 971/186/182 966/178/174 965/177/173
f 972/187/183 970/183/179 969/181/177
f 948/163/159 947/162/158 950/165/161
f 955/169/165 966/178/174 971/186/182
f 969/181/177 968/180/176 973/188/184
f 959/174/170 966/178/174 955/169/165
f 975/189/185 963/182/178 976/190/186
f 960/175/171 958/173/169 976/190/186
f 977/191/187 978/192/188 975/189/185
f 977/191/187 975/189/185 976/190/186
f 975/189/185 979/193/189 963/182/178
f 970/183/179 980/194/190 969/181/177
f 979/193/189 980/194/190 970/183/179
f 969/181/177 980/194/190 949/164/160
f 963/182/178 960/175/171 976/190/186
f 980/194/190 979/193/189 978/192/188
f 979/193/189 970/183/179 963/182/178
f 949/164/160 980/194/190 957/172/168
f 978/192/188 957/172/168 980/194/190
f 975/189/185 978/192/188 979/193/189
f 965/177/173 957/172/168 978/192/188
f 981/195/191 965/177/173 977/191/187
f 977/191/187 965/177/173 978/192/188
f 973/188/184 972/187/183 969/181/177
f 971/186/182 965/177/173 981/195/191
f 1010/196/192 1011/197/193 1012/198/194
f 1013/199/195 1014/200/196 1015/201/197
f 1016/202/198 1017/203/199 1018/204/200
f 1019/205/201 1016/202/198 1018/204/200
f 1020/206/202 1021/207/203 1010/196/192
f 1022/208/204 1012/198/194 1011/197/193
f 1023/209/205 1024/210/206 1025/211/207
f 1026/212/208 1027/213/209 1028/214/210
f 1029/215/211 1030/216/212 1031/217/213
f 1032/218/214 1033/219/215 1034/220/216
f 1031/217/213 1019/205/201 1018/204/200
f 1035/221/217 1036/222/218 1037/223/219
f 1038/224/220 1039/225/221 1019/205/201
f 1040/226/222 1025/211/207 1041/227/223
f 1037/223/219 1036/222/218 1042/228/224
f 1043/229/225 1034/220/216 1033/219/215
f 1044/230/226 1029/215/211 1045/231/227
f 1032/218/214 1023/209/205 1040/226/222
f 1037/223/219 1046/232/228 1035/221/217
f 1012/198/194 1047/233/229 1048/234/230
f 1022/208/204 1049/235/231 1039/225/221
f 1050/236/232 1037/223/219 1042/228/224
f 1036/222/218 1035/221/217 1051/237/233
f 1019/205/201 1039/225/221 1049/235/231
f 1015/201/197 1052/238/234 1046/232/228
f 1014/200/196 1013/199/195 1053/239/235
f 1022/208/204 1026/212/208 1012/198/194
f 1022/208/204 1038/224/220 1030/216/212
f 1022/208/204 1030/216/212 1026/212/208
f 1026/212/208 1030/216/212 1027/213/209
f 1042/228/224 1054/240/236 1050/236/232
f 1031/217/213 1030/216/212 1038/224/220
f 1030/216/212 1029/215/211 1027/213/209
f 1018/204/200 1055/241/237 1031/217/213
f 1053/239/235 1013/199/195 1029/215/211
f 1047/233/229 1012/198/194 1056/242/238
f 1028/214/210 1057/243/239 1058/244/240
f 1029/215/211 1013/199/195 1045/231/227
f 1012/198/194 1048/234/230 1010/196/192
f 1055/241/237 1014/200/196 1053/239/235
f 1040/226/222 1059/245/241 1033/219/215
f 1047/233/229 1056/242/238 1060/246/242
f 1013/199/195 1015/201/197 1045/231/227
f 1033/219/215 1032/218/214 1040/226/222
f 1012/198/194 1026/212/208 1056/242/238
f 1025/211/207 1040/226/222 1023/209/205
f 1046/232/228 1045/231/227 1015/201/197
f 1058/244/240 1056/242/238 1028/214/210
f 1050/236/232 1044/230/226 1045/231/227
f 1043/229/225 1042/228/224 1061/247/243
f 1045/231/227 1046/232/228 1050/236/232
f 1049/235/231 1022/208/204 1011/197/193
f 1048/234/230 1020/206/202 1010/196/192
f 1052/238/234 1035/221/217 1046/232/228
f 1031/217/213 1053/239/235 1029/215/211
f 1028/214/210 1056/242/238 1026/212/208
f 1043/229/225 1061/247/243 1034/220/216
f 1059/245/241 1040/226/222 1041/227/223
f 1038/224/220 1022/208/204 1039/225/221
f 1046/232/228 1037/223/219 1050/236/232
f 1062/248/244 1063/249/245 1064/250/246
f 1044/230/226 1057/243/239 1027/213/209
f 1056/242/238 1058/244/240 1060/246/242
f 1063/249/245 1044/230/226 1054/240/236
f 1057/243/239 1062/248/244 1058/244/240
f 1033/219/215 1059/245/241 1043/229/225
f 1054/240/236 1044/230/226 1050/236/232
f 1053/239/235 1031/217/213 1055/241/237
f 1057/243/239 1044/230/226 1063/249/245
f 1057/243/239 1028/214/210 1027/213/209
f 1062/248/244 1057/243/239 1063/249/245
f 1025/211/207 1024/210/206 1065/251/247
f 1043/229/225 1054/240/236 1042/228/224
f 1044/230/226 1027/213/209 1029/215/211
f 1019/205/201 1031/217/213 1038/224/220
f 1564/252/248 1565/253/249 1566/254/250
f 1567/255/251 1568/256/252 1569/257/253
f 1568/256/252 1570/258/254 1571/259/255
f 1572/260/256 1573/261/257 1574/262/258
f 1575/263/259 1576/264/260 1577/265/261
f 1578/266/262 1579/267/263 1580/268/264
f 1567/255/251 1581/269/265 1568/256/252
f 1582/270/266 1583/271/267 1584/272/268
f 1585/273/269 1586/274/270 1587/275/271
f 1588/276/272 1589/277/273 1590/278/274
f 1591/279/275 1592/280/276 1573/261/257
f 1593/281/277 1591/279/275 1594/282/278
f 1595/283/279 1596/284/280 1597/285/281
f 1586/274/270 1598/286/282 1599/287/283
f 1600/288/284 1585/273/269 1601/289/285
f 1602/290/286 1603/291/287 1601/289/285
f 1604/292/288 1583/271/267 1605/293/289
f 1606/294/290 1607/295/291 1608/296/292
f 1586/274/270 1609/297/293 1588/276/272
f 1602/290/286 1567/255/251 1569/257/253
f 1597/285/281 1610/298/294 1611/299/295
f 1587/275/271 1599/287/283 1612/300/296
f 1610/298/294 1568/256/252 1613/301/297
f 1569/257/253 1568/256/252 1610/298/294
f 1614/302/298 1603/291/287 1610/298/294
f 1615/303/299 1609/297/293 1616/304/300
f 1614/302/298 1617/305/301 1603/291/287
f 1607/295/291 1617/305/301 1614/302/298
f 1618/306/302 1617/305/301 1607/295/291
f 1578/266/262 1619/307/303 1579/267/263
f 1579/267/263 1619/307/303 1620/308/304
f 1588/276/272 1609/297/293 1621/309/305
f 1599/287/283 1587/275/271 1586/274/270
f 1604/292/288 1596/284/280 1595/283/279
f 1600/288/284 1617/305/301 1622/310/306
f 1623/311/307 1598/286/282 1590/278/274
f 1624/312/308 1600/288/284 1622/310/306
f 1625/313/309 1619/307/303 1626/314/310
f 1622/310/306 1617/305/301 1618/306/302
f 1603/291/287 1617/305/301 1600/288/284
f 1587/275/271 1612/300/296 1627/315/311
f 1600/288/284 1601/289/285 1603/291/287
f 1598/286/282 1586/274/270 1588/276/272
f 1628/316/312 1579/267/263 1620/308/304
f 1566/254/250 1604/292/288 1595/283/279
f 1607/295/291 1606/294/290 1629/317/313
f 1574/262/258 1630/318/314 1612/300/296
f 1589/277/273 1588/276/272 1631/319/315
f 1588/276/272 1590/278/274 1598/286/282
f 1610/298/294 1597/285/281 1596/284/280
f 1632/320/316 1611/299/295 1613/301/297
f 1586/274/270 1616/304/300 1609/297/293
f 1627/315/311 1601/289/285 1587/275/271
f 1599/287/283 1598/286/282 1612/300/296
f 1616/304/300 1586/274/270 1624/312/308
f 1585/273/269 1587/275/271 1601/289/285
f 1621/309/305 1631/319/315 1588/276/272
f 1633/321/317 1632/320/316 1626/314/310
f 1612/300/296 1598/286/282 1623/311/307
f 1568/256/252 1571/259/255 1632/320/316
f 1634/322/318 1582/270/266 1584/272/268
f 1570/258/254 1568/256/252 1593/281/277
f 1605/293/289 1606/294/290 1608/296/292
f 1626/314/310 1619/307/303 1578/266/262
f 1571/259/255 1594/282/278 1577/265/261
f 1597/285/281 1633/321/317 1595/283/279
f 1608/296/292 1614/302/298 1596/284/280
f 1596/284/280 1604/292/288 1608/296/292
f 1602/290/286 1635/323/319 1581/269/265
f 1611/299/295 1632/320/316 1633/321/317
f 1581/269/265 1635/323/319 1636/324/320
f 1608/296/292 1604/292/288 1605/293/289
f 1632/320/316 1613/301/297 1568/256/252
f 1637/325/321 1566/254/250 1638/326/322
f 1601/289/285 1627/315/311 1602/290/286
f 1566/254/250 1565/253/249 1583/271/267
f 1607/295/291 1614/302/298 1608/296/292
f 1639/327/323 1640/328/324 1625/313/309
f 1603/291/287 1602/290/286 1569/257/253
f 1632/320/316 1639/327/323 1626/314/310
f 1566/254/250 1583/271/267 1604/292/288
f 1628/316/312 1580/268/264 1579/267/263
f 1602/290/286 1581/269/265 1567/255/251
f 1564/252/248 1566/254/250 1637/325/321
f 1571/259/255 1640/328/324 1639/327/323
f 1635/323/319 1602/290/286 1627/315/311
f 1630/318/314 1635/323/319 1627/315/311
f 1583/271/267 1582/270/266 1605/293/289
f 1592/280/276 1593/281/277 1636/324/320
f 1595/283/279 1633/321/317 1578/266/262
f 1610/298/294 1596/284/280 1614/302/298
f 1635/323/319 1574/262/258 1636/324/320
f 1569/257/253 1610/298/294 1603/291/287
f 1571/259/255 1577/265/261 1640/328/324
f 1630/318/314 1574/262/258 1635/323/319
f 1592/280/276 1636/324/320 1574/262/258
f 1626/314/310 1578/266/262 1633/321/317
f 1625/313/309 1626/314/310 1639/327/323
f 1611/299/295 1633/321/317 1597/285/281
f 1636/324/320 1593/281/277 1581/269/265
f 1586/274/270 1600/288/284 1624/312/308
f 1612/300/296 1630/318/314 1627/315/311
f 1641/329/325 1575/263/259 1642/330/326
f 1594/282/278 1642/330/326 1577/265/261
f 1580/268/264 1595/283/279 1578/266/262
f 1612/300/296 1623/311/307 1572/260/256
f 1582/270/266 1634/322/318 1606/294/290
f 1591/279/275 1643/331/327 1642/330/326
f 1580/268/264 1638/326/322 1595/283/279
f 1592/280/276 1591/279/275 1593/281/277
f 1577/265/261 1576/264/260 1644/332/328
f 1639/327/323 1632/320/316 1571/259/255
f 1605/293/289 1582/270/266 1606/294/290
f 1642/330/326 1594/282/278 1591/279/275
f 1643/331/327 1641/329/325 1642/330/326
f 1577/265/261 1644/332/328 1640/328/324
f 1600/288/284 1586/274/270 1585/273/269
f 1593/281/277 1568/256/252 1581/269/265
f 1610/298/294 1613/301/297 1611/299/295
f 1643/331/327 1591/279/275 1573/261/257
f 1592/280/276 1574/262/258 1573/261/257
f 1621/309/305 1609/297/293 1615/303/299
f 1629/317/313 1618/306/302 1607/295/291
f 1594/282/278 1571/259/255 1570/258/254
f 1570/258/254 1593/281/277 1594/282/278
f 1612/300/296 1572/260/256 1574/262/258
f 1575/263/259 1577/265/261 1642/330/326
f 1638/326/322 1566/254/250 1595/283/279
f 3555/333/329 3556/334/330 3557/335/331
f 3558/336/332 3559/337/333 3560/338/334
f 3561/339/335 3562/340/336 3563/341/337
f 3560/338/334 3559/337/333 3564/342/338
f 3555/333/329 3565/343/339 3562/340/336
f 3563/341/337 3562/340/336 3566/344/340
f 3567/345/341 3568/346/342 3565/343/339
f 3569/347/343 3570/348/344 3567/345/341
f 3555/333/329 3571/349/345 3556/334/330
f 3559/337/333 3558/336/332 3572/350/346
f 3563/341/337 3566/344/340 3573/351/347
f 3568/346/342 3562/340/336 3565/343/339
f 3574/352/348 3575/353/349 3576/354/350
f 3577/355/351 3568/346/342 3567/345/341
f 3573/351/347 3566/344/340 3578/356/352
f 3571/349/345 3561/339/335 3564/342/338
f 3566/344/340 3562/340/336 3579/357/353
f 3566/344/340 3579/357/353 3578/356/352
f 3580/358/354 3560/338/334 3564/342/338
f 3562/340/336 3568/346/342 3579/357/353
f 3577/355/351 3570/348/344 3581/359/355
f 3577/355/351 3581/359/355 3582/360/356
f 3577/355/351 3583/361/357 3568/346/342
f 3556/334/330 3584/362/358 3557/335/331
f 3585/363/359 3578/356/352 3579/357/353
f 3584/362/358 3556/334/330 3571/349/345
f 3586/364/360 3587/365/361 3588/366/362
f 3571/349/345 3555/333/329 3561/339/335
f 3581/359/355 3570/348/344 3589/367/363
f 3590/368/364 3591/369/365 3576/354/350
f 3592/370/366 3593/371/367 3591/369/365
f 3576/354/350 3591/369/365 3593/371/367
f 3594/372/368 3595/373/369 3582/360/356
f 3558/336/332 3573/351/347 3596/374/370
f 3597/375/371 3598/376/372 3599/377/373
f 3590/368/364 3576/354/350 3600/378/374
f 3597/375/371 3601/379/375 3598/376/372
f 3597/375/371 3578/356/352 3585/363/359
f 3601/379/375 3597/375/371 3602/380/376
f 3568/346/342 3583/361/357 3579/357/353
f 3600/378/374 3603/381/377 3590/368/364
f 3604/382/378 3573/351/347 3605/383/379
f 3597/375/371 3585/363/359 3595/373/369
f 3605/383/379 3573/351/347 3578/356/352
f 3605/383/379 3606/384/380 3604/382/378
f 3605/383/379 3597/375/371 3599/377/373
f 3607/385/381 3608/386/382 3609/387/383
f 3595/373/369 3602/380/376 3597/375/371
f 3582/360/356 3595/373/369 3583/361/357
f 3607/385/381 3594/372/368 3610/388/384
f 3602/380/376 3611/389/385 3612/390/386
f 3607/385/381 3610/388/384 3613/391/387
f 3602/380/376 3614/392/388 3611/389/385
f 3615/393/389 3559/337/333 3572/350/346
f 3595/373/369 3614/392/388 3602/380/376
f 3616/394/390 3617/395/391 3618/396/392
f 3601/379/375 3612/390/386 3619/397/393
f 3595/373/369 3594/372/368 3607/385/381
f 3602/380/376 3612/390/386 3601/379/375
f 3614/392/388 3595/373/369 3586/364/360
f 3620/398/394 3621/399/395 3618/396/392
f 3617/395/391 3622/400/396 3620/398/394
f 3623/401/397 3588/366/362 3624/402/398
f 3611/389/385 3623/401/397 3612/390/386
f 3586/364/360 3595/373/369 3609/387/383
f 3611/389/385 3588/366/362 3623/401/397
f 3618/396/392 3617/395/391 3620/398/394
f 3605/383/379 3599/377/373 3625/403/399
f 3594/372/368 3582/360/356 3581/359/355
f 3605/383/379 3578/356/352 3597/375/371
f 3561/339/335 3555/333/329 3562/340/336
f 3557/335/331 3626/404/400 3627/405/401
f 3628/406/402 3629/407/403 3630/408/404
f 3576/354/350 3631/409/405 3600/378/374
f 3632/410/406 3633/411/407 3634/412/408
f 3633/411/407 3635/413/409 3634/412/408
f 3636/414/410 3637/415/411 3584/362/358
f 3633/411/407 3632/410/406 3636/414/410
f 3621/399/395 3620/398/394 3592/370/366
f 3563/341/337 3573/351/347 3558/336/332
f 3638/416/412 3564/342/338 3639/417/413
f 3608/386/382 3640/418/414 3641/419/415
f 3624/402/398 3620/398/394 3622/400/396
f 3630/408/404 3584/362/358 3571/349/345
f 3588/366/362 3614/392/388 3586/364/360
f 3571/349/345 3564/342/338 3638/416/412
f 3641/419/415 3642/420/416 3609/387/383
f 3626/404/400 3637/415/411 3636/414/410
f 3636/414/410 3632/410/406 3626/404/400
f 3642/420/416 3586/364/360 3609/387/383
f 3577/355/351 3567/345/341 3570/348/344
f 3622/400/396 3617/395/391 3623/401/397
f 3643/421/417 3630/408/404 3638/416/412
f 3644/422/418 3645/423/419 3639/417/413
f 3593/371/367 3620/398/394 3624/402/398
f 3646/424/420 3647/425/421 3648/426/422
f 3593/371/367 3624/402/398 3574/352/348
f 3576/354/350 3593/371/367 3574/352/348
f 3588/366/362 3649/427/423 3624/402/398
f 3588/366/362 3587/365/361 3649/427/423
f 3650/428/424 3640/418/414 3651/429/425
f 3627/405/401 3567/345/341 3565/343/339
f 3609/387/383 3595/373/369 3607/385/381
f 3574/352/348 3631/409/405 3575/353/349
f 3631/409/405 3574/352/348 3649/427/423
f 3600/378/374 3587/365/361 3650/428/424
f 3646/424/420 3643/421/417 3647/425/421
f 3636/414/410 3628/406/402 3646/424/420
f 3652/430/426 3650/428/424 3651/429/425
f 3600/378/374 3631/409/405 3587/365/361
f 3631/409/405 3576/354/350 3575/353/349
f 3643/421/417 3638/416/412 3645/423/419
f 3614/392/388 3588/366/362 3611/389/385
f 3646/424/420 3633/411/407 3636/414/410
f 3627/405/401 3555/333/329 3557/335/331
f 3653/431/427 3646/424/420 3648/426/422
f 3629/407/403 3584/362/358 3630/408/404
f 3654/432/428 3633/411/407 3653/431/427
f 3653/431/427 3648/426/422 3655/433/429
f 3653/431/427 3655/433/429 3654/432/428
f 3646/424/420 3628/406/402 3643/421/417
f 3630/408/404 3643/421/417 3628/406/402
f 3639/417/413 3645/423/419 3638/416/412
f 3633/411/407 3646/424/420 3653/431/427
f 3656/434/430 3654/432/428 3655/433/429
f 3639/417/413 3657/435/431 3644/422/418
f 3636/414/410 3629/407/403 3628/406/402
f 3612/390/386 3617/395/391 3616/394/390
f 3629/407/403 3636/414/410 3584/362/358
f 3638/416/412 3630/408/404 3571/349/345
f 3639/417/413 3564/342/338 3657/435/431
f 3635/413/409 3658/436/432 3634/412/408
f 3626/404/400 3632/410/406 3634/412/408
f 3584/362/358 3637/415/411 3557/335/331
f 3557/335/331 3637/415/411 3626/404/400
f 3626/404/400 3634/412/408 3659/437/433
f 3555/333/329 3627/405/401 3565/343/339
f 3569/347/343 3627/405/401 3626/404/400
f 3659/437/433 3569/347/343 3626/404/400
f 3600/378/374 3650/428/424 3652/430/426
f 3558/336/332 3560/338/334 3563/341/337
f 3572/350/346 3596/374/370 3660/438/434
f 3606/384/380 3660/438/434 3596/374/370
f 3615/393/389 3657/435/431 3559/337/333
f 3661/439/435 3662/440/436 3663/441/437
f 3664/442/438 3665/443/439 3666/444/440
f 3665/443/439 3667/445/441 3668/446/442
f 3669/447/443 3662/440/436 3661/439/435
f 3606/384/380 3596/374/370 3604/382/378
f 3670/448/444 3668/446/442 3667/445/441
f 3654/432/428 3671/449/445 3672/450/446
f 3612/390/386 3623/401/397 3617/395/391
f 3670/448/444 3662/440/436 3669/447/443
f 3616/394/390 3673/451/447 3674/452/448
f 3619/397/393 3616/394/390 3674/452/448
f 3598/376/372 3675/453/449 3599/377/373
f 3676/454/450 3677/455/451 3678/456/452
f 3667/445/441 3665/443/439 3664/442/438
f 3679/457/453 3619/397/393 3674/452/448
f 3680/458/454 3681/459/455 3682/460/456
f 3683/461/457 3684/462/458 3685/463/459
f 3686/464/460 3685/463/459 3687/465/461
f 3671/449/445 3688/466/462 3682/460/456
f 3689/467/463 3690/468/464 3685/463/459
f 3691/469/465 3692/470/466 3693/471/467
f 3660/438/434 3606/384/380 3694/472/468
f 3695/473/469 3675/453/449 3679/457/453
f 3696/474/470 3673/451/447 3697/475/471
f 3676/454/450 3692/470/466 3691/469/465
f 3679/457/453 3601/379/375 3619/397/393
f 3616/394/390 3619/397/393 3612/390/386
f 3668/446/442 3670/448/444 3669/447/443
f 3692/470/466 3690/468/464 3693/471/467
f 3696/474/470 3698/476/472 3674/452/448
f 3698/476/472 3699/477/473 3674/452/448
f 3684/462/458 3699/477/473 3698/476/472
f 3699/477/473 3679/457/453 3674/452/448
f 3623/401/397 3624/402/398 3622/400/396
f 3673/451/447 3696/474/470 3674/452/448
f 3601/379/375 3679/457/453 3675/453/449
f 3700/478/474 3666/444/440 3665/443/439
f 3679/457/453 3699/477/473 3695/473/469
f 3615/393/389 3572/350/346 3660/438/434
f 3601/379/375 3675/453/449 3598/376/372
f 3695/473/469 3699/477/473 3683/461/457
f 3699/477/473 3684/462/458 3683/461/457
f 3625/403/399 3675/453/449 3695/473/469
f 3675/453/449 3625/403/399 3599/377/373
f 3695/473/469 3686/464/460 3625/403/399
f 3694/472/468 3625/403/399 3686/464/460
f 3695/473/469 3683/461/457 3686/464/460
f 3694/472/468 3686/464/460 3687/465/461
f 3666/444/440 3701/479/475 3680/458/454
f 3685/463/459 3686/464/460 3683/461/457
f 3606/384/380 3625/403/399 3694/472/468
f 3690/468/464 3687/465/461 3685/463/459
f 3694/472/468 3687/465/461 3615/393/389
f 3654/432/428 3702/480/476 3688/466/462
f 3615/393/389 3660/438/434 3694/472/468
f 3615/393/389 3687/465/461 3677/455/451
f 3677/455/451 3687/465/461 3678/456/452
f 3580/358/354 3561/339/335 3563/341/337
f 3687/465/461 3690/468/464 3692/470/466
f 3658/436/432 3635/413/409 3703/481/477
f 3704/482/478 3693/471/467 3689/467/463
f 3693/471/467 3690/468/464 3689/467/463
f 3705/483/479 3677/455/451 3676/454/450
f 3635/413/409 3654/432/428 3703/481/477
f 3677/455/451 3644/422/418 3657/435/431
f 3687/465/461 3692/470/466 3678/456/452
f 3654/432/428 3635/413/409 3633/411/407
f 3667/445/441 3662/440/436 3670/448/444
f 3703/481/477 3706/484/480 3658/436/432
f 3615/393/389 3677/455/451 3657/435/431
f 3659/437/433 3634/412/408 3707/485/481
f 3701/479/475 3707/485/481 3680/458/454
f 3692/470/466 3676/454/450 3678/456/452
f 3559/337/333 3657/435/431 3564/342/338
f 3707/485/481 3681/459/455 3680/458/454
f 3671/449/445 3682/460/456 3681/459/455
f 3681/459/455 3707/485/481 3706/484/480
f 3671/449/445 3654/432/428 3688/466/462
f 3671/449/445 3681/459/455 3672/450/446
f 3706/484/480 3672/450/446 3681/459/455
f 3634/412/408 3706/484/480 3707/485/481
f 3672/450/446 3706/484/480 3703/481/477
f 3658/436/432 3706/484/480 3634/412/408
f 3600/378/374 3652/430/426 3603/381/377
f 3654/432/428 3708/486/482 3702/480/476
f 3672/450/446 3703/481/477 3654/432/428
f 3708/486/482 3654/432/428 3656/434/430
f 3625/403/399 3606/384/380 3605/383/379
f 3709/487/483 3702/480/476 3708/486/482
f 3708/486/482 3710/488/484 3709/487/483
f 3583/361/357 3585/363/359 3579/357/353
f 3711/489/485 3712/490/486 3663/441/437
f 3673/451/447 3616/394/390 3618/396/392
f 3581/359/355 3610/388/384 3594/372/368
f 3705/483/479 3644/422/418 3677/455/451
f 3570/348/344 3713/491/487 3589/367/363
f 3569/347/343 3665/443/439 3713/491/487
f 3560/338/334 3580/358/354 3563/341/337
f 3663/441/437 3610/388/384 3661/439/435
f 3595/373/369 3585/363/359 3583/361/357
f 3665/443/439 3569/347/343 3700/478/474
f 3573/351/347 3604/382/378 3596/374/370
f 3570/348/344 3569/347/343 3713/491/487
f 3587/365/361 3586/364/360 3650/428/424
f 3583/361/357 3577/355/351 3582/360/356
f 3631/409/405 3649/427/423 3587/365/361
f 3610/388/384 3669/447/443 3661/439/435
f 3663/441/437 3712/490/486 3613/391/387
f 3586/364/360 3642/420/416 3650/428/424
f 3607/385/381 3613/391/387 3608/386/382
f 3592/370/366 3620/398/394 3593/371/367
f 3655/433/429 3709/487/483 3710/488/484
f 3613/391/387 3610/388/384 3663/441/437
f 3642/420/416 3640/418/414 3650/428/424
f 3710/488/484 3708/486/482 3656/434/430
f 3589/367/363 3669/447/443 3610/388/384
f 3589/367/363 3668/446/442 3669/447/443
f 3668/446/442 3589/367/363 3713/491/487
f 3665/443/439 3668/446/442 3713/491/487
f 3659/437/433 3700/478/474 3569/347/343
f 3659/437/433 3707/485/481 3700/478/474
f 3707/485/481 3701/479/475 3700/478/474
f 3655/433/429 3710/488/484 3656/434/430
f 3641/419/415 3609/387/383 3608/386/382
f 3572/350/346 3558/336/332 3596/374/370
f 3564/342/338 3561/339/335 3580/358/354
f 3666/444/440 3700/478/474 3701/479/475
f 3663/441/437 3714/492/488 3711/489/485
f 3649/427/423 3574/352/348 3624/402/398
f 3641/419/415 3640/418/414 3642/420/416
f 3663/441/437 3662/440/436 3714/492/488
f 3610/388/384 3581/359/355 3589/367/363
f 3567/345/341 3627/405/401 3569/347/343
f 3702/480/476 3715/493/489 3688/466/462
f 6084/494/490 6085/495/491 6086/496/492
f 6087/497/493 6088/498/494 6089/499/495
f 6090/500/496 6086/496/492 6085/495/491
f 6091/501/497 6092/502/498 6089/499/495
f 6092/502/498 6093/503/499 6094/504/500
f 6095/505/501 6096/506/502 6097/507/503
f 6097/507/503 6098/508/504 6095/505/501
f 6099/509/505 6092/502/498 6100/510/506
f 6096/506/502 6091/501/497 6101/511/507
f 6102/512/508 6103/513/509 6104/514/510
f 6105/515/511 6106/516/512 6107/517/513
f 6108/518/514 6109/519/515 6110/520/516
f 6094/504/500 6093/503/499 6111/521/517
f 6093/503/499 6092/502/498 6091/501/497
f 6103/513/509 6112/522/518 6113/523/519
f 6106/516/512 6105/515/511 6090/500/496
f 6103/513/509 6113/523/519 6104/514/510
f 6096/506/502 6101/511/507 6114/524/520
f 6111/521/517 6090/500/496 6094/504/500
f 6090/500/496 6100/510/506 6094/504/500
f 6115/525/521 6091/501/497 6096/506/502
f 6091/501/497 6089/499/495 6101/511/507
f 6095/505/501 6117/526/522 6113/523/519
f 6103/513/509 6102/512/508 6107/517/513
f 6106/516/512 6103/513/509 6107/517/513
f 6115/525/521 6118/527/523 6091/501/497
f 6115/525/521 6096/506/502 6095/505/501
f 6092/502/498 6094/504/500 6100/510/506
f 6118/527/523 6115/525/521 6095/505/501
f 6111/521/517 6112/522/518 6090/500/496
f 6112/522/518 6106/516/512 6090/500/496
f 6118/527/523 6112/522/518 6093/503/499
f 6089/499/495 6088/498/494 6101/511/507
f 6119/528/524 6120/529/525 6121/530/526
f 6121/530/526 6122/531/527 6119/528/524
f 6117/526/522 6095/505/501 6098/508/504
f 6117/526/522 6104/514/510 6113/523/519
f 6102/512/508 6124/532/528 6123/533/529
f 6124/532/528 6116/534/530 6123/533/529
f 6125/535/531 6126/536/532 6120/529/525
f 6111/521/517 6093/503/499 6112/522/518
f 6113/523/519 6118/527/523 6095/505/501
f 6102/512/508 6127/537/533 6124/532/528
f 6128/538/534 6125/535/531 6129/539/535
f 6091/501/497 6118/527/523 6093/503/499
f 6118/527/523 6113/523/519 6112/522/518
f 6103/513/509 6106/516/512 6112/522/518
f 6092/502/498 6130/540/536 6089/499/495
f 6097/507/503 6096/506/502 6114/524/520
f 6089/499/495 6130/540/536 6131/541/537
f 6127/537/533 6128/538/534 6129/539/535
f 6126/536/532 6132/542/538 6133/543/539
f 6089/499/495 6131/541/537 6087/497/493
f 6130/540/536 6099/509/505 6134/544/540
f 6134/544/540 6099/509/505 6135/545/541
f 6117/526/522 6098/508/504 6102/512/508
f 6130/540/536 6092/502/498 6099/509/505
f 6136/546/542 6137/547/543 6132/542/538
f 6138/548/544 6132/542/538 6128/538/534
f 6132/542/538 6139/549/545 6136/546/542
f 6140/550/546 6141/551/547 6087/497/493
f 6088/498/494 6141/551/547 6142/552/548
f 6101/511/507 6088/498/494 6143/553/549
f 6141/551/547 6140/550/546 6144/554/550
f 6143/553/549 6145/555/551 6101/511/507
f 6142/552/548 6141/551/547 6144/554/550
f 6142/552/548 6144/554/550 6146/556/552
f 6147/557/553 6148/558/554 6146/556/552
f 6138/548/544 6128/538/534 6149/559/555
f 6141/551/547 6088/498/494 6087/497/493
f 6147/557/553 6146/556/552 6144/554/550
f 6145/555/551 6143/553/549 6142/552/548
f 6145/555/551 6142/552/548 6146/556/552
f 6143/553/549 6088/498/494 6142/552/548
f 6138/548/544 6150/560/556 6139/549/545
f 6149/559/555 6150/560/556 6138/548/544
f 6149/559/555 6098/508/504 6108/518/514
f 6129/539/535 6116/534/530 6124/532/528
f 6102/512/508 6104/514/510 6117/526/522
f 6152/561/557 6153/562/558 6154/563/559
f 6155/564/560 6151/565/561 6156/566/562
f 6129/539/535 6124/532/528 6127/537/533
f 6155/564/560 6153/562/558 6157/567/563
f 6158/568/564 6152/561/557 6154/563/559
f 6137/547/543 6133/543/539 6132/542/538
f 6159/569/565 6152/561/557 6158/568/564
f 6098/508/504 6149/559/555 6102/512/508
f 6126/536/532 6125/535/531 6132/542/538
f 6108/518/514 6110/520/516 6150/560/556
f 6149/559/555 6108/518/514 6150/560/556
f 6122/531/527 6116/534/530 6129/539/535
f 6139/549/545 6132/542/538 6138/548/544
f 6132/542/538 6125/535/531 6128/538/534
f 6149/559/555 6128/538/534 6127/537/533
f 6125/535/531 6119/528/524 6129/539/535
f 6127/537/533 6102/512/508 6149/559/555
f 6125/535/531 6120/529/525 6119/528/524
f 6119/528/524 6122/531/527 6129/539/535
f 6102/512/508 6123/533/529 6107/517/513
f 6133/543/539 6160/570/566 6126/536/532
f 6121/530/526 6151/565/561 6122/531/527
f 6121/530/526 6120/529/525 6161/571/567
f 6156/566/562 6151/565/561 6162/572/568
f 6120/529/525 6160/570/566 6161/571/567
f 6162/572/568 6121/530/526 6161/571/567
f 6161/571/567 6163/573/569 6164/574/570
f 6156/566/562 6162/572/568 6165/575/571
f 6100/510/506 6166/576/572 6099/509/505
f 6166/576/572 6167/577/573 6168/578/574
f 6084/494/490 6169/579/575 6170/580/576
f 6170/580/576 6171/581/577 6100/510/506
f 6170/580/576 6085/495/491 6084/494/490
f 6168/578/574 6135/545/541 6099/509/505
f 6168/578/574 6167/577/573 6135/545/541
f 6100/510/506 6090/500/496 6085/495/491
f 6168/578/574 6099/509/505 6166/576/572
f 6171/581/577 6167/577/573 6166/576/572
f 6171/581/577 6166/576/572 6100/510/506
f 6085/495/491 6170/580/576 6100/510/506
f 6135/545/541 6172/582/578 6134/544/540
f 6161/571/567 6164/574/570 6162/572/568
f 6174/583/579 6123/533/529 6175/584/580
f 6155/564/560 6156/566/562 6176/585/581
f 6174/583/579 6086/496/492 6105/515/511
f 6176/585/581 6178/586/582 6154/563/559
f 6084/494/490 6086/496/492 6177/587/583
f 6174/583/579 6177/587/583 6086/496/492
f 6174/583/579 6175/584/580 6177/587/583
f 6086/496/492 6090/500/496 6105/515/511
f 6107/517/513 6123/533/529 6174/583/579
f 6107/517/513 6174/583/579 6105/515/511
f 6097/507/503 6108/518/514 6098/508/504
f 6145/555/551 6179/588/584 6101/511/507
f 6097/507/503 6109/519/515 6108/518/514
f 6148/558/554 6179/588/584 6146/556/552
f 6109/519/515 6114/524/520 6179/588/584
f 6145/555/551 6146/556/552 6179/588/584
f 6109/519/515 6097/507/503 6114/524/520
f 6114/524/520 6101/511/507 6179/588/584
f 6153/562/558 6176/585/581 6154/563/559
f 6120/529/525 6126/536/532 6160/570/566
f 6165/575/571 6176/585/581 6156/566/562
f 6163/573/569 6161/571/567 6160/570/566
f 6164/574/570 6165/575/571 6162/572/568
f 6154/563/559 6178/586/582 6158/568/564
f 6176/585/581 6153/562/558 6155/564/560
f 6137/547/543 6160/570/566 6133/543/539
f 6151/565/561 6121/530/526 6162/572/568
f 6661/589/585 6662/590/586 6663/591/587
f 6664/592/588 6665/593/589 6666/594/590
f 6667/595/591 6668/596/592 6669/597/593
f 6661/589/585 6670/598/594 6667/595/591
f 6671/599/595 6672/600/596 6673/601/597
f 6674/602/598 6675/603/599 6676/604/600
f 6677/605/601 6678/606/602 6679/607/603
f 6680/608/604 6681/609/605 6682/610/606
f 6665/593/589 6676/604/600 6666/594/590
f 6683/611/607 6673/601/597 6677/605/601
f 6671/599/595 6684/612/608 6672/600/596
f 6668/596/592 6679/607/603 6678/606/602
f 6685/613/609 6677/605/601 6673/601/597
f 6686/614/610 6687/615/611 6688/616/612
f 6689/617/613 6690/618/614 6691/619/615
f 6692/620/616 6693/621/617 6689/617/613
f 6694/622/618 6695/623/619 6696/624/620
f 6697/625/621 6698/626/622 6699/627/623
f 6700/628/624 6701/629/625 6702/630/626
f 6703/631/627 6704/632/628 6705/633/629
f 6706/634/630 6707/635/631 6708/636/632
f 6695/623/619 6686/614/610 6688/616/612
f 6690/618/614 6697/625/621 6709/637/633
f 6693/621/617 6698/626/622 6689/617/613
f 6695/623/619 6688/616/612 6710/638/634
f 6711/639/635 6687/615/611 6698/626/622
f 6687/615/611 6699/627/623 6698/626/622
f 6712/640/636 6687/615/611 6702/630/626
f 6702/630/626 6705/633/629 6712/640/636
f 6689/617/613 6691/619/615 6692/620/616
f 6701/629/625 6703/631/627 6705/633/629
f 6699/627/623 6686/614/610 6694/622/618
f 6697/625/621 6689/617/613 6698/626/622
f 6713/641/637 6700/628/624 6714/642/638
f 6709/637/633 6697/625/621 6694/622/618
f 6694/622/618 6697/625/621 6699/627/623
f 6704/632/628 6715/643/639 6712/640/636
f 6716/644/640 6703/631/627 6717/645/641
f 6711/639/635 6698/626/622 6693/621/617
f 6714/642/638 6665/593/589 6713/641/637
f 6712/640/636 6688/616/612 6687/615/611
f 6703/631/627 6701/629/625 6718/646/642
f 6695/623/619 6694/622/618 6686/614/610
f 6700/628/624 6713/641/637 6718/646/642
f 6719/647/643 6690/618/614 6709/637/633
f 6712/640/636 6705/633/629 6704/632/628
f 6687/615/611 6700/628/624 6702/630/626
f 6697/625/621 6690/618/614 6689/617/613
f 6702/630/626 6701/629/625 6705/633/629
f 6686/614/610 6699/627/623 6687/615/611
f 6710/638/634 6712/640/636 6715/643/639
f 6712/640/636 6710/638/634 6688/616/612
f 6720/648/644 6703/631/627 6718/646/642
f 6687/615/611 6711/639/635 6714/642/638
f 6718/646/642 6713/641/637 6721/649/645
f 6716/644/640 6715/643/639 6704/632/628
f 6687/615/611 6714/642/638 6700/628/624
f 6701/629/625 6700/628/624 6718/646/642
f 6716/644/640 6704/632/628 6703/631/627
f 6673/601/597 6683/611/607 6722/650/646
f 6669/597/593 6680/608/604 6723/651/647
f 6668/596/592 6680/608/604 6669/597/593
f 6724/652/648 6682/610/606 6681/609/605
f 6725/653/649 6726/654/650 6684/612/608
f 6681/609/605 6680/608/604 6668/596/592
f 6721/649/645 6727/655/651 6728/656/652
f 6722/650/646 6671/599/595 6673/601/597
f 6662/590/586 6667/595/591 6669/597/593
f 6683/611/607 6668/596/592 6667/595/591
f 6672/600/596 6685/613/609 6673/601/597
f 6677/605/601 6685/613/609 6729/657/653
f 6678/606/602 6730/658/654 6668/596/592
f 6730/658/654 6678/606/602 6729/657/653
f 6683/611/607 6670/598/594 6722/650/646
f 6714/642/638 6731/659/655 6665/593/589
f 6732/660/656 6733/661/657 6734/662/658
f 6670/598/594 6683/611/607 6667/595/591
f 6682/610/606 6723/651/647 6680/608/604
f 6729/657/653 6735/663/659 6730/658/654
f 6736/664/660 6729/657/653 6685/613/609
f 6733/661/657 6662/590/586 6723/651/647
f 6730/658/654 6724/652/648 6681/609/605
f 6737/665/661 6664/592/588 6666/594/590
f 6738/666/662 6739/667/663 6740/668/664
f 6739/667/663 6738/666/662 6741/669/665
f 6742/670/666 6743/671/667 6741/669/665
f 6742/670/666 6744/672/668 6743/671/667
f 6744/672/668 6742/670/666 6745/673/669
f 6745/673/669 6746/674/670 6744/672/668
f 6747/675/671 6741/669/665 6743/671/667
f 6748/676/672 6739/667/663 6741/669/665
f 6679/607/603 6683/611/607 6677/605/601
f 6665/593/589 6731/659/655 6674/602/598
f 6734/662/658 6749/677/673 6732/660/656
f 6685/613/609 6672/600/596 6736/664/660
f 6750/678/674 6708/636/632 6707/635/631
f 6751/679/675 6752/680/676 6753/681/677
f 6684/612/608 6754/682/678 6672/600/596
f 6669/597/593 6723/651/647 6662/590/586
f 6755/683/679 6756/684/680 6757/685/681
f 6758/686/682 6670/598/594 6661/589/585
f 6744/672/668 6747/675/671 6743/671/667
f 6759/687/683 6760/688/684 6761/689/685
f 6762/690/686 6731/659/655 6693/621/617
f 6763/691/687 6764/692/688 6753/681/677
f 6765/693/689 6766/694/690 6767/695/691
f 6756/684/680 6768/696/692 6769/697/693
f 6762/690/686 6759/687/683 6731/659/655
f 6770/698/694 6771/699/695 6772/700/696
f 6731/659/655 6759/687/683 6773/701/697
f 6759/687/683 6761/689/685 6773/701/697
f 6774/702/698 6775/703/699 6776/704/700
f 6777/705/701 6778/706/702 6779/707/703
f 6780/708/704 6755/683/679 6781/709/705
f 6774/702/698 6751/679/675 6764/692/688
f 6782/710/706 6783/711/707 6784/712/708
f 6749/677/673 6785/713/709 6786/714/710
f 6784/712/708 6783/711/707 6786/714/710
f 6786/714/710 6783/711/707 6732/660/656
f 6786/714/710 6732/660/656 6749/677/673
f 6787/715/711 6788/716/712 6789/717/713
f 6710/638/634 6715/643/639 6790/718/714
f 6767/695/691 6791/719/715 6765/693/689
f 6792/720/716 6793/721/717 6794/722/718
f 6733/661/657 6732/660/656 6663/591/587
f 6751/679/675 6795/723/719 6752/680/676
f 6665/593/589 6674/602/598 6676/604/600
f 6796/724/720 6797/725/721 6798/726/722
f 6780/708/704 6750/678/674 6707/635/631
f 6729/657/653 6678/606/602 6677/605/601
f 6727/655/651 6664/592/588 6799/727/723
f 6763/691/687 6800/728/724 6764/692/688
f 6775/703/699 6777/705/701 6779/707/703
f 6755/683/679 6801/729/725 6756/684/680
f 6767/695/691 6802/730/726 6803/731/727
f 6682/610/606 6724/652/648 6716/644/640
f 6693/621/617 6714/642/638 6711/639/635
f 6804/732/728 6805/733/729 6675/603/599
f 6806/734/730 6764/692/688 6800/728/724
f 6775/703/699 6774/702/698 6807/735/731
f 6716/644/640 6717/645/641 6682/610/606
f 6808/736/732 6767/695/691 6803/731/727
f 6809/737/733 6771/699/695 6810/738/734
f 6734/662/658 6728/656/652 6749/677/673
f 6713/641/637 6665/593/589 6721/649/645
f 6684/612/608 6726/654/650 6811/739/735
f 6812/740/736 6727/655/651 6799/727/723
f 6710/638/634 6790/718/714 6813/741/737
f 6789/717/713 6814/742/738 6787/715/711
f 6715/643/639 6716/644/640 6787/715/711
f 6815/743/739 6726/654/650 6816/744/740
f 6817/745/741 6814/742/738 6789/717/713
f 6735/663/659 6818/746/742 6793/721/717
f 6682/610/606 6717/645/641 6723/651/647
f 6761/689/685 6800/728/724 6674/602/598
f 6789/717/713 6792/720/716 6817/745/741
f 6792/720/716 6730/658/654 6793/721/717
f 6819/747/743 6820/748/744 6821/749/745
f 6822/750/746 6818/746/742 6748/676/672
f 6817/745/741 6823/751/747 6824/752/748
f 6825/753/749 6816/744/740 6826/754/750
f 6789/717/713 6788/716/712 6792/720/716
f 6827/755/751 6817/745/741 6824/752/748
f 6696/624/620 6813/741/737 6828/756/752
f 6829/757/753 6830/758/754 6824/752/748
f 6813/741/737 6827/755/751 6828/756/752
f 6695/623/619 6813/741/737 6696/624/620
f 6817/745/741 6794/722/718 6823/751/747
f 6831/759/755 6740/668/664 6832/760/756
f 6828/756/752 6833/761/757 6696/624/620
f 6834/762/758 6827/755/751 6824/752/748
f 6716/644/640 6788/716/712 6787/715/711
f 6696/624/620 6709/637/633 6694/622/618
f 6696/624/620 6833/761/757 6835/763/759
f 6824/752/748 6830/758/754 6834/762/758
f 6836/764/760 6837/765/761 6828/756/752
f 6814/742/738 6817/745/741 6790/718/714
f 6729/657/653 6736/664/660 6818/746/742
f 6836/764/760 6828/756/752 6827/755/751
f 6723/651/647 6728/656/652 6734/662/658
f 6838/766/762 6726/654/650 6815/743/739
f 6822/750/746 6823/751/747 6794/722/718
f 6836/764/760 6830/758/754 6839/767/763
f 6837/765/761 6833/761/757 6828/756/752
f 6747/675/671 6822/750/746 6748/676/672
f 6829/757/753 6823/751/747 6747/675/671
f 6790/718/714 6715/643/639 6814/742/738
f 6793/721/717 6730/658/654 6735/663/659
f 6709/637/633 6835/763/759 6719/647/643
f 6830/758/754 6829/757/753 6746/674/670
f 6823/751/747 6829/757/753 6824/752/748
f 6818/746/742 6754/682/678 6840/768/764
f 6746/674/670 6839/767/763 6830/758/754
f 6746/674/670 6829/757/753 6744/672/668
f 6823/751/747 6822/750/746 6747/675/671
f 6834/762/758 6830/758/754 6836/764/760
f 6816/744/740 6726/654/650 6826/754/750
f 6793/721/717 6822/750/746 6794/722/718
f 6787/715/711 6814/742/738 6715/643/639
f 6790/718/714 6827/755/751 6813/741/737
f 6827/755/751 6834/762/758 6836/764/760
f 6748/676/672 6840/768/764 6832/760/756
f 6818/746/742 6822/750/746 6793/721/717
f 6761/689/685 6806/734/730 6800/728/724
f 6827/755/751 6790/718/714 6817/745/741
f 6664/592/588 6721/649/645 6665/593/589
f 6818/746/742 6735/663/659 6729/657/653
f 6818/746/742 6840/768/764 6748/676/672
f 6832/760/756 6739/667/663 6748/676/672
f 6739/667/663 6832/760/756 6740/668/664
f 6817/745/741 6792/720/716 6794/722/718
f 6811/739/735 6838/766/762 6754/682/678
f 6811/739/735 6726/654/650 6838/766/762
f 6835/763/759 6709/637/633 6696/624/620
f 6841/769/765 6780/708/704 6707/635/631
f 6803/731/727 6802/730/726 6808/736/732
f 6736/664/660 6754/682/678 6818/746/742
f 6695/623/619 6710/638/634 6813/741/737
f 6798/726/722 6802/730/726 6769/697/693
f 6773/701/697 6674/602/598 6731/659/655
f 6768/696/692 6798/726/722 6769/697/693
f 6842/770/766 6808/736/732 6802/730/726
f 6724/652/648 6788/716/712 6716/644/640
f 6843/771/767 6774/702/698 6764/692/688
f 6681/609/605 6668/596/592 6730/658/654
f 6755/683/679 6844/772/768 6801/729/725
f 6723/651/647 6845/773/769 6728/656/652
f 6811/739/735 6754/682/678 6684/612/608
f 6846/774/770 6821/749/745 6820/748/744
f 6664/592/588 6727/655/651 6721/649/645
f 6812/740/736 6749/677/673 6727/655/651
f 6845/773/769 6718/646/642 6721/649/645
f 6720/648/644 6717/645/641 6703/631/627
f 6761/689/685 6674/602/598 6773/701/697
f 6749/677/673 6728/656/652 6727/655/651
f 6676/604/600 6805/733/729 6666/594/590
f 6717/645/641 6720/648/644 6845/773/769
f 6728/656/652 6845/773/769 6721/649/645
f 6676/604/600 6675/603/599 6805/733/729
f 6847/775/771 6848/776/772 6849/777/773
f 6796/724/720 6768/696/692 6850/778/774
f 6723/651/647 6717/645/641 6845/773/769
f 6663/591/587 6662/590/586 6733/661/657
f 6737/665/661 6666/594/590 6805/733/729
f 6845/773/769 6720/648/644 6718/646/642
f 6737/665/661 6799/727/723 6664/592/588
f 6724/652/648 6730/658/654 6792/720/716
f 6754/682/678 6736/664/660 6672/600/596
f 6731/659/655 6714/642/638 6693/621/617
f 6792/720/716 6788/716/712 6724/652/648
f 6661/589/585 6667/595/591 6662/590/586
f 6675/603/599 6674/602/598 6800/728/724
f 6802/730/726 6798/726/722 6842/770/766
f 6851/779/775 6852/780/776 6848/776/772
f 6734/662/658 6733/661/657 6723/651/647
f 6842/770/766 6798/726/722 6797/725/721
f 6683/611/607 6679/607/603 6668/596/592
f 6853/781/777 6757/685/681 6769/697/693
f 6854/782/778 6855/783/779 6856/784/780
f 6857/785/781 6846/774/770 6858/786/782
f 6857/785/781 6859/787/783 6860/788/784
f 6821/749/745 6857/785/781 6860/788/784
f 6780/708/704 6781/709/705 6750/678/674
f 6795/723/719 6861/789/785 6752/680/676
f 6862/790/786 6800/728/724 6763/691/687
f 6863/791/787 6864/792/788 6865/793/789
f 6866/794/790 6867/795/791 6868/796/792
f 6847/775/771 6869/797/793 6870/798/794
f 6871/799/795 6858/786/782 6868/796/792
f 6872/800/796 6859/787/783 6873/801/797
f 6756/684/680 6801/729/725 6768/696/692
f 6872/800/796 6863/791/787 6859/787/783
f 6873/801/797 6858/786/782 6872/800/796
f 6774/702/698 6843/771/767 6807/735/731
f 6755/683/679 6757/685/681 6781/709/705
f 6863/791/787 6874/802/798 6864/792/788
f 6875/803/799 6851/779/775 6847/775/771
f 6874/802/798 6863/791/787 6872/800/796
f 6876/804/800 6708/636/632 6750/678/674
f 6755/683/679 6780/708/704 6844/772/768
f 6766/694/690 6853/781/777 6769/697/693
f 6779/707/703 6877/805/801 6776/704/700
f 6858/786/782 6871/799/795 6874/802/798
f 6872/800/796 6858/786/782 6874/802/798
f 6871/799/795 6878/806/802 6874/802/798
f 6879/807/803 6856/784/780 6855/783/779
f 6810/738/734 6771/699/695 6770/698/694
f 6753/681/677 6804/732/728 6862/790/786
f 6880/808/804 6708/636/632 6876/804/800
f 6854/782/778 6819/747/743 6855/783/779
f 6795/723/719 6751/679/675 6774/702/698
f 6859/787/783 6857/785/781 6873/801/797
f 6842/770/766 6881/809/805 6808/736/732
f 6799/727/723 6809/737/733 6812/740/736
f 6882/810/806 6883/811/807 6766/694/690
f 6884/812/808 6876/804/800 6750/678/674
f 6757/685/681 6884/812/808 6781/709/705
f 6806/734/730 6843/771/767 6764/692/688
f 6766/694/690 6883/811/807 6853/781/777
f 6877/805/801 6779/707/703 6778/706/702
f 6753/681/677 6885/813/809 6804/732/728
f 6753/681/677 6861/789/785 6885/813/809
f 6884/812/808 6880/808/804 6876/804/800
f 6753/681/677 6764/692/688 6751/679/675
f 6886/814/810 6887/815/811 6757/685/681
f 6887/815/811 6884/812/808 6757/685/681
f 6888/816/812 6883/811/807 6889/817/813
f 6849/777/773 6880/808/804 6890/818/814
f 6778/706/702 6891/819/815 6877/805/801
f 6886/814/810 6757/685/681 6853/781/777
f 6880/808/804 6884/812/808 6890/818/814
f 6844/772/768 6780/708/704 6841/769/765
f 6892/820/816 6893/821/817 6799/727/723
f 6887/815/811 6886/814/810 6888/816/812
f 6889/817/813 6883/811/807 6882/810/806
f 6894/822/818 6707/635/631 6706/634/630
f 6887/815/811 6890/818/814 6884/812/808
f 6877/805/801 6892/820/816 6885/813/809
f 6763/691/687 6753/681/677 6862/790/786
f 6737/665/661 6805/733/729 6895/823/819
f 6804/732/728 6885/813/809 6892/820/816
f 6768/696/692 6796/724/720 6798/726/722
f 6778/706/702 6880/808/804 6891/819/815
f 6888/816/812 6886/814/810 6883/811/807
f 6896/824/820 6887/815/811 6888/816/812
f 6897/825/821 6891/819/815 6880/808/804
f 6760/688/684 6843/771/767 6806/734/730
f 6892/820/816 6877/805/801 6891/819/815
f 6898/826/822 6899/827/823 6860/788/784
f 6767/695/691 6769/697/693 6802/730/726
f 6899/827/823 6898/826/822 6772/700/696
f 6896/824/820 6890/818/814 6887/815/811
f 6899/827/823 6772/700/696 6900/828/824
f 6873/801/797 6857/785/781 6858/786/782
f 6895/823/819 6804/732/728 6799/727/723
f 6799/727/723 6737/665/661 6895/823/819
f 6770/698/694 6772/700/696 6898/826/822
f 6804/732/728 6895/823/819 6805/733/729
f 6776/704/700 6861/789/785 6795/723/719
f 6767/695/691 6808/736/732 6791/719/715
f 6888/816/812 6889/817/813 6901/829/825
f 6765/693/689 6882/810/806 6766/694/690
f 6846/774/770 6902/830/826 6866/794/790
f 6888/816/812 6870/798/794 6869/797/793
f 6675/603/599 6862/790/786 6804/732/728
f 6848/776/772 6891/819/815 6897/825/821
f 6804/732/728 6892/820/816 6799/727/723
f 6858/786/782 6866/794/790 6868/796/792
f 6900/828/824 6772/700/696 6771/699/695
f 6893/821/817 6892/820/816 6852/780/776
f 6781/709/705 6884/812/808 6750/678/674
f 6846/774/770 6820/748/744 6902/830/826
f 6812/740/736 6785/713/709 6749/677/673
f 6778/706/702 6706/634/630 6708/636/632
f 6861/789/785 6753/681/677 6752/680/676
f 6879/807/803 6855/783/779 6899/827/823
f 6809/737/733 6785/713/709 6812/740/736
f 6893/821/817 6771/699/695 6809/737/733
f 6767/695/691 6766/694/690 6769/697/693
f 6902/830/826 6867/795/791 6866/794/790
f 6757/685/681 6756/684/680 6769/697/693
f 6778/706/702 6777/705/701 6706/634/630
f 6778/706/702 6708/636/632 6880/808/804
f 6866/794/790 6858/786/782 6846/774/770
f 6897/825/821 6849/777/773 6848/776/772
f 6856/784/780 6879/807/803 6875/803/799
f 6841/769/765 6894/822/818 6903/831/827
f 6847/775/771 6849/777/773 6869/797/793
f 6771/699/695 6879/807/803 6900/828/824
f 6892/820/816 6891/819/815 6852/780/776
f 6776/704/700 6775/703/699 6779/707/703
f 6854/782/778 6856/784/780 6904/832/828
f 6849/777/773 6896/824/820 6869/797/793
f 6861/789/785 6877/805/801 6885/813/809
f 6867/795/791 6905/833/829 6868/796/792
f 6870/798/794 6906/834/830 6847/775/771
f 6851/779/775 6848/776/772 6847/775/771
f 6906/834/830 6875/803/799 6847/775/771
f 6896/824/820 6849/777/773 6890/818/814
f 6905/833/829 6907/835/831 6871/799/795
f 6878/806/802 6871/799/795 6908/836/832
f 6881/809/805 6909/837/833 6808/736/732
f 6821/749/745 6855/783/779 6819/747/743
f 6870/798/794 6888/816/812 6901/829/825
f 6771/699/695 6893/821/817 6851/779/775
f 6910/838/834 6911/839/835 6912/840/836
f 6893/821/817 6852/780/776 6851/779/775
f 6821/749/745 6846/774/770 6857/785/781
f 6855/783/779 6821/749/745 6899/827/823
f 6747/675/671 6744/672/668 6829/757/753
f 6675/603/599 6800/728/724 6862/790/786
f 6913/841/837 6914/842/838 6907/835/831
f 6899/827/823 6821/749/745 6860/788/784
f 6777/705/701 6903/831/827 6706/634/630
f 6894/822/818 6841/769/765 6707/635/631
f 6915/843/839 6796/724/720 6850/778/774
f 6853/781/777 6883/811/807 6886/814/810
f 6916/844/840 6907/835/831 6905/833/829
f 6849/777/773 6897/825/821 6880/808/804
f 6900/828/824 6879/807/803 6899/827/823
f 6799/727/723 6893/821/817 6809/737/733
f 6875/803/799 6771/699/695 6851/779/775
f 6903/831/827 6894/822/818 6706/634/630
f 6877/805/801 6861/789/785 6776/704/700
f 6860/788/784 6859/787/783 6863/791/787
f 6916/844/840 6917/845/841 6918/846/842
f 6776/704/700 6795/723/719 6774/702/698
f 6919/847/843 6920/848/844 6921/849/845
f 6869/797/793 6896/824/820 6888/816/812
f 6771/699/695 6875/803/799 6879/807/803
f 6867/795/791 6916/844/840 6905/833/829
f 6906/834/830 6904/832/828 6875/803/799
f 6908/836/832 6871/799/795 6907/835/831
f 6848/776/772 6852/780/776 6891/819/815
f 6904/832/828 6856/784/780 6875/803/799
f 6918/846/842 6907/835/831 6916/844/840
f 6907/835/831 6918/846/842 6913/841/837
f 6922/850/846 6923/851/847 6758/686/682
f 6770/698/694 6863/791/787 6865/793/789
f 6924/852/848 6914/842/838 6923/851/847
f 6874/802/798 6922/850/846 6864/792/788
f 6917/845/841 6913/841/837 6918/846/842
f 6864/792/788 6782/710/706 6784/712/708
f 6868/796/792 6905/833/829 6871/799/795
f 6878/806/802 6908/836/832 6924/852/848
f 6925/853/849 6825/753/749 6826/754/750
f 6921/849/845 6914/842/838 6912/840/836
f 6911/839/835 6919/847/843 6912/840/836
f 6921/849/845 6670/598/594 6758/686/682
f 6914/842/838 6908/836/832 6907/835/831
f 6926/854/850 6927/855/851 6917/845/841
f 6927/855/851 6912/840/836 6913/841/837
f 6908/836/832 6914/842/838 6924/852/848
f 6810/738/734 6785/713/709 6809/737/733
f 6924/852/848 6922/850/846 6878/806/802
f 6927/855/851 6910/838/834 6912/840/836
f 6912/840/836 6914/842/838 6913/841/837
f 6924/852/848 6923/851/847 6922/850/846
f 6927/855/851 6926/854/850 6910/838/834
f 6878/806/802 6922/850/846 6874/802/798
f 6810/738/734 6770/698/694 6865/793/789
f 6913/841/837 6917/845/841 6927/855/851
f 6922/850/846 6928/856/852 6782/710/706
f 6758/686/682 6928/856/852 6922/850/846
f 6914/842/838 6921/849/845 6923/851/847
f 6922/850/846 6782/710/706 6864/792/788
f 6670/598/594 6921/849/845 6920/848/844
f 6928/856/852 6663/591/587 6782/710/706
f 6921/849/845 6758/686/682 6923/851/847
f 6928/856/852 6758/686/682 6661/589/585
f 6661/589/585 6663/591/587 6928/856/852
f 6912/840/836 6919/847/843 6921/849/845
f 6732/660/656 6782/710/706 6663/591/587
f 6864/792/788 6784/712/708 6865/793/789
f 6732/660/656 6783/711/707 6782/710/706
f 6865/793/789 6784/712/708 6810/738/734
f 6784/712/708 6786/714/710 6810/738/734
f 6742/670/666 6741/669/665 6738/666/662
f 6747/675/671 6748/676/672 6741/669/665
f 6850/778/774 6768/696/692 6801/729/725
f 6929/857/853 6850/778/774 6801/729/725
f 6785/713/709 6810/738/734 6786/714/710
f 6770/698/694 6898/826/822 6863/791/787
f 6863/791/787 6898/826/822 6860/788/784
f 6808/736/732 6909/837/833 6791/719/715
f 6930/858/854 6670/598/594 6920/848/844
f 6931/859/855 6932/860/856 6725/653/649
f 6933/861/857 6934/862/858 6931/859/855
f 6826/754/750 6935/863/859 6925/853/849
f 6933/861/857 6722/650/646 6936/864/860
f 6725/653/649 6684/612/608 6931/859/855
f 6937/865/861 6933/861/857 6936/864/860
f 6909/837/833 6938/866/862 6791/719/715
f 6939/867/863 6938/866/862 6940/868/864
f 6684/612/608 6671/599/595 6931/859/855
f 6881/809/805 6940/868/864 6938/866/862
f 6925/853/849 6935/863/859 6941/869/865
f 6881/809/805 6938/866/862 6909/837/833
f 6934/862/858 6933/861/857 6937/865/861
f 6915/843/839 6797/725/721 6796/724/720
f 6942/870/866 6929/857/853 6801/729/725
f 6943/871/867 6929/857/853 6942/870/866
f 6943/871/867 6942/870/866 6944/872/868
f 6944/872/868 6942/870/866 6844/772/768
f 6801/729/725 6844/772/768 6942/870/866
f 6943/871/867 6944/872/868 6945/873/869
f 6670/598/594 6930/858/854 6936/864/860
f 6946/874/870 6947/875/871 6948/876/872
f 6930/858/854 6948/876/872 6947/875/871
f 6936/864/860 6722/650/646 6670/598/594
f 6934/862/858 6941/869/865 6932/860/856
f 6936/864/860 6947/875/871 6949/877/873
f 6947/875/871 6936/864/860 6930/858/854
f 6949/877/873 6937/865/861 6936/864/860
f 6941/869/865 6935/863/859 6932/860/856
f 6931/859/855 6722/650/646 6933/861/857
f 6931/859/855 6934/862/858 6932/860/856
f 6950/878/874 6826/754/750 6726/654/650
f 6935/863/859 6826/754/750 6950/878/874
f 6920/848/844 6919/847/843 6930/858/854
f 6919/847/843 6948/876/872 6930/858/854
f 6948/876/872 6911/839/835 6946/874/870
f 6931/859/855 6671/599/595 6722/650/646
f 6911/839/835 6948/876/872 6919/847/843
f 6725/653/649 6932/860/856 6935/863/859
f 6910/838/834 6946/874/870 6911/839/835
f 6841/769/765 6945/873/869 6844/772/768
f 6944/872/868 6844/772/768 6945/873/869
f 6761/689/685 6760/688/684 6806/734/730
f 6951/879/875 6837/765/761 6836/764/760
f 6839/767/763 6952/880/876 6951/879/875
f 6952/880/876 6839/767/763 6746/674/670
f 6839/767/763 6951/879/875 6836/764/760
f 6746/674/670 6745/673/669 6952/880/876
f 6725/653/649 6935/863/859 6950/878/874
f 6726/654/650 6725/653/649 6950/878/874
f 7629/881/877 7630/882/878 7631/883/879
f 7632/884/880 7633/885/881 7630/882/878
f 7629/881/877 7634/886/882 7630/882/878
f 7635/887/883 7630/882/878 7633/885/881
f 7634/886/882 7636/888/884 7637/889/885
f 7638/890/886 7637/889/885 7636/888/884
f 7638/890/886 7639/891/887 7637/889/885
f 7640/892/888 7638/890/886 7636/888/884
f 7641/893/889 7642/894/890 7643/895/891
f 7640/892/888 7644/896/892 7638/890/886
f 7640/892/888 7645/897/893 7644/896/892
f 7644/896/892 7645/897/893 7646/898/894
f 7645/897/893 7647/899/895 7646/898/894
f 7645/897/893 7648/900/896 7647/899/895
f 7632/884/880 7630/882/878 7634/886/882
f 7649/901/897 7650/902/898 7651/903/899
f 7637/889/885 7632/884/880 7634/886/882
f 7640/892/888 7648/900/896 7645/897/893
f 7652/904/900 7653/905/901 7654/906/902
f 7655/907/903 7656/908/904 7657/909/905
f 7658/910/906 7659/911/907 7660/912/908
f 7661/913/909 7662/914/910 7656/908/904
f 7656/908/904 7655/907/903 7661/913/909
f 7663/915/911 7664/916/912 7665/917/913
f 7666/918/914 7667/919/915 7668/920/916
f 7655/907/903 7657/909/905 7669/921/917
f 7667/919/915 7655/907/903 7669/921/917
f 7666/918/914 7668/920/916 7670/922/918
f 7666/918/914 7655/907/903 7667/919/915
f 7671/923/919 7672/924/920 7673/925/921
f 7666/918/914 7661/913/909 7655/907/903
f 7674/926/922 7675/927/923 7676/928/924
f 7672/924/920 7677/929/925 7673/925/921
f 7678/930/926 7679/931/927 7676/928/924
f 7680/932/928 7671/923/919 7681/933/929
f 7675/927/923 7678/930/926 7676/928/924
f 7682/934/930 7683/935/931 7684/936/932
f 7633/885/881 7681/933/929 7673/925/921
f 7685/937/933 7686/938/934 7687/939/935
f 7688/940/936 7689/941/937 7690/942/938
f 7691/943/939 7692/944/940 7693/945/941
f 7694/946/942 7695/947/943 7685/937/933
f 7673/925/921 7681/933/929 7671/923/919
f 7696/948/944 7685/937/933 7687/939/935
f 7671/923/919 7697/949/945 7692/944/940
f 7698/950/946 7699/951/947 7683/935/931
f 7678/930/926 7700/952/948 7679/931/927
f 7694/946/942 7696/948/944 7698/950/946
f 7682/934/930 7688/940/936 7690/942/938
f 7701/953/949 7702/954/950 7660/912/908
f 7703/955/951 7704/956/952 7635/887/883
f 7631/883/879 7635/887/883 7704/956/952
f 7705/957/953 7706/958/954 7707/959/955
f 7708/960/956 7709/961/957 7710/962/958
f 7711/963/959 7712/964/960 7713/965/961
f 7708/960/956 7714/966/962 7715/967/963
f 7712/964/960 7716/968/964 7708/960/956
f 7717/969/965 7718/970/966 7719/971/967
f 7708/960/956 7720/972/968 7712/964/960
f 7721/973/969 7712/964/960 7720/972/968
f 7708/960/956 7715/967/963 7720/972/968
f 7716/968/964 7709/961/957 7708/960/956
f 7711/963/959 7716/968/964 7712/964/960
f 7722/974/970 7717/969/965 7723/975/971
f 7717/969/965 7719/971/967 7724/976/972
f 7717/969/965 7724/976/972 7725/977/973
f 7717/969/965 7726/978/974 7718/970/966
f 7722/974/970 7723/975/971 7720/972/968
f 7720/972/968 7723/975/971 7721/973/969
f 7726/978/974 7717/969/965 7722/974/970
f 7725/977/973 7723/975/971 7717/969/965
f 7727/979/975 7728/980/976 7729/981/977
f 7730/982/978 7728/980/976 7727/979/975
f 7731/983/979 7727/979/975 7732/984/980
f 7731/983/979 7732/984/980 7733/985/981
f 7734/986/982 7735/987/983 7736/988/984
f 7734/986/982 7737/989/985 7735/987/983
f 7738/990/986 7739/991/987 7740/992/988
f 7734/986/982 7731/983/979 7737/989/985
f 7740/992/988 7739/991/987 7741/993/989
f 7700/952/948 7742/994/990 7679/931/927
f 7736/988/984 7735/987/983 7743/995/991
f 7744/996/992 7703/955/951 7743/995/991
f 7738/990/986 7650/902/898 7739/991/987
f 7734/986/982 7736/988/984 7745/997/993
f 7733/985/981 7746/998/994 7737/989/985
f 7743/995/991 7735/987/983 7737/989/985
f 7747/999/995 7741/993/989 7739/991/987
f 7746/998/994 7732/984/980 7748/1000/996
f 7741/993/989 7747/999/995 7749/1001/997
f 7679/931/927 7750/1002/998 7751/1003/999
f 7750/1002/998 7679/931/927 7742/994/990
f 7748/1000/996 7749/1001/997 7746/998/994
f 7731/983/979 7733/985/981 7737/989/985
f 7752/1004/1000 7751/1003/999 7750/1002/998
f 7741/993/989 7749/1001/997 7748/1000/996
f 7753/1005/1001 7754/1006/1002 7755/1007/1003
f 7732/984/980 7746/998/994 7733/985/981
f 7739/991/987 7650/902/898 7747/999/995
f 7743/995/991 7737/989/985 7744/996/992
f 7737/989/985 7746/998/994 7749/1001/997
f 7649/901/897 7747/999/995 7650/902/898
f 7744/996/992 7737/989/985 7749/1001/997
f 7747/999/995 7744/996/992 7749/1001/997
f 7700/952/948 7756/1008/1004 7742/994/990
f 7754/1006/1002 7753/1005/1001 7752/1004/1000
f 7752/1004/1000 7753/1005/1001 7751/1003/999
f 7757/1009/1005 7758/1010/1006 7759/1011/1007
f 7709/961/957 7716/968/964 7760/1012/1008
f 7711/963/959 7760/1012/1008 7716/968/964
f 7711/963/959 7761/1013/1009 7762/1014/1010
f 7630/882/878 7635/887/883 7631/883/879
f 7713/965/961 7761/1013/1009 7711/963/959
f 7763/1015/1011 7631/883/879 7761/1013/1009
f 7713/965/961 7764/1016/1012 7765/1017/1013
f 7763/1015/1011 7629/881/877 7631/883/879
f 7763/1015/1011 7713/965/961 7765/1017/1013
f 7701/953/949 7766/1018/1014 7702/954/950
f 7740/992/988 7767/1019/1015 7768/1020/1016
f 7769/1021/1017 7770/1022/1018 7771/1023/1019
f 7765/1017/1013 7629/881/877 7763/1015/1011
f 7765/1017/1013 7757/1009/1005 7629/881/877
f 7772/1024/1020 7773/1025/1021 7774/1026/1022
f 7765/1017/1013 7758/1010/1006 7757/1009/1005
f 7764/1016/1012 7758/1010/1006 7765/1017/1013
f 7688/940/936 7682/934/930 7753/1005/1001
f 7775/1027/1023 7636/888/884 7634/886/882
f 7758/1010/1006 7764/1016/1012 7776/1028/1024
f 7776/1028/1024 7764/1016/1012 7777/1029/1025
f 7767/1019/1015 7778/1030/1026 7768/1020/1016
f 7629/881/877 7757/1009/1005 7775/1027/1023
f 7757/1009/1005 7636/888/884 7775/1027/1023
f 7757/1009/1005 7759/1011/1007 7636/888/884
f 7779/1031/1027 7759/1011/1007 7758/1010/1006
f 7713/965/961 7777/1029/1025 7764/1016/1012
f 7640/892/888 7780/1032/1028 7781/1033/1029
f 7648/900/896 7640/892/888 7781/1033/1029
f 7774/1026/1022 7782/1034/1030 7783/1035/1031
f 7784/1036/1032 7785/1037/1033 7786/1038/1034
f 7773/1025/1021 7787/1039/1035 7782/1034/1030
f 7759/1011/1007 7640/892/888 7636/888/884
f 7759/1011/1007 7779/1031/1027 7780/1032/1028
f 7788/1040/1036 7789/1041/1037 7790/1042/1038
f 7789/1041/1037 7791/1043/1039 7792/1044/1040
f 7772/1024/1020 7648/900/896 7773/1025/1021
f 7772/1024/1020 7774/1026/1022 7793/1045/1041
f 7794/1046/1042 7793/1045/1041 7774/1026/1022
f 7792/1044/1040 7795/1047/1043 7790/1042/1038
f 7728/980/976 7730/982/978 7701/953/949
f 7758/1010/1006 7776/1028/1024 7779/1031/1027
f 7787/1039/1035 7781/1033/1029 7780/1032/1028
f 7773/1025/1021 7648/900/896 7781/1033/1029
f 7772/1024/1020 7793/1045/1041 7796/1048/1044
f 7775/1027/1023 7634/886/882 7629/881/877
f 7731/983/979 7734/986/982 7797/1049/1045
f 7793/1045/1041 7798/1050/1046 7796/1048/1044
f 7799/1051/1047 7800/1052/1048 7801/1053/1049
f 7780/1032/1028 7640/892/888 7759/1011/1007
f 7802/1054/1050 7803/1055/1051 7729/981/977
f 7782/1034/1030 7774/1026/1022 7773/1025/1021
f 7798/1050/1046 7793/1045/1041 7795/1047/1043
f 7795/1047/1043 7792/1044/1040 7804/1056/1052
f 7805/1057/1053 7791/1043/1039 7788/1040/1036
f 7773/1025/1021 7781/1033/1029 7787/1039/1035
f 7804/1056/1052 7798/1050/1046 7795/1047/1043
f 7806/1058/1054 7790/1042/1038 7793/1045/1041
f 7790/1042/1038 7806/1058/1054 7788/1040/1036
f 7789/1041/1037 7792/1044/1040 7790/1042/1038
f 7762/1014/1010 7760/1012/1008 7711/963/959
f 7788/1040/1036 7791/1043/1039 7789/1041/1037
f 7795/1047/1043 7793/1045/1041 7790/1042/1038
f 7761/1013/1009 7713/965/961 7763/1015/1011
f 7807/1059/1055 7791/1043/1039 7805/1057/1053
f 7770/1022/1018 7808/1060/1056 7809/1061/1057
f 7703/955/951 7810/1062/1058 7704/956/952
f 7811/1063/1059 7803/1055/1051 7802/1054/1050
f 7812/1064/1060 7813/1065/1061 7808/1060/1056
f 7813/1065/1061 7814/1066/1062 7808/1060/1056
f 7803/1055/1051 7815/1067/1063 7816/1068/1064
f 7817/1069/1065 7799/1051/1047 7818/1070/1066
f 7663/915/911 7819/1071/1067 7664/916/912
f 7814/1066/1062 7809/1061/1057 7808/1060/1056
f 7820/1072/1068 7665/917/913 7818/1070/1066
f 7771/1023/1019 7770/1022/1018 7809/1061/1057
f 7818/1070/1066 7665/917/913 7817/1069/1065
f 7665/917/913 7821/1073/1069 7817/1069/1065
f 7687/939/935 7822/1074/1070 7699/951/947
f 7766/1018/1014 7730/982/978 7731/983/979
f 7699/951/947 7698/950/946 7696/948/944
f 7664/916/912 7783/1035/1031 7782/1034/1030
f 7823/1075/1071 7654/906/902 7653/905/901
f 7824/1076/1072 7825/1077/1073 7826/1078/1074
f 7827/1079/1075 7659/911/907 7658/910/906
f 7731/983/979 7730/982/978 7727/979/975
f 7822/1074/1070 7828/1080/1076 7699/951/947
f 7783/1035/1031 7819/1071/1067 7794/1046/1042
f 7694/946/942 7698/950/946 7690/942/938
f 7767/1019/1015 7816/1068/1064 7778/1030/1026
f 7690/942/938 7829/1081/1077 7694/946/942
f 7684/936/932 7751/1003/999 7753/1005/1001
f 7692/944/940 7686/938/934 7685/937/933
f 7698/950/946 7682/934/930 7690/942/938
f 7676/928/924 7830/1082/1078 7828/1080/1076
f 7689/941/937 7829/1081/1077 7690/942/938
f 7676/928/924 7751/1003/999 7684/936/932
f 7684/936/932 7830/1082/1078 7676/928/924
f 7697/949/945 7686/938/934 7692/944/940
f 7683/935/931 7830/1082/1078 7684/936/932
f 7828/1080/1076 7822/1074/1070 7674/926/922
f 7683/935/931 7828/1080/1076 7830/1082/1078
f 7694/946/942 7685/937/933 7696/948/944
f 7687/939/935 7686/938/934 7647/899/895
f 7676/928/924 7828/1080/1076 7674/926/922
f 7699/951/947 7696/948/944 7687/939/935
f 7683/935/931 7682/934/930 7698/950/946
f 7692/944/940 7695/947/943 7693/945/941
f 7679/931/927 7751/1003/999 7676/928/924
f 7633/885/881 7673/925/921 7677/929/925
f 7685/937/933 7695/947/943 7692/944/940
f 7828/1080/1076 7683/935/931 7699/951/947
f 7753/1005/1001 7682/934/930 7684/936/932
f 7819/1071/1067 7663/915/911 7786/1038/1034
f 7783/1035/1031 7794/1046/1042 7774/1026/1022
f 7704/956/952 7761/1013/1009 7631/883/879
f 7761/1013/1009 7810/1062/1058 7762/1014/1010
f 7761/1013/1009 7704/956/952 7810/1062/1058
f 7831/1083/1079 7832/1084/1080 7833/1085/1081
f 7834/1086/1082 7835/1087/1083 7831/1083/1079
f 7836/1088/1084 7837/1089/1085 7831/1083/1079
f 7838/1090/1086 7794/1046/1042 7839/1091/1087
f 7793/1045/1041 7794/1046/1042 7806/1058/1054
f 7786/1038/1034 7785/1037/1033 7839/1091/1087
f 7833/1085/1081 7840/1092/1088 7834/1086/1082
f 7838/1090/1086 7839/1091/1087 7841/1093/1089
f 7841/1093/1089 7842/1094/1090 7838/1090/1086
f 7835/1087/1083 7843/1095/1091 7844/1096/1092
f 7843/1095/1091 7834/1086/1082 7845/1097/1093
f 7846/1098/1094 7847/1099/1095 7836/1088/1084
f 7846/1098/1094 7836/1088/1084 7835/1087/1083
f 7823/1075/1071 7641/893/889 7848/1100/1096
f 7788/1040/1036 7806/1058/1054 7842/1094/1090
f 7834/1086/1082 7840/1092/1088 7845/1097/1093
f 7835/1087/1083 7844/1096/1092 7846/1098/1094
f 7833/1085/1081 7834/1086/1082 7831/1083/1079
f 7843/1095/1091 7721/973/969 7844/1096/1092
f 7849/1101/1097 7776/1028/1024 7850/1102/1098
f 7844/1096/1092 7725/977/973 7846/1098/1094
f 7723/975/971 7725/977/973 7844/1096/1092
f 7834/1086/1082 7843/1095/1091 7835/1087/1083
f 7850/1102/1098 7777/1029/1025 7851/1103/1099
f 7836/1088/1084 7831/1083/1079 7835/1087/1083
f 7777/1029/1025 7850/1102/1098 7776/1028/1024
f 7777/1029/1025 7713/965/961 7851/1103/1099
f 7851/1103/1099 7713/965/961 7843/1095/1091
f 7723/975/971 7844/1096/1092 7721/973/969
f 7665/917/913 7820/1072/1068 7663/915/911
f 7721/973/969 7843/1095/1091 7713/965/961
f 7851/1103/1099 7840/1092/1088 7850/1102/1098
f 7840/1092/1088 7851/1103/1099 7845/1097/1093
f 7707/959/955 7852/1104/1100 7853/1105/1101
f 7702/954/950 7766/1018/1014 7854/1106/1102
f 7855/1107/1103 7846/1098/1094 7725/977/973
f 7845/1097/1093 7851/1103/1099 7843/1095/1091
f 7713/965/961 7712/964/960 7721/973/969
f 7805/1057/1053 7842/1094/1090 7856/1108/1104
f 7857/1109/1105 7805/1057/1053 7856/1108/1104
f 7858/1110/1106 7859/1111/1107 7818/1070/1066
f 7860/1112/1108 7861/1113/1109 7862/1114/1110
f 7663/915/911 7820/1072/1068 7863/1115/1111
f 7864/1116/1112 7660/912/908 7659/911/907
f 7858/1110/1106 7801/1053/1049 7865/1117/1113
f 7866/1118/1114 7705/957/953 7867/1119/1115
f 7819/1071/1067 7786/1038/1034 7839/1091/1087
f 7821/1073/1069 7782/1034/1030 7868/1120/1116
f 7720/972/968 7715/967/963 7869/1121/1117
f 7870/1122/1118 7824/1076/1072 7826/1078/1074
f 7866/1118/1114 7867/1119/1115 7871/1123/1119
f 7872/1124/1120 7873/1125/1121 7874/1126/1122
f 7824/1076/1072 7870/1122/1118 7862/1114/1110
f 7861/1113/1109 7824/1076/1072 7862/1114/1110
f 7866/1118/1114 7875/1127/1123 7876/1128/1124
f 7877/1129/1125 7878/1130/1126 7879/1131/1127
f 7880/1132/1128 7879/1131/1127 7878/1130/1126
f 7881/1133/1129 7811/1063/1059 7802/1054/1050
f 7785/1037/1033 7841/1093/1089 7839/1091/1087
f 7882/1134/1130 7883/1135/1131 7884/1136/1132
f 7885/1137/1133 7811/1063/1059 7886/1138/1134
f 7839/1091/1087 7794/1046/1042 7819/1071/1067
f 7811/1063/1059 7885/1137/1133 7880/1132/1128
f 7881/1133/1129 7886/1138/1134 7811/1063/1059
f 7805/1057/1053 7857/1109/1105 7807/1059/1055
f 7823/1075/1071 7827/1079/1075 7658/910/906
f 7876/1128/1124 7706/958/954 7866/1118/1114
f 7887/1139/1135 7888/1140/1136 7855/1107/1103
f 7889/1141/1137 7890/1142/1138 7891/1143/1139
f 7838/1090/1086 7842/1094/1090 7806/1058/1054
f 7892/1144/1140 7893/1145/1141 7837/1089/1085
f 7894/1146/1142 7875/1127/1123 7866/1118/1114
f 7821/1073/1069 7664/916/912 7782/1034/1030
f 7866/1118/1114 7871/1123/1119 7894/1146/1142
f 7863/1115/1111 7820/1072/1068 7859/1111/1107
f 7895/1147/1143 7873/1125/1121 7872/1124/1120
f 7875/1127/1123 7896/1148/1144 7876/1128/1124
f 7872/1124/1120 7874/1126/1122 7897/1149/1145
f 7898/1150/1146 7755/1007/1003 7899/1151/1147
f 7900/1152/1148 7894/1146/1142 7871/1123/1119
f 7705/957/953 7866/1118/1114 7706/958/954
f 7894/1146/1142 7901/1153/1149 7875/1127/1123
f 7897/1149/1145 7902/1154/1150 7889/1141/1137
f 7894/1146/1142 7900/1152/1148 7903/1155/1151
f 7904/1156/1152 7901/1153/1149 7894/1146/1142
f 7873/1125/1121 7895/1147/1143 7865/1117/1113
f 7905/1157/1153 7817/1069/1065 7821/1073/1069
f 7901/1153/1149 7896/1148/1144 7875/1127/1123
f 7903/1155/1151 7904/1156/1152 7894/1146/1142
f 7801/1053/1049 7858/1110/1106 7799/1051/1047
f 7853/1105/1101 7906/1158/1154 7848/1100/1096
f 7819/1071/1067 7783/1035/1031 7664/916/912
f 7907/1159/1155 7883/1135/1131 7882/1134/1130
f 7904/1156/1152 7908/1160/1156 7901/1153/1149
f 7897/1149/1145 7874/1126/1122 7909/1161/1157
f 7903/1155/1151 7910/1162/1158 7911/1163/1159
f 7893/1145/1141 7912/1164/1160 7833/1085/1081
f 7913/1165/1161 7689/941/937 7911/1163/1159
f 7914/1166/1162 7908/1160/1156 7911/1163/1159
f 7908/1160/1156 7904/1156/1152 7911/1163/1159
f 7911/1163/1159 7915/1167/1163 7914/1166/1162
f 7848/1100/1096 7906/1158/1154 7654/906/902
f 7858/1110/1106 7865/1117/1113 7907/1159/1155
f 7689/941/937 7915/1167/1163 7911/1163/1159
f 7883/1135/1131 7895/1147/1143 7884/1136/1132
f 7893/1145/1141 7833/1085/1081 7832/1084/1080
f 7865/1117/1113 7895/1147/1143 7907/1159/1155
f 7888/1140/1136 7909/1161/1157 7874/1126/1122
f 7832/1084/1080 7837/1089/1085 7893/1145/1141
f 7915/1167/1163 7689/941/937 7688/940/936
f 7731/983/979 7797/1049/1045 7766/1018/1014
f 7734/986/982 7916/1168/1164 7797/1049/1045
f 7916/1168/1164 7854/1106/1102 7797/1049/1045
f 7658/910/906 7917/1169/1165 7642/894/890
f 7854/1106/1102 7918/1170/1166 7917/1169/1165
f 7847/1099/1095 7919/1171/1167 7836/1088/1084
f 7702/954/950 7854/1106/1102 7917/1169/1165
f 7859/1111/1107 7882/1134/1130 7920/1172/1168
f 7658/910/906 7702/954/950 7917/1169/1165
f 7873/1125/1121 7888/1140/1136 7874/1126/1122
f 7891/1143/1139 7921/1173/1169 7922/1174/1170
f 7893/1145/1141 7923/1175/1171 7800/1052/1048
f 7924/1176/1172 7884/1136/1132 7895/1147/1143
f 7899/1151/1147 7925/1177/1173 7898/1150/1146
f 7915/1167/1163 7688/940/936 7898/1150/1146
f 7872/1124/1120 7897/1149/1145 7926/1178/1174
f 7745/997/993 7927/1179/1175 7916/1168/1164
f 7724/976/972 7719/971/967 7902/1154/1150
f 7897/1149/1145 7909/1161/1157 7928/1180/1176
f 7888/1140/1136 7928/1180/1176 7909/1161/1157
f 7888/1140/1136 7873/1125/1121 7892/1144/1140
f 7910/1162/1158 7903/1155/1151 7900/1152/1148
f 7755/1007/1003 7898/1150/1146 7753/1005/1001
f 7924/1176/1172 7922/1174/1170 7921/1173/1169
f 7801/1053/1049 7800/1052/1048 7923/1175/1171
f 7928/1180/1176 7887/1139/1135 7724/976/972
f 7663/915/911 7784/1036/1032 7786/1038/1034
f 7889/1141/1137 7926/1178/1174 7897/1149/1145
f 7865/1117/1113 7801/1053/1049 7923/1175/1171
f 7914/1166/1162 7915/1167/1163 7925/1177/1173
f 7927/1179/1175 7929/1181/1177 7916/1168/1164
f 7930/1182/1178 7931/1183/1179 7929/1181/1177
f 7784/1036/1032 7663/915/911 7920/1172/1168
f 7859/1111/1107 7820/1072/1068 7818/1070/1066
f 7891/1143/1139 7890/1142/1138 7921/1173/1169
f 7818/1070/1066 7799/1051/1047 7858/1110/1106
f 7902/1154/1150 7932/1184/1180 7724/976/972
f 7705/957/953 7641/893/889 7643/895/891
f 7892/1144/1140 7873/1125/1121 7923/1175/1171
f 7848/1100/1096 7654/906/902 7823/1075/1071
f 7888/1140/1136 7887/1139/1135 7928/1180/1176
f 7888/1140/1136 7919/1171/1167 7855/1107/1103
f 7882/1134/1130 7859/1111/1107 7907/1159/1155
f 7919/1171/1167 7847/1099/1095 7855/1107/1103
f 7892/1144/1140 7919/1171/1167 7888/1140/1136
f 7917/1169/1165 7918/1170/1166 7931/1183/1179
f 7872/1124/1120 7924/1176/1172 7895/1147/1143
f 7745/997/993 7916/1168/1164 7734/986/982
f 7836/1088/1084 7919/1171/1167 7837/1089/1085
f 7917/1169/1165 7643/895/891 7642/894/890
f 7876/1128/1124 7896/1148/1144 7706/958/954
f 7730/982/978 7766/1018/1014 7701/953/949
f 7693/945/941 7900/1152/1148 7871/1123/1119
f 7918/1170/1166 7916/1168/1164 7929/1181/1177
f 7848/1100/1096 7707/959/955 7853/1105/1101
f 7931/1183/1179 7643/895/891 7917/1169/1165
f 7871/1123/1119 7933/1185/1181 7691/943/939
f 7928/1180/1176 7724/976/972 7932/1184/1180
f 7919/1171/1167 7892/1144/1140 7837/1089/1085
f 7800/1052/1048 7912/1164/1160 7893/1145/1141
f 7671/923/919 7933/1185/1181 7672/924/920
f 7863/1115/1111 7859/1111/1107 7920/1172/1168
f 7934/1186/1182 7900/1152/1148 7693/945/941
f 7873/1125/1121 7865/1117/1113 7923/1175/1171
f 7784/1036/1032 7920/1172/1168 7882/1134/1130
f 7860/1112/1108 7827/1079/1075 7653/905/901
f 7887/1139/1135 7725/977/973 7724/976/972
f 7725/977/973 7887/1139/1135 7855/1107/1103
f 7897/1149/1145 7928/1180/1176 7932/1184/1180
f 7923/1175/1171 7893/1145/1141 7892/1144/1140
f 7663/915/911 7863/1115/1111 7920/1172/1168
f 7707/959/955 7706/958/954 7852/1104/1100
f 7847/1099/1095 7846/1098/1094 7855/1107/1103
f 7832/1084/1080 7831/1083/1079 7837/1089/1085
f 7897/1149/1145 7932/1184/1180 7902/1154/1150
f 7769/1021/1017 7935/1187/1183 7936/1188/1184
f 7870/1122/1118 7826/1078/1074 7937/1189/1185
f 7692/944/940 7691/943/939 7933/1185/1181
f 7826/1078/1074 7938/1190/1186 7937/1189/1185
f 7939/1191/1187 7864/1116/1112 7870/1122/1118
f 7937/1189/1185 7939/1191/1187 7870/1122/1118
f 7931/1183/1179 7867/1119/1115 7643/895/891
f 7939/1191/1187 7940/1192/1188 7864/1116/1112
f 7693/945/941 7695/947/943 7934/1186/1182
f 7939/1191/1187 7941/1193/1189 7886/1138/1134
f 7911/1163/1159 7910/1162/1158 7913/1165/1161
f 7938/1190/1186 7939/1191/1187 7937/1189/1185
f 7942/1194/1190 7943/1195/1191 7944/1196/1192
f 7898/1150/1146 7688/940/936 7753/1005/1001
f 7823/1075/1071 7653/905/901 7827/1079/1075
f 7913/1165/1161 7910/1162/1158 7934/1186/1182
f 7726/978/974 7945/1197/1193 7946/1198/1194
f 7885/1137/1133 7886/1138/1134 7941/1193/1189
f 7904/1156/1152 7903/1155/1151 7911/1163/1159
f 7930/1182/1178 7933/1185/1181 7871/1123/1119
f 7692/944/940 7933/1185/1181 7671/923/919
f 7947/1199/1195 7942/1194/1190 7944/1196/1192
f 7898/1150/1146 7925/1177/1173 7915/1167/1163
f 7948/1200/1196 7949/1201/1197 7814/1066/1062
f 7941/1193/1189 7950/1202/1198 7885/1137/1133
f 7710/962/958 7714/966/962 7708/960/956
f 7951/1203/1199 7886/1138/1134 7881/1133/1129
f 7950/1202/1198 7952/1204/1200 7885/1137/1133
f 7934/1186/1182 7695/947/943 7829/1081/1077
f 7953/1205/1201 7954/1206/1202 7955/1207/1203
f 7952/1204/1200 7880/1132/1128 7885/1137/1133
f 7816/1068/1064 7727/979/975 7729/981/977
f 7956/1208/1204 7957/1209/1205 7958/1210/1206
f 7729/981/977 7951/1203/1199 7881/1133/1129
f 7959/1211/1207 7960/1212/1208 7938/1190/1186
f 7961/1213/1209 7947/1199/1195 7962/1214/1210
f 7960/1212/1208 7952/1204/1200 7938/1190/1186
f 7880/1132/1128 7952/1204/1200 7879/1131/1127
f 7662/914/910 7661/913/909 7963/1215/1211
f 7900/1152/1148 7934/1186/1182 7910/1162/1158
f 7642/894/890 7823/1075/1071 7658/910/906
f 7959/1211/1207 7964/1216/1212 7960/1212/1208
f 7881/1133/1129 7802/1054/1050 7729/981/977
f 7952/1204/1200 7960/1212/1208 7879/1131/1127
f 7965/1217/1213 7960/1212/1208 7964/1216/1212
f 7672/924/920 7933/1185/1181 7930/1182/1178
f 7913/1165/1161 7934/1186/1182 7829/1081/1077
f 7966/1218/1214 7965/1217/1213 7967/1219/1215
f 7821/1073/1069 7968/1220/1216 7905/1157/1153
f 7969/1221/1217 7968/1220/1216 7779/1031/1027
f 7776/1028/1024 7849/1101/1097 7969/1221/1217
f 7922/1174/1170 7924/1176/1172 7872/1124/1120
f 7695/947/943 7694/946/942 7829/1081/1077
f 7969/1221/1217 7800/1052/1048 7905/1157/1153
f 7966/1218/1214 7967/1219/1215 7970/1222/1218
f 7840/1092/1088 7849/1101/1097 7850/1102/1098
f 7821/1073/1069 7780/1032/1028 7968/1220/1216
f 7691/943/939 7693/945/941 7871/1123/1119
f 7905/1157/1153 7968/1220/1216 7969/1221/1217
f 7780/1032/1028 7821/1073/1069 7787/1039/1035
f 7779/1031/1027 7968/1220/1216 7780/1032/1028
f 7779/1031/1027 7776/1028/1024 7969/1221/1217
f 7787/1039/1035 7821/1073/1069 7868/1120/1116
f 7913/1165/1161 7829/1081/1077 7689/941/937
f 7964/1216/1212 7967/1219/1215 7965/1217/1213
f 7912/1164/1160 7800/1052/1048 7969/1221/1217
f 7912/1164/1160 7849/1101/1097 7833/1085/1081
f 7868/1120/1116 7782/1034/1030 7787/1039/1035
f 7849/1101/1097 7912/1164/1160 7969/1221/1217
f 7840/1092/1088 7833/1085/1081 7849/1101/1097
f 7871/1123/1119 7867/1119/1115 7971/1223/1219
f 7813/1065/1061 7878/1130/1126 7877/1129/1125
f 7972/1224/1220 7970/1222/1218 7973/1225/1221
f 7948/1200/1196 7814/1066/1062 7970/1222/1218
f 7916/1168/1164 7918/1170/1166 7854/1106/1102
f 7974/1226/1222 7732/984/980 7727/979/975
f 7975/1227/1223 7955/1207/1203 7954/1206/1202
f 7701/953/949 7660/912/908 7951/1203/1199
f 7957/1209/1205 7972/1224/1220 7958/1210/1206
f 7867/1119/1115 7705/957/953 7643/895/891
f 7654/906/902 7906/1158/1154 7976/1228/1224
f 7879/1131/1127 7960/1212/1208 7977/1229/1225
f 7947/1199/1195 7978/1230/1226 7810/1062/1058
f 7930/1182/1178 7971/1223/1219 7931/1183/1179
f 7951/1203/1199 7940/1192/1188 7886/1138/1134
f 7979/1231/1227 7945/1197/1193 7869/1121/1117
f 7972/1224/1220 7980/1232/1228 7981/1233/1229
f 7871/1123/1119 7971/1223/1219 7930/1182/1178
f 7918/1170/1166 7929/1181/1177 7931/1183/1179
f 7662/914/910 7963/1215/1211 7982/1234/1230
f 7809/1061/1057 7814/1066/1062 7949/1201/1197
f 7867/1119/1115 7931/1183/1179 7971/1223/1219
f 7794/1046/1042 7838/1090/1086 7806/1058/1054
f 7738/990/986 7983/1235/1231 7650/902/898
f 7907/1159/1155 7895/1147/1143 7883/1135/1131
f 7809/1061/1057 7949/1201/1197 7984/1236/1232
f 7985/1237/1233 7986/1238/1234 7902/1154/1150
f 7946/1198/1194 7670/922/918 7985/1237/1233
f 7872/1124/1120 7926/1178/1174 7922/1174/1170
f 7957/1209/1205 7956/1208/1204 7987/1239/1235
f 7988/1240/1236 7957/1209/1205 7987/1239/1235
f 7949/1201/1197 7948/1200/1196 7981/1233/1229
f 7981/1233/1229 7980/1232/1228 7984/1236/1232
f 7972/1224/1220 7948/1200/1196 7970/1222/1218
f 7748/1000/996 7974/1226/1222 7741/993/989
f 7989/1241/1237 7811/1063/1059 7880/1132/1128
f 7770/1022/1018 7768/1020/1016 7812/1064/1060
f 7740/992/988 7768/1020/1016 7769/1021/1017
f 7989/1241/1237 7803/1055/1051 7811/1063/1059
f 7768/1020/1016 7770/1022/1018 7769/1021/1017
f 7768/1020/1016 7778/1030/1026 7812/1064/1060
f 7989/1241/1237 7878/1130/1126 7815/1067/1063
f 7953/1205/1201 7710/962/958 7943/1195/1191
f 7972/1224/1220 7981/1233/1229 7948/1200/1196
f 7803/1055/1051 7816/1068/1064 7729/981/977
f 7878/1130/1126 7813/1065/1061 7812/1064/1060
f 7770/1022/1018 7812/1064/1060 7808/1060/1056
f 7816/1068/1064 7815/1067/1063 7778/1030/1026
f 7905/1157/1153 7800/1052/1048 7799/1051/1047
f 7989/1241/1237 7880/1132/1128 7878/1130/1126
f 7815/1067/1063 7812/1064/1060 7778/1030/1026
f 7815/1067/1063 7878/1130/1126 7812/1064/1060
f 7815/1067/1063 7803/1055/1051 7989/1241/1237
f 7943/1195/1191 7942/1194/1190 7953/1205/1201
f 7799/1051/1047 7817/1069/1065 7905/1157/1153
f 7984/1236/1232 7980/1232/1228 7988/1240/1236
f 7709/961/957 7990/1242/1238 7710/962/958
f 7966/1218/1214 7814/1066/1062 7877/1129/1125
f 7664/916/912 7821/1073/1069 7665/917/913
f 7975/1227/1223 7651/903/899 7955/1207/1203
f 7955/1207/1203 7991/1243/1239 7992/1244/1240
f 7651/903/899 7991/1243/1239 7955/1207/1203
f 7935/1187/1183 7651/903/899 7936/1188/1184
f 7714/966/962 7869/1121/1117 7715/967/963
f 7991/1243/1239 7935/1187/1183 7993/1245/1241
f 7651/903/899 7935/1187/1183 7991/1243/1239
f 7981/1233/1229 7984/1236/1232 7949/1201/1197
f 7994/1246/1242 7771/1023/1019 7984/1236/1232
f 7956/1208/1204 7995/1247/1243 7987/1239/1235
f 7979/1231/1227 7996/1248/1244 7953/1205/1201
f 7666/918/914 7670/922/918 7661/913/909
f 7769/1021/1017 7771/1023/1019 7994/1246/1242
f 7957/1209/1205 7988/1240/1236 7980/1232/1228
f 7994/1246/1242 7984/1236/1232 7988/1240/1236
f 7941/1193/1189 7938/1190/1186 7950/1202/1198
f 7727/979/975 7816/1068/1064 7767/1019/1015
f 7744/996/992 7649/901/897 7962/1214/1210
f 7977/1229/1225 7960/1212/1208 7965/1217/1213
f 7660/912/908 7940/1192/1188 7951/1203/1199
f 7952/1204/1200 7950/1202/1198 7938/1190/1186
f 7670/922/918 7668/920/916 7985/1237/1233
f 7994/1246/1242 7935/1187/1183 7769/1021/1017
f 7936/1188/1184 7651/903/899 7983/1235/1231
f 7710/962/958 7996/1248/1244 7714/966/962
f 7979/1231/1227 7714/966/962 7996/1248/1244
f 7646/898/894 7647/899/895 7686/938/934
f 7798/1050/1046 7804/1056/1052 7997/1249/1245
f 7998/1250/1246 7796/1048/1044 7675/927/923
f 7675/927/923 7798/1050/1046 7997/1249/1245
f 7999/1251/1247 7633/885/881 7677/929/925
f 7736/988/984 7743/995/991 7999/1251/1247
f 7858/1110/1106 7907/1159/1155 7859/1111/1107
f 7638/890/886 7644/896/892 7639/891/887
f 7984/1236/1232 7771/1023/1019 7809/1061/1057
f 7860/1112/1108 7653/905/901 7976/1228/1224
f 7652/904/900 7976/1228/1224 7653/905/901
f 7922/1174/1170 7926/1178/1174 7891/1143/1139
f 7822/1074/1070 7648/900/896 7998/1250/1246
f 7756/1008/1004 7700/952/948 7997/1249/1245
f 7659/911/907 7827/1079/1075 7862/1114/1110
f 7974/1226/1222 7748/1000/996 7732/984/980
f 7662/914/910 8000/1252/1248 8001/1253/1249
f 7998/1250/1246 7675/927/923 7674/926/922
f 7990/1242/1238 7978/1230/1226 7943/1195/1191
f 7767/1019/1015 7974/1226/1222 7727/979/975
f 7740/992/988 7936/1188/1184 7983/1235/1231
f 7842/1094/1090 7805/1057/1053 7788/1040/1036
f 7632/884/880 7639/891/887 7681/933/929
f 7647/899/895 7648/900/896 7822/1074/1070
f 8002/1254/1250 8000/1252/1248 7993/1245/1241
f 7635/887/883 7633/885/881 7999/1251/1247
f 8003/1255/1251 7756/1008/1004 7792/1044/1040
f 7954/1206/1202 7942/1194/1190 7961/1213/1209
f 7938/1190/1186 7826/1078/1074 7825/1077/1073
f 7742/994/990 7756/1008/1004 8003/1255/1251
f 7635/887/883 7743/995/991 7703/955/951
f 7674/926/922 7822/1074/1070 7998/1250/1246
f 8004/1256/1252 7944/1196/1192 7943/1195/1191
f 7680/932/928 7639/891/887 7644/896/892
f 7988/1240/1236 8005/1257/1253 7994/1246/1242
f 7997/1249/1245 7700/952/948 7678/930/926
f 7978/1230/1226 7990/1242/1238 7709/961/957
f 7772/1024/1020 7998/1250/1246 7648/900/896
f 7649/901/897 7961/1213/1209 7962/1214/1210
f 7703/955/951 7744/996/992 7962/1214/1210
f 7822/1074/1070 7687/939/935 7647/899/895
f 7646/898/894 7686/938/934 7680/932/928
f 7657/909/905 7656/908/904 8006/1258/1254
f 7767/1019/1015 7741/993/989 7974/1226/1222
f 7659/911/907 7870/1122/1118 7864/1116/1112
f 7697/949/945 7680/932/928 7686/938/934
f 7940/1192/1188 7660/912/908 7864/1116/1112
f 7976/1228/1224 7652/904/900 7654/906/902
f 7660/912/908 7702/954/950 7658/910/906
f 7827/1079/1075 7860/1112/1108 7862/1114/1110
f 7656/908/904 8007/1259/1255 8006/1258/1254
f 7791/1043/1039 8003/1255/1251 7792/1044/1040
f 7870/1122/1118 7659/911/907 7862/1114/1110
f 7656/908/904 8001/1253/1249 8007/1259/1255
f 8006/1258/1254 7956/1208/1204 8008/1260/1256
f 7681/933/929 7639/891/887 7680/932/928
f 7951/1203/1199 7729/981/977 7728/980/976
f 7792/1044/1040 7756/1008/1004 7997/1249/1245
f 7982/1234/1230 8000/1252/1248 7662/914/910
f 7848/1100/1096 7641/893/889 7705/957/953
f 7678/930/926 7675/927/923 7997/1249/1245
f 7998/1250/1246 7772/1024/1020 7796/1048/1044
f 7927/1179/1175 7736/988/984 7999/1251/1247
f 7644/896/892 7646/898/894 7680/932/928
f 8008/1260/1256 7657/909/905 8006/1258/1254
f 7706/958/954 7896/1148/1144 7852/1104/1100
f 7637/889/885 7639/891/887 7632/884/880
f 7697/949/945 7671/923/919 7680/932/928
f 7992/1244/1240 7993/1245/1241 8000/1252/1248
f 7997/1249/1245 7804/1056/1052 7792/1044/1040
f 7705/957/953 7707/959/955 7848/1100/1096
f 7642/894/890 7641/893/889 7823/1075/1071
f 7977/1229/1225 7877/1129/1125 7879/1131/1127
f 7947/1199/1195 7810/1062/1058 7703/955/951
f 8002/1254/1250 7993/1245/1241 8005/1257/1253
f 7999/1251/1247 7743/995/991 7635/887/883
f 7740/992/988 7983/1235/1231 7738/990/986
f 7927/1179/1175 7745/997/993 7736/988/984
f 7681/933/929 7633/885/881 7632/884/880
f 8007/1259/1255 7995/1247/1243 7956/1208/1204
f 7927/1179/1175 7999/1251/1247 7677/929/925
f 7947/1199/1195 7944/1196/1192 8004/1256/1252
f 7956/1208/1204 8006/1258/1254 8007/1259/1255
f 7710/962/958 7990/1242/1238 7943/1195/1191
f 7719/971/967 7985/1237/1233 7902/1154/1150
f 7995/1247/1243 8007/1259/1255 8005/1257/1253
f 7796/1048/1044 7798/1050/1046 7675/927/923
f 7935/1187/1183 7994/1246/1242 7993/1245/1241
f 7947/1199/1195 7703/955/951 7962/1214/1210
f 7953/1205/1201 7942/1194/1190 7954/1206/1202
f 7945/1197/1193 7726/978/974 7722/974/970
f 7722/974/970 7720/972/968 7945/1197/1193
f 7946/1198/1194 7963/1215/1211 7661/913/909
f 8001/1253/1249 8005/1257/1253 8007/1259/1255
f 7945/1197/1193 7720/972/968 7869/1121/1117
f 8001/1253/1249 7656/908/904 7662/914/910
f 7661/913/909 7670/922/918 7946/1198/1194
f 7940/1192/1188 7939/1191/1187 7886/1138/1134
f 8001/1253/1249 8002/1254/1250 8005/1257/1253
f 7677/929/925 7672/924/920 7930/1182/1178
f 7889/1141/1137 7902/1154/1150 7986/1238/1234
f 7877/1129/1125 7814/1066/1062 7813/1065/1061
f 7677/929/925 7930/1182/1178 7927/1179/1175
f 7930/1182/1178 7929/1181/1177 7927/1179/1175
f 7762/1014/1010 7978/1230/1226 7760/1012/1008
f 7767/1019/1015 7740/992/988 7741/993/989
f 7760/1012/1008 7978/1230/1226 7709/961/957
f 7979/1231/1227 7953/1205/1201 7982/1234/1230
f 7946/1198/1194 7985/1237/1233 7726/978/974
f 7977/1229/1225 7965/1217/1213 7966/1218/1214
f 7979/1231/1227 7946/1198/1194 7945/1197/1193
f 7726/978/974 7985/1237/1233 7718/970/966
f 7961/1213/1209 7975/1227/1223 7954/1206/1202
f 7810/1062/1058 7978/1230/1226 7762/1014/1010
f 7650/902/898 7983/1235/1231 7651/903/899
f 7979/1231/1227 7963/1215/1211 7946/1198/1194
f 7979/1231/1227 7982/1234/1230 7963/1215/1211
f 7769/1021/1017 7936/1188/1184 7740/992/988
f 7814/1066/1062 7966/1218/1214 7970/1222/1218
f 7668/920/916 7986/1238/1234 7985/1237/1233
f 7869/1121/1117 7714/966/962 7979/1231/1227
f 7978/1230/1226 7947/1199/1195 8004/1256/1252
f 7947/1199/1195 7961/1213/1209 7942/1194/1190
f 8005/1257/1253 7988/1240/1236 7995/1247/1243
f 7977/1229/1225 7966/1218/1214 7877/1129/1125
f 8002/1254/1250 8001/1253/1249 8000/1252/1248
f 7926/1178/1174 7889/1141/1137 7891/1143/1139
f 7996/1248/1244 7710/962/958 7953/1205/1201
f 7991/1243/1239 7993/1245/1241 7992/1244/1240
f 7988/1240/1236 7987/1239/1235 7995/1247/1243
f 8000/1252/1248 7982/1234/1230 7992/1244/1240
f 7982/1234/1230 7953/1205/1201 7992/1244/1240
f 7649/901/897 7651/903/899 7961/1213/1209
f 7961/1213/1209 7651/903/899 7975/1227/1223
f 7938/1190/1186 7941/1193/1189 7939/1191/1187
f 7978/1230/1226 8004/1256/1252 7943/1195/1191
f 7951/1203/1199 7728/980/976 7701/953/949
f 7953/1205/1201 7955/1207/1203 7992/1244/1240
f 7980/1232/1228 7972/1224/1220 7957/1209/1205
f 7797/1049/1045 7854/1106/1102 7766/1018/1014
f 8005/1257/1253 7993/1245/1241 7994/1246/1242
f 7973/1225/1221 7958/1210/1206 7972/1224/1220
f 7719/971/967 7718/970/966 7985/1237/1233
f 7747/999/995 7649/901/897 7744/996/992
f 8336/1261/1257 8337/1262/1258 8338/1263/1259
f 8339/1264/1260 8340/1265/1261 8336/1261/1257
f 8341/1266/1262 8340/1265/1261 8342/1267/1263
f 8343/1268/1264 8344/1269/1265 8345/1270/1266
f 8346/1271/1267 8347/1272/1268 8348/1273/1269
f 8336/1261/1257 8349/1274/1270 8337/1262/1258
f 8350/1275/1271 8351/1276/1272 8352/1277/1273
f 8353/1278/1274 8354/1279/1275 8355/1280/1276
f 8356/1281/1277 8357/1282/1278 8358/1283/1279
f 8359/1284/1280 8360/1285/1281 8361/1286/1282
f 8362/1287/1283 8337/1262/1258 8351/1276/1272
f 8350/1275/1271 8363/1288/1284 8364/1289/1285
f 8365/1290/1286 8366/1291/1287 8367/1292/1288
f 8368/1293/1289 8339/1264/1260 8336/1261/1257
f 8369/1294/1290 8370/1295/1291 8371/1296/1292
f 8368/1293/1289 8336/1261/1257 8372/1297/1293
f 8373/1298/1294 8374/1299/1295 8375/1300/1296
f 8376/1301/1297 8352/1277/1273 8377/1302/1298
f 8339/1264/1260 8359/1284/1280 8340/1265/1261
f 8339/1264/1260 8368/1293/1289 8378/1303/1299
f 8342/1267/1263 8379/1304/1300 8380/1305/1301
f 8381/1306/1302 8382/1307/1303 8383/1308/1304
f 8384/1309/1305 8385/1310/1306 8386/1311/1307
f 8362/1287/1283 8338/1263/1259 8337/1262/1258
f 8387/1312/1308 8388/1313/1309 8389/1314/1310
f 8390/1315/1311 8391/1316/1312 8392/1317/1313
f 8393/1318/1314 8394/1319/1315 8385/1310/1306
f 8395/1320/1316 8389/1314/1310 8396/1321/1317
f 8397/1322/1318 8398/1323/1319 8399/1324/1320
f 8400/1325/1321 8401/1326/1322 8402/1327/1323
f 8403/1328/1324 8404/1329/1325 8405/1330/1326
f 8406/1331/1327 8407/1332/1328 8408/1333/1329
f 8409/1334/1330 8410/1335/1331 8411/1336/1332
f 8397/1322/1318 8399/1324/1320 8403/1328/1324
f 8412/1337/1333 8413/1338/1334 8414/1339/1335
f 8415/1340/1336 8416/1341/1337 8387/1312/1308
f 8417/1342/1338 8418/1343/1339 8419/1344/1340
f 8414/1339/1335 8347/1272/1268 8412/1337/1333
f 8420/1345/1341 8421/1346/1342 8422/1347/1343
f 8348/1273/1269 8423/1348/1344 8390/1315/1311
f 8348/1273/1269 8424/1349/1345 8425/1350/1346
f 8426/1351/1347 8427/1352/1348 8366/1291/1287
f 8411/1336/1332 8410/1335/1331 8428/1353/1349
f 8429/1354/1350 8348/1273/1269 8390/1315/1311
f 8430/1355/1351 8356/1281/1277 8431/1356/1352
f 8432/1357/1353 8433/1358/1354 8434/1359/1355
f 8435/1360/1356 8345/1270/1266 8410/1335/1331
f 8436/1361/1357 8437/1362/1358 8438/1363/1359
f 8366/1291/1287 8427/1352/1348 8439/1364/1360
f 8373/1298/1294 8440/1365/1361 8435/1360/1356
f 8423/1348/1344 8441/1366/1362 8390/1315/1311
f 8442/1367/1363 8441/1366/1362 8443/1368/1364
f 8444/1369/1365 8445/1370/1366 8446/1371/1367
f 8447/1372/1368 8448/1373/1369 8449/1374/1370
f 8392/1317/1313 8429/1354/1350 8390/1315/1311
f 8450/1375/1371 8451/1376/1372 8452/1377/1373
f 8453/1378/1374 8454/1379/1375 8387/1312/1308
f 8426/1351/1347 8366/1291/1287 8455/1380/1376
f 8424/1349/1345 8429/1354/1350 8456/1381/1377
f 8433/1358/1354 8457/1382/1378 8458/1383/1379
f 8390/1315/1311 8459/1384/1380 8391/1316/1312
f 8460/1385/1381 8461/1386/1382 8462/1387/1383
f 8463/1388/1384 8407/1332/1328 8464/1389/1385
f 8465/1390/1386 8448/1373/1369 8447/1372/1368
f 8466/1391/1387 8467/1392/1388 8468/1393/1389
f 8469/1394/1390 8470/1395/1391 8471/1396/1392
f 8472/1397/1393 8473/1398/1394 8474/1399/1395
f 8346/1271/1267 8425/1350/1346 8475/1400/1396
f 8373/1298/1294 8435/1360/1356 8374/1299/1295
f 8476/1401/1397 8358/1283/1279 8357/1282/1278
f 8477/1402/1398 8478/1403/1399 8466/1391/1387
f 8479/1404/1400 8361/1286/1282 8353/1278/1274
f 8428/1353/1349 8410/1335/1331 8345/1270/1266
f 8359/1284/1280 8480/1405/1401 8342/1267/1263
f 8354/1279/1275 8481/1406/1402 8355/1280/1276
f 8482/1407/1403 8483/1408/1404 8484/1409/1405
f 8354/1279/1275 8378/1303/1299 8485/1410/1406
f 8486/1411/1407 8487/1412/1408 8419/1344/1340
f 8488/1413/1409 8489/1414/1410 8490/1415/1411
f 8491/1416/1412 8492/1417/1413 8493/1418/1414
f 8411/1336/1332 8428/1353/1349 8389/1314/1310
f 8494/1419/1415 8450/1375/1371 8452/1377/1373
f 8388/1313/1309 8387/1312/1308 8454/1379/1375
f 8343/1268/1264 8405/1330/1326 8344/1269/1265
f 8495/1420/1416 8449/1374/1370 8452/1377/1373
f 8496/1421/1417 8388/1313/1309 8454/1379/1375
f 8497/1422/1418 8498/1423/1419 8499/1424/1420
f 8435/1360/1356 8410/1335/1331 8500/1425/1421
f 8501/1426/1422 8472/1397/1393 8452/1377/1373
f 8502/1427/1423 8447/1372/1368 8495/1420/1416
f 8503/1428/1424 8469/1394/1390 8471/1396/1392
f 8504/1429/1425 8440/1365/1361 8373/1298/1294
f 8500/1425/1421 8410/1335/1331 8409/1334/1330
f 8505/1430/1426 8506/1431/1427 8446/1371/1367
f 8388/1313/1309 8411/1336/1332 8389/1314/1310
f 8490/1415/1411 8500/1425/1421 8488/1413/1409
f 8506/1431/1427 8507/1432/1428 8446/1371/1367
f 8500/1425/1421 8409/1334/1330 8488/1413/1409
f 8496/1421/1417 8488/1413/1409 8409/1334/1330
f 8409/1334/1330 8388/1313/1309 8496/1421/1417
f 8405/1330/1326 8404/1329/1325 8344/1269/1265
f 8396/1321/1317 8389/1314/1310 8428/1353/1349
f 8445/1370/1366 8505/1430/1426 8446/1371/1367
f 8360/1285/1281 8339/1264/1260 8378/1303/1299
f 8485/1410/1406 8372/1297/1293 8481/1406/1402
f 8508/1433/1429 8466/1391/1387 8509/1434/1430
f 8506/1431/1427 8510/1435/1431 8507/1432/1428
f 8511/1436/1432 8437/1362/1358 8460/1385/1381
f 8512/1437/1433 8513/1438/1434 8514/1439/1435
f 8416/1341/1337 8515/1440/1436 8516/1441/1437
f 8466/1391/1387 8517/1442/1438 8509/1434/1430
f 8485/1410/1406 8481/1406/1402 8354/1279/1275
f 8498/1423/1419 8492/1417/1413 8439/1364/1360
f 8518/1443/1439 8519/1444/1440 8520/1445/1441
f 8494/1419/1415 8521/1446/1442 8522/1447/1443
f 8523/1448/1444 8512/1437/1433 8514/1439/1435
f 8482/1407/1403 8486/1411/1407 8418/1343/1339
f 8524/1449/1445 8456/1381/1377 8525/1450/1446
f 8361/1286/1282 8360/1285/1281 8378/1303/1299
f 8358/1283/1279 8526/1451/1447 8356/1281/1277
f 8527/1452/1448 8512/1437/1433 8528/1453/1449
f 8529/1454/1450 8512/1437/1433 8527/1452/1448
f 8530/1455/1451 8494/1419/1415 8452/1377/1373
f 8528/1453/1449 8531/1456/1452 8527/1452/1448
f 8531/1456/1452 8529/1454/1450 8527/1452/1448
f 8532/1457/1453 8533/1458/1454 8468/1393/1389
f 8403/1328/1324 8534/1459/1455 8404/1329/1325
f 8535/1460/1456 8536/1461/1457 8537/1462/1458
f 8361/1286/1282 8479/1404/1400 8480/1405/1401
f 8523/1448/1444 8538/1463/1459 8528/1453/1449
f 8539/1464/1460 8540/1465/1461 8422/1347/1343
f 8541/1466/1462 8418/1343/1339 8542/1467/1463
f 8543/1468/1464 8457/1382/1378 8498/1423/1419
f 8489/1414/1410 8419/1344/1340 8487/1412/1408
f 8544/1469/1465 8489/1414/1410 8487/1412/1408
f 8529/1454/1450 8531/1456/1452 8545/1470/1466
f 8426/1351/1347 8546/1471/1467 8427/1352/1348
f 8425/1350/1346 8424/1349/1345 8502/1427/1423
f 8547/1472/1468 8548/1473/1469 8466/1391/1387
f 8549/1474/1470 8421/1346/1342 8550/1475/1471
f 8551/1476/1472 8446/1371/1367 8507/1432/1428
f 8552/1477/1473 8553/1478/1474 8554/1479/1475
f 8499/1424/1420 8434/1359/1355 8555/1480/1476
f 8448/1373/1369 8491/1416/1412 8537/1462/1458
f 8499/1424/1420 8556/1481/1477 8535/1460/1456
f 8557/1482/1478 8464/1389/1385 8558/1483/1479
f 8559/1484/1480 8560/1485/1481 8555/1480/1476
f 8531/1456/1452 8538/1463/1459 8561/1486/1482
f 8434/1359/1355 8559/1484/1480 8555/1480/1476
f 8545/1470/1466 8531/1456/1452 8562/1487/1483
f 8447/1372/1368 8449/1374/1370 8495/1420/1416
f 8563/1488/1484 8564/1489/1485 8565/1490/1486
f 8545/1470/1466 8566/1491/1487 8567/1492/1488
f 8367/1292/1288 8465/1390/1386 8524/1449/1445
f 8568/1493/1489 8560/1485/1481 8559/1484/1480
f 8474/1399/1395 8475/1400/1396 8425/1350/1346
f 8569/1494/1490 8538/1463/1459 8570/1495/1491
f 8392/1317/1313 8391/1316/1312 8365/1290/1286
f 8560/1485/1481 8568/1493/1489 8420/1345/1341
f 8420/1345/1341 8571/1496/1492 8560/1485/1481
f 8568/1493/1489 8421/1346/1342 8420/1345/1341
f 8562/1487/1483 8566/1491/1487 8545/1470/1466
f 8572/1497/1493 8573/1498/1494 8574/1499/1495
f 8575/1500/1496 8576/1501/1497 8577/1502/1498
f 8571/1496/1492 8555/1480/1476 8560/1485/1481
f 8578/1503/1499 8579/1504/1500 8580/1505/1501
f 8439/1364/1360 8546/1471/1467 8543/1468/1464
f 8516/1441/1437 8581/1506/1502 8416/1341/1337
f 8496/1421/1417 8454/1379/1375 8488/1413/1409
f 8467/1392/1388 8582/1507/1503 8532/1457/1453
f 8370/1295/1291 8380/1305/1301 8371/1296/1292
f 8583/1508/1504 8579/1504/1500 8578/1503/1499
f 8584/1509/1505 8501/1426/1422 8585/1510/1506
f 8586/1511/1507 8553/1478/1474 8587/1512/1508
f 8379/1304/1300 8588/1513/1509 8589/1514/1510
f 8493/1418/1414 8497/1422/1418 8537/1462/1458
f 8444/1369/1365 8446/1371/1367 8590/1515/1511
f 8584/1509/1505 8591/1516/1512 8501/1426/1422
f 8509/1434/1430 8517/1442/1438 8592/1517/1513
f 8461/1386/1382 8482/1407/1403 8484/1409/1405
f 8593/1518/1514 8572/1497/1493 8574/1499/1495
f 8553/1478/1474 8594/1519/1515 8587/1512/1508
f 8552/1477/1473 8554/1479/1475 8595/1520/1516
f 8341/1266/1262 8342/1267/1263 8369/1294/1290
f 8473/1398/1394 8591/1516/1512 8596/1521/1517
f 8510/1435/1431 8506/1431/1427 8597/1522/1518
f 8391/1316/1312 8459/1384/1380 8598/1523/1519
f 8450/1375/1371 8573/1498/1494 8595/1520/1516
f 8547/1472/1468 8599/1524/1520 8548/1473/1469
f 8525/1450/1446 8456/1381/1377 8392/1317/1313
f 8600/1525/1521 8601/1526/1522 8602/1527/1523
f 8381/1306/1302 8603/1528/1524 8604/1529/1525
f 8407/1332/1328 8463/1388/1384 8408/1333/1329
f 8514/1439/1435 8513/1438/1434 8605/1530/1526
f 8523/1448/1444 8514/1439/1435 8606/1531/1527
f 8523/1448/1444 8606/1531/1527 8538/1463/1459
f 8587/1512/1508 8607/1532/1528 8586/1511/1507
f 8608/1533/1529 8570/1495/1491 8538/1463/1459
f 8538/1463/1459 8606/1531/1527 8608/1533/1529
f 8609/1534/1530 8608/1533/1529 8610/1535/1531
f 8434/1359/1355 8601/1526/1522 8600/1525/1521
f 8611/1536/1532 8369/1294/1290 8612/1537/1533
f 8610/1535/1531 8608/1533/1529 8606/1531/1527
f 8613/1538/1534 8614/1539/1535 8615/1540/1536
f 8591/1516/1512 8616/1541/1537 8617/1542/1538
f 8551/1476/1472 8507/1432/1428 8371/1296/1292
f 8559/1484/1480 8618/1543/1539 8568/1493/1489
f 8551/1476/1472 8619/1544/1540 8446/1371/1367
f 8620/1545/1541 8621/1546/1542 8622/1547/1543
f 8592/1517/1513 8508/1433/1429 8509/1434/1430
f 8623/1548/1544 8624/1549/1545 8625/1550/1546
f 8467/1392/1388 8466/1391/1387 8478/1403/1399
f 8519/1444/1440 8626/1551/1547 8520/1445/1441
f 8626/1551/1547 8627/1552/1548 8628/1553/1549
f 8472/1397/1393 8591/1516/1512 8473/1398/1394
f 8533/1458/1454 8629/1554/1550 8624/1549/1545
f 8392/1317/1313 8367/1292/1288 8525/1450/1446
f 8529/1454/1450 8545/1470/1466 8567/1492/1488
f 8630/1555/1551 8631/1556/1552 8632/1557/1553
f 8622/1547/1543 8621/1546/1542 8633/1558/1554
f 8365/1290/1286 8367/1292/1288 8392/1317/1313
f 8634/1559/1555 8635/1560/1556 8582/1507/1503
f 8455/1380/1376 8391/1316/1312 8598/1523/1519
f 8572/1497/1493 8595/1520/1516 8573/1498/1494
f 8421/1346/1342 8636/1561/1557 8550/1475/1471
f 8624/1549/1545 8637/1562/1558 8533/1458/1454
f 8638/1563/1559 8622/1547/1543 8633/1558/1554
f 8638/1563/1559 8609/1534/1530 8622/1547/1543
f 8568/1493/1489 8636/1561/1557 8421/1346/1342
f 8624/1549/1545 8639/1564/1560 8625/1550/1546
f 8474/1399/1395 8502/1427/1423 8495/1420/1416
f 8640/1565/1561 8633/1558/1554 8621/1546/1542
f 8628/1553/1549 8533/1458/1454 8637/1562/1558
f 8451/1376/1372 8595/1520/1516 8554/1479/1475
f 8624/1549/1545 8623/1548/1544 8641/1566/1562
f 8520/1445/1441 8626/1551/1547 8628/1553/1549
f 8553/1478/1474 8586/1511/1507 8554/1479/1475
f 8642/1567/1563 8614/1539/1535 8643/1568/1564
f 8637/1562/1558 8520/1445/1441 8628/1553/1549
f 8633/1558/1554 8644/1569/1565 8638/1563/1559
f 8624/1549/1545 8641/1566/1562 8637/1562/1558
f 8591/1516/1512 8617/1542/1538 8596/1521/1517
f 8455/1380/1376 8598/1523/1519 8645/1570/1566
f 8616/1541/1537 8554/1479/1475 8586/1511/1507
f 8609/1534/1530 8638/1563/1559 8623/1548/1544
f 8638/1563/1559 8641/1566/1562 8623/1548/1544
f 8644/1569/1565 8633/1558/1554 8520/1445/1441
f 8492/1417/1413 8491/1416/1412 8465/1390/1386
f 8386/1311/1307 8646/1571/1567 8647/1572/1568
f 8585/1510/1506 8451/1376/1372 8554/1479/1475
f 8607/1532/1528 8617/1542/1538 8616/1541/1537
f 8637/1562/1558 8644/1569/1565 8520/1445/1441
f 8648/1573/1569 8371/1296/1292 8507/1432/1428
f 8573/1498/1494 8522/1447/1443 8649/1574/1570
f 8494/1419/1415 8522/1447/1443 8450/1375/1371
f 8641/1566/1562 8638/1563/1559 8637/1562/1558
f 8642/1567/1563 8643/1568/1564 8650/1575/1571
f 8636/1561/1557 8568/1493/1489 8618/1543/1539
f 8477/1402/1398 8651/1576/1572 8652/1577/1573
f 8653/1578/1574 8544/1469/1465 8437/1362/1358
f 8637/1562/1558 8638/1563/1559 8644/1569/1565
f 8654/1579/1575 8514/1439/1435 8605/1530/1526
f 8655/1580/1576 8605/1530/1526 8656/1581/1577
f 8433/1358/1354 8601/1526/1522 8434/1359/1355
f 8606/1531/1527 8657/1582/1578 8610/1535/1531
f 8502/1427/1423 8474/1399/1395 8425/1350/1346
f 8553/1478/1474 8655/1580/1576 8656/1581/1577
f 8605/1530/1526 8655/1580/1576 8654/1579/1575
f 8657/1582/1578 8606/1531/1527 8658/1583/1579
f 8552/1477/1473 8655/1580/1576 8553/1478/1474
f 8606/1531/1527 8654/1579/1575 8658/1583/1579
f 8655/1580/1576 8658/1583/1579 8654/1579/1575
f 8365/1290/1286 8391/1316/1312 8455/1380/1376
f 8582/1507/1503 8467/1392/1388 8471/1396/1392
f 8367/1292/1288 8366/1291/1287 8439/1364/1360
f 8655/1580/1576 8659/1584/1580 8658/1583/1579
f 8659/1584/1580 8593/1518/1514 8658/1583/1579
f 8659/1584/1580 8655/1580/1576 8552/1477/1473
f 8514/1439/1435 8654/1579/1575 8606/1531/1527
f 8585/1510/1506 8554/1479/1475 8584/1509/1505
f 8660/1585/1581 8406/1331/1327 8408/1333/1329
f 8451/1376/1372 8450/1375/1371 8595/1520/1516
f 8472/1397/1393 8501/1426/1422 8591/1516/1512
f 8572/1497/1493 8659/1584/1580 8552/1477/1473
f 8366/1291/1287 8365/1290/1286 8455/1380/1376
f 8457/1382/1378 8432/1357/1353 8498/1423/1419
f 8489/1414/1410 8417/1342/1338 8419/1344/1340
f 8649/1574/1570 8574/1499/1495 8573/1498/1494
f 8342/1267/1263 8370/1295/1291 8369/1294/1290
f 8542/1467/1463 8418/1343/1339 8453/1378/1374
f 8562/1487/1483 8531/1456/1452 8561/1486/1482
f 8432/1357/1353 8457/1382/1378 8433/1358/1354
f 8434/1359/1355 8499/1424/1420 8432/1357/1353
f 8614/1539/1535 8661/1586/1582 8643/1568/1564
f 8499/1424/1420 8555/1480/1476 8662/1587/1583
f 8552/1477/1473 8595/1520/1516 8572/1497/1493
f 8614/1539/1535 8649/1574/1570 8615/1540/1536
f 8663/1588/1584 8643/1568/1564 8661/1586/1582
f 8664/1589/1585 8665/1590/1586 8666/1591/1587
f 8601/1526/1522 8433/1358/1354 8458/1383/1379
f 8667/1592/1588 8668/1593/1589 8669/1594/1590
f 8506/1431/1427 8505/1430/1426 8597/1522/1518
f 8593/1518/1514 8659/1584/1580 8572/1497/1493
f 8662/1587/1583 8383/1308/1304 8556/1481/1477
f 8670/1595/1591 8671/1596/1592 8504/1429/1425
f 8380/1305/1301 8672/1597/1593 8551/1476/1472
f 8375/1300/1296 8673/1598/1594 8670/1595/1591
f 8395/1320/1316 8515/1440/1436 8389/1314/1310
f 8613/1538/1534 8661/1586/1582 8614/1539/1535
f 8662/1587/1583 8555/1480/1476 8571/1496/1492
f 8522/1447/1443 8573/1498/1494 8450/1375/1371
f 8649/1574/1570 8522/1447/1443 8615/1540/1536
f 8674/1599/1595 8406/1331/1327 8666/1591/1587
f 8407/1332/1328 8406/1331/1327 8674/1599/1595
f 8444/1369/1365 8650/1575/1571 8643/1568/1564
f 8660/1585/1581 8408/1333/1329 8508/1433/1429
f 8522/1447/1443 8613/1538/1534 8615/1540/1536
f 8553/1478/1474 8656/1581/1577 8594/1519/1515
f 8375/1300/1296 8670/1595/1591 8504/1429/1425
f 8371/1296/1292 8648/1573/1569 8369/1294/1290
f 8551/1476/1472 8371/1296/1292 8380/1305/1301
f 8519/1444/1440 8675/1600/1596 8626/1551/1547
f 8481/1406/1402 8671/1596/1592 8670/1595/1591
f 8663/1588/1584 8661/1586/1582 8505/1430/1426
f 8574/1499/1495 8649/1574/1570 8614/1539/1535
f 8505/1430/1426 8445/1370/1366 8663/1588/1584
f 8593/1518/1514 8657/1582/1578 8658/1583/1579
f 8626/1551/1547 8675/1600/1596 8627/1552/1548
f 8574/1499/1495 8614/1539/1535 8642/1567/1563
f 8657/1582/1578 8593/1518/1514 8642/1567/1563
f 8574/1499/1495 8642/1567/1563 8593/1518/1514
f 8676/1601/1597 8610/1535/1531 8657/1582/1578
f 8642/1567/1563 8677/1602/1598 8657/1582/1578
f 8642/1567/1563 8650/1575/1571 8677/1602/1598
f 8677/1602/1598 8676/1601/1597 8657/1582/1578
f 8678/1603/1599 8610/1535/1531 8676/1601/1597
f 8620/1545/1541 8619/1544/1540 8621/1546/1542
f 8609/1534/1530 8610/1535/1531 8678/1603/1599
f 8676/1601/1597 8679/1604/1600 8678/1603/1599
f 8559/1484/1480 8434/1359/1355 8600/1525/1521
f 8357/1282/1278 8680/1605/1601 8612/1537/1533
f 8681/1606/1602 8634/1559/1555 8682/1607/1603
f 8650/1575/1571 8444/1369/1365 8677/1602/1598
f 8677/1602/1598 8679/1604/1600 8676/1601/1597
f 8620/1545/1541 8622/1547/1543 8678/1603/1599
f 8679/1604/1600 8677/1602/1598 8444/1369/1365
f 8683/1608/1604 8684/1609/1605 8685/1610/1606
f 8686/1611/1607 8589/1514/1510 8640/1565/1561
f 8620/1545/1541 8679/1604/1600 8590/1515/1511
f 8686/1611/1607 8621/1546/1542 8619/1544/1540
f 8672/1597/1593 8619/1544/1540 8551/1476/1472
f 8687/1612/1608 8353/1278/1274 8355/1280/1276
f 8672/1597/1593 8380/1305/1301 8688/1613/1609
f 8619/1544/1540 8672/1597/1593 8686/1611/1607
f 8679/1604/1600 8444/1369/1365 8590/1515/1511
f 8686/1611/1607 8672/1597/1593 8688/1613/1609
f 8619/1544/1540 8620/1545/1541 8590/1515/1511
f 8688/1613/1609 8589/1514/1510 8686/1611/1607
f 8609/1534/1530 8678/1603/1599 8622/1547/1543
f 8678/1603/1599 8679/1604/1600 8620/1545/1541
f 8686/1611/1607 8640/1565/1561 8621/1546/1542
f 8569/1494/1490 8561/1486/1482 8538/1463/1459
f 8689/1614/1610 8508/1433/1429 8408/1333/1329
f 8643/1568/1564 8445/1370/1366 8444/1369/1365
f 8498/1423/1419 8497/1422/1418 8493/1418/1414
f 8396/1321/1317 8690/1615/1611 8395/1320/1316
f 8570/1495/1491 8682/1607/1603 8569/1494/1490
f 8691/1616/1612 8634/1559/1555 8470/1395/1391
f 8628/1553/1549 8692/1617/1613 8517/1442/1438
f 8406/1331/1327 8665/1590/1586 8664/1589/1585
f 8466/1391/1387 8508/1433/1429 8689/1614/1610
f 8503/1428/1424 8471/1396/1392 8478/1403/1399
f 8581/1506/1502 8693/1618/1614 8694/1619/1615
f 8695/1620/1616 8696/1621/1617 8652/1577/1573
f 8516/1441/1437 8515/1440/1436 8395/1320/1316
f 8557/1482/1478 8547/1472/1468 8689/1614/1610
f 8532/1457/1453 8582/1507/1503 8635/1560/1556
f 8692/1617/1613 8592/1517/1513 8517/1442/1438
f 8548/1473/1469 8477/1402/1398 8466/1391/1387
f 8643/1568/1564 8663/1588/1584 8445/1370/1366
f 8661/1586/1582 8603/1528/1524 8505/1430/1426
f 8383/1308/1304 8697/1622/1618 8597/1522/1518
f 8530/1455/1451 8521/1446/1442 8494/1419/1415
f 8607/1532/1528 8616/1541/1537 8586/1511/1507
f 8476/1401/1397 8648/1573/1569 8698/1623/1619
f 8481/1406/1402 8372/1297/1293 8671/1596/1592
f 8396/1321/1317 8428/1353/1349 8699/1624/1620
f 8604/1529/1525 8521/1446/1442 8536/1461/1457
f 8580/1505/1501 8602/1527/1523 8601/1526/1522
f 8394/1319/1315 8700/1625/1621 8701/1626/1622
f 8448/1373/1369 8537/1462/1458 8536/1461/1457
f 8495/1420/1416 8472/1397/1393 8474/1399/1395
f 8554/1479/1475 8616/1541/1537 8584/1509/1505
f 8685/1610/1606 8356/1281/1277 8430/1355/1351
f 8690/1615/1611 8396/1321/1317 8702/1627/1623
f 8690/1615/1611 8702/1627/1623 8703/1628/1624
f 8616/1541/1537 8591/1516/1512 8584/1509/1505
f 8702/1627/1623 8396/1321/1317 8699/1624/1620
f 8369/1294/1290 8611/1536/1532 8341/1266/1262
f 8541/1466/1462 8704/1629/1625 8482/1407/1403
f 8603/1528/1524 8597/1522/1518 8505/1430/1426
f 8603/1528/1524 8381/1306/1302 8597/1522/1518
f 8590/1515/1511 8446/1371/1367 8619/1544/1540
f 8489/1414/1410 8564/1489/1485 8490/1415/1411
f 8691/1616/1612 8561/1486/1482 8682/1607/1603
f 8501/1426/1422 8451/1376/1372 8585/1510/1506
f 8497/1422/1418 8535/1460/1456 8537/1462/1458
f 8541/1466/1462 8482/1407/1403 8418/1343/1339
f 8549/1474/1470 8526/1451/1447 8422/1347/1343
f 8599/1524/1520 8576/1501/1497 8705/1630/1626
f 8575/1500/1496 8705/1630/1626 8576/1501/1497
f 8370/1295/1291 8342/1267/1263 8380/1305/1301
f 8492/1417/1413 8498/1423/1419 8493/1418/1414
f 8353/1278/1274 8361/1286/1282 8354/1279/1275
f 8673/1598/1594 8375/1300/1296 8374/1299/1295
f 8588/1513/1509 8480/1405/1401 8706/1631/1627
f 8458/1383/1379 8457/1382/1378 8543/1468/1464
f 8700/1625/1621 8362/1287/1283 8707/1632/1628
f 8384/1309/1305 8397/1322/1318 8708/1633/1629
f 8707/1632/1628 8350/1275/1271 8364/1289/1285
f 8707/1632/1628 8709/1634/1630 8701/1626/1622
f 8707/1632/1628 8362/1287/1283 8350/1275/1271
f 8474/1399/1395 8473/1398/1394 8475/1400/1396
f 8547/1472/1468 8557/1482/1478 8599/1524/1520
f 8358/1283/1279 8476/1401/1397 8698/1623/1619
f 8465/1390/1386 8447/1372/1368 8524/1449/1445
f 8681/1606/1602 8682/1607/1603 8570/1495/1491
f 8684/1609/1605 8680/1605/1601 8357/1282/1278
f 8419/1344/1340 8418/1343/1339 8486/1411/1407
f 8613/1538/1534 8522/1447/1443 8521/1446/1442
f 8389/1314/1310 8515/1440/1436 8415/1340/1336
f 8580/1505/1501 8601/1526/1522 8458/1383/1379
f 8674/1599/1595 8666/1591/1587 8710/1635/1631
f 8521/1446/1442 8604/1529/1525 8613/1538/1534
f 8387/1312/1308 8711/1636/1632 8453/1378/1374
f 8603/1528/1524 8613/1538/1534 8604/1529/1525
f 8544/1469/1465 8564/1489/1485 8489/1414/1410
f 8483/1408/1404 8712/1637/1633 8713/1638/1634
f 8713/1638/1634 8714/1639/1635 8483/1408/1404
f 8625/1550/1546 8609/1534/1530 8623/1548/1544
f 8689/1614/1610 8408/1333/1329 8463/1388/1384
f 8609/1534/1530 8625/1550/1546 8608/1533/1529
f 8715/1640/1636 8640/1565/1561 8589/1514/1510
f 8707/1632/1628 8701/1626/1622 8700/1625/1621
f 8454/1379/1375 8453/1378/1374 8418/1343/1339
f 8630/1555/1551 8632/1557/1553 8694/1619/1615
f 8524/1449/1445 8502/1427/1423 8456/1381/1377
f 8416/1341/1337 8581/1506/1502 8711/1636/1632
f 8682/1607/1603 8561/1486/1482 8569/1494/1490
f 8449/1374/1370 8530/1455/1451 8452/1377/1373
f 8563/1488/1484 8490/1415/1411 8564/1489/1485
f 8476/1401/1397 8612/1537/1533 8369/1294/1290
f 8716/1641/1637 8707/1632/1628 8364/1289/1285
f 8520/1445/1441 8640/1565/1561 8715/1640/1636
f 8717/1642/1638 8718/1643/1639 8394/1319/1315
f 8497/1422/1418 8499/1424/1420 8535/1460/1456
f 8719/1644/1640 8542/1467/1463 8632/1557/1553
f 8667/1592/1588 8683/1608/1604 8668/1593/1589
f 8539/1464/1460 8697/1622/1618 8383/1308/1304
f 8694/1619/1615 8632/1557/1553 8542/1467/1463
f 8556/1481/1477 8382/1307/1303 8535/1460/1456
f 8532/1457/1453 8629/1554/1550 8533/1458/1454
f 8666/1591/1587 8406/1331/1327 8664/1589/1585
f 8720/1645/1641 8714/1639/1635 8592/1517/1513
f 8394/1319/1315 8701/1626/1622 8717/1642/1638
f 8454/1379/1375 8417/1342/1338 8488/1413/1409
f 8634/1559/1555 8582/1507/1503 8470/1395/1391
f 8436/1361/1357 8721/1646/1642 8706/1631/1627
f 8541/1466/1462 8542/1467/1463 8704/1629/1625
f 8537/1462/1458 8491/1416/1412 8493/1418/1414
f 8704/1629/1625 8542/1467/1463 8719/1644/1640
f 8599/1524/1520 8705/1630/1626 8722/1647/1643
f 8671/1596/1592 8372/1297/1293 8393/1318/1314
f 8707/1632/1628 8716/1641/1637 8709/1634/1630
f 8486/1411/1407 8482/1407/1403 8461/1386/1382
f 8665/1590/1586 8719/1644/1640 8723/1648/1644
f 8427/1352/1348 8546/1471/1467 8439/1364/1360
f 8558/1483/1479 8576/1501/1497 8557/1482/1478
f 8453/1378/1374 8711/1636/1632 8581/1506/1502
f 8565/1490/1486 8673/1598/1594 8563/1488/1484
f 8422/1347/1343 8540/1465/1461 8571/1496/1492
f 8719/1644/1640 8632/1557/1553 8723/1648/1644
f 8338/1263/1259 8394/1319/1315 8393/1318/1314
f 8592/1517/1513 8724/1649/1645 8720/1645/1641
f 8460/1385/1381 8487/1412/1408 8461/1386/1382
f 8666/1591/1587 8665/1590/1586 8723/1648/1644
f 8394/1319/1315 8338/1263/1259 8700/1625/1621
f 8673/1598/1594 8565/1490/1486 8725/1650/1646
f 8719/1644/1640 8665/1590/1586 8704/1629/1625
f 8691/1616/1612 8470/1395/1391 8566/1491/1487
f 8704/1629/1625 8665/1590/1586 8713/1638/1634
f 8460/1385/1381 8462/1387/1383 8511/1436/1432
f 8487/1412/1408 8460/1385/1381 8544/1469/1465
f 8632/1557/1553 8631/1556/1552 8723/1648/1644
f 8472/1397/1393 8495/1420/1416 8452/1377/1373
f 8687/1612/1608 8673/1598/1594 8725/1650/1646
f 8713/1638/1634 8712/1637/1633 8704/1629/1625
f 8542/1467/1463 8453/1378/1374 8581/1506/1502
f 8726/1651/1647 8519/1444/1440 8462/1387/1383
f 8681/1606/1602 8570/1495/1491 8608/1533/1529
f 8393/1318/1314 8372/1297/1293 8338/1263/1259
f 8544/1469/1465 8565/1490/1486 8564/1489/1485
f 8563/1488/1484 8500/1425/1421 8490/1415/1411
f 8674/1599/1595 8727/1652/1648 8728/1653/1649
f 8706/1631/1627 8480/1405/1401 8479/1404/1400
f 8431/1356/1352 8356/1281/1277 8526/1451/1447
f 8581/1506/1502 8694/1619/1615 8542/1467/1463
f 8482/1407/1403 8712/1637/1633 8483/1408/1404
f 8567/1492/1488 8566/1491/1487 8696/1621/1617
f 8599/1524/1520 8557/1482/1478 8576/1501/1497
f 8627/1552/1548 8675/1600/1596 8724/1649/1645
f 8394/1319/1315 8718/1643/1639 8385/1310/1306
f 8548/1473/1469 8599/1524/1520 8722/1647/1643
f 8613/1538/1534 8603/1528/1524 8661/1586/1582
f 8386/1311/1307 8385/1310/1306 8718/1643/1639
f 8598/1523/1519 8459/1384/1380 8441/1366/1362
f 8464/1389/1385 8557/1482/1478 8463/1388/1384
f 8660/1585/1581 8713/1638/1634 8406/1331/1327
f 8460/1385/1381 8437/1362/1358 8544/1469/1465
f 8729/1654/1650 8721/1646/1642 8715/1640/1636
f 8407/1332/1328 8674/1599/1595 8728/1653/1649
f 8714/1639/1635 8713/1638/1634 8660/1585/1581
f 8670/1595/1591 8673/1598/1594 8687/1612/1608
f 8359/1284/1280 8361/1286/1282 8480/1405/1401
f 8374/1299/1295 8500/1425/1421 8563/1488/1484
f 8653/1578/1574 8565/1490/1486 8544/1469/1465
f 8511/1436/1432 8462/1387/1383 8438/1363/1359
f 8466/1391/1387 8689/1614/1610 8547/1472/1468
f 8730/1655/1651 8653/1578/1574 8436/1361/1357
f 8482/1407/1403 8704/1629/1625 8712/1637/1633
f 8461/1386/1382 8726/1651/1647 8462/1387/1383
f 8557/1482/1478 8689/1614/1610 8463/1388/1384
f 8484/1409/1405 8726/1651/1647 8461/1386/1382
f 8510/1435/1431 8698/1623/1619 8648/1573/1569
f 8518/1443/1439 8438/1363/1359 8462/1387/1383
f 8484/1409/1405 8519/1444/1440 8726/1651/1647
f 8684/1609/1605 8357/1282/1278 8356/1281/1277
f 8462/1387/1383 8519/1444/1440 8518/1443/1439
f 8477/1402/1398 8722/1647/1643 8651/1576/1572
f 8583/1508/1504 8578/1503/1499 8731/1656/1652
f 8653/1578/1574 8353/1278/1274 8725/1650/1646
f 8354/1279/1275 8361/1286/1282 8378/1303/1299
f 8454/1379/1375 8418/1343/1339 8417/1342/1338
f 8487/1412/1408 8486/1411/1407 8461/1386/1382
f 8732/1657/1653 8733/1658/1654 8598/1523/1519
f 8528/1453/1449 8538/1463/1459 8531/1456/1452
f 8732/1657/1653 8442/1367/1363 8731/1656/1652
f 8681/1606/1602 8625/1550/1546 8639/1564/1560
f 8532/1457/1453 8635/1560/1556 8629/1554/1550
f 8681/1606/1602 8629/1554/1550 8635/1560/1556
f 8673/1598/1594 8374/1299/1295 8563/1488/1484
f 8734/1659/1655 8426/1351/1347 8735/1660/1656
f 8645/1570/1566 8735/1660/1656 8426/1351/1347
f 8598/1523/1519 8733/1658/1654 8645/1570/1566
f 8546/1471/1467 8426/1351/1347 8734/1659/1655
f 8735/1660/1656 8645/1570/1566 8733/1658/1654
f 8426/1351/1347 8455/1380/1376 8645/1570/1566
f 8660/1585/1581 8508/1433/1429 8592/1517/1513
f 8733/1658/1654 8578/1503/1499 8735/1660/1656
f 8578/1503/1499 8734/1659/1655 8735/1660/1656
f 8543/1468/1464 8546/1471/1467 8734/1659/1655
f 8696/1621/1617 8470/1395/1391 8469/1394/1390
f 8682/1607/1603 8634/1559/1555 8691/1616/1612
f 8530/1455/1451 8536/1461/1457 8521/1446/1442
f 8543/1468/1464 8734/1659/1655 8578/1503/1499
f 8578/1503/1499 8458/1383/1379 8543/1468/1464
f 8580/1505/1501 8458/1383/1379 8578/1503/1499
f 8383/1308/1304 8382/1307/1303 8556/1481/1477
f 8515/1440/1436 8416/1341/1337 8415/1340/1336
f 8477/1402/1398 8503/1428/1424 8478/1403/1399
f 8729/1654/1650 8715/1640/1636 8589/1514/1510
f 8479/1404/1400 8653/1578/1574 8730/1655/1651
f 8696/1621/1617 8469/1394/1390 8652/1577/1573
f 8588/1513/1509 8706/1631/1627 8729/1654/1650
f 8479/1404/1400 8730/1655/1651 8706/1631/1627
f 8629/1554/1550 8639/1564/1560 8624/1549/1545
f 8711/1636/1632 8387/1312/1308 8416/1341/1337
f 8693/1618/1614 8581/1506/1502 8516/1441/1437
f 8436/1361/1357 8653/1578/1574 8437/1362/1358
f 8478/1403/1399 8471/1396/1392 8467/1392/1388
f 8382/1307/1303 8604/1529/1525 8535/1460/1456
f 8565/1490/1486 8653/1578/1574 8725/1650/1646
f 8438/1363/1359 8518/1443/1439 8721/1646/1642
f 8484/1409/1405 8483/1408/1404 8519/1444/1440
f 8630/1555/1551 8694/1619/1615 8693/1618/1614
f 8382/1307/1303 8381/1306/1302 8604/1529/1525
f 8653/1578/1574 8479/1404/1400 8353/1278/1274
f 8520/1445/1441 8715/1640/1636 8721/1646/1642
f 8405/1330/1326 8397/1322/1318 8403/1328/1324
f 8548/1473/1469 8722/1647/1643 8477/1402/1398
f 8492/1417/1413 8465/1390/1386 8367/1292/1288
f 8681/1606/1602 8635/1560/1556 8634/1559/1555
f 8400/1325/1321 8402/1327/1323 8404/1329/1325
f 8549/1474/1470 8431/1356/1352 8526/1451/1447
f 8367/1292/1288 8524/1449/1445 8525/1450/1446
f 8424/1349/1345 8456/1381/1377 8502/1427/1423
f 8687/1612/1608 8355/1280/1276 8481/1406/1402
f 8727/1652/1648 8674/1599/1595 8710/1635/1631
f 8383/1308/1304 8662/1587/1583 8571/1496/1492
f 8660/1585/1581 8592/1517/1513 8714/1639/1635
f 8688/1613/1609 8379/1304/1300 8589/1514/1510
f 8383/1308/1304 8597/1522/1518 8381/1306/1302
f 8721/1646/1642 8729/1654/1650 8706/1631/1627
f 8357/1282/1278 8612/1537/1533 8476/1401/1397
f 8578/1503/1499 8732/1657/1653 8731/1656/1652
f 8468/1393/1389 8533/1458/1454 8517/1442/1438
f 8720/1645/1641 8483/1408/1404 8714/1639/1635
f 8436/1361/1357 8706/1631/1627 8730/1655/1651
f 8592/1517/1513 8627/1552/1548 8724/1649/1645
f 8353/1278/1274 8687/1612/1608 8725/1650/1646
f 8383/1308/1304 8571/1496/1492 8540/1465/1461
f 8407/1332/1328 8728/1653/1649 8464/1389/1385
f 8675/1600/1596 8519/1444/1440 8483/1408/1404
f 8387/1312/1308 8389/1314/1310 8415/1340/1336
f 8721/1646/1642 8436/1361/1357 8438/1363/1359
f 8483/1408/1404 8720/1645/1641 8675/1600/1596
f 8448/1373/1369 8530/1455/1451 8449/1374/1370
f 8459/1384/1380 8390/1315/1311 8441/1366/1362
f 8633/1558/1554 8640/1565/1561 8520/1445/1441
f 8468/1393/1389 8517/1442/1438 8466/1391/1387
f 8627/1552/1548 8592/1517/1513 8692/1617/1613
f 8518/1443/1439 8520/1445/1441 8721/1646/1642
f 8543/1468/1464 8498/1423/1419 8439/1364/1360
f 8539/1464/1460 8383/1308/1304 8540/1465/1461
f 8578/1503/1499 8733/1658/1654 8732/1657/1653
f 8666/1591/1587 8723/1648/1644 8710/1635/1631
f 8692/1617/1613 8628/1553/1549 8627/1552/1548
f 8517/1442/1438 8533/1458/1454 8628/1553/1549
f 8501/1426/1422 8452/1377/1373 8451/1376/1372
f 8420/1345/1341 8422/1347/1343 8571/1496/1492
f 8720/1645/1641 8724/1649/1645 8675/1600/1596
f 8429/1354/1350 8424/1349/1345 8348/1273/1269
f 8736/1661/1657 8737/1662/1658 8347/1272/1268
f 8465/1390/1386 8491/1416/1412 8448/1373/1369
f 8597/1522/1518 8697/1622/1618 8510/1435/1431
f 8417/1342/1338 8489/1414/1410 8488/1413/1409
f 8647/1572/1568 8397/1322/1318 8384/1309/1305
f 8379/1304/1300 8342/1267/1263 8588/1513/1509
f 8406/1331/1327 8713/1638/1634 8665/1590/1586
f 8380/1305/1301 8379/1304/1300 8688/1613/1609
f 8702/1627/1623 8401/1326/1322 8703/1628/1624
f 8738/1663/1659 8402/1327/1323 8702/1627/1623
f 8492/1417/1413 8367/1292/1288 8439/1364/1360
f 8384/1309/1305 8708/1633/1629 8385/1310/1306
f 8698/1623/1619 8697/1622/1618 8539/1464/1460
f 8684/1609/1605 8683/1608/1604 8680/1605/1601
f 8347/1272/1268 8346/1271/1267 8475/1400/1396
f 8670/1595/1591 8687/1612/1608 8481/1406/1402
f 8739/1664/1660 8385/1310/1306 8708/1633/1629
f 8456/1381/1377 8429/1354/1350 8392/1317/1313
f 8539/1464/1460 8422/1347/1343 8740/1665/1661
f 8647/1572/1568 8398/1323/1319 8397/1322/1318
f 8536/1461/1457 8535/1460/1456 8604/1529/1525
f 8347/1272/1268 8475/1400/1396 8736/1661/1657
f 8698/1623/1619 8510/1435/1431 8697/1622/1618
f 8477/1402/1398 8652/1577/1573 8503/1428/1424
f 8344/1269/1265 8404/1329/1325 8738/1663/1659
f 8348/1273/1269 8443/1368/1364 8423/1348/1344
f 8413/1338/1334 8443/1368/1364 8414/1339/1335
f 8702/1627/1623 8699/1624/1620 8738/1663/1659
f 8441/1366/1362 8732/1657/1653 8598/1523/1519
f 8691/1616/1612 8562/1487/1483 8561/1486/1482
f 8442/1367/1363 8732/1657/1653 8441/1366/1362
f 8740/1665/1661 8698/1623/1619 8539/1464/1460
f 8648/1573/1569 8507/1432/1428 8510/1435/1431
f 8441/1366/1362 8423/1348/1344 8443/1368/1364
f 8680/1605/1601 8667/1592/1588 8612/1537/1533
f 8671/1596/1592 8393/1318/1314 8739/1664/1660
f 8432/1357/1353 8499/1424/1420 8498/1423/1419
f 8358/1283/1279 8698/1623/1619 8740/1665/1661
f 8341/1266/1262 8741/1666/1662 8340/1265/1261
f 8708/1633/1629 8397/1322/1318 8742/1667/1663
f 8405/1330/1326 8742/1667/1663 8397/1322/1318
f 8349/1274/1270 8669/1594/1590 8377/1302/1298
f 8699/1624/1620 8344/1269/1265 8738/1663/1659
f 8504/1429/1425 8671/1596/1592 8739/1664/1660
f 8402/1327/1323 8738/1663/1659 8404/1329/1325
f 8504/1429/1425 8739/1664/1660 8708/1633/1629
f 8700/1625/1621 8338/1263/1259 8362/1287/1283
f 8588/1513/1509 8729/1654/1650 8589/1514/1510
f 8723/1648/1644 8631/1556/1552 8710/1635/1631
f 8742/1667/1663 8405/1330/1326 8343/1268/1264
f 8409/1334/1330 8411/1336/1332 8388/1313/1309
f 8737/1662/1658 8412/1337/1333 8347/1272/1268
f 8351/1276/1272 8350/1275/1271 8362/1287/1283
f 8534/1459/1455 8400/1325/1321 8404/1329/1325
f 8685/1610/1606 8684/1609/1605 8356/1281/1277
f 8376/1301/1297 8377/1302/1298 8669/1594/1590
f 8608/1533/1529 8625/1550/1546 8681/1606/1602
f 8696/1621/1617 8695/1620/1616 8567/1492/1488
f 8342/1267/1263 8340/1265/1261 8359/1284/1280
f 8385/1310/1306 8739/1664/1660 8393/1318/1314
f 8740/1665/1661 8422/1347/1343 8526/1451/1447
f 8341/1266/1262 8611/1536/1532 8741/1666/1662
f 8702/1627/1623 8402/1327/1323 8401/1326/1322
f 8639/1564/1560 8629/1554/1550 8681/1606/1602
f 8360/1285/1281 8359/1284/1280 8339/1264/1260
f 8504/1429/1425 8708/1633/1629 8742/1667/1663
f 8468/1393/1389 8467/1392/1388 8532/1457/1453
f 8374/1299/1295 8435/1360/1356 8500/1425/1421
f 8375/1300/1296 8504/1429/1425 8373/1298/1294
f 8349/1274/1270 8741/1666/1662 8667/1592/1588
f 8611/1536/1532 8612/1537/1533 8667/1592/1588
f 8440/1365/1361 8504/1429/1425 8742/1667/1663
f 8386/1311/1307 8743/1668/1664 8646/1571/1567
f 8562/1487/1483 8691/1616/1612 8566/1491/1487
f 8349/1274/1270 8667/1592/1588 8669/1594/1590
f 8667/1592/1588 8680/1605/1601 8683/1608/1604
f 8351/1276/1272 8377/1302/1298 8352/1277/1273
f 8421/1346/1342 8549/1474/1470 8422/1347/1343
f 8343/1268/1264 8440/1365/1361 8742/1667/1663
f 8346/1271/1267 8348/1273/1269 8425/1350/1346
f 8530/1455/1451 8448/1373/1369 8536/1461/1457
f 8566/1491/1487 8470/1395/1391 8696/1621/1617
f 8349/1274/1270 8336/1261/1257 8741/1666/1662
f 8378/1303/1299 8368/1293/1289 8485/1410/1406
f 8336/1261/1257 8340/1265/1261 8741/1666/1662
f 8470/1395/1391 8582/1507/1503 8471/1396/1392
f 8528/1453/1449 8512/1437/1433 8523/1448/1444
f 8480/1405/1401 8588/1513/1509 8342/1267/1263
f 8349/1274/1270 8377/1302/1298 8351/1276/1272
f 8372/1297/1293 8485/1410/1406 8368/1293/1289
f 8343/1268/1264 8345/1270/1266 8440/1365/1361
f 8718/1643/1639 8743/1668/1664 8386/1311/1307
f 8428/1353/1349 8345/1270/1266 8699/1624/1620
f 8469/1394/1390 8503/1428/1424 8652/1577/1573
f 8414/1339/1335 8443/1368/1364 8348/1273/1269
f 8358/1283/1279 8740/1665/1661 8526/1451/1447
f 8524/1449/1445 8447/1372/1368 8502/1427/1423
f 8372/1297/1293 8336/1261/1257 8338/1263/1259
f 8344/1269/1265 8699/1624/1620 8345/1270/1266
f 8741/1666/1662 8611/1536/1532 8667/1592/1588
f 8347/1272/1268 8414/1339/1335 8348/1273/1269
f 8499/1424/1420 8662/1587/1583 8556/1481/1477
f 8376/1301/1297 8363/1288/1284 8352/1277/1273
f 8351/1276/1272 8337/1262/1258 8349/1274/1270
f 8437/1362/1358 8511/1436/1432 8438/1363/1359
f 8648/1573/1569 8476/1401/1397 8369/1294/1290
f 8345/1270/1266 8435/1360/1356 8440/1365/1361
f 8384/1309/1305 8386/1311/1307 8647/1572/1568
f 8352/1277/1273 8363/1288/1284 8350/1275/1271
f 9562/1669/1665 9563/1670/1666 9564/1671/1667
f 11444/1672/1668 11445/1673/1669 11446/1674/1670
f 11445/1673/1669 11444/1672/1668 11447/1675/1671
f 11447/1675/1671 11444/1672/1668 11448/1676/1672
f 11449/1677/1673 11450/1678/1674 11451/1679/1675
f 11451/1679/1675 11452/1680/1676 11453/1681/1677
f 11450/1678/1674 11454/1682/1678 11455/1683/1679
f 11456/1684/1680 11450/1678/1674 11457/1685/1681
f 11456/1684/1680 11452/1680/1676 11451/1679/1675
f 11451/1679/1675 11458/1686/1682 11449/1677/1673
f 11451/1679/1675 11450/1678/1674 11456/1684/1680
f 11450/1678/1674 11455/1683/1679 11457/1685/1681
f 11447/1675/1671 11459/1687/1683 11460/1688/1684
f 11461/1689/1685 11459/1687/1683 11462/1690/1686
f 11463/1691/1687 11464/1692/1688 11465/1693/1689
f 11463/1691/1687 11465/1693/1689 11466/1694/1690
f 11467/1695/1691 11460/1688/1684 11463/1691/1687
f 11467/1695/1691 11463/1691/1687 11466/1694/1690
f 11468/1696/1692 11460/1688/1684 11467/1695/1691
f 11469/1697/1693 11470/1698/1694 11445/1673/1669
f 11471/1699/1695 11466/1694/1690 11472/1700/1696
f 11446/1674/1670 11445/1673/1669 11470/1698/1694
f 11470/1698/1694 11469/1697/1693 11473/1701/1697
f 11474/1702/1698 11471/1699/1695 11472/1700/1696
f 11469/1697/1693 11468/1696/1692 11473/1701/1697
f 11470/1698/1694 11475/1703/1699 11446/1674/1670
f 11476/1704/1700 11477/1705/1701 11478/1706/1702
f 11473/1701/1697 11468/1696/1692 11479/1707/1703
f 11471/1699/1695 11480/1708/1704 11479/1707/1703
f 11470/1698/1694 11481/1709/1705 11482/1710/1706
f 11474/1702/1698 11478/1706/1702 11471/1699/1695
f 11481/1709/1705 11480/1708/1704 11483/1711/1707
f 11445/1673/1669 11447/1675/1671 11469/1697/1693
f 11483/1711/1707 11480/1708/1704 11478/1706/1702
f 11481/1709/1705 11479/1707/1703 11480/1708/1704
f 11484/1712/1708 11485/1713/1709 11486/1714/1710
f 11487/1715/1711 11478/1706/1702 11488/1716/1712
f 11489/1717/1713 11484/1712/1708 11490/1718/1714
f 11486/1714/1710 11491/1719/1715 11484/1712/1708
f 11478/1706/1702 11487/1715/1711 11476/1704/1700
f 11483/1711/1707 11478/1706/1702 11477/1705/1701
f 11492/1720/1716 11484/1712/1708 11489/1717/1713
f 11493/1721/1717 11482/1710/1706 11483/1711/1707
f 11481/1709/1705 11470/1698/1694 11473/1701/1697
f 11484/1712/1708 11492/1720/1716 11485/1713/1709
f 11484/1712/1708 11491/1719/1715 11490/1718/1714
f 11467/1695/1691 11479/1707/1703 11468/1696/1692
f 11494/1722/1718 11486/1714/1710 11482/1710/1706
f 11475/1703/1699 11482/1710/1706 11486/1714/1710
f 11460/1688/1684 11468/1696/1692 11447/1675/1671
f 11463/1691/1687 11460/1688/1684 11461/1689/1685
f 11481/1709/1705 11483/1711/1707 11482/1710/1706
f 11480/1708/1704 11471/1699/1695 11478/1706/1702
f 11477/1705/1701 11493/1721/1717 11483/1711/1707
f 11475/1703/1699 11470/1698/1694 11482/1710/1706
f 11467/1695/1691 11466/1694/1690 11479/1707/1703
f 11492/1720/1716 11475/1703/1699 11485/1713/1709
f 11466/1694/1690 11465/1693/1689 11472/1700/1696
f 11461/1689/1685 11460/1688/1684 11459/1687/1683
f 11488/1716/1712 11478/1706/1702 11474/1702/1698
f 11473/1701/1697 11479/1707/1703 11481/1709/1705
f 11471/1699/1695 11479/1707/1703 11466/1694/1690
f 11464/1692/1688 11463/1691/1687 11461/1689/1685
f 11485/1713/1709 11475/1703/1699 11486/1714/1710
f 11447/1675/1671 11468/1696/1692 11469/1697/1693
f 11495/1723/1719 11496/1724/1720 11497/1725/1721
f 11496/1724/1720 11495/1723/1719 11498/1726/1722
f 11499/1727/1723 11498/1726/1722 11495/1723/1719
f 11500/1728/1724 11499/1727/1723 11495/1723/1719
f 11495/1723/1719 11501/1729/1725 11500/1728/1724
f 11500/1728/1724 11502/1730/1726 11499/1727/1723
f 11501/1729/1725 11502/1730/1726 11500/1728/1724
f 11503/1731/1727 11501/1729/1725 11495/1723/1719
f 11496/1724/1720 11505/1732/1728 11497/1725/1721
f 11506/1733/1729 11504/1734/1730 11495/1723/1719
f 11503/1731/1727 11495/1723/1719 11504/1734/1730
f 11495/1723/1719 11497/1725/1721 11507/1735/1731
f 11497/1725/1721 11505/1732/1728 11508/1736/1732
f 11507/1735/1731 11506/1733/1729 11495/1723/1719
f 11509/1737/1733 11496/1724/1720 11498/1726/1722
f 11509/1737/1733 11505/1732/1728 11496/1724/1720
f 11509/1737/1733 11510/1738/1734 11511/1739/1735
f 11454/1682/1678 11449/1677/1673 11510/1738/1734
f 11512/1740/1736 11511/1739/1735 11510/1738/1734
f 11511/1739/1735 11512/1740/1736 11513/1741/1737
f 11510/1738/1734 11449/1677/1673 11458/1686/1682
f 11505/1732/1728 11511/1739/1735 11508/1736/1732
f 11511/1739/1735 11513/1741/1737 11508/1736/1732
f 11508/1736/1732 11513/1741/1737 11514/1742/1738
f 11458/1686/1682 11512/1740/1736 11510/1738/1734
f 11510/1738/1734 11509/1737/1733 11454/1682/1678
f 11449/1677/1673 11454/1682/1678 11450/1678/1674
f 11505/1732/1728 11509/1737/1733 11511/1739/1735
f 11454/1682/1678 11509/1737/1733 11498/1726/1722
f 11499/1727/1723 11454/1682/1678 11498/1726/1722
f 11515/1743/1739 11516/1744/1740 11517/1745/1741
f 11518/1746/1742 11499/1727/1723 11515/1743/1739
f 11499/1727/1723 11502/1730/1726 11515/1743/1739
f 11519/1747/1743 11520/1748/1744 11517/1745/1741
f 11515/1743/1739 11517/1745/1741 11520/1748/1744
f 11521/1749/1745 11522/1750/1746 11523/1751/1747
f 11520/1748/1744 11519/1747/1743 11524/1752/1748
f 11525/1753/1749 11455/1683/1679 11526/1754/1750
f 11515/1743/1739 11520/1748/1744 11526/1754/1750
f 11518/1746/1742 11515/1743/1739 11455/1683/1679
f 11525/1753/1749 11457/1685/1681 11455/1683/1679
f 11522/1750/1746 11525/1753/1749 11523/1751/1747
f 11526/1754/1750 11455/1683/1679 11515/1743/1739
f 11454/1682/1678 11499/1727/1723 11518/1746/1742
f 11524/1752/1748 11521/1749/1745 11523/1751/1747
f 11525/1753/1749 11522/1750/1746 11457/1685/1681
f 11520/1748/1744 11523/1751/1747 11526/1754/1750
f 11523/1751/1747 11525/1753/1749 11526/1754/1750
f 11522/1750/1746 11527/1755/1751 11457/1685/1681
f 11518/1746/1742 11455/1683/1679 11454/1682/1678
f 11524/1752/1748 11523/1751/1747 11520/1748/1744
f 11529/1756/1752 11530/1757/1753 11531/1758/1754
f 11532/1759/1755 11533/1760/1756 11534/1761/1757
f 11535/1762/1758 11536/1763/1759 11524/1752/1748
f 11531/1758/1754 11487/1715/1711 11488/1716/1712
f 11537/1764/1760 11538/1765/1761 11539/1766/1762
f 11539/1766/1762 11536/1763/1759 11535/1762/1758
f 11532/1759/1755 11534/1761/1757 11538/1765/1761
f 11540/1767/1763 11534/1761/1757 11527/1755/1751
f 11541/1768/1764 11537/1764/1760 11542/1769/1765
f 11529/1756/1752 11488/1716/1712 11543/1770/1766
f 11541/1768/1764 11544/1771/1767 11545/1772/1768
f 11536/1763/1759 11538/1765/1761 11540/1767/1763
f 11546/1773/1769 11464/1692/1688 11547/1774/1770
f 11537/1764/1760 11545/1772/1768 11546/1773/1769
f 11529/1756/1752 11543/1770/1766 11545/1772/1768
f 11452/1680/1676 11549/1775/1771 11453/1681/1677
f 11538/1765/1761 11534/1761/1757 11540/1767/1763
f 11550/1776/1772 11544/1771/1767 11541/1768/1764
f 11551/1777/1773 11552/1778/1774 11553/1779/1775
f 11464/1692/1688 11546/1773/1769 11545/1772/1768
f 11540/1767/1763 11521/1749/1745 11536/1763/1759
f 11529/1756/1752 11545/1772/1768 11544/1771/1767
f 11528/1780/1776 11539/1766/1762 11535/1762/1758
f 11547/1774/1770 11532/1759/1755 11546/1773/1769
f 11537/1764/1760 11541/1768/1764 11545/1772/1768
f 11532/1759/1755 11538/1765/1761 11555/1781/1777
f 11524/1752/1748 11536/1763/1759 11521/1749/1745
f 11539/1766/1762 11528/1780/1776 11542/1769/1765
f 11465/1693/1689 11464/1692/1688 11543/1770/1766
f 11554/1782/1778 11556/1783/1779 11516/1744/1740
f 11550/1776/1772 11541/1768/1764 11542/1769/1765
f 11539/1766/1762 11538/1765/1761 11536/1763/1759
f 11543/1770/1766 11464/1692/1688 11545/1772/1768
f 11555/1781/1777 11538/1765/1761 11537/1764/1760
f 11557/1784/1780 11533/1760/1756 11532/1759/1755
f 11557/1784/1780 11532/1759/1755 11547/1774/1770
f 11558/1785/1781 11527/1755/1751 11533/1760/1756
f 11519/1747/1743 11535/1762/1758 11524/1752/1748
f 11559/1786/1782 11528/1780/1776 11535/1762/1758
f 11522/1750/1746 11521/1749/1745 11540/1767/1763
f 11529/1756/1752 11544/1771/1767 11530/1757/1753
f 11472/1700/1696 11465/1693/1689 11543/1770/1766
f 11558/1785/1781 11533/1760/1756 11456/1684/1680
f 11560/1787/1783 11456/1684/1680 11533/1760/1756
f 11548/1788/1784 11519/1747/1743 11517/1745/1741
f 11474/1702/1698 11543/1770/1766 11488/1716/1712
f 11560/1787/1783 11557/1784/1780 11547/1774/1770
f 11519/1747/1743 11559/1786/1782 11535/1762/1758
f 11540/1767/1763 11527/1755/1751 11522/1750/1746
f 11555/1781/1777 11546/1773/1769 11532/1759/1755
f 11533/1760/1756 11527/1755/1751 11534/1761/1757
f 11549/1775/1771 11553/1779/1775 11561/1789/1785
f 11549/1775/1771 11561/1789/1785 11453/1681/1677
f 11472/1700/1696 11543/1770/1766 11474/1702/1698
f 11457/1685/1681 11527/1755/1751 11558/1785/1781
f 11560/1787/1783 11533/1760/1756 11557/1784/1780
f 11551/1777/1773 11562/1790/1786 11563/1791/1787
f 11544/1771/1767 11550/1776/1772 11530/1757/1753
f 11562/1790/1786 11464/1692/1688 11461/1689/1685
f 11553/1779/1775 11560/1787/1783 11547/1774/1770
f 11456/1684/1680 11560/1787/1783 11549/1775/1771
f 11558/1785/1781 11456/1684/1680 11457/1685/1681
f 11547/1774/1770 11562/1790/1786 11551/1777/1773
f 11555/1781/1777 11537/1764/1760 11546/1773/1769
f 11462/1690/1686 11562/1790/1786 11461/1689/1685
f 11549/1775/1771 11452/1680/1676 11456/1684/1680
f 11549/1775/1771 11560/1787/1783 11553/1779/1775
f 11517/1745/1741 11556/1783/1779 11548/1788/1784
f 11464/1692/1688 11562/1790/1786 11547/1774/1770
f 11539/1766/1762 11542/1769/1765 11537/1764/1760
f 11531/1758/1754 11488/1716/1712 11529/1756/1752
f 11547/1774/1770 11551/1777/1773 11553/1779/1775
f 11556/1783/1779 11517/1745/1741 11516/1744/1740
f 11562/1790/1786 11564/1792/1788 11563/1791/1787
f 11561/1789/1785 11553/1779/1775 11552/1778/1774
f 11564/1792/1788 11562/1790/1786 11462/1690/1686
f 11516/1744/1740 11515/1743/1739 11554/1782/1778
f 11564/1792/1788 11462/1690/1686 11563/1791/1787
f 11515/1743/1739 11502/1730/1726 11554/1782/1778
f 11501/1729/1725 11554/1782/1778 11502/1730/1726
f 11447/1675/1671 11448/1676/1672 11459/1687/1683
l 1 2
l 522 523
l 4629 4630
l 4629 4631
l 14737 14739
l 657 658
l 973 974
l 7408 7409
l 3 5
l 3101 3113
l 7405 7409
l 14722 14735
l 588 605
l 2492 2494
l 2492 2505
l 14379 14380
l 14738 14739
l 14380 14557
l 7411 7424
l 2171 2181
l 3112 3113
l 3155 3161
